score,total_pnl,max_drawdown,sharpe,win_rate,profit_factor,trade_count,avg_trade_minutes,max_trade_minutes,n_orders,tp_pct,step_min,step_max,step_mode,size_min,size_max,size_mode
6.468488,416.7909,101.1127,8.512,100.0,416790931913.7835,116,20217.7,162289.0,31,10.0,2.81,7.33,front_heavy,10.55,55.42,pyramid
5.263949,1752.1418,353.6838,9.536,100.0,1752141844942.557,190,11502.0,209847.0,29,10.0,1.57,3.73,geometric,6.17,100.41,geometric_increase
4.403102,1383.2552,412.1314,8.7269,100.0,1383255207127.9773,287,8172.6,144854.0,30,8.0,1.67,2.39,front_heavy,6.27,95.24,geometric_increase
3.943495,1090.1404,277.3871,10.1198,100.0,1090140404273.683,126,17344.3,288375.0,34,8.0,2.09,4.76,random,5.51,52.36,random
3.89861,2051.7828,424.59,9.9276,100.0,2051782795594.288,186,11708.4,268602.0,31,9.5,0.71,5.14,geometric,3.61,111.19,geometric_increase
3.684104,947.9911,283.0319,7.3442,100.0,947991123179.0634,235,10124.9,162415.0,32,9.5,0.74,5.77,random,2.03,60.47,pyramid
3.362128,625.2885,171.8278,9.324,100.0,625288543505.3302,110,19696.4,268608.0,35,8.5,4.33,7.83,random,8.64,51.37,random
3.080702,512.8968,115.1149,10.4809,100.0,512896750392.8311,104,20818.8,268624.0,32,9.0,1.36,7.29,front_heavy,22.49,40.01,linear_increase
3.045983,373.0496,103.3476,8.0269,100.0,373049587037.314,163,14653.6,162167.0,30,9.5,5.97,6.25,front_heavy,4.49,62.18,pyramid
2.954507,419.0605,109.7663,8.1238,100.0,419060533960.5371,104,22553.7,268605.0,29,9.5,1.96,9.04,front_heavy,8.81,58.5,random
2.915583,710.4313,169.9703,9.6233,100.0,710431256838.8438,127,17209.5,268638.0,35,9.5,5.26,7.38,random,7.43,46.24,random
2.618775,278.7653,61.6935,8.757,100.0,278765296770.2235,239,9955.8,102718.0,29,8.0,6.66,7.21,random,2.61,68.63,pyramid
2.614095,1366.1305,254.4658,11.4028,100.0,1366130485251.937,186,11750.2,268615.0,33,9.0,2.81,3.2,linear,13.09,47.52,linear_increase
2.606927,615.2464,144.7672,9.5398,100.0,615246385777.9579,125,17484.8,268609.0,32,9.5,5.5,5.74,back_heavy,14.71,47.79,pyramid
2.577444,331.1602,87.7081,10.7082,100.0,331160182945.9292,164,14302.3,162118.0,33,7.0,7.86,9.58,random,6.77,50.45,random
2.508691,732.6067,194.8782,8.7677,100.0,732606689769.6862,251,9343.7,159672.0,31,8.5,2.18,4.29,back_heavy,3.08,116.91,geometric_increase
2.502167,776.1848,228.8966,7.9975,100.0,776184834380.1597,259,9202.9,162087.0,35,8.5,3.02,3.77,front_heavy,3.17,55.46,pyramid
2.47034,581.2599,143.6129,8.6804,100.0,581259852242.0518,226,10566.4,162081.0,30,9.0,3.41,4.36,random,3.21,63.46,linear_increase
2.378135,723.6729,168.6155,10.6395,100.0,723672879473.4249,256,9294.7,162139.0,31,7.5,4.65,8.15,back_heavy,8.53,57.57,pyramid
2.337473,1599.5017,342.4881,9.8981,100.0,1599501683794.7148,211,10268.2,268605.0,32,9.0,1.86,3.63,geometric,6.04,56.46,linear_increase
2.331364,209.0411,74.5656,6.0495,100.0,209041087232.2243,139,17117.6,162089.0,29,9.5,5.43,8.11,random,1.87,69.42,pyramid
2.141609,342.8257,91.7876,8.4524,100.0,342825668393.6151,102,21226.8,268566.0,32,10.0,6.9,7.45,geometric,10.38,52.12,pyramid
2.110358,2056.9352,513.9427,11.4464,100.0,2056935173476.3972,254,8604.5,268631.0,34,7.0,1.32,2.23,linear,10.83,61.58,geometric_increase
2.079689,1647.5316,425.2736,8.0613,100.0,1647531644765.4998,229,9544.1,268629.0,34,9.5,1.99,3.22,random,2.98,55.84,pyramid
2.078962,523.7625,127.4657,9.0257,100.0,523762471187.5558,233,10211.8,162087.0,35,8.5,4.88,5.39,back_heavy,4.71,53.84,pyramid
2.063639,1243.2329,252.0832,12.0642,100.0,1243232947909.7178,199,10943.6,268609.0,33,8.0,2.07,4.35,linear,11.65,61.94,geometric_increase
2.058201,568.6482,155.2703,7.6008,100.0,568648152375.2086,244,9751.4,162086.0,30,9.0,4.07,8.17,linear,1.45,65.22,pyramid
2.01511,406.1172,100.3321,8.9896,100.0,406117206877.8854,209,11423.9,162177.0,29,8.5,6.13,8.45,linear,4.83,66.25,pyramid
1.998448,912.436,267.9458,7.834,100.0,912436019157.1644,214,10176.6,217448.0,31,9.0,2.35,4.89,random,5.74,60.55,pyramid
1.926421,794.3746,193.7297,11.8391,100.0,794374582840.5543,300,7945.0,161336.0,32,6.5,3.88,5.87,linear,9.71,52.79,pyramid
1.876103,153.9185,42.9876,9.3005,100.0,153918501841.3411,128,17873.4,161892.0,31,8.5,0.61,8.79,front_heavy,5.47,59.05,linear_increase
1.803649,1262.3366,275.4783,9.3292,100.0,1262336602155.9744,231,10154.1,268628.0,32,9.5,2.05,8.11,linear,0.69,61.81,pyramid
1.802575,399.4886,221.2027,7.8036,100.0,399488576182.2262,56,38663.1,575575.0,35,10.0,4.96,7.01,random,5.32,42.71,random
1.789941,546.63,138.0201,9.4115,100.0,546630019121.9655,175,12444.3,217470.0,32,8.5,0.95,6.37,random,10.78,67.71,geometric_increase
1.779642,1256.2487,271.9188,9.8476,100.0,1256248731652.9697,232,10109.8,268604.0,33,9.0,1.89,3.94,linear,2.9,57.7,linear_increase
1.771352,491.2834,125.9539,10.0297,100.0,491283448746.5491,241,9732.7,162087.0,34,7.5,3.06,3.46,random,5.4,85.15,geometric_increase
1.767587,480.3663,147.5587,8.5895,100.0,480366262342.8294,242,9832.1,162084.0,30,7.5,2.84,5.8,front_heavy,6.53,60.14,pyramid
1.766246,417.4393,112.3226,15.4466,100.0,417439296950.0009,124,17471.9,268603.0,30,6.0,5.04,8.9,front_heavy,8.79,58.91,random
1.762174,1386.0047,277.1837,12.5917,100.0,1386004718696.5247,231,9550.8,267855.0,30,7.5,3.73,7.08,back_heavy,7.74,54.31,random
1.75708,1422.841,681.8726,8.8511,100.0,1422840994615.1147,107,20232.4,575744.0,33,9.5,1.4,3.48,front_heavy,30.3,30.3,flat
1.743764,1286.682,284.7761,10.0377,100.0,1286681990281.0237,221,9888.6,268613.0,35,8.5,2.11,6.86,linear,5.72,52.77,pyramid
1.737229,2073.2594,493.1559,11.3467,100.0,2073259380836.4644,308,7755.0,267906.0,34,6.5,1.86,3.08,back_heavy,9.76,49.06,pyramid
1.688625,512.9682,124.4204,8.9745,100.0,512968241713.0126,164,13202.0,230101.0,35,9.0,0.15,4.82,front_heavy,9.0,64.99,geometric_increase
1.673641,1794.3235,391.7244,10.6273,100.0,1794323498802.9263,291,8204.4,268637.0,30,7.5,2.09,5.7,geometric,5.38,61.28,pyramid
1.661983,906.3729,176.0169,12.5286,100.0,906372902615.008,190,11502.0,268605.0,32,8.5,4.78,5.73,geometric,16.35,46.15,pyramid
1.658686,1504.1975,317.8835,12.2453,100.0,1504197480543.8743,245,8919.9,268616.0,30,7.0,2.33,8.96,geometric,14.42,52.25,pyramid
1.619747,1038.1268,229.1853,10.3686,100.0,1038126795494.793,206,10609.8,268603.0,32,8.5,2.72,4.22,linear,8.65,53.85,linear_increase
1.577306,510.5381,123.7264,9.3698,100.0,510538072817.6143,145,14930.1,268608.0,35,9.0,5.24,5.75,random,11.1,47.07,pyramid
1.572393,361.4777,95.4806,12.1509,100.0,361477712086.09,223,10711.7,162412.0,33,6.0,4.46,7.2,front_heavy,12.31,49.43,pyramid
1.570232,1412.3815,309.2058,9.9046,100.0,1412381502266.3718,244,8956.5,268616.0,35,8.5,1.96,9.89,geometric,3.22,55.41,pyramid
1.551391,888.8803,559.4265,7.5732,100.0,888880334231.9917,90,24057.1,575843.0,33,8.0,0.29,5.38,linear,7.44,77.55,geometric_increase
1.549383,605.3971,288.2444,8.2254,100.0,605397133565.8802,75,29140.6,576022.0,34,10.0,3.9,5.66,front_heavy,22.08,35.44,random
1.527332,1059.4997,249.3926,9.7202,100.0,1059499728745.7228,230,10197.7,268587.0,30,8.0,2.59,4.37,geometric,6.9,59.77,linear_increase
1.524766,331.1882,109.8812,6.5931,100.0,331188246017.3528,220,10834.1,159672.0,31,9.5,5.77,7.2,back_heavy,0.97,65.63,pyramid
1.517397,355.5276,87.7452,9.082,100.0,355527610405.2122,144,15035.3,230144.0,31,9.5,7.06,7.48,back_heavy,7.69,58.46,pyramid
1.486865,391.3403,202.229,9.0881,100.0,391340275918.0558,61,35489.3,575757.0,35,9.0,8.09,9.47,geometric,5.91,48.95,random
1.459652,615.3463,144.4859,13.1664,100.0,615346298941.0729,304,7857.6,161333.0,31,6.0,2.11,4.9,random,9.17,77.01,geometric_increase
1.458202,626.9756,145.6263,10.2422,100.0,626975588595.7468,184,12954.1,268610.0,32,8.5,4.8,5.32,random,9.96,52.54,pyramid
1.442436,671.4535,141.6272,15.8572,100.0,671453495169.6104,174,12450.7,268629.0,32,6.5,7.21,8.36,linear,28.43,34.28,random
1.437063,201.5018,51.8042,10.1913,100.0,201501756170.3415,87,24886.3,294687.0,30,8.5,5.04,9.74,front_heavy,13.99,64.7,geometric_increase
1.41323,556.9561,123.1997,12.7705,100.0,556956097580.2611,160,13530.1,268599.0,34,7.5,1.58,7.2,front_heavy,21.17,37.65,pyramid
1.405863,844.1023,389.1592,9.2544,100.0,844102304205.4036,93,23500.9,575851.0,33,9.5,2.72,5.04,front_heavy,30.3,30.3,flat
1.370937,1995.5333,451.331,9.9402,100.0,1995533251652.3296,340,7025.2,268026.0,35,7.5,1.65,4.3,geometric,0.85,57.92,pyramid
1.360667,401.3889,108.1897,8.0334,100.0,401388892170.516,253,9437.1,162086.0,34,9.0,3.67,4.48,geometric,1.22,57.6,linear_increase
1.360069,677.9486,204.4303,10.5395,100.0,677948571006.8448,521,4582.7,102315.0,33,5.5,1.77,3.27,back_heavy,2.48,115.25,geometric_increase
1.351222,494.5904,102.4446,10.6336,100.0,494590441572.1463,180,12028.4,230126.0,35,9.0,4.6,6.79,random,8.73,49.58,pyramid
1.347554,524.1344,169.3137,8.3501,100.0,524134417476.3395,294,8093.0,159609.0,30,7.0,3.8,4.87,front_heavy,4.3,62.37,pyramid
1.332209,1120.6984,248.8911,10.0444,100.0,1120698358290.4355,236,9261.1,268610.0,34,8.5,2.33,4.76,back_heavy,5.14,53.69,linear_increase
1.327769,262.5481,75.4563,9.4061,100.0,262548081827.5906,114,19103.4,268629.0,30,8.0,6.94,8.1,geometric,11.41,55.26,linear_increase
1.323059,751.7019,192.8435,7.9943,100.0,751701922248.0677,212,11267.5,268571.0,30,10.0,4.16,5.75,linear,2.6,64.06,pyramid
1.321533,752.5777,166.3213,15.3474,100.0,752577726913.5513,196,11256.4,268618.0,31,6.0,4.89,7.7,random,32.26,32.26,flat
1.310221,1296.5914,341.2928,9.1138,100.0,1296591449628.9912,256,8537.6,268575.0,35,8.0,1.89,3.77,random,5.77,52.71,pyramid
1.281846,1026.2711,377.279,12.1336,100.0,1026271139045.0236,107,20352.9,575889.0,35,8.5,3.91,7.31,geometric,7.26,53.16,random
1.267828,211.2754,57.2438,7.9137,100.0,211275423122.5324,110,20805.5,268579.0,33,9.5,8.35,8.41,back_heavy,6.62,55.47,pyramid
1.254398,1371.3512,289.7787,11.8861,100.0,1371351150594.4963,269,8124.1,268616.0,35,7.5,2.34,7.52,geometric,8.34,50.0,pyramid
1.244431,1082.7198,240.637,14.5039,100.0,1082719779743.2904,240,9106.7,268616.0,31,6.0,4.29,5.3,random,9.29,51.92,random
1.240592,456.0018,95.6786,11.6231,100.0,456001819731.7155,156,14010.2,268605.0,35,8.5,4.22,7.21,geometric,9.53,63.09,geometric_increase
1.231996,705.695,151.058,10.4043,100.0,705695015736.6807,209,11222.9,268602.0,32,9.0,3.42,4.95,linear,5.57,56.93,linear_increase
1.214269,300.8496,68.6148,9.9491,100.0,300849587687.2212,231,10300.6,162136.0,33,8.5,5.1,6.4,back_heavy,3.11,57.5,linear_increase
1.213773,483.5087,120.3585,10.9081,100.0,483508673634.1509,161,13456.7,268578.0,31,8.0,6.51,7.99,geometric,14.32,51.39,pyramid
1.206839,598.2654,165.3787,11.1369,100.0,598265449805.3632,329,7244.8,161306.0,29,6.0,4.81,7.49,geometric,8.36,62.47,pyramid
1.199374,1439.3165,369.9208,8.8243,100.0,1439316479913.2183,309,7730.4,267796.0,35,8.0,1.68,3.15,back_heavy,1.15,55.99,linear_increase
1.191895,793.986,243.5087,11.302,100.0,793986004175.5936,388,6156.5,158898.0,32,5.5,2.33,2.84,random,7.31,81.66,geometric_increase
1.164004,202.2137,53.6171,9.1807,100.0,202213720155.747,192,12297.1,162080.0,32,8.5,4.58,6.65,front_heavy,3.29,59.21,linear_increase
1.160751,632.7403,173.9976,12.7736,100.0,632740263889.8911,345,6908.8,161304.0,31,5.5,2.52,3.7,front_heavy,9.91,74.16,geometric_increase
1.152214,1325.6483,337.7478,11.5871,100.0,1325648312685.1873,276,7918.8,268602.0,30,6.5,3.48,3.67,linear,2.34,64.35,random
1.147178,965.1259,229.6478,9.8397,100.0,965125854255.506,236,9260.7,268610.0,30,8.0,2.36,5.73,geometric,5.29,61.38,linear_increase
1.138857,567.7576,158.4947,12.6597,100.0,567757550481.0515,329,7260.5,162111.0,32,5.5,4.75,8.9,back_heavy,10.56,51.95,pyramid
1.129683,331.1466,72.8038,11.097,100.0,331146621267.5058,138,15689.4,268620.0,29,9.0,6.37,7.19,front_heavy,10.2,58.76,linear_increase
1.124844,829.0223,181.8644,11.5255,100.0,829022291663.5833,219,9893.1,268576.0,29,8.0,2.29,4.74,random,11.66,75.39,geometric_increase
1.120157,1337.7781,572.9911,10.4227,100.0,1337778084124.4326,142,15247.4,526926.0,29,9.0,1.93,4.48,front_heavy,28.65,40.74,pyramid
1.110541,363.4568,95.5554,10.1125,100.0,363456821195.2127,421,5672.2,102615.0,32,6.0,2.37,3.57,geometric,2.08,125.79,geometric_increase
1.108969,434.4166,104.278,15.3231,100.0,434416608235.9154,132,16557.6,327710.0,35,6.0,6.79,8.26,random,2.13,52.49,random
1.101493,240.2918,48.5699,10.3616,100.0,240291751247.0786,154,14192.3,209619.0,33,9.5,4.74,7.79,back_heavy,4.19,97.48,geometric_increase
1.100403,554.3287,131.2821,10.3566,100.0,554328666422.4639,234,9340.2,209634.0,33,7.5,2.69,4.54,linear,5.63,87.28,geometric_increase
1.099384,578.4429,127.5639,16.0962,100.0,578442896294.3413,185,11711.3,268634.0,35,6.0,7.24,8.41,back_heavy,28.57,28.57,flat
1.096796,588.6922,219.6754,9.0001,100.0,588692158281.8442,347,6856.9,158859.0,31,6.0,2.18,4.78,front_heavy,6.45,59.79,pyramid
1.083594,953.2911,206.8739,11.8613,100.0,953291136471.0786,259,9056.3,268615.0,35,7.0,2.39,7.94,back_heavy,7.6,49.54,linear_increase
1.080635,960.4366,214.8419,15.7963,100.0,960436622732.5828,254,9010.3,268616.0,33,5.5,2.75,5.0,front_heavy,30.3,30.3,flat
1.080388,589.0815,122.4491,9.9964,100.0,589081455640.5951,190,11503.1,268605.0,30,10.0,4.28,6.76,back_heavy,5.13,61.54,linear_increase
1.073172,940.4265,394.1335,7.8591,100.0,940426491698.5186,438,5452.0,161394.0,34,6.0,1.43,3.14,front_heavy,2.94,55.89,pyramid
1.07197,419.4377,121.0633,7.7956,100.0,419437669951.7816,206,10608.7,209847.0,30,9.5,2.68,4.72,front_heavy,2.91,63.75,linear_increase
1.06315,166.9618,57.9733,7.2712,100.0,166961792233.3898,186,12792.2,160309.0,33,7.5,3.28,8.21,front_heavy,3.22,59.08,pyramid
1.060796,439.3643,99.7541,9.588,100.0,439364253536.6421,165,13198.7,268613.0,35,9.5,2.49,6.45,random,5.37,51.77,linear_increase
1.060774,289.278,87.8234,8.5416,100.0,289278017478.5245,398,5998.7,99061.0,30,6.0,3.78,7.82,random,1.42,65.25,pyramid
1.055347,540.6023,257.756,9.7964,100.0,540602257696.1296,93,23281.0,526917.0,32,8.5,2.51,7.47,front_heavy,31.25,31.25,flat
1.051204,689.4059,176.1219,9.4303,100.0,689405883383.5371,267,8185.8,209630.0,36,8.0,2.76,4.59,back_heavy,3.33,52.23,linear_increase
1.041773,428.4861,93.3156,11.5566,100.0,428486147946.9095,165,13244.7,268612.0,30,8.0,2.49,6.29,front_heavy,12.51,68.95,geometric_increase
1.019523,452.7072,103.7009,8.8204,100.0,452707211502.0945,184,12745.9,268585.0,30,9.5,3.81,5.6,random,4.67,61.99,linear_increase
1.01582,573.8769,278.9445,9.0299,100.0,573876858713.6582,97,22334.5,530856.0,30,9.0,5.5,8.41,random,15.96,50.78,random
1.003619,476.6974,169.5324,8.4366,100.0,476697398474.3876,321,7440.9,162167.0,33,7.0,4.11,6.01,linear,2.13,60.23,pyramid
0.984398,120.8306,33.5299,10.9385,100.0,120830562340.0412,162,14634.9,162141.0,33,7.0,7.68,8.48,front_heavy,4.65,55.95,linear_increase
0.970841,211.6862,65.8627,11.2875,100.0,211686247165.0853,119,18192.1,268631.0,33,6.5,6.5,8.24,front_heavy,14.72,53.86,geometric_increase
0.967638,651.1488,201.657,12.3363,100.0,651148824673.6577,382,6250.2,162136.0,34,5.0,3.37,4.82,random,10.31,48.51,pyramid
0.962764,866.5512,323.0197,9.4546,100.0,866551160781.0509,450,5296.5,158901.0,33,5.5,1.63,3.05,random,4.41,56.19,linear_increase
0.954605,337.1951,105.0183,8.4379,100.0,337195056010.4329,281,8496.6,159688.0,33,7.5,3.17,4.32,front_heavy,2.35,58.26,linear_increase
0.94841,755.4804,172.4804,15.2503,100.0,755480422943.3744,251,9516.1,268578.0,31,6.0,2.15,8.75,random,21.75,43.47,pyramid
0.94539,219.8388,54.3117,9.2591,100.0,219838831381.9332,123,17614.6,268608.0,33,9.0,5.07,6.24,random,6.32,83.24,geometric_increase
0.944663,868.0728,202.9131,10.8106,100.0,868072783947.7122,269,8860.8,268603.0,29,7.5,2.87,4.14,random,7.46,61.5,linear_increase
0.943609,212.6288,54.5042,10.0122,100.0,212628802063.6976,121,17893.7,268605.0,33,8.5,5.78,6.38,front_heavy,7.73,76.2,geometric_increase
0.93396,463.0037,127.5134,14.4381,100.0,463003711152.7353,329,7244.8,161307.0,32,5.0,0.98,5.65,front_heavy,12.44,50.06,linear_increase
0.931424,568.3849,127.8313,9.7222,100.0,568384892322.0737,201,10873.6,268610.0,29,9.0,5.38,8.75,geometric,6.93,64.0,pyramid
0.922138,193.8654,42.239,9.6579,100.0,193865439855.0544,151,14472.7,209847.0,29,9.5,3.09,6.72,random,3.65,120.64,geometric_increase
0.920073,459.3222,130.5298,12.6417,100.0,459322185063.913,328,7254.4,162087.0,30,5.5,5.51,6.62,linear,9.22,57.45,pyramid
0.915628,812.6806,313.6208,10.0961,100.0,812680635392.5142,112,19328.7,575843.0,29,10.0,3.73,7.91,geometric,15.86,53.1,linear_increase
0.915261,560.1135,143.6396,7.9447,100.0,560113515555.3771,93,23277.9,575851.0,35,10.0,2.38,7.8,random,13.37,44.67,pyramid
0.901608,966.6071,213.4133,17.144,100.0,966607105926.6174,292,8180.5,267852.0,30,5.0,4.3,5.75,random,31.96,34.7,pyramid
0.900516,435.9315,125.2096,10.6559,100.0,435931548173.5136,324,7368.8,162128.0,34,6.5,3.63,4.68,linear,3.89,54.93,linear_increase
0.896559,545.8014,131.4068,16.2751,100.0,545801408164.3715,199,10886.7,268610.0,33,5.5,5.2,9.4,random,28.64,32.03,geometric_increase
0.86799,1094.9855,272.0532,18.2816,100.0,1094985488980.4596,289,7562.6,268608.0,34,4.5,3.34,4.02,random,11.65,54.54,random
0.85458,234.7575,140.7173,7.2675,100.0,234757497856.325,68,31840.4,527730.0,30,10.0,5.26,9.63,random,14.53,63.29,geometric_increase
0.848129,200.1631,53.3602,8.4674,100.0,200163113297.3994,125,17484.4,268603.0,36,9.5,6.2,6.33,linear,4.73,50.83,linear_increase
0.846529,606.7561,143.8634,11.037,100.0,606756135353.5039,220,10032.6,268597.0,34,7.5,3.4,3.51,linear,8.43,70.07,geometric_increase
0.833674,345.978,107.0279,7.2145,100.0,345978018519.0384,204,10675.3,217473.0,30,10.0,1.14,5.45,front_heavy,2.27,64.4,linear_increase
0.827345,842.3305,331.4506,9.7565,100.0,842330467505.3622,100,21856.3,697387.0,33,10.0,4.8,7.09,geometric,11.39,46.49,random
0.82667,526.8066,146.0142,11.475,100.0,526806565137.7393,224,10640.6,268613.0,29,6.0,6.7,7.72,random,10.39,51.38,random
0.825558,142.7341,40.0664,7.8868,100.0,142734121467.9863,107,20425.6,268574.0,35,10.0,5.23,9.86,random,3.9,53.24,linear_increase
0.815987,1330.2885,325.4334,11.0484,100.0,1330288481414.0818,360,6633.3,267832.0,33,6.5,1.79,4.65,back_heavy,4.13,56.47,linear_increase
0.812419,514.7604,142.9295,8.849,100.0,514760449530.2065,223,10669.8,268576.0,33,8.0,4.62,7.58,geometric,5.24,56.94,pyramid
0.811839,1010.5967,287.2808,10.4847,100.0,1010596705527.5242,314,7590.9,267823.0,35,6.5,3.12,3.44,geometric,8.28,50.06,pyramid
0.809878,354.1527,128.756,9.744,100.0,354152740016.061,309,7713.7,161306.0,31,6.0,4.31,6.69,random,5.21,61.11,pyramid
0.8043,685.9941,168.3229,14.8062,100.0,685994122095.411,255,9197.0,268595.0,35,5.5,0.49,8.65,random,22.18,35.34,pyramid
0.801597,464.3726,95.1104,12.6369,100.0,464372578443.5743,194,11160.2,268614.0,29,8.0,5.61,7.67,geometric,10.13,58.84,linear_increase
0.798198,599.16,319.7379,9.3875,100.0,599160032189.6271,103,21018.1,575850.0,30,8.0,1.92,6.51,front_heavy,6.95,62.84,random
0.794675,191.1664,50.5714,10.8823,100.0,191166434067.6184,125,17318.8,268614.0,34,7.5,7.9,8.76,geometric,9.46,49.37,linear_increase
0.78643,543.9702,282.1951,7.631,100.0,543970155725.5468,99,21870.0,575183.0,32,10.0,3.73,6.04,back_heavy,11.39,65.73,geometric_increase
0.780227,832.5404,367.9464,9.0359,100.0,832540398257.7966,134,16252.1,530886.0,30,9.5,2.75,6.95,geometric,9.05,57.62,linear_increase
0.778073,315.878,83.6239,9.7323,100.0,315878034599.3332,210,10407.3,209695.0,31,8.0,1.64,6.1,front_heavy,5.56,58.95,linear_increase
0.776911,363.1337,154.0151,7.3974,100.0,363133663573.2245,325,7349.4,158891.0,30,7.0,3.68,5.28,front_heavy,1.59,65.07,pyramid
0.772231,294.4782,97.0562,8.6196,100.0,294478231362.368,288,8261.6,161331.0,34,7.5,5.42,6.35,linear,2.01,56.81,pyramid
0.769378,1339.8979,329.3665,16.0613,100.0,1339897867839.149,372,6418.0,267832.0,35,4.5,1.87,3.29,front_heavy,28.57,28.57,flat
0.761267,436.9747,150.1509,9.9942,100.0,436974708990.6152,351,6778.8,162409.0,30,6.0,4.45,9.56,geometric,4.06,62.61,pyramid
0.760681,1365.7924,359.5323,17.7595,100.0,1365792419172.6023,361,6339.6,268630.0,34,4.0,1.31,5.06,random,4.87,51.05,random
0.75972,530.3807,133.2951,17.0412,100.0,530380708105.9591,217,10167.0,268634.0,30,5.0,4.01,7.83,front_heavy,29.6,37.36,geometric_increase
0.75359,558.0319,155.9313,16.5493,100.0,558031901198.4631,401,5956.4,162087.0,29,4.0,4.9,7.12,random,17.78,52.38,pyramid
0.750576,174.3227,49.6791,11.1049,100.0,174322652735.1777,124,17625.8,268614.0,30,7.0,5.72,9.9,random,10.27,76.47,geometric_increase
0.745786,167.8638,44.868,9.901,100.0,167863826609.1997,121,17904.5,268617.0,34,8.0,7.55,9.36,geometric,7.18,51.64,linear_increase
0.745541,627.6135,148.7176,19.2998,100.0,627613489271.7134,257,9258.5,268629.0,30,4.5,7.05,7.62,random,33.33,33.33,flat
0.744635,467.4043,172.5008,8.1658,100.0,467404256092.5685,369,6471.5,162137.0,34,6.5,3.85,6.93,back_heavy,1.63,57.19,pyramid
0.741405,795.1335,175.7058,13.4748,100.0,795133535197.0283,266,8179.2,267857.0,35,6.0,5.01,6.36,linear,8.12,56.85,random
0.732673,1120.3695,270.9839,11.6401,100.0,1120369519315.5771,348,6849.2,267835.0,31,6.5,2.33,8.08,linear,5.24,61.08,pyramid
0.731388,191.7794,61.3318,9.4992,100.0,191779380318.7042,119,18192.0,294583.0,31,7.0,7.99,9.34,front_heavy,11.48,54.42,pyramid
0.730736,123.175,31.1036,10.9982,100.0,123174953041.2058,122,17744.7,230382.0,34,7.5,8.59,9.75,front_heavy,6.92,51.9,linear_increase
0.730521,1553.3225,609.3891,11.3505,100.0,1553322542425.2175,175,12487.9,575843.0,30,8.0,1.22,5.83,geometric,9.81,78.2,geometric_increase
0.725583,402.6854,98.1638,14.0585,100.0,402685350893.7949,191,11402.0,268609.0,30,6.0,2.8,7.58,front_heavy,18.82,53.6,geometric_increase
0.721132,1443.1509,461.5143,12.831,100.0,1443150880597.865,364,6004.4,268607.0,29,5.0,0.3,3.95,front_heavy,18.82,49.33,random
0.720059,774.3863,211.1513,10.8922,100.0,774386312615.4043,291,8190.7,268607.0,29,6.5,4.37,8.49,back_heavy,9.85,60.87,pyramid
0.714794,140.4475,38.3132,9.0242,100.0,140447525051.0828,113,19160.5,268580.0,31,9.0,7.41,9.64,random,5.11,59.41,linear_increase
0.714046,282.5271,114.2349,6.9253,100.0,282527121339.3978,292,8148.2,162079.0,36,7.5,3.26,5.2,front_heavy,1.19,54.37,pyramid
0.705852,654.9671,158.8422,18.2329,100.0,654967051693.5728,266,8818.0,268611.0,30,4.5,4.93,8.78,random,33.33,33.33,flat
0.701081,650.702,147.3858,14.4265,100.0,650701965951.9138,266,8817.8,268637.0,33,5.5,3.79,6.67,front_heavy,1.24,56.54,random
0.700392,342.8477,71.1933,12.1365,100.0,342847720338.0992,180,12141.0,268618.0,32,8.0,4.05,8.75,linear,6.61,85.25,geometric_increase
0.696808,194.9864,51.1629,12.7581,100.0,194986445045.4074,242,9692.0,162128.0,30,6.0,3.73,6.25,front_heavy,5.75,98.56,geometric_increase
0.694621,290.7056,72.9013,10.4523,100.0,290705551558.7074,165,13130.4,268615.0,34,8.0,6.76,8.93,geometric,7.63,51.2,pyramid
0.68862,102.0329,24.7543,9.4752,100.0,102032884298.8334,98,22067.6,268618.0,36,9.5,4.37,7.41,front_heavy,4.16,86.99,geometric_increase
0.688129,1268.3792,318.1278,15.1323,100.0,1268379192292.8098,381,6255.8,268578.0,29,5.0,2.86,3.21,front_heavy,20.21,48.75,linear_increase
0.687706,900.6517,213.9336,13.4078,100.0,900651688770.684,316,7422.4,268608.0,29,6.0,2.76,7.33,geometric,9.96,59.0,linear_increase
0.679839,272.0713,141.4054,8.6775,100.0,272071332529.1547,82,26373.5,527601.0,29,9.0,3.63,9.19,front_heavy,17.47,51.5,linear_increase
0.676922,808.6446,335.1028,10.049,100.0,808644627692.055,142,15245.4,526925.0,35,9.0,3.64,7.77,linear,13.86,44.15,pyramid
0.674039,1724.7181,682.2161,13.194,100.0,1724718078501.461,192,11382.2,575762.0,33,6.5,1.21,4.12,random,9.21,54.2,random
0.670347,442.366,98.2558,10.4382,100.0,442365998919.8494,209,10456.4,268610.0,35,8.5,3.52,8.41,linear,4.45,52.7,linear_increase
0.666347,327.0845,101.4164,11.5585,100.0,327084459842.7658,328,7280.5,161302.0,35,5.5,5.41,7.69,geometric,6.04,52.42,pyramid
0.664627,1195.0941,317.3926,13.1876,100.0,1195094087815.6375,377,6334.2,268599.0,34,5.5,2.04,3.52,back_heavy,9.98,64.32,geometric_increase
0.660145,430.4363,96.5657,12.3228,100.0,430436260432.5608,223,10517.8,268571.0,35,7.0,4.3,4.37,front_heavy,8.49,66.9,geometric_increase
0.658345,2267.1213,555.5202,12.1282,100.0,2267121305727.8623,522,4573.7,268398.0,29,5.0,1.81,2.37,linear,7.01,63.92,pyramid
0.652851,421.8381,94.7363,10.2931,100.0,421838085831.569,222,10565.7,268575.0,34,8.0,3.92,8.31,geometric,4.71,54.11,linear_increase
0.634194,1354.7135,368.4493,11.9524,100.0,1354713468734.892,412,5794.8,267827.0,31,5.5,1.86,3.14,linear,7.46,57.06,linear_increase
0.632119,263.8438,152.6345,7.118,100.0,263843758179.7618,84,25791.0,526917.0,32,10.0,3.64,5.98,front_heavy,9.75,71.3,geometric_increase
0.631261,740.0868,177.7318,13.4569,100.0,740086792440.8594,299,7844.8,268607.0,31,6.0,3.48,5.77,geometric,11.17,53.34,linear_increase
0.630162,481.7068,106.0656,11.7773,100.0,481706825839.0486,223,9715.3,268611.0,34,7.5,2.83,5.99,random,7.86,72.43,geometric_increase
0.626788,401.6354,111.2017,10.5433,100.0,401635365815.3274,204,10612.0,268629.0,36,7.0,7.26,8.06,geometric,6.77,44.87,random
0.61848,379.2207,211.6134,10.3994,100.0,379220745984.2718,94,23250.9,575735.0,32,7.0,8.09,8.31,linear,31.25,31.25,flat
0.618397,566.4312,150.0504,16.2,100.0,566431236621.0096,269,8875.4,268613.0,32,4.5,4.27,9.23,random,26.51,36.16,random
0.611851,598.8401,241.8041,11.3618,100.0,598840133986.3649,467,5104.0,159676.0,35,4.5,1.86,4.12,front_heavy,8.63,49.68,pyramid
0.610804,295.7094,88.2194,11.9779,100.0,295709413047.743,323,7366.7,162089.0,34,5.5,6.0,6.69,back_heavy,6.04,52.78,pyramid
0.609682,121.6438,31.1827,8.8693,100.0,121643815150.6892,230,10385.7,146699.0,30,8.5,3.44,5.41,random,1.29,153.01,geometric_increase
0.607652,252.9817,74.5652,9.0205,100.0,252981671554.0948,192,11276.8,230092.0,29,7.5,5.4,6.79,random,5.75,63.22,linear_increase
0.607438,416.1231,113.6034,10.159,100.0,416123101090.3548,211,10261.1,268567.0,30,8.0,6.07,6.41,random,7.31,59.36,pyramid
0.60551,667.1242,271.8814,12.3171,100.0,667124208377.4915,126,17346.1,575765.0,34,7.5,5.47,8.45,linear,29.41,29.41,flat
0.603504,583.6804,131.8369,13.1713,100.0,583680374617.5807,253,8637.9,268630.0,34,6.5,2.66,6.59,linear,8.14,71.23,geometric_increase
0.603379,481.9879,115.1719,8.1402,100.0,481987913519.9137,230,9502.5,268573.0,30,10.0,3.04,8.06,linear,0.54,66.12,linear_increase
0.599638,68.9026,18.7062,8.0638,100.0,68902572400.6655,78,27774.6,297729.0,33,10.0,7.99,8.28,random,3.5,103.59,geometric_increase
0.599557,513.0641,115.184,15.3291,100.0,513064074881.4781,238,9182.9,268628.0,34,6.0,5.4,7.98,back_heavy,15.91,48.72,geometric_increase
0.593119,151.9467,53.0739,8.171,100.0,151946718742.0716,129,16781.8,268604.0,30,7.5,8.99,9.12,front_heavy,6.33,60.34,pyramid
0.584386,256.7491,63.0361,11.1017,100.0,256749103308.59,183,12815.1,268613.0,32,7.5,7.68,8.89,geometric,7.13,55.37,pyramid
0.584188,367.9163,204.8732,11.2031,100.0,367916260247.1206,109,20996.4,526917.0,34,6.5,1.56,8.83,front_heavy,29.41,29.41,flat
0.582577,654.6046,158.6315,13.8774,100.0,654604645608.4259,298,8013.4,268615.0,34,5.5,3.47,4.32,geometric,12.37,57.12,geometric_increase
0.582181,1251.8667,521.3395,12.7312,100.0,1251866664454.4946,176,12418.2,575851.0,33,7.0,2.79,4.01,random,30.3,30.3,flat
0.581439,379.0857,88.2397,12.5998,100.0,379085687999.9303,223,10518.3,268573.0,35,7.0,1.47,6.06,front_heavy,9.22,47.93,linear_increase
0.581184,316.143,174.0813,11.5705,100.0,316142988840.7762,95,24690.4,575856.0,36,6.0,4.03,9.08,front_heavy,4.39,59.73,random
0.580873,572.7512,138.0755,12.2683,100.0,572751180023.0665,275,8529.4,267832.0,30,6.5,4.0,8.86,back_heavy,8.29,58.38,linear_increase
0.580009,201.0695,67.6111,10.2126,100.0,201069545797.7851,433,5495.3,102316.0,30,4.5,3.27,6.93,front_heavy,3.62,63.04,pyramid
0.579923,467.7704,131.6799,21.4993,100.0,467770384986.263,248,9458.0,268616.0,33,3.5,2.24,9.0,front_heavy,9.74,43.26,random
0.574876,1596.3167,670.8378,11.7091,100.0,1596316663471.3394,200,10926.9,575798.0,34,7.0,0.62,4.05,random,5.54,53.01,random
0.567392,1059.5347,439.7942,12.339,100.0,1059534746769.5046,164,13325.5,575837.0,35,7.0,2.98,4.75,random,28.57,28.57,flat
0.563611,504.6316,136.7585,9.779,100.0,504631575595.9139,266,8975.7,268575.0,33,7.5,2.09,5.01,random,4.38,56.22,linear_increase
0.554114,1166.0314,281.383,23.0588,100.0,1166031390922.0715,378,5839.1,267856.0,30,3.5,3.73,4.25,random,10.78,56.15,random
0.552245,294.1441,90.9453,13.9186,100.0,294144132923.011,186,11639.1,268616.0,30,5.0,3.04,9.85,front_heavy,19.43,48.99,random
0.550246,319.0504,96.7736,11.2532,100.0,319050368523.1466,354,6733.2,162133.0,33,5.5,3.92,8.1,geometric,4.1,56.5,linear_increase
0.549012,1345.0809,582.3686,13.7462,100.0,1345080933156.9648,202,10725.7,530893.0,33,6.0,1.99,4.23,random,2.52,64.87,random
0.546916,457.1362,115.1528,10.0913,100.0,457136235498.9744,257,9289.8,268577.0,30,7.5,4.18,5.09,linear,4.54,62.13,linear_increase
0.545448,954.5322,281.4011,12.0906,100.0,954532192135.2378,372,6420.8,268603.0,33,5.5,1.7,4.07,random,9.64,50.97,linear_increase
0.543344,211.4552,64.728,9.2291,100.0,211455156829.3477,289,8233.0,162417.0,31,7.0,2.27,7.89,random,1.72,62.79,linear_increase
0.540616,771.066,288.9847,11.2893,100.0,771066048250.0726,558,4278.3,161576.0,32,4.5,2.95,4.59,geometric,5.4,57.1,pyramid
0.539938,383.0361,130.3194,12.7021,100.0,383036135379.3521,391,6085.5,162086.0,31,4.5,5.58,5.77,random,8.86,57.22,pyramid
0.53108,415.5816,213.1023,8.9169,100.0,415581551113.7185,114,20575.4,575567.0,35,8.0,6.49,6.92,back_heavy,16.46,38.5,random
0.527712,271.9931,77.2465,9.7433,100.0,271993117505.3932,183,11831.3,268605.0,30,7.5,4.73,9.06,random,6.68,59.98,linear_increase
0.525299,658.2446,159.4438,13.0224,100.0,658244600889.7815,288,7588.1,268612.0,33,6.0,2.62,5.96,geometric,8.76,71.84,geometric_increase
0.521418,1083.5181,453.9764,13.3316,100.0,1083518143533.013,173,12632.3,575846.0,33,6.5,3.44,4.62,linear,30.3,30.3,flat
0.521131,224.1352,68.2426,10.1469,100.0,224135152494.3533,485,4914.4,101919.0,31,5.0,4.82,7.74,random,1.77,64.78,pyramid
0.519977,251.555,118.1837,8.0437,100.0,251555030161.1912,324,7368.9,162080.0,29,6.0,3.14,6.64,front_heavy,2.86,68.37,pyramid
0.519788,105.8181,43.3599,7.9565,100.0,105818126416.6502,211,11188.9,159644.0,32,6.5,8.1,8.77,front_heavy,2.32,60.18,pyramid
0.518515,847.5129,314.889,13.3678,100.0,847512861500.5817,152,14242.4,575806.0,36,7.5,4.83,5.5,geometric,27.78,27.78,flat
0.51778,162.6276,72.1837,7.3626,100.0,162627575236.4303,262,9010.1,159681.0,32,7.0,2.44,7.46,front_heavy,1.7,60.8,pyramid
0.516605,762.3313,333.4944,10.2598,100.0,762331335337.226,568,4204.2,161502.0,30,4.5,2.93,3.78,random,5.24,61.43,pyramid
0.516045,182.8932,39.6163,10.6182,100.0,182893245225.6516,306,7747.9,145860.0,34,6.5,6.23,7.73,random,2.55,56.27,pyramid
0.501083,526.4184,129.605,20.3098,100.0,526418430511.8907,283,8287.1,268605.0,32,4.0,7.84,8.13,back_heavy,30.24,32.86,random
0.493706,1569.3883,598.5532,14.4004,100.0,1569388282099.3442,214,10213.1,575821.0,33,6.0,0.4,7.36,back_heavy,5.44,88.43,geometric_increase
0.493651,214.3335,61.3728,8.2522,100.0,214333514846.6513,217,10070.9,209847.0,33,9.5,2.81,4.42,linear,1.19,139.33,geometric_increase
0.488661,436.2912,233.134,11.5078,100.0,436291169359.7604,113,19272.2,575858.0,32,6.5,7.1,9.92,geometric,31.25,31.25,flat
0.484237,1049.0798,295.5988,13.2394,100.0,1049079752620.7,415,5754.2,267831.0,35,5.0,3.07,4.07,back_heavy,12.8,45.27,pyramid
0.483309,332.108,88.7002,8.0677,100.0,332108005076.2021,233,10246.7,268603.0,31,9.0,4.38,8.28,back_heavy,1.49,63.02,linear_increase
0.482587,408.8341,350.6789,6.9184,100.0,408834138844.2668,51,42453.9,1235671.0,34,8.0,2.69,7.76,random,7.36,53.94,random
0.48224,773.4769,265.7372,14.4747,100.0,773476939820.0382,152,14377.5,575806.0,35,7.5,5.55,8.5,geometric,28.57,28.57,flat
0.48173,350.4176,182.5034,8.7423,100.0,350417590257.8935,102,21351.0,575851.0,33,9.0,4.48,8.7,geometric,10.96,64.04,geometric_increase
0.479185,531.5394,130.7099,13.1281,100.0,531539363539.687,271,8064.9,268607.0,35,6.0,1.74,7.03,random,9.57,47.57,linear_increase
0.474314,210.9643,53.8856,10.6791,100.0,210964282872.4532,171,12735.5,268588.0,30,7.5,7.32,8.4,back_heavy,6.67,60.0,linear_increase
0.472402,567.2763,141.5566,17.0486,100.0,567276268701.4327,308,7751.6,268615.0,29,4.5,6.29,7.92,linear,22.09,47.76,pyramid
0.471645,528.3725,122.8842,11.3813,100.0,528372485672.7032,297,8025.4,268613.0,34,7.0,2.89,9.0,geometric,3.61,55.22,linear_increase
0.468752,187.1211,52.687,9.636,100.0,187121081376.1961,162,13443.0,268587.0,33,7.5,6.49,7.65,linear,5.34,55.26,linear_increase
0.468521,86.9506,19.9587,9.4175,100.0,86950622353.365,129,16794.1,228786.0,30,9.5,1.21,7.49,front_heavy,2.5,129.37,geometric_increase
0.467968,753.5884,311.9669,12.1113,100.0,753588359618.9443,173,13228.9,530864.0,30,7.5,3.2,7.71,geometric,14.14,64.3,geometric_increase
0.462746,776.3428,318.1389,15.6771,100.0,776342797369.435,154,14059.3,575864.0,32,6.0,3.73,6.45,front_heavy,13.92,45.85,random
0.458532,451.0005,83.4307,13.5425,100.0,451000453133.2359,734,3252.7,102011.0,34,4.0,1.94,2.5,front_heavy,3.66,98.19,geometric_increase
0.457913,377.3328,96.0189,14.1204,100.0,377332764688.9704,424,5630.8,161636.0,34,5.0,2.24,9.14,geometric,3.84,96.61,geometric_increase
0.454964,203.7893,64.8524,10.9651,100.0,203789254340.2709,539,4431.7,93794.0,32,4.5,3.51,5.33,random,2.07,60.43,linear_increase
0.454514,152.373,37.1532,18.1323,100.0,152372981245.2449,258,8870.6,162417.0,34,4.5,7.0,9.7,random,8.39,70.23,geometric_increase
0.44754,289.2325,92.2335,10.8943,100.0,289232515380.0382,222,10564.2,268562.0,29,6.0,1.17,8.32,front_heavy,9.56,61.19,pyramid
0.44633,1173.2447,311.5445,13.4855,100.0,1173244692178.0063,456,5238.4,268574.0,29,5.0,1.07,6.49,geometric,5.18,107.19,geometric_increase
0.444374,979.2147,390.5552,13.7518,100.0,979214726706.8372,193,11225.8,526965.0,33,7.0,0.93,5.59,front_heavy,30.3,30.3,flat
0.442837,1203.001,499.3384,13.8951,100.0,1203000983510.1907,232,10110.3,526955.0,31,6.0,2.16,4.4,front_heavy,32.26,32.26,flat
0.439736,468.2655,131.4116,12.5611,100.0,468265533099.0924,124,17625.8,575173.0,30,6.5,8.09,9.01,linear,32.44,34.24,geometric_increase
0.437289,140.0666,39.8519,18.5009,100.0,140066567759.8506,259,9056.3,162082.0,31,4.0,1.86,9.64,front_heavy,9.33,76.4,geometric_increase
0.435293,560.7492,152.4197,21.1772,100.0,560749184442.4723,319,7484.4,268629.0,29,3.5,5.75,7.64,front_heavy,34.48,34.48,flat
0.433824,190.0869,119.3126,8.4169,100.0,190086903665.2677,86,25172.3,526917.0,35,8.0,8.8,9.87,linear,13.19,44.86,pyramid
0.429083,188.1017,48.3592,13.8661,100.0,188101715924.0493,303,7741.2,162082.0,31,5.5,5.21,8.31,back_heavy,4.56,102.71,geometric_increase
0.428982,71.1105,35.6491,7.4738,100.0,71110511056.9,306,7715.8,99341.0,35,5.5,4.56,9.06,front_heavy,1.1,57.66,pyramid
0.427119,442.3012,196.4862,9.9577,100.0,442301161251.3132,133,16374.1,526917.0,33,9.0,2.93,7.96,linear,7.15,78.92,geometric_increase
0.422337,429.3334,187.0478,10.089,100.0,429333366224.4673,121,18061.0,575851.0,33,9.5,3.39,9.86,geometric,7.84,75.72,geometric_increase
0.421925,581.208,134.4117,19.3078,100.0,581207952512.4674,302,7237.1,268603.0,30,4.5,2.62,8.71,random,24.23,42.43,linear_increase
0.42171,684.9906,179.2909,12.6999,100.0,684990572609.532,353,6644.7,267801.0,30,5.5,3.02,5.85,linear,8.31,58.36,linear_increase
0.41921,1108.3583,441.4787,14.0889,100.0,1108358273889.1162,197,11199.2,575854.0,30,6.0,1.62,6.23,random,6.37,63.8,random
0.418107,972.1814,452.5448,10.9119,100.0,972181358144.7618,183,11942.0,575846.0,31,7.0,2.3,8.01,back_heavy,12.71,51.8,linear_increase
0.417224,188.4243,58.7934,13.0393,100.0,188424347197.0922,497,4795.9,101918.0,30,4.0,6.69,7.1,front_heavy,4.12,62.54,pyramid
0.415101,803.6552,330.3429,13.9543,100.0,803655186613.7456,167,13087.4,575854.0,32,6.5,3.84,7.19,random,30.16,32.34,linear_increase
0.415056,385.1584,112.8131,20.0309,100.0,385158353578.2802,266,8817.8,268612.0,33,3.5,0.31,9.37,front_heavy,30.3,30.3,flat
0.412222,460.4251,220.7247,17.6605,100.0,460425069828.6025,1433,1666.1,55681.0,30,2.1,3.5,4.25,linear,6.52,60.15,pyramid
0.40862,508.1767,158.4424,12.6449,100.0,508176692758.2239,521,4583.5,161638.0,36,4.5,2.48,5.2,linear,4.23,51.32,linear_increase
0.407599,1186.8146,358.4267,11.6455,100.0,1186814605761.6453,481,4963.5,267832.0,32,5.0,2.39,4.54,geometric,7.24,55.26,pyramid
0.405145,812.9416,329.9913,13.8163,100.0,812941646693.0548,170,12855.2,575842.0,35,6.5,1.31,7.66,random,23.83,33.32,linear_increase
0.404168,423.9559,103.5916,16.0325,100.0,423955887626.6842,288,8293.6,268610.0,30,5.0,5.39,6.71,linear,13.83,65.15,geometric_increase
0.403954,140.3092,63.8629,10.4086,100.0,140309156366.4776,435,5491.3,102341.0,34,4.5,1.1,4.44,front_heavy,2.5,110.7,geometric_increase
0.403827,565.282,145.3898,22.269,100.0,565282008796.2931,332,7179.4,268609.0,30,3.5,7.38,8.77,linear,33.33,33.33,flat
0.400686,565.4127,148.2647,23.1524,100.0,565412661162.8993,303,7150.5,268606.0,34,3.5,0.43,7.33,front_heavy,2.59,63.14,random
0.400535,200.0428,51.2571,9.879,100.0,200042779425.712,233,9380.3,209631.0,30,8.0,3.62,4.53,random,2.38,131.17,geometric_increase
0.399649,898.9411,259.5833,12.5671,100.0,898941063391.8552,423,5647.0,267823.0,30,5.0,3.05,7.39,geometric,9.58,57.09,pyramid
0.398213,510.5722,229.4388,12.5271,100.0,510572179521.7591,147,14738.2,527736.0,34,6.5,5.87,7.77,random,28.04,30.78,pyramid
0.395474,127.9187,35.9674,12.1319,100.0,127918652955.3757,169,12809.8,230382.0,29,6.0,7.62,8.81,geometric,6.51,98.32,geometric_increase
0.392479,722.5612,272.7933,15.0605,100.0,722561163553.2354,175,12372.2,530856.0,32,6.5,6.29,8.72,back_heavy,31.25,31.25,flat
0.391661,573.1186,173.4713,20.9408,100.0,573118649154.5677,566,4219.1,161393.0,30,2.9,5.24,7.91,back_heavy,20.89,45.78,pyramid
0.38952,522.5519,235.8658,11.0938,100.0,522551929693.5659,139,15722.2,575854.0,33,7.5,3.95,8.94,geometric,15.36,52.41,geometric_increase
0.3877,1786.4614,440.9233,16.0195,100.0,1786461378195.3347,605,3946.0,267857.0,29,4.0,1.5,4.66,back_heavy,11.36,57.61,linear_increase
0.387092,795.6303,329.2712,12.1435,100.0,795630261184.1906,188,11625.4,527057.0,30,7.5,4.36,4.93,linear,17.77,48.9,linear_increase
0.386471,992.5648,259.2582,19.3003,100.0,992564791936.8947,451,5285.0,267834.0,33,3.5,3.86,4.15,back_heavy,30.3,30.3,flat
0.382744,625.6875,214.0222,17.7129,100.0,625687456631.2156,944,2529.7,102279.0,29,2.6,2.22,6.49,random,11.07,59.57,pyramid
0.381464,525.7952,134.3108,21.9377,100.0,525795220215.8363,330,7235.1,268613.0,32,3.5,7.45,8.07,geometric,31.25,31.25,flat
0.372029,1310.4874,511.7155,10.4682,100.0,1310487376444.6414,529,4513.1,267858.0,29,4.5,1.62,1.93,front_heavy,8.3,88.78,geometric_increase
0.365671,312.4518,136.3369,10.3402,100.0,312451762793.2304,120,18053.7,527731.0,34,9.0,6.4,8.43,back_heavy,10.59,48.23,linear_increase
0.365506,243.4272,56.5714,14.2177,100.0,243427231915.1622,229,10408.5,268612.0,32,6.0,6.94,9.53,geometric,8.21,54.29,linear_increase
0.363877,156.9797,37.3687,13.9844,100.0,156979714964.7196,169,12932.5,268614.0,32,6.5,7.01,9.87,random,7.58,80.35,geometric_increase
0.362261,465.4295,136.0893,14.0396,100.0,465429492499.9318,908,2630.0,94268.0,29,2.9,0.13,4.85,front_heavy,7.01,63.91,pyramid
0.358336,225.2876,142.759,8.9445,100.0,225287577952.3732,104,21014.8,526924.0,30,7.5,4.08,7.59,front_heavy,13.42,66.28,geometric_increase
0.354211,231.9709,131.1207,9.5553,100.0,231970911765.651,106,20616.8,527603.0,32,8.0,8.4,9.6,geometric,12.29,50.21,pyramid
0.354072,364.7431,121.3684,13.1675,100.0,364743100063.0962,472,5049.9,162080.0,29,4.5,3.87,8.25,geometric,5.08,63.88,linear_increase
0.353091,336.5047,95.9749,11.828,100.0,336504715665.6695,249,8700.9,268606.0,32,6.0,6.29,8.38,geometric,9.34,53.16,pyramid
0.346858,130.1108,38.8115,7.2987,100.0,130110843119.3094,192,11332.0,219477.0,35,10.0,6.27,8.86,back_heavy,0.97,56.17,linear_increase
0.344226,1101.7985,315.7032,22.1618,100.0,1101798496041.4492,482,4748.1,268629.0,31,3.0,3.49,3.77,back_heavy,8.64,59.39,random
0.341816,568.9925,206.8506,17.6505,100.0,568992530854.1896,612,3894.7,158902.0,32,2.9,0.93,4.42,front_heavy,17.0,51.56,geometric_increase
0.340843,1781.4094,764.8888,8.8102,100.0,1781409417853.9197,124,17562.6,1269674.0,34,10.0,1.59,4.3,back_heavy,3.82,55.0,pyramid
0.340411,67.5993,23.3695,8.7894,100.0,67599305008.8253,207,11331.1,159676.0,33,7.0,0.42,9.4,front_heavy,1.62,58.98,linear_increase
0.340327,496.8464,256.3091,15.8999,100.0,496846421840.7303,157,13790.7,526925.0,33,5.0,6.03,7.2,linear,9.04,51.31,random
0.339709,572.0432,422.3629,7.3748,100.0,572043168747.7405,72,30090.5,1234780.0,33,8.0,0.41,9.67,random,7.48,53.55,random
0.338991,214.0432,65.733,11.7059,100.0,214043180585.4562,223,10688.3,268576.0,32,5.5,7.88,9.24,linear,8.34,54.16,pyramid
0.33812,790.5789,300.3046,14.2919,100.0,790578935716.0476,151,14422.4,697389.0,35,7.0,3.62,6.98,random,16.08,41.28,random
0.337073,683.747,289.9012,12.9643,100.0,683746993010.686,179,12785.5,575842.0,30,6.5,4.19,8.59,geometric,20.9,49.75,geometric_increase
0.336321,252.512,63.0992,14.319,100.0,252511989920.6308,221,9802.9,268608.0,30,6.0,6.52,8.64,back_heavy,9.2,80.66,geometric_increase
0.335668,1574.3901,471.4202,10.9015,100.0,1574390101643.3862,610,3913.9,268047.0,30,5.0,1.79,4.26,geometric,1.66,65.0,pyramid
0.332514,763.3018,328.7143,11.6357,100.0,763301752636.7517,719,3320.3,159083.0,35,4.0,1.84,2.37,front_heavy,4.81,52.34,linear_increase
0.332477,506.0487,118.9423,15.7558,100.0,506048723424.1426,348,6864.1,267792.0,29,5.0,4.48,8.47,linear,11.48,57.49,linear_increase
0.331106,166.9875,70.8709,12.2697,100.0,166987509152.3482,325,7217.2,162079.0,29,4.0,1.19,9.3,front_heavy,7.16,63.76,pyramid
0.325228,201.8531,48.8369,13.3725,100.0,201853058661.0641,236,9180.2,228705.0,29,6.0,5.42,7.26,random,6.57,97.93,geometric_increase
0.324914,359.9146,128.5535,10.8795,100.0,359914570711.9699,296,8070.0,268588.0,31,5.0,6.59,8.21,random,5.17,56.35,random
0.322152,341.9653,127.9629,14.1039,100.0,341965250931.8872,1404,1700.9,55415.0,29,2.3,3.64,4.05,front_heavy,3.56,67.62,pyramid
0.319297,736.2964,274.7816,16.4114,100.0,736296352213.0065,201,10976.4,527093.0,32,6.0,6.12,6.58,random,31.25,31.25,flat
0.316719,968.8478,249.1326,18.0523,100.0,968847794722.7867,493,4843.8,267903.0,29,3.5,3.71,7.68,linear,7.01,68.68,random
0.315557,509.0374,253.3121,13.3663,100.0,509037352782.6747,151,14336.7,575820.0,32,6.0,2.2,7.62,front_heavy,31.25,31.25,flat
0.312652,128.5459,40.2718,15.1457,100.0,128545934708.7146,813,2936.8,59548.0,32,2.8,5.02,6.8,front_heavy,2.78,59.72,pyramid
0.30783,361.1863,108.4849,10.2693,100.0,361186268821.7089,304,7840.6,268570.0,29,6.5,4.37,6.88,geometric,3.99,64.97,linear_increase
0.306755,790.6485,329.4772,14.7133,100.0,790648506159.7314,192,11342.5,575843.0,32,6.0,5.11,7.64,back_heavy,30.69,31.81,linear_increase
0.30644,1531.4224,756.9511,9.9869,100.0,1531422354352.3467,125,17483.1,1235926.0,29,8.5,1.29,3.54,front_heavy,34.48,34.48,flat
0.305456,322.2714,132.763,8.9375,100.0,322271398474.7959,481,4966.1,161307.0,35,5.5,3.3,3.44,linear,1.28,55.87,linear_increase
0.305316,285.2319,156.695,9.458,100.0,285231858099.5912,115,18838.6,575803.0,31,8.0,3.77,9.26,random,12.9,64.42,geometric_increase
0.304462,115.1518,29.2762,7.6228,100.0,115151815517.2042,183,11831.3,230093.0,33,10.0,0.63,5.11,front_heavy,1.31,136.3,geometric_increase
0.302067,530.9147,150.7303,17.503,100.0,530914680649.4766,341,6408.7,268679.0,32,4.0,7.38,9.02,back_heavy,10.69,56.34,random
0.301683,838.7061,212.338,13.4273,100.0,838706109648.8096,470,5079.7,267833.0,30,5.0,1.61,6.93,linear,4.02,62.65,linear_increase
0.300351,243.8563,93.3498,12.281,100.0,243856257665.651,722,3308.5,94271.0,33,3.5,4.92,6.27,geometric,3.05,59.26,pyramid
0.300098,522.7128,220.8701,13.1195,100.0,522712822711.0807,616,3869.4,161489.0,29,3.5,4.13,7.86,back_heavy,8.35,62.48,pyramid
0.297706,880.9692,268.9461,12.9885,100.0,880969211735.3835,485,4922.9,267796.0,33,4.5,2.88,6.36,geometric,9.7,52.2,pyramid
0.296699,670.5701,235.428,19.1871,100.0,670570123405.8599,704,3393.0,161307.0,31,2.8,3.25,5.43,random,17.72,47.77,pyramid
0.296646,379.74,136.8776,20.4475,100.0,379739991434.1802,833,2867.4,102592.0,34,2.3,1.97,7.23,random,12.6,46.22,pyramid
0.296369,767.0006,265.0333,26.5245,100.0,767000645709.8285,753,3171.3,161332.0,29,2.1,0.44,5.38,front_heavy,34.48,34.48,flat
0.295127,422.9989,308.2362,7.4573,100.0,422998873535.2356,67,32620.9,1234983.0,34,8.0,5.03,5.85,random,29.41,29.41,flat
0.291957,538.378,136.1252,18.7141,100.0,538378044976.4485,1139,2096.2,90016.0,34,2.4,0.48,4.77,random,9.49,49.34,pyramid
0.288814,917.7571,329.4224,23.5513,100.0,917757080674.9296,834,2862.7,161372.0,33,2.2,0.7,4.01,front_heavy,30.3,30.3,flat
0.288813,196.0975,67.8193,16.9964,100.0,196097510398.4058,384,6220.1,162079.0,31,3.5,8.51,8.57,linear,9.24,56.81,pyramid
0.286635,511.9319,257.5237,12.643,100.0,511931862942.5363,159,13625.3,575820.0,35,6.0,4.94,7.91,random,28.57,28.57,flat
0.286408,392.7314,151.4879,12.9169,100.0,392731368078.101,1612,1481.4,54856.0,30,2.6,3.31,3.97,back_heavy,1.69,64.98,pyramid
0.283331,535.6655,221.5144,17.2424,100.0,535665518718.1414,1136,2101.7,91382.0,31,2.4,1.64,3.31,front_heavy,8.43,56.08,linear_increase
0.277447,1447.2678,595.04,8.4465,100.0,1447267831430.0527,643,3713.8,268230.0,30,5.0,0.52,2.17,front_heavy,2.18,64.48,linear_increase
0.276452,675.4208,254.6242,13.2368,100.0,675420762035.1526,205,10661.2,526967.0,33,7.0,3.35,8.82,geometric,13.12,57.82,geometric_increase
0.276023,448.9434,133.1214,14.5773,100.0,448943375907.6342,356,6659.7,268581.0,34,4.5,6.76,7.28,random,12.33,44.58,random
0.275668,480.602,200.7177,10.4105,100.0,480602025312.4974,618,3863.2,161306.0,30,4.5,2.9,5.19,back_heavy,2.31,64.36,linear_increase
0.275495,679.5209,288.6049,20.2969,100.0,679520907417.5387,206,10609.7,526924.0,32,4.5,2.83,6.47,front_heavy,8.72,54.62,random
0.274442,369.341,115.1015,16.6154,100.0,369340953807.0594,543,4397.0,161305.0,32,3.5,1.17,5.15,random,7.77,79.48,geometric_increase
0.274238,1250.5274,331.6821,24.3563,100.0,1250527436610.1948,551,3966.6,267856.0,33,2.8,2.2,5.89,geometric,4.58,55.62,random
0.271616,492.2265,264.5482,13.5662,100.0,492226463487.225,161,13526.6,575829.0,34,5.5,6.88,7.02,linear,15.13,43.52,random
0.271565,937.4947,396.2852,18.659,100.0,937494671810.451,223,9800.8,575851.0,30,4.5,3.58,7.39,linear,6.27,58.76,random
0.2684,1224.3114,332.022,15.2506,100.0,1224311443115.7188,602,3965.6,267835.0,33,4.0,1.77,5.33,back_heavy,9.24,51.37,linear_increase
0.267709,436.4591,127.0872,24.236,100.0,436459089564.7,344,6652.9,268629.0,31,3.0,7.12,8.4,front_heavy,32.26,32.26,flat
0.2671,298.3719,80.1774,14.5999,100.0,298371852574.2106,271,8036.0,268585.0,30,5.0,6.6,7.59,linear,11.49,55.18,linear_increase
0.264977,1171.7928,321.1565,22.6333,100.0,1171792793831.2673,593,4027.9,267856.0,29,2.8,3.46,4.04,back_heavy,24.08,43.1,random
0.261031,1470.4493,456.67,16.7129,100.0,1470449264101.4575,669,3568.5,267832.0,34,3.5,0.65,3.46,random,13.78,53.49,geometric_increase
0.257046,814.2021,257.9019,19.3275,100.0,814202114797.5258,1305,1829.5,102965.0,35,2.6,1.06,3.42,random,7.12,72.69,geometric_increase
0.256121,981.2946,248.7065,22.3694,100.0,981294588736.0502,552,4327.4,267855.0,32,3.0,3.86,9.22,back_heavy,31.25,31.25,flat
0.254529,379.765,164.48,11.6732,100.0,379764991921.6074,569,4195.9,162075.0,31,4.0,4.13,8.27,linear,4.5,61.87,pyramid
0.252204,278.9726,114.1638,14.0403,100.0,278972625204.7204,839,2847.1,94690.0,31,3.0,4.98,6.91,back_heavy,4.32,62.06,pyramid
0.251981,940.8054,431.3184,12.6811,100.0,940805432790.8914,903,2645.3,161637.0,33,3.5,0.26,3.48,random,5.16,55.44,linear_increase
0.251747,370.5691,101.7642,14.9447,100.0,370569082069.8544,342,6980.9,267834.0,33,4.5,4.43,5.83,geometric,10.35,66.02,geometric_increase
0.250398,845.5621,230.912,22.7627,100.0,845562056598.184,518,4609.0,267835.0,29,2.9,3.83,5.14,front_heavy,30.29,39.4,random
0.250351,962.5225,278.1642,20.0242,100.0,962522456621.5596,553,4319.5,267835.0,34,3.0,2.97,3.68,front_heavy,29.41,29.41,flat
0.249191,545.8107,148.7032,23.34,100.0,545810691889.0241,416,5739.4,268609.0,33,3.0,6.64,7.28,linear,30.3,30.3,flat
0.249093,229.2758,91.7115,11.3042,100.0,229275842210.472,446,5344.2,162138.0,31,4.5,5.92,9.39,linear,3.89,62.52,pyramid
0.248945,385.9978,108.6901,24.3893,100.0,385997755672.6106,350,6821.5,268610.0,36,3.0,5.72,8.52,front_heavy,27.78,27.78,flat
0.244382,162.6255,107.8848,8.3305,100.0,162625469735.9581,107,20426.1,526921.0,29,7.5,1.13,9.62,front_heavy,9.96,59.01,linear_increase
0.240197,208.319,85.0617,16.6257,100.0,208319034118.0407,743,3214.9,94679.0,29,2.6,2.04,6.99,front_heavy,6.23,64.76,pyramid
0.239753,1036.7132,270.7239,16.1012,100.0,1036713236847.8138,586,4076.3,268047.0,35,3.5,2.85,6.4,geometric,6.4,45.91,random
0.238439,391.849,115.463,24.2747,100.0,391848983523.6098,354,6626.0,268608.0,33,2.9,8.21,8.74,random,29.21,31.47,pyramid
0.237795,267.6859,90.8398,20.4699,100.0,267685915319.3049,780,3061.5,102719.0,29,2.4,2.11,5.7,front_heavy,8.9,60.07,linear_increase
0.237214,83.1264,22.6948,10.8791,100.0,83126356099.0957,151,14347.8,268587.0,31,7.0,7.25,8.09,linear,3.55,111.81,geometric_increase
0.236162,104.5558,41.2149,18.7238,100.0,104555802417.8726,483,4888.1,102851.0,33,2.7,7.33,9.68,front_heavy,5.69,56.45,pyramid
0.235391,89.351,27.6866,11.6206,100.0,89350996555.2209,287,8319.1,162081.0,34,6.0,3.05,6.62,random,1.82,121.09,geometric_increase
0.235359,811.3317,198.2208,15.3499,100.0,811331667773.1005,233,9807.4,575821.0,35,5.5,3.03,6.42,random,28.57,28.57,flat
0.234552,1062.6659,323.2815,20.4414,100.0,1062665852835.3674,600,3979.1,267835.0,30,2.9,3.38,3.71,geometric,8.99,59.48,random
0.233194,340.8896,84.236,15.6153,100.0,340889639160.2354,340,7025.1,268596.0,36,5.0,4.41,5.54,linear,8.01,66.02,geometric_increase
0.231524,519.05,144.8162,19.6706,100.0,519050024397.1682,385,5656.6,267831.0,31,3.5,5.7,6.32,linear,9.42,52.66,random
0.23086,1594.4121,631.0322,13.3336,100.0,1594412129209.9734,147,14866.6,1235480.0,31,7.0,1.96,5.51,back_heavy,26.58,38.67,geometric_increase
0.230308,612.2867,272.415,15.1004,100.0,612286714369.6566,195,11168.1,575842.0,35,5.5,5.53,7.25,linear,28.57,28.57,flat
0.228688,361.8796,195.3426,11.2364,100.0,361879637658.6322,165,13246.0,526919.0,33,6.5,6.75,7.93,linear,15.57,45.95,pyramid
0.228627,368.6477,179.3538,8.6768,100.0,368647716902.3437,165,13122.0,526919.0,32,9.5,5.0,8.11,back_heavy,5.4,57.1,linear_increase
0.228522,694.5069,208.5154,22.0234,100.0,694506901459.2198,490,4872.4,268607.0,31,2.9,4.19,6.36,geometric,11.78,52.04,random
0.228511,640.168,238.5036,16.6284,100.0,640167976646.7522,1251,1909.3,101057.0,30,2.5,1.82,2.81,random,6.82,92.08,geometric_increase
0.227981,1051.6833,276.6654,25.5454,100.0,1051683335360.3138,1582,1509.9,102553.0,29,1.7,0.36,3.29,front_heavy,23.39,48.49,geometric_increase
0.227759,651.707,293.2039,12.7249,100.0,651707024368.475,224,9853.5,527082.0,29,6.5,4.18,6.48,back_heavy,14.84,65.94,geometric_increase
0.225855,1006.7525,258.1544,22.2103,100.0,1006752468942.97,595,4014.4,268018.0,34,2.9,3.42,4.86,linear,29.41,29.41,flat
0.225587,629.2619,177.7989,29.4505,100.0,629261890331.028,471,5071.6,267855.0,30,2.4,5.11,7.57,random,21.08,48.11,random
0.223772,785.0684,238.8514,20.6965,100.0,785068449444.3033,528,4521.8,267835.0,32,2.9,3.01,5.82,random,31.25,31.25,flat
0.223374,303.0283,95.5116,26.626,100.0,303028345609.6708,541,4415.3,162626.0,30,2.3,5.41,8.65,random,18.72,53.8,geometric_increase
0.223194,314.9852,122.2259,13.8182,100.0,314985182412.4668,877,2723.5,102315.0,34,3.0,4.2,6.06,back_heavy,4.2,54.63,pyramid
0.223186,944.9666,392.3656,9.4181,100.0,944966566935.3112,580,4116.1,267828.0,32,5.0,1.16,4.72,random,2.28,60.22,pyramid
0.22209,150.7598,42.9058,11.9888,100.0,150759784959.4458,212,10308.4,268578.0,35,6.0,3.14,7.81,front_heavy,5.7,51.44,linear_increase
0.222085,914.4263,247.9632,17.8255,100.0,914426279177.7218,572,4174.0,267836.0,30,3.5,2.78,8.24,back_heavy,16.0,50.67,linear_increase
0.221042,356.7589,171.3834,15.9133,100.0,356758936527.1222,166,13119.0,527050.0,34,5.0,8.24,9.7,random,28.67,30.17,geometric_increase
0.220192,653.751,231.2722,18.4244,100.0,653750995364.5004,805,2966.5,161638.0,34,2.7,3.36,8.45,back_heavy,13.44,45.38,pyramid
0.219393,990.8227,263.4297,21.2229,100.0,990822729968.8064,599,3985.8,267855.0,33,3.0,3.49,4.59,linear,24.09,36.93,random
0.218113,1791.7986,770.5936,13.868,100.0,1791798608263.4233,156,14008.9,1269717.0,30,6.0,1.65,2.96,geometric,33.33,33.33,flat
0.218056,216.3656,58.0463,16.4814,100.0,216365594870.4707,280,8527.1,268603.0,35,4.5,3.9,7.75,front_heavy,10.08,47.07,linear_increase
0.216416,177.9457,50.3874,13.0749,100.0,177945682362.6946,254,9367.5,268612.0,32,5.5,5.8,7.25,front_heavy,5.88,56.62,linear_increase
0.216267,517.3433,139.8776,24.062,100.0,517343286366.0173,434,5492.0,268614.0,35,2.9,6.42,9.04,geometric,28.57,28.57,flat
0.215331,604.7172,168.4085,23.9378,100.0,604717247388.2504,471,5069.2,268634.0,33,2.8,5.47,9.52,geometric,30.3,30.3,flat
0.21275,1695.9795,468.5119,26.2621,100.0,1695979488222.6216,796,3000.0,267853.0,30,2.3,2.14,3.81,back_heavy,1.97,62.21,random
0.212742,225.4562,80.5679,18.6953,100.0,225456231813.0877,487,4904.9,159675.0,35,3.0,6.47,7.14,front_heavy,9.91,48.33,pyramid
0.211844,413.0209,211.6738,9.0344,100.0,413020908101.0188,663,3602.9,159084.0,29,4.5,3.16,3.2,random,1.56,67.4,linear_increase
0.211677,704.6493,261.676,17.1617,100.0,704649262957.8124,854,2796.2,161334.0,34,2.7,0.96,5.4,random,12.47,46.36,pyramid
0.210283,712.6416,199.2021,22.9403,100.0,712641575994.4938,519,4601.2,267855.0,33,2.8,4.86,8.49,back_heavy,30.3,30.3,flat
0.209112,743.093,200.4511,24.1754,100.0,743092985350.3853,531,4496.2,268026.0,30,2.7,5.07,6.78,linear,33.33,33.33,flat
0.207412,899.6423,267.4695,27.0793,100.0,899642254430.4198,773,2855.3,188051.0,34,2.2,0.39,7.83,random,29.41,29.41,flat
0.206179,1116.5607,469.6633,18.7918,100.0,1116560679475.331,2055,1162.4,85540.0,32,2.1,0.17,2.78,random,6.67,84.96,geometric_increase
0.205957,603.78,381.4644,10.9065,100.0,603780005725.9095,95,22805.4,1234778.0,34,6.5,4.47,4.55,geometric,9.77,50.08,random
0.205659,765.0406,321.6382,16.3392,100.0,765040587893.8939,252,8641.9,527082.0,33,5.0,5.18,5.31,random,30.3,30.3,flat
0.205095,453.398,144.0876,23.9355,100.0,453397954031.1924,415,5712.9,268608.0,33,2.7,0.35,7.79,front_heavy,30.3,30.3,flat
0.204705,1450.7605,612.0535,13.2622,100.0,1450760507539.581,149,14668.5,1234866.0,32,7.0,2.5,3.65,linear,31.25,31.25,flat
0.204287,169.1154,63.2466,14.0001,100.0,169115422245.1547,420,5644.9,162415.0,35,4.0,7.14,7.95,back_heavy,4.95,53.58,pyramid
0.203223,784.7386,332.6782,17.5519,100.0,784738562562.129,281,8482.2,527090.0,35,4.5,4.9,4.94,random,22.64,33.54,random
0.201588,450.942,171.988,17.8208,100.0,450941981114.1592,1255,1903.2,90016.0,29,2.3,3.53,7.38,linear,6.34,64.63,pyramid
0.198386,283.703,211.463,16.5854,100.0,283702955058.3549,143,15150.0,572912.0,34,3.5,2.6,7.6,front_heavy,3.65,58.43,random
0.197501,868.4524,268.4511,22.6179,100.0,868452373485.0502,565,4050.6,268603.0,31,2.8,1.01,7.13,random,32.26,32.26,flat
0.197105,109.5374,46.6472,7.8006,100.0,109537380503.6406,190,11394.0,268602.0,31,6.5,8.56,9.25,random,2.9,63.57,pyramid
0.196999,1303.7355,578.2,12.4259,100.0,1303735530980.2883,144,15177.8,1234726.0,33,7.5,2.26,3.78,random,30.3,30.3,flat
0.196751,1550.2235,665.3327,13.6335,100.0,1550223482362.2861,157,13919.6,1235568.0,33,6.5,2.3,3.47,back_heavy,6.03,58.35,random
0.19633,1028.8015,422.6649,19.2689,100.0,1028801455960.3558,298,7334.0,530902.0,31,4.0,0.31,9.06,random,8.04,52.01,random
0.196277,918.5864,394.2269,16.7372,100.0,918586414485.0724,1013,2357.9,161306.0,30,2.7,1.92,2.69,random,11.39,55.27,linear_increase
0.193138,650.4613,282.2467,17.5253,100.0,650461272062.678,859,2779.5,161303.0,34,2.6,2.05,3.69,front_heavy,13.62,45.21,pyramid
0.192708,1329.8095,514.5204,14.7192,100.0,1329809531198.2563,147,14868.0,1235087.0,30,6.5,2.4,6.15,linear,27.93,37.43,random
0.192188,1327.5129,332.6239,26.7941,100.0,1327512940256.753,740,3227.0,268200.0,34,2.3,2.26,9.91,back_heavy,18.0,44.94,random
0.189894,179.7849,66.0374,19.4559,100.0,179784853967.9093,452,5189.4,159674.0,31,2.9,8.67,9.19,back_heavy,9.58,56.45,pyramid
0.189376,1306.7042,658.5636,11.8542,100.0,1306704192072.3328,147,14866.6,1234914.0,35,6.5,2.22,3.17,back_heavy,28.57,28.57,flat
0.189262,404.7816,113.6878,26.8431,100.0,404781625362.0068,394,5808.6,268629.0,35,2.8,5.85,8.44,front_heavy,28.57,28.57,flat
0.186906,845.2862,269.6867,28.8916,100.0,845286193738.6971,598,3994.2,268611.0,32,2.1,1.56,5.92,random,8.7,57.09,random
0.186785,675.6761,332.4805,15.9716,100.0,675676066984.0051,272,8763.0,527052.0,34,4.5,1.61,5.84,front_heavy,29.41,29.41,flat
0.18605,376.295,111.2652,14.3311,100.0,376294978913.7259,1057,2258.8,101586.0,29,2.8,2.67,4.51,front_heavy,4.4,66.71,pyramid
0.185324,620.8208,175.795,24.1194,100.0,620820758355.3391,516,4627.9,267856.0,34,2.7,5.42,5.55,geometric,29.41,29.41,flat
0.185279,984.6815,430.8796,15.8506,100.0,984681519212.4686,297,7897.6,575744.0,33,4.5,0.57,7.93,random,26.83,34.07,random
0.184908,329.1623,132.9061,20.404,100.0,329162267174.7344,631,3784.5,159673.0,31,2.5,2.5,6.65,front_heavy,14.03,51.7,pyramid
0.184229,1621.4832,659.5679,14.1901,100.0,1621483207055.056,166,13165.0,1235085.0,30,6.5,2.3,3.75,geometric,33.33,33.33,flat
0.184167,287.3162,102.1065,50.8243,100.0,287316184286.4978,556,4116.2,162581.0,33,1.35,8.67,9.32,geometric,18.57,43.01,random
0.183922,373.9288,171.9669,10.9667,100.0,373928814324.1438,187,11686.5,526943.0,33,7.5,1.58,8.88,random,8.23,52.38,linear_increase
0.183324,174.1399,44.8643,17.875,100.0,174139908712.9516,274,8715.3,268610.0,34,4.5,3.12,7.86,front_heavy,8.47,69.88,geometric_increase
0.183266,323.5381,128.1824,16.7191,100.0,323538104056.5525,1115,2142.3,90014.0,30,2.4,4.16,6.84,linear,5.18,61.49,pyramid
0.18306,406.7559,128.2333,22.7892,100.0,406755855067.7818,419,5698.3,268606.0,29,2.8,1.96,7.68,front_heavy,25.35,45.5,geometric_increase
0.18303,433.9085,129.1797,24.5753,100.0,433908528392.0223,433,5516.6,268604.0,34,2.9,2.0,9.81,random,10.66,48.27,random
0.183023,485.9137,130.0619,24.0186,100.0,485913702118.2835,458,5213.0,268603.0,33,3.0,6.19,6.43,front_heavy,23.91,36.7,linear_increase
0.181966,493.8393,167.3623,27.5154,100.0,493839256374.2698,463,5156.5,268631.0,32,2.2,5.54,7.77,linear,8.99,46.74,random
0.181953,170.983,87.3728,8.8295,100.0,170982983017.8484,127,17207.7,527498.0,35,9.5,5.05,5.93,back_heavy,3.91,92.34,geometric_increase
0.18191,207.0592,86.7632,13.2004,100.0,207059161328.9045,895,2668.2,90018.0,35,3.0,4.65,7.22,linear,2.63,56.04,pyramid
0.181768,1060.5552,319.0584,22.6717,100.0,1060555202273.3853,681,3506.6,267852.0,30,2.5,3.35,4.87,back_heavy,33.33,33.33,flat
0.181528,551.6725,167.2865,25.429,100.0,551672543050.1483,490,4872.4,268604.0,31,2.6,0.35,7.39,front_heavy,32.26,32.26,flat
0.179177,182.5043,66.5647,15.7893,100.0,182504341413.8692,748,3191.8,101867.0,33,2.8,6.06,7.43,geometric,4.39,57.83,pyramid
0.178295,320.7977,89.0169,19.6389,100.0,320797736841.0583,377,6333.1,268636.0,32,3.5,6.04,8.67,geometric,14.77,56.51,geometric_increase
0.176893,424.0094,148.4005,17.3702,100.0,424009428077.849,725,3294.8,161308.0,31,2.9,2.08,7.6,random,8.06,56.46,linear_increase
0.175109,893.8631,403.9287,10.7738,100.0,893863102536.4164,126,17284.0,1234881.0,31,8.5,0.57,8.64,random,12.16,52.52,random
0.173863,653.7904,261.3033,16.1717,100.0,653790420186.8802,907,2633.5,161489.0,34,2.8,2.81,5.7,geometric,8.85,49.98,pyramid
0.173262,217.5469,80.3386,19.1093,100.0,217546858216.2774,786,3037.5,107632.0,31,2.4,4.81,6.43,front_heavy,7.09,59.1,pyramid
0.173085,679.0135,336.5844,18.119,100.0,679013458118.1252,270,8476.3,530905.0,31,4.0,5.01,5.51,front_heavy,23.63,40.83,random
0.172221,272.6263,112.4642,20.0284,100.0,272626285088.0919,586,4074.4,162107.0,32,2.6,2.89,9.94,random,12.09,50.41,pyramid
0.17211,313.7305,86.8552,15.1203,100.0,313730455130.3543,380,6272.5,267803.0,35,4.5,5.02,7.96,back_heavy,7.96,49.18,linear_increase
0.171545,295.4695,93.6362,21.4908,100.0,295469532561.4556,613,3888.3,161373.0,30,2.7,3.52,6.87,random,10.86,74.36,geometric_increase
0.171126,181.6889,67.7906,18.5302,100.0,181688889034.4576,480,4974.1,162078.0,34,3.0,2.61,8.26,front_heavy,8.4,50.43,pyramid
0.171068,369.0337,113.8797,27.3138,100.0,369033696285.5801,413,5783.8,268634.0,35,2.5,2.39,8.58,front_heavy,28.57,28.57,flat
0.170819,408.7542,130.7437,23.7196,100.0,408754222872.4295,398,5491.5,268629.0,35,2.7,7.11,9.81,back_heavy,28.57,28.57,flat
0.169739,220.4609,115.8295,10.5262,100.0,220460858243.6484,1173,2032.0,73232.0,32,3.0,3.78,7.09,linear,0.84,61.67,pyramid
0.169563,231.7128,87.0144,18.4464,100.0,231712806088.6147,553,4319.2,159667.0,32,3.0,0.27,6.61,front_heavy,8.6,53.9,linear_increase
0.16904,1212.7758,331.3332,17.0787,100.0,1212775801776.4573,755,3162.0,267829.0,31,3.5,1.19,4.82,linear,6.95,57.57,linear_increase
0.168641,471.5348,132.5902,19.3008,100.0,471534774370.1284,470,5079.7,268607.0,31,3.5,4.18,7.31,linear,14.18,60.96,geometric_increase
0.168555,237.0325,91.8314,21.9275,100.0,237032531754.9015,561,4257.9,159673.0,32,2.5,1.25,7.96,front_heavy,12.28,50.22,pyramid
0.168446,1259.0371,539.8862,13.1545,100.0,1259037135921.7725,153,14283.5,1234882.0,32,7.0,3.09,3.53,linear,31.25,31.25,flat
0.168109,419.3647,214.841,12.6179,100.0,419364706900.7804,215,10628.4,530848.0,31,5.0,7.29,9.38,back_heavy,9.05,63.39,random
0.167717,1440.5345,464.7404,14.5726,100.0,1440534486656.449,826,2890.2,267857.0,31,3.5,2.06,3.38,geometric,9.73,56.29,pyramid
0.167373,687.6134,199.2704,16.9801,100.0,687613360863.1141,571,4180.9,267980.0,30,3.5,3.3,7.68,back_heavy,13.32,53.35,linear_increase
0.166397,501.3702,136.4967,25.3816,100.0,501370191939.6612,488,4893.4,268609.0,30,2.8,6.4,8.25,geometric,25.62,42.4,geometric_increase
0.164995,170.8861,118.5517,7.4747,100.0,170886090459.1156,133,16374.1,526958.0,30,8.0,1.06,9.72,random,4.67,106.4,geometric_increase
0.164815,314.5032,121.6877,40.6673,100.0,314503211332.6697,636,3712.3,162166.0,29,1.4,1.12,9.99,front_heavy,34.48,34.48,flat
0.164746,1297.6775,634.3117,8.1864,100.0,1297677534419.59,157,13920.7,1235479.0,30,9.5,1.67,6.58,linear,1.46,65.2,pyramid
0.164285,486.4569,208.7806,12.8508,100.0,486456925883.8636,818,2920.2,158903.0,34,3.5,1.86,4.28,back_heavy,3.4,100.63,geometric_increase
0.162771,323.9783,140.4082,16.0375,100.0,323978315258.4919,1044,2287.0,102030.0,31,2.4,2.24,4.7,random,6.03,58.49,linear_increase
0.162047,127.2568,78.5145,9.0741,100.0,127256760132.8598,115,18827.2,527602.0,31,7.5,7.85,9.62,random,6.98,57.53,linear_increase
0.161776,828.7311,248.7912,20.5095,100.0,828731091959.4647,638,3742.1,267836.0,35,2.7,3.03,7.16,back_heavy,22.83,35.17,geometric_increase
0.161681,800.8086,385.6207,15.0532,100.0,800808583248.7297,281,8182.2,575842.0,35,4.5,2.83,7.08,geometric,21.75,36.64,geometric_increase
0.161225,1082.4614,446.8605,13.4555,100.0,1082461391366.633,145,15072.6,1235035.0,33,7.0,3.23,5.51,geometric,30.3,30.3,flat
0.160741,959.4672,275.7445,23.7262,100.0,959467203232.829,689,3466.7,267832.0,32,2.5,3.6,4.52,geometric,31.25,31.25,flat
0.16073,43.7583,12.8219,9.1477,100.0,43758304454.8134,133,16277.1,268570.0,29,8.0,4.17,7.85,front_heavy,1.66,149.96,geometric_increase
0.159701,877.4831,270.2049,25.5113,100.0,877483114387.0032,661,3613.5,267855.0,31,2.2,3.12,5.79,random,11.2,58.69,random
0.159471,535.4558,156.0535,26.8639,100.0,535455777493.3076,515,4635.9,268629.0,33,2.5,6.37,7.03,linear,30.3,30.3,flat
0.159122,395.4916,123.507,26.1042,100.0,395491601657.0246,440,5388.3,268631.0,36,2.5,3.72,7.67,front_heavy,27.78,27.78,flat
0.157436,150.7267,49.6618,17.0137,100.0,150726743676.8986,465,5135.5,158900.0,35,3.5,2.91,8.75,random,5.02,84.2,geometric_increase
0.157056,175.4744,72.3436,12.2159,100.0,175474404653.6278,500,4775.0,159606.0,31,4.0,5.04,5.75,random,3.44,61.08,linear_increase
0.156669,287.5086,95.81,20.5785,100.0,287508580344.5608,633,3765.5,161307.0,30,2.7,4.95,5.07,back_heavy,10.04,77.35,geometric_increase
0.156431,1127.6525,315.2987,22.7822,100.0,1127652476310.2961,757,3154.6,267833.0,31,2.6,1.7,4.4,random,26.78,37.74,linear_increase
0.156322,1436.6619,410.2517,20.1895,100.0,1436661922667.1777,855,2793.8,267832.0,34,2.8,1.54,3.05,random,4.32,55.81,random
0.155681,88.6699,37.0281,14.8399,100.0,88669890343.4728,602,3966.8,94669.0,34,2.7,0.91,8.48,front_heavy,3.23,55.59,pyramid
0.15552,560.56,209.4164,26.8226,100.0,560560045050.4733,889,2686.8,161306.0,34,1.95,1.32,7.49,random,22.2,36.63,pyramid
0.155473,141.3113,44.9706,14.4675,100.0,141311279261.0418,453,5270.4,158892.0,30,4.0,4.72,8.18,back_heavy,3.42,117.97,geometric_increase
0.155253,316.6275,119.3019,15.9172,100.0,316627549065.4033,668,3575.9,161488.0,33,3.0,4.1,4.74,geometric,7.2,53.41,linear_increase
0.15499,772.8203,217.2688,24.8479,100.0,772820318976.696,629,3795.7,268026.0,35,2.4,2.0,6.9,random,28.57,28.57,flat
0.154055,339.11,145.7862,18.3463,100.0,339110017924.8908,705,3386.6,158889.0,31,2.5,4.08,6.53,random,11.73,54.15,pyramid
0.153347,453.4977,134.7233,29.1031,100.0,453497710810.631,480,4939.3,268607.0,32,2.4,6.33,8.06,random,31.25,31.25,flat
0.152745,237.5637,81.5682,12.9739,100.0,237563684415.9896,350,6810.1,268573.0,31,4.5,7.01,8.53,geometric,7.06,59.14,pyramid
0.152281,624.7993,186.2368,16.3188,100.0,624799292392.909,571,4181.3,267831.0,29,3.5,2.43,8.0,linear,9.86,59.1,linear_increase
0.152258,906.2298,225.971,13.6014,100.0,906229835192.7112,244,9039.8,697411.0,34,5.5,3.49,7.3,geometric,8.75,50.69,random
0.151492,392.0208,131.8832,24.2265,100.0,392020827752.205,449,5280.3,268608.0,31,2.5,4.06,7.7,front_heavy,26.68,38.21,pyramid
0.1508,86.111,24.3479,17.6613,100.0,86111048389.8171,352,6782.9,162086.0,34,4.0,4.94,9.26,random,3.67,98.08,geometric_increase
0.150481,1052.351,451.4704,12.9921,100.0,1052350994531.3226,148,14767.1,1234910.0,32,7.0,3.47,6.57,back_heavy,29.99,32.51,linear_increase
0.150308,391.2487,154.9188,11.8577,100.0,391248718406.219,767,3114.3,158892.0,33,4.0,1.1,6.8,geometric,1.26,137.44,geometric_increase
0.14972,613.3033,318.0464,17.2294,100.0,613303330029.8884,254,8996.5,575799.0,32,4.0,3.27,7.48,random,31.25,31.25,flat
0.149224,72.5054,22.3883,18.1538,100.0,72505362346.6143,513,4654.0,102586.0,33,2.9,8.01,8.62,random,3.15,57.45,linear_increase
0.148838,1240.717,678.398,8.2052,100.0,1240717045420.1533,161,13526.5,1234989.0,33,9.5,2.33,4.17,linear,4.91,57.28,pyramid
0.148761,374.7365,102.927,20.943,100.0,374736492005.6762,406,5336.4,267836.0,34,3.5,2.13,8.36,random,16.95,46.65,geometric_increase
0.148482,740.7877,368.9064,16.5184,100.0,740787694805.9679,293,8152.6,575843.0,33,4.0,4.09,6.36,geometric,30.0,30.61,geometric_increase
0.148467,591.6439,177.2861,24.7035,100.0,591643891561.2562,563,4242.8,267836.0,35,2.5,3.79,5.48,front_heavy,28.57,28.57,flat
0.148467,272.4728,107.8227,19.1701,100.0,272472823526.7912,1003,2381.4,102019.0,32,2.3,5.03,6.57,back_heavy,6.44,56.06,pyramid
0.14826,240.7506,55.4836,18.1872,100.0,240750634827.138,937,2548.6,102699.0,33,2.6,4.6,6.22,random,4.87,57.32,pyramid
0.148117,65.5466,28.4589,8.7592,100.0,65546593176.0418,310,7705.0,162086.0,35,6.0,7.18,7.88,back_heavy,0.88,56.26,linear_increase
0.14793,608.0808,236.6758,44.7385,100.0,608080849527.5151,949,2516.3,161332.0,29,1.25,4.02,6.16,linear,2.35,66.3,random
0.147774,173.2764,68.9179,17.4022,100.0,173276382906.5446,803,2973.8,101833.0,33,2.3,6.22,6.77,linear,5.57,56.58,pyramid
0.147734,105.241,28.2661,15.1679,100.0,105240999137.8536,404,5868.4,156630.0,29,4.0,6.6,9.48,random,3.44,65.52,linear_increase
0.147627,180.6262,67.4186,14.8256,100.0,180626178270.1338,518,4611.4,161302.0,36,3.5,5.22,5.56,geometric,4.75,50.81,linear_increase
0.147544,251.7526,113.4439,17.4189,100.0,251752624618.0208,1257,1900.2,78492.0,33,2.2,4.45,8.79,back_heavy,4.17,58.07,pyramid
0.147538,423.5141,193.9458,17.7286,100.0,423514096862.5376,793,3010.7,161305.0,29,2.4,2.76,6.96,random,12.1,58.46,pyramid
0.147379,1174.5325,524.5838,9.9902,100.0,1174532490544.1902,158,13832.8,1234878.0,33,8.0,2.67,5.86,back_heavy,8.29,53.68,random
0.146342,115.05,30.9812,12.5509,100.0,115049978742.9654,292,7484.2,209847.0,33,6.0,4.23,8.56,geometric,2.13,120.32,geometric_increase
0.145214,888.0297,403.1858,17.5546,100.0,888029666823.1877,348,6740.2,527086.0,35,4.0,3.79,4.59,linear,28.57,28.57,flat
0.145149,106.8311,36.439,15.8131,100.0,106831094975.9563,255,8489.8,230325.0,31,4.0,4.63,9.97,front_heavy,7.07,57.44,linear_increase
0.145129,109.1854,39.3032,16.3213,100.0,109185376594.4466,404,5910.9,162128.0,35,3.5,4.11,7.87,front_heavy,4.7,52.44,linear_increase
0.144944,1491.7513,566.7041,12.5541,100.0,1491751290125.81,903,2643.8,268207.0,34,3.5,0.55,2.51,random,7.68,73.21,geometric_increase
0.144844,491.8985,181.3707,14.1765,100.0,491898485580.7213,518,4609.2,268607.0,29,3.5,1.28,7.31,front_heavy,2.99,60.36,random
0.144527,647.5007,206.4269,14.2312,100.0,647500721681.2837,595,4013.4,268635.0,30,3.5,5.97,7.66,back_heavy,2.64,63.48,random
0.143906,267.1157,90.3203,18.2447,100.0,267115747266.0257,638,3744.0,161306.0,30,2.9,4.44,6.42,back_heavy,7.67,87.6,geometric_increase
0.141694,319.7829,108.5258,20.7513,100.0,319782905756.6782,703,3396.9,161373.0,35,2.7,2.5,6.02,random,8.83,65.6,geometric_increase
0.141634,671.405,202.8929,28.2037,100.0,671405039318.4534,612,3901.3,268606.0,30,2.3,4.57,6.04,front_heavy,15.55,47.51,random
0.14055,478.4842,136.527,30.5031,100.0,478484199080.3006,515,4603.6,268606.0,31,2.3,7.54,8.81,geometric,32.26,32.26,flat
0.140449,415.0737,153.4058,18.8785,100.0,415073652176.8968,805,2967.1,161303.0,34,2.7,3.19,3.54,linear,8.67,69.12,geometric_increase
0.140149,890.8514,270.1495,23.0905,100.0,890851369036.3706,711,3359.4,267836.0,34,2.4,3.53,3.73,geometric,29.41,29.41,flat
0.139368,395.1969,139.7076,30.5987,100.0,395196907390.4518,465,5044.3,268610.0,35,2.0,1.91,7.42,front_heavy,10.36,43.09,random
0.138314,1740.2243,517.287,20.6323,100.0,1740224269834.2288,1000,2388.0,267857.0,33,2.6,1.26,2.44,linear,16.72,49.52,geometric_increase
0.138196,498.2849,165.0406,29.382,100.0,498284935659.7795,534,4473.2,268604.0,34,2.1,3.46,7.01,random,12.69,43.79,random
0.137963,209.5899,54.0969,17.1217,100.0,209589949903.8208,316,6891.6,268613.0,31,4.5,6.48,6.87,back_heavy,8.19,81.2,geometric_increase
0.13774,96.861,27.2728,13.7138,100.0,96860970133.5801,215,10129.2,268609.0,35,5.5,4.21,7.59,front_heavy,4.43,88.34,geometric_increase
0.136577,430.8412,148.1389,37.4233,100.0,430841213166.7926,457,4782.4,268603.0,34,1.85,7.09,7.17,back_heavy,12.79,47.12,random
0.136073,404.3315,131.6855,31.3955,100.0,404331486334.4086,476,4927.6,268607.0,29,2.1,8.55,8.97,geometric,34.48,34.48,flat
0.134942,1754.1853,545.1906,22.3669,100.0,1754185289448.68,1015,2352.3,268199.0,32,2.3,1.31,2.19,front_heavy,31.25,31.25,flat
0.134713,981.4975,444.5039,12.3273,100.0,981497525881.0605,151,14474.1,1235472.0,30,7.0,3.22,6.51,geometric,7.7,55.87,random
0.134634,468.1332,206.8814,16.8837,100.0,468133225952.3197,886,2694.7,158900.0,35,2.6,3.32,4.59,random,9.12,49.17,pyramid
0.134482,354.4134,181.775,9.7268,100.0,354413386734.1817,90,24054.1,1234841.0,31,9.0,5.23,9.48,linear,14.86,59.25,geometric_increase
0.134268,249.4549,90.1077,18.8296,100.0,249454875432.2871,638,3742.9,161333.0,31,2.8,4.43,4.64,random,7.65,83.73,geometric_increase
0.134235,394.8316,110.0808,11.5953,100.0,394831598056.2417,205,10561.7,572806.0,34,6.0,0.98,9.33,random,14.0,44.82,linear_increase
0.133675,187.1458,56.005,21.6379,100.0,187145835911.9458,553,4317.3,161540.0,31,2.8,5.63,8.81,linear,7.7,83.48,geometric_increase
0.133299,587.1838,175.8954,28.0415,100.0,587183771640.5256,590,4047.5,268631.0,31,2.3,3.81,6.38,front_heavy,32.26,32.26,flat
0.133256,642.0244,356.5077,12.3265,100.0,642024391157.3507,124,17792.3,1234993.0,33,6.0,4.95,6.29,random,12.49,53.86,random
0.132259,583.2589,175.293,25.751,100.0,583258894202.013,592,4033.1,267828.0,35,2.4,4.11,6.2,random,28.57,28.57,flat
0.132229,372.7931,198.2966,19.5289,100.0,372793059853.8665,236,9939.0,527730.0,30,3.5,8.72,9.1,front_heavy,33.33,33.33,flat
0.132016,466.971,194.4401,25.5151,100.0,466971045635.074,894,2671.7,158900.0,30,1.85,0.65,5.25,front_heavy,20.45,50.54,geometric_increase
0.131436,604.2282,325.931,18.2172,100.0,604228247041.0396,305,7829.5,530856.0,29,3.5,5.68,6.74,geometric,34.48,34.48,flat
0.130316,248.682,94.7224,26.5846,100.0,248682023058.109,639,3710.3,162081.0,30,2.0,4.79,9.48,random,15.64,51.02,pyramid
0.130257,398.1108,120.5653,31.0812,100.0,398110825813.8608,471,4859.0,268628.0,33,2.3,8.23,9.39,back_heavy,30.3,30.3,flat
0.130018,590.0699,177.153,26.4822,100.0,590069937688.9789,599,3987.5,268630.0,31,2.3,7.08,7.96,geometric,10.04,52.61,random
0.130017,163.5846,76.5482,16.7915,100.0,163584605887.349,531,4488.8,159221.0,32,2.7,0.97,8.12,front_heavy,7.56,54.94,pyramid
0.129916,1115.4192,479.7798,13.8627,100.0,1115419223141.64,164,13326.4,1234816.0,35,6.5,2.88,4.71,linear,28.57,28.57,flat
0.129865,509.5995,205.4984,20.9825,100.0,509599495557.845,927,2575.5,161335.0,30,2.3,4.35,5.73,back_heavy,13.42,53.25,pyramid
0.129769,1241.4263,543.2766,14.7391,100.0,1241426250165.0693,173,12632.3,1235537.0,29,5.5,2.25,7.82,geometric,34.48,34.48,flat
0.129447,575.9881,378.4452,19.639,100.0,575988145690.4711,2027,1177.9,78570.0,31,1.65,0.44,4.21,random,8.28,57.84,pyramid
0.129195,401.9678,122.6493,30.8079,100.0,401967773084.9654,496,4815.9,268629.0,33,2.2,8.02,8.32,back_heavy,30.3,30.3,flat
0.128405,229.4917,91.9553,18.9796,100.0,229491744655.451,623,3833.9,162082.0,33,2.6,2.76,5.85,front_heavy,8.86,51.75,linear_increase
0.128361,1148.8687,454.4958,16.1787,100.0,1148868745779.1223,843,2832.7,267994.0,31,3.0,1.64,2.34,front_heavy,14.67,59.71,geometric_increase
0.128329,124.9837,52.9419,17.066,100.0,124983652175.1589,792,3016.0,94124.0,32,2.4,6.18,7.8,random,3.93,58.57,pyramid
0.128257,630.6804,253.6173,16.6841,100.0,630680432437.0785,1038,2301.1,161362.0,31,2.8,2.69,3.99,back_heavy,7.22,57.3,linear_increase
0.127877,351.5806,184.31,14.2911,100.0,351580567620.3904,2259,1056.9,55419.0,29,1.9,2.46,4.1,random,2.12,69.16,pyramid
0.126536,373.4938,121.9532,38.1213,100.0,373493752840.409,483,4944.1,268609.0,32,1.8,8.31,8.66,linear,20.65,40.89,random
0.126493,705.6338,345.0103,13.1977,100.0,705633751164.4406,322,7107.5,530848.0,35,5.0,2.56,9.99,back_heavy,10.8,46.34,linear_increase
0.126442,204.6961,87.4709,20.1356,100.0,204696138512.143,593,4028.2,162075.0,32,2.6,1.43,7.72,front_heavy,9.05,53.45,pyramid
0.126314,812.6022,284.8021,21.085,100.0,812602166654.5123,715,3339.3,267835.0,32,2.5,3.31,4.12,random,8.43,54.35,random
0.125668,984.2836,366.1282,15.4316,100.0,984283568243.6519,156,13960.1,1235485.0,31,6.5,3.39,9.78,linear,32.26,32.26,flat
0.125333,138.1949,39.0392,18.437,100.0,138194946300.6754,269,8088.5,268586.0,35,4.0,4.79,8.84,front_heavy,8.83,65.6,geometric_increase
0.125051,1186.3991,574.5263,18.4026,100.0,1186399096718.144,408,5409.8,526926.0,32,3.5,0.32,5.65,random,31.25,31.25,flat
0.124929,138.7922,58.5722,18.6083,100.0,138792228914.5457,491,4862.7,162080.0,32,2.7,4.43,8.82,front_heavy,7.29,55.21,pyramid
0.124901,419.0832,159.5696,21.5161,100.0,419083222927.699,857,2786.5,161406.0,31,2.3,3.61,3.99,random,11.84,67.58,geometric_increase
0.12484,871.6133,282.8892,19.7623,100.0,871613286722.6146,745,3205.4,267832.0,32,2.7,1.96,4.68,random,20.24,42.26,pyramid
0.124818,1449.5381,448.1093,27.5024,100.0,1449538100857.8252,925,2485.6,267856.0,33,1.95,2.15,3.46,geometric,2.56,59.7,random
0.1248,640.7173,207.0983,27.0861,100.0,640717280182.1595,637,3748.8,268609.0,30,2.2,3.21,5.77,front_heavy,33.33,33.33,flat
0.124534,208.1566,68.7443,21.9306,100.0,208156611621.0996,674,3543.0,144852.0,30,2.2,4.32,9.92,random,10.25,56.41,pyramid
0.123883,346.7664,117.5287,20.878,100.0,346766425697.3166,783,3049.8,161356.0,33,2.5,3.5,5.73,linear,9.23,70.02,geometric_increase
0.123761,610.2188,178.3428,27.0469,100.0,610218814228.0294,573,3814.3,267836.0,32,2.4,4.18,6.77,random,31.25,31.25,flat
0.123292,433.4947,134.1143,29.4881,100.0,433494733359.616,527,4530.3,268629.0,34,2.2,5.44,9.05,random,29.41,29.41,flat
0.121833,109.2297,30.4528,10.9216,100.0,109229650189.2436,1036,2305.0,69018.0,29,2.7,2.62,6.45,front_heavy,1.11,70.24,pyramid
0.121583,408.1854,117.7502,24.3903,100.0,408185406272.7994,515,4635.9,268611.0,35,2.7,5.75,7.75,linear,19.76,39.59,geometric_increase
0.120375,547.9653,169.8071,23.3947,100.0,547965311940.0545,600,3981.2,268608.0,30,2.6,4.48,8.06,linear,21.52,45.15,linear_increase
0.12036,742.3665,342.9631,12.6276,100.0,742366549148.7008,139,15723.3,1234840.0,35,7.0,4.63,7.51,back_heavy,24.14,33.85,random
0.120124,450.6774,213.6207,16.4235,100.0,450677381985.1514,907,2633.5,161304.0,35,2.5,3.75,4.35,back_heavy,9.0,49.29,pyramid
0.119893,839.7528,270.0573,28.1368,100.0,839752837671.3735,746,3200.5,267855.0,32,1.95,3.75,5.58,back_heavy,19.71,40.74,random
0.119084,554.781,242.071,20.0746,100.0,554781013012.4852,296,7719.9,526925.0,34,4.0,5.54,7.79,random,29.41,29.41,flat
0.118588,210.4913,82.579,17.0462,100.0,210491345608.3276,633,3771.7,158903.0,34,2.9,2.25,4.55,front_heavy,6.0,81.59,geometric_increase
0.118501,86.5485,26.6321,22.7145,100.0,86548485871.0455,624,3799.4,102681.0,33,2.4,6.88,8.27,front_heavy,4.2,56.4,linear_increase
0.118464,734.6831,217.6117,27.4416,100.0,734683104196.4591,702,3401.0,267836.0,31,2.2,4.7,5.5,linear,32.26,32.26,flat
0.11806,240.2036,92.6322,10.8665,100.0,240203626739.0084,401,5954.0,268562.0,30,5.0,6.34,6.51,front_heavy,4.06,62.61,pyramid
0.11804,514.909,174.6913,24.8597,100.0,514909030504.5051,587,4067.3,268628.0,29,2.4,3.71,8.46,random,26.29,44.15,geometric_increase
0.117182,1448.7161,756.7085,12.6494,100.0,1448716109136.0388,211,11116.5,1236036.0,35,5.0,1.59,2.37,linear,3.62,59.67,random
0.117061,442.3619,133.5344,20.2087,100.0,442361906577.3844,548,4356.9,267831.0,35,3.0,4.94,9.94,geometric,15.34,42.58,pyramid
0.116619,347.0056,135.1704,47.8649,100.0,347005563844.8266,801,2982.0,162662.0,32,1.2,1.55,8.0,front_heavy,20.92,42.03,random
0.116502,385.5702,155.5903,26.6911,100.0,385570162364.6016,1340,1782.5,102544.0,35,1.6,1.42,4.7,front_heavy,12.6,45.48,pyramid
0.116277,519.3952,163.7957,29.443,100.0,519395152327.364,594,4019.3,268630.0,31,2.1,6.21,8.39,geometric,32.26,32.26,flat
0.116047,736.4789,330.5794,17.1408,100.0,736478871229.3196,141,15500.2,1234816.0,30,5.5,5.55,7.66,geometric,8.18,53.19,random
0.115827,110.79,33.9694,14.9986,100.0,110790046648.1222,457,5215.6,161307.0,34,4.0,4.27,7.82,geometric,2.55,110.14,geometric_increase
0.115817,1942.7687,432.5011,23.1547,100.0,1942768683154.466,1155,2068.1,267858.0,31,2.7,0.6,7.62,geometric,5.57,58.95,linear_increase
0.115241,588.6797,251.3959,22.8181,100.0,588679743052.7461,1058,2257.6,161356.0,32,1.9,1.65,5.08,front_heavy,15.76,50.24,random
0.114636,220.8132,192.0878,10.3257,100.0,220813204033.659,77,28135.6,1234832.0,33,5.5,7.81,7.85,front_heavy,5.63,55.58,random
0.114596,331.1942,135.5372,58.1484,100.0,331194221962.5158,778,3014.9,162080.0,34,1.05,3.21,7.66,front_heavy,9.67,48.95,random
0.11428,328.1291,120.6162,22.9963,100.0,328129121660.3464,471,5012.8,268608.0,32,2.4,4.28,9.87,front_heavy,17.35,46.02,random
0.11393,733.8745,265.5048,23.0681,100.0,733874532969.0427,3429,696.4,55893.0,32,1.45,1.81,1.87,back_heavy,5.48,57.02,linear_increase
0.113581,471.9421,143.0901,24.5128,100.0,471942140930.5258,572,4167.0,268608.0,35,2.6,3.04,5.76,front_heavy,21.4,35.74,linear_increase
0.113359,436.5567,155.4256,23.648,100.0,436556669109.7268,918,2600.7,161395.0,31,2.1,3.73,7.26,back_heavy,13.41,63.01,geometric_increase
0.113321,504.3492,162.5873,28.9418,100.0,504349234787.9271,593,4026.3,268606.0,32,2.1,6.18,7.35,linear,31.25,31.25,flat
0.11296,842.4846,277.5949,25.4084,100.0,842484626675.7759,770,3101.3,267832.0,30,2.1,2.98,5.23,random,33.33,33.33,flat
0.11256,260.4295,86.9907,18.2336,100.0,260429533754.1928,1463,1632.3,78513.0,33,2.0,4.29,5.36,back_heavy,4.19,58.04,pyramid
0.112522,691.5986,375.9866,25.6156,100.0,691598641385.3029,324,6721.5,526955.0,30,2.8,1.56,5.44,front_heavy,9.7,59.65,random
0.112484,499.3034,159.2922,19.1135,100.0,499303406343.1187,593,4019.4,267796.0,29,3.0,4.14,4.72,back_heavy,14.4,67.11,geometric_increase
0.112171,206.2086,80.5084,20.3342,100.0,206208618357.9848,1001,2386.2,102309.0,31,2.1,3.16,5.1,front_heavy,5.95,58.57,linear_increase
0.111844,897.1531,409.6072,19.436,100.0,897153141943.8273,403,5927.3,530865.0,30,3.5,4.36,5.15,geometric,33.33,33.33,flat
0.111616,477.5405,214.8751,13.8017,100.0,477540477004.2944,284,8055.6,526917.0,35,5.5,2.48,7.62,linear,7.75,69.93,geometric_increase
0.111338,82.5315,44.9939,15.1337,100.0,82531543124.221,825,2894.0,78794.0,31,2.2,1.92,8.47,front_heavy,2.73,63.75,pyramid
0.11111,1450.0405,623.5324,15.8795,100.0,1450040507260.6367,202,10818.7,1235919.0,35,4.5,0.83,9.48,geometric,5.51,50.93,random
0.111084,653.6375,206.235,24.5874,100.0,653637537527.3046,684,3491.2,267806.0,33,2.3,4.35,4.9,front_heavy,3.73,50.02,random
0.110493,653.7305,204.4814,27.3703,100.0,653730539060.8252,686,3482.1,267836.0,31,2.1,4.98,6.12,geometric,32.26,32.26,flat
0.110267,415.4449,132.9093,34.1437,100.0,415444866786.4066,536,4376.1,268608.0,29,1.95,8.44,9.9,back_heavy,34.48,34.48,flat
0.110145,1061.1781,330.0967,21.6488,100.0,1061178123522.9694,875,2728.7,267832.0,30,2.5,2.69,4.24,back_heavy,21.68,44.98,linear_increase
0.110032,116.428,40.0047,21.629,100.0,116428035171.6122,479,4984.3,162134.0,32,2.8,1.14,7.65,front_heavy,6.13,87.97,geometric_increase
0.109381,350.6063,126.8329,20.3208,100.0,350606310710.7345,838,2849.1,161307.0,30,2.4,3.49,6.01,geometric,9.14,80.94,geometric_increase
0.109342,294.8914,135.1816,14.5749,100.0,294891381094.3855,769,3106.1,161304.0,31,3.0,3.9,4.42,linear,4.97,59.55,linear_increase
0.109082,449.276,144.1202,30.001,100.0,449275977132.1889,546,4185.4,268608.0,33,2.1,7.32,7.74,geometric,8.37,51.3,random
0.109011,358.4967,135.5022,24.5661,100.0,358496746251.7576,844,2828.8,162224.0,33,1.9,4.05,5.91,front_heavy,2.1,62.14,random
0.10852,197.0518,57.3768,15.182,100.0,197051779166.2252,379,6302.6,268570.0,30,4.5,4.72,7.2,linear,4.98,103.93,geometric_increase
0.107478,302.9981,113.5246,39.7499,100.0,302998086445.834,472,5059.3,268629.0,34,1.65,6.96,8.44,random,7.79,47.07,random
0.106237,193.9691,73.301,19.6148,100.0,193969114947.1659,642,3718.8,158903.0,33,2.7,1.91,5.29,front_heavy,6.7,81.2,geometric_increase
0.105984,288.0658,121.3612,14.3585,100.0,288065752017.8578,232,10110.3,527095.0,35,6.0,5.07,9.0,geometric,8.46,67.02,geometric_increase
0.105319,659.1318,205.8057,20.1749,100.0,659131844418.3503,705,3388.0,268027.0,33,2.6,4.13,6.49,random,7.15,52.37,random
0.1053,986.2496,308.7398,25.2794,100.0,986249624429.3446,863,2767.7,267857.0,31,2.1,1.25,7.13,random,9.96,62.32,random
0.105264,572.9704,180.8426,29.0788,100.0,572970425440.259,658,3630.2,267832.0,31,1.95,0.82,9.69,random,32.26,32.26,flat
0.104117,296.9322,151.7612,20.4884,100.0,296932207837.6138,226,9580.3,511618.0,35,3.5,7.9,7.97,geometric,3.26,51.26,random
0.103965,76.7754,26.9294,18.2437,100.0,76775361105.2602,628,3775.2,102592.0,30,2.6,7.71,8.05,random,3.01,63.66,linear_increase
0.103792,2095.5125,599.3663,16.7306,100.0,2095512518293.6003,1003,2380.9,338295.0,30,3.0,0.7,1.68,random,9.35,57.32,linear_increase
0.103613,797.2249,323.8748,19.0418,100.0,797224917225.4287,780,3062.2,268608.0,31,2.5,0.2,7.6,random,6.37,60.37,random
0.102526,672.1227,202.5488,23.6424,100.0,672122705133.1156,695,3308.2,267853.0,35,2.3,4.3,10.0,geometric,8.75,56.02,random
0.102323,381.2101,247.6985,24.4452,100.0,381210121055.2805,2618,912.1,55675.0,33,1.25,2.75,3.37,front_heavy,7.09,54.96,pyramid
0.102052,362.8807,135.4359,40.7554,100.0,362880680531.8384,842,2718.1,162080.0,33,1.4,7.07,7.12,linear,10.36,46.93,random
0.101984,500.7525,161.7865,20.7239,100.0,500752546105.1272,625,3821.7,267794.0,35,2.8,4.58,6.59,geometric,16.11,41.77,pyramid
0.101572,171.1544,36.9189,20.15,100.0,171154432409.4496,1230,1941.5,79696.0,32,1.6,4.11,9.14,random,1.09,66.29,random
0.101539,180.6961,46.1538,21.9843,100.0,180696096713.0014,375,6366.6,268575.0,34,3.5,5.9,8.99,random,9.01,67.82,geometric_increase
0.101374,398.163,126.9084,32.1214,100.0,398163045334.4594,557,4286.3,268628.0,35,2.0,7.2,8.5,geometric,15.77,42.09,random
0.101137,331.9171,155.7976,15.4659,100.0,331917091345.799,255,9197.9,526925.0,31,5.0,6.04,7.97,geometric,13.38,63.08,geometric_increase
0.101038,108.8711,32.1182,24.411,100.0,108871071496.7072,480,4939.3,162135.0,34,2.8,7.65,8.42,back_heavy,5.89,82.22,geometric_increase
0.100888,606.6838,194.6551,31.1725,100.0,606683767129.0991,631,3463.7,268597.0,34,2.0,3.74,5.35,random,6.3,51.72,random
0.100844,90.0869,32.8555,18.6599,100.0,90086932176.0974,447,5342.3,159673.0,32,3.0,8.58,8.84,geometric,4.55,57.95,linear_increase
0.100714,405.1011,140.6217,29.9725,100.0,405101063129.4174,564,4235.3,268608.0,31,2.0,4.93,7.72,front_heavy,29.75,34.51,random
0.10036,360.6641,106.4838,20.7222,100.0,360664137302.2416,648,3684.5,220875.0,32,2.7,0.43,8.11,random,9.31,72.98,geometric_increase
0.100131,281.4346,97.8994,33.1682,100.0,281434597639.0425,466,5066.6,268609.0,35,1.9,2.48,9.95,front_heavy,28.57,28.57,flat
0.100036,285.4067,93.4228,19.9612,100.0,285406714291.8399,475,5028.8,268610.0,29,3.0,3.14,9.21,random,12.54,56.43,linear_increase
0.099976,1384.3802,438.1949,21.1628,100.0,1384380185511.2207,1049,2276.0,267827.0,33,2.5,0.46,3.95,random,17.87,42.73,linear_increase
0.099883,142.631,67.4723,12.791,100.0,142630961299.1594,886,2695.3,101850.0,30,2.8,4.76,7.18,random,2.15,64.52,pyramid
0.09981,471.7371,152.6869,20.0383,100.0,471737072234.2256,610,3907.5,268631.0,34,2.8,6.4,7.5,linear,14.14,43.24,random
0.099792,237.7085,77.3514,14.0714,100.0,237708534520.2328,1147,2081.5,101590.0,31,2.6,4.42,4.73,front_heavy,2.81,63.67,pyramid
0.099368,231.2851,64.6474,19.6488,100.0,231285142431.7208,429,5567.7,268611.0,32,3.5,5.66,8.1,linear,8.9,74.58,geometric_increase
0.099149,1423.8361,778.7048,11.571,100.0,1423836149571.386,217,10595.2,1269677.0,34,5.0,1.27,4.27,back_heavy,13.84,44.98,pyramid
0.098928,99.7561,40.4839,14.2305,100.0,99756088618.7413,474,5028.5,159681.0,34,3.5,6.37,6.88,front_heavy,3.13,55.69,linear_increase
0.098609,414.3979,155.2506,14.6525,100.0,414397887060.5954,577,4130.9,267792.0,29,3.5,3.96,4.53,geometric,8.03,60.93,linear_increase
0.098502,500.1267,189.3668,48.451,100.0,500126746891.2893,1055,2264.2,161334.0,29,1.15,5.99,7.26,geometric,6.49,69.3,random
0.097973,227.1037,94.8201,18.4097,100.0,227103650611.9151,712,3354.7,161514.0,35,2.5,5.83,6.7,geometric,7.67,50.7,pyramid
0.097728,1301.9606,783.9634,15.3021,100.0,1301960554863.453,158,13831.5,1596470.0,30,4.0,0.78,3.67,linear,33.33,33.33,flat
0.097641,324.6301,98.9542,21.1588,100.0,324630123017.6453,514,4645.0,267833.0,32,2.9,5.45,5.47,geometric,13.48,59.74,geometric_increase
0.097532,497.2968,153.0521,29.621,100.0,497296841915.0552,635,3761.7,268610.0,35,2.1,6.12,6.58,geometric,28.57,28.57,flat
0.097175,297.6558,178.5211,13.9194,100.0,297655751664.9177,814,2934.5,162412.0,29,2.5,1.7,7.44,random,6.92,64.02,pyramid
0.097104,384.0777,125.8639,30.8977,100.0,384077654241.3927,559,4271.0,268608.0,35,2.0,6.6,8.18,random,28.57,28.57,flat
0.097096,142.6453,61.8919,25.0292,100.0,142645286123.0911,1166,2048.0,78499.0,30,1.65,6.81,8.79,linear,5.52,61.14,pyramid
0.097073,1362.5474,662.0318,14.0374,100.0,1362547428575.4336,225,10424.8,1235084.0,29,5.0,2.26,4.99,back_heavy,12.89,57.73,random
0.096748,1416.1238,353.4869,20.3791,100.0,1416123769461.6091,1079,2213.8,267837.0,34,3.0,0.26,5.08,linear,1.05,57.77,linear_increase
0.096703,1303.566,482.6195,30.0757,100.0,1303565988012.0305,1035,2306.8,267834.0,30,1.65,1.63,2.81,front_heavy,2.91,59.83,random
0.096604,391.6417,137.3148,32.0488,100.0,391641679151.4898,562,4218.6,268608.0,32,1.9,4.55,7.86,front_heavy,31.25,31.25,flat
0.096538,1222.1475,406.2251,18.0972,100.0,1222147452546.2727,1003,2380.4,267837.0,30,2.8,2.36,5.31,back_heavy,13.49,53.17,pyramid
0.096061,1095.2956,353.8692,19.4578,100.0,1095295586870.9836,952,2508.0,267803.0,29,2.7,2.17,3.69,geometric,14.57,54.39,linear_increase
0.095736,263.1556,109.0105,25.8738,100.0,263155559130.4008,546,4002.5,209847.0,33,2.0,3.52,9.11,front_heavy,5.2,54.97,random
0.095593,537.3945,274.6188,14.5163,100.0,537394537633.1552,1110,2151.3,161304.0,34,2.8,2.62,3.74,random,4.95,53.87,pyramid
0.095236,175.0063,75.8977,17.6175,100.0,175006290188.6825,640,3724.3,159650.0,33,2.7,1.63,6.21,front_heavy,6.1,54.51,linear_increase
0.095054,247.1722,96.5679,26.4364,100.0,247172163127.4792,750,3184.9,162411.0,34,1.9,6.75,7.86,back_heavy,13.52,45.3,pyramid
0.094559,488.6736,159.1641,33.6082,100.0,488673628252.2531,639,3736.4,268607.0,29,1.9,3.7,7.5,front_heavy,9.6,60.1,random
0.094377,404.2905,133.6761,31.0624,100.0,404290500507.9412,582,4104.3,268629.0,34,1.95,7.01,9.75,geometric,29.41,29.41,flat
0.094303,296.0336,87.211,23.718,100.0,296033648215.0818,498,4794.1,268608.0,30,2.8,5.97,7.73,random,14.54,63.26,geometric_increase
0.094263,726.0338,367.5503,16.9298,100.0,726033832287.5524,397,6003.9,526917.0,32,4.0,2.31,4.96,random,20.6,41.9,linear_increase
0.093998,1052.0434,485.6568,12.5535,100.0,1052043352844.6782,189,11678.2,1235474.0,34,6.0,1.2,9.44,back_heavy,8.64,50.18,linear_increase
0.093942,248.1238,78.1592,24.4885,100.0,248123753521.0042,457,5226.5,268608.0,32,2.6,5.47,8.85,random,15.37,55.1,geometric_increase
0.093878,22.5392,6.5474,9.8144,100.0,22539197915.4772,125,17332.8,268568.0,35,7.5,6.4,8.71,front_heavy,1.15,130.94,geometric_increase
0.09344,79.436,46.9551,10.0533,100.0,79435969402.3356,119,18206.5,530848.0,35,7.0,7.64,9.1,linear,4.65,86.69,geometric_increase
0.093311,530.1957,175.3892,28.2039,100.0,530195729803.6658,670,3563.4,268606.0,35,2.1,0.33,6.26,front_heavy,28.57,28.57,flat
0.093149,578.5787,293.4962,14.5928,100.0,578578715148.585,357,6687.9,527089.0,32,4.5,3.21,8.22,geometric,11.98,50.52,linear_increase
0.093027,328.5748,101.3433,21.004,100.0,328574813565.529,1560,1530.8,90975.0,34,1.85,0.51,3.73,front_heavy,6.11,52.72,linear_increase
0.092902,395.1419,118.6371,16.9277,100.0,395141881843.2687,581,4109.0,267977.0,35,3.5,3.45,8.45,geometric,7.65,49.49,linear_increase
0.092813,338.0443,110.8013,18.7817,100.0,338044298066.1989,538,4437.9,267830.0,30,3.0,5.39,6.42,back_heavy,12.14,54.53,linear_increase
0.092792,274.0213,104.7847,48.2678,100.0,274021254304.795,790,2988.7,162410.0,34,1.2,1.18,9.71,front_heavy,29.41,29.41,flat
0.092567,148.0568,61.5634,22.4074,100.0,148056843412.1665,585,4052.7,162082.0,32,2.3,8.21,9.44,geometric,8.17,54.33,pyramid
0.092306,552.9987,193.7798,29.2345,100.0,552998746201.4106,688,3470.3,268607.0,30,1.9,1.94,8.54,random,33.33,33.33,flat
0.092285,401.4373,157.7802,18.0315,100.0,401437314137.3548,991,2409.3,158902.0,31,2.7,2.41,4.4,linear,5.46,96.13,geometric_increase
0.091647,585.7517,218.5767,15.9423,100.0,585751662959.5952,713,3350.2,267837.0,31,3.0,4.76,6.25,back_heavy,3.43,52.34,random
0.091491,409.4713,147.9079,47.2047,100.0,409471256950.4498,570,4015.1,268608.0,30,1.4,7.94,9.53,linear,2.23,53.63,random
0.091225,87.5264,30.8552,12.7261,100.0,87526444284.2046,786,3039.1,94135.0,36,3.0,4.63,6.83,front_heavy,1.53,54.03,pyramid
0.091068,344.45,113.977,33.9722,100.0,344450037328.5413,524,4367.6,268608.0,34,1.95,8.23,8.63,random,29.41,29.41,flat
0.090493,222.921,95.8312,21.0726,100.0,222920982731.6138,735,3249.9,161303.0,32,2.3,2.45,5.83,front_heavy,8.67,53.83,linear_increase
0.090314,1141.4957,504.9763,18.9864,100.0,1141495694929.874,199,10981.8,1234620.0,29,4.5,2.74,5.29,geometric,12.11,57.74,random
0.090233,568.772,187.4293,29.9439,100.0,568772027610.9814,654,3373.5,267833.0,32,2.0,3.16,5.61,front_heavy,6.44,49.21,random
0.090209,180.5163,60.6166,26.7981,100.0,180516275581.5453,659,3624.5,162136.0,34,2.2,6.3,7.22,back_heavy,9.22,67.01,geometric_increase
0.090165,833.5,395.3914,33.9295,100.0,833500046267.0874,1445,1652.6,158891.0,29,1.25,0.96,3.87,front_heavy,16.12,53.23,random
0.09016,246.5652,77.8159,13.3714,100.0,246565208198.3144,464,5137.0,268636.0,34,4.0,7.43,7.77,back_heavy,2.43,48.94,random
0.089835,1165.2212,668.8376,8.8886,100.0,1165221166378.691,220,10852.2,1235942.0,33,6.5,1.77,8.06,back_heavy,4.6,57.61,pyramid
0.089727,323.8417,104.3165,21.0904,100.0,323841690560.8616,534,4471.1,268610.0,30,2.8,5.39,7.73,back_heavy,13.49,66.09,geometric_increase
0.088902,645.3619,290.2899,10.8448,100.0,645361901548.1948,759,3145.6,268005.0,31,4.0,2.97,8.78,back_heavy,2.64,63.85,pyramid
0.088773,271.2505,77.767,22.7522,100.0,271250547936.1798,493,4845.2,267830.0,33,3.0,5.49,6.37,random,11.81,61.45,geometric_increase
0.088742,904.5552,315.1515,25.7736,100.0,904555152120.2006,900,2652.9,267836.0,31,1.95,3.06,3.75,random,32.26,32.26,flat
0.0884,746.2813,316.1351,32.5508,100.0,746281274329.6936,1360,1755.9,161332.0,34,1.4,0.79,3.94,front_heavy,29.41,29.41,flat
0.088276,690.9908,216.7537,27.7033,100.0,690990820774.7346,722,3027.1,267823.0,35,2.2,4.3,4.6,geometric,7.47,51.44,random
0.087717,664.0653,228.6684,25.0646,100.0,664065326936.6124,776,3078.2,267832.0,31,2.1,1.0,8.2,random,26.08,39.85,random
0.087713,184.3488,72.4584,22.5961,100.0,184348794910.1602,1156,2065.4,94687.0,30,1.85,5.11,6.29,back_heavy,5.59,61.08,linear_increase
0.087528,776.0538,360.1042,14.6737,100.0,776053779937.7491,182,13120.9,1235479.0,29,5.0,6.11,9.43,geometric,4.44,66.63,random
0.087432,633.8658,213.2573,28.4694,100.0,633865794637.5552,759,3145.6,267831.0,31,1.9,4.91,6.25,back_heavy,32.26,32.26,flat
0.087358,422.3945,226.3496,11.0516,100.0,422394466197.4726,122,17758.4,1234841.0,35,7.0,5.49,6.85,geometric,20.85,37.93,geometric_increase
0.087335,1786.1055,542.6897,21.3124,100.0,1786105451979.2292,1275,1873.4,267907.0,32,2.4,1.3,2.77,random,16.49,46.02,pyramid
0.087147,289.9622,115.241,26.3327,100.0,289962178763.0376,854,2796.9,161332.0,33,1.85,5.98,6.17,front_heavy,13.89,47.74,pyramid
0.086981,1012.9062,315.7452,19.6212,100.0,1012906162114.647,962,2481.9,267828.0,36,2.7,1.89,4.96,back_heavy,11.85,43.7,linear_increase
0.086851,641.3177,218.9061,27.942,100.0,641317721482.2915,766,3116.8,267831.0,32,1.95,2.75,5.12,front_heavy,31.25,31.25,flat
0.086644,392.89,176.3191,19.9885,100.0,392889993396.7841,1585,1506.3,101435.0,30,2.0,2.54,2.81,linear,5.46,100.51,geometric_increase
0.086502,436.8478,122.4699,14.0057,100.0,436847770167.7578,3117,766.0,54432.0,29,1.9,2.4,5.0,geometric,0.5,70.89,pyramid
0.086466,382.2476,124.1587,33.6422,100.0,382247636063.0524,591,4039.8,268604.0,34,1.9,2.6,8.37,front_heavy,29.41,29.41,flat
0.08631,177.4906,60.853,20.6809,100.0,177490611822.4964,396,5923.2,268605.0,33,2.9,8.36,9.14,front_heavy,11.36,50.43,pyramid
0.086071,882.9872,269.0364,19.7788,100.0,882987234669.0153,903,2644.0,267801.0,32,2.8,1.84,5.01,geometric,10.92,67.26,geometric_increase
0.085938,91.4123,17.2026,16.8454,100.0,91412331562.2932,1399,1707.3,55683.0,31,1.95,4.59,7.91,random,1.56,65.0,pyramid
0.085646,219.6399,89.5145,31.8759,100.0,219639859487.7845,746,3201.1,162105.0,33,1.65,3.15,8.28,front_heavy,15.57,45.96,pyramid
0.085364,450.6083,146.7627,21.1727,100.0,450608334664.0801,648,3686.3,267823.0,30,2.7,4.57,8.33,back_heavy,14.74,51.93,linear_increase
0.083422,268.291,91.552,19.4489,100.0,268291004157.2898,466,4736.4,268605.0,35,2.9,5.95,8.21,front_heavy,7.63,54.81,random
0.083157,271.1343,95.0784,24.6622,100.0,271134317383.5828,504,4704.1,268607.0,35,2.4,0.69,8.06,front_heavy,17.21,40.6,pyramid
0.083038,444.9903,151.3515,30.6601,100.0,444990341421.4494,651,3669.3,268608.0,35,1.9,5.98,8.26,linear,28.57,28.57,flat
0.08283,891.2672,440.6849,18.3795,100.0,891267206680.0884,470,5080.8,527043.0,30,3.5,3.39,4.56,linear,23.89,44.9,geometric_increase
0.08223,1216.4023,569.1659,15.1916,100.0,1216402256093.8494,215,10162.0,1235957.0,35,4.5,1.67,8.45,back_heavy,28.57,28.57,flat
0.082006,2028.8051,538.5652,19.6735,100.0,2028805104593.384,1349,1705.2,268201.0,35,2.7,0.87,5.44,geometric,4.73,53.81,pyramid
0.081755,935.9599,401.3824,13.7441,100.0,935959937106.5942,191,11551.0,1235921.0,35,5.5,2.57,9.84,geometric,5.23,51.63,random
0.081746,690.244,308.4817,32.4856,100.0,690244034329.9795,1358,1759.0,161633.0,29,1.35,1.0,4.71,front_heavy,27.39,40.38,random
0.081038,890.7948,288.3652,28.0752,100.0,890794811842.224,935,2554.6,267835.0,30,1.85,2.37,5.12,random,33.33,33.33,flat
0.080568,369.585,125.5556,33.748,100.0,369585047731.0976,602,3965.9,268608.0,35,1.85,2.66,8.03,front_heavy,28.57,28.57,flat
0.080306,1053.9044,356.0858,16.3624,100.0,1053904423563.75,1021,2339.6,268017.0,33,3.0,2.14,8.96,back_heavy,7.94,54.07,pyramid
0.080185,107.0301,39.0761,25.4895,100.0,107030085479.9462,538,4437.7,162130.0,36,2.2,7.53,8.57,front_heavy,7.22,48.33,linear_increase
0.080073,207.4777,66.3377,22.707,100.0,207477687941.6813,753,3170.6,161394.0,35,2.5,2.12,8.08,random,6.57,75.34,geometric_increase
0.080041,624.7425,281.0624,29.3106,100.0,624742472341.0453,1308,1826.1,161332.0,30,1.45,1.51,6.42,random,24.14,42.53,pyramid
0.079644,654.8555,297.3886,14.3696,100.0,654855528190.3337,162,13618.8,1234907.0,35,6.0,4.67,8.78,geometric,28.57,28.57,flat
0.079596,574.1789,245.644,18.0483,100.0,574178873179.1177,2008,1189.6,101036.0,33,2.2,1.53,2.78,geometric,3.49,103.75,geometric_increase
0.079587,1306.7548,771.0299,10.4085,100.0,1306754792548.8179,241,9908.7,1269674.0,33,5.0,1.02,3.95,linear,6.5,55.6,pyramid
0.078763,155.4936,48.9963,23.8535,100.0,155493592902.4815,388,6045.3,268605.0,34,2.8,3.95,8.83,front_heavy,10.96,61.19,geometric_increase
0.078668,494.1889,260.8553,24.6777,100.0,494188881100.3935,315,7265.4,575846.0,34,2.7,6.12,8.6,random,5.17,60.62,random
0.078642,165.539,69.744,21.2788,100.0,165539009742.5303,686,3480.3,159676.0,32,2.3,7.36,9.42,geometric,7.38,55.12,pyramid
0.078488,449.647,143.0074,21.3396,100.0,449647015921.8558,675,3538.6,267831.0,31,2.7,3.98,5.34,random,13.74,50.78,linear_increase
0.078466,211.4873,97.7518,22.1111,100.0,211487252701.3362,1212,1970.8,102314.0,30,1.75,5.46,6.55,geometric,6.5,60.16,pyramid
0.078397,245.7797,151.7271,19.084,100.0,245779694537.6499,1706,1399.8,78375.0,31,1.6,4.33,4.71,back_heavy,4.94,61.4,pyramid
0.078318,787.9268,230.7316,25.2145,100.0,787926792115.0594,2661,897.3,89997.0,35,1.6,1.58,1.83,front_heavy,7.93,69.13,geometric_increase
0.078266,1210.3052,797.8293,8.4419,100.0,1210305239524.6023,186,12838.7,1596550.0,32,6.0,0.58,2.75,random,8.08,54.42,linear_increase
0.078265,134.9917,48.4893,18.705,100.0,134991678833.8162,624,3826.1,158900.0,29,2.9,5.21,6.85,back_heavy,4.24,114.9,geometric_increase
0.078263,35.0138,11.0177,15.0781,100.0,35013830915.4124,307,7640.0,161597.0,34,4.0,5.14,9.13,random,1.74,122.42,geometric_increase
0.07811,86.2622,38.5904,19.8017,100.0,86262183242.334,764,3090.4,102699.0,29,1.9,2.0,9.87,front_heavy,4.5,66.6,pyramid
0.077776,620.1606,228.0371,29.4851,100.0,620160568619.6838,796,2999.4,267835.0,30,1.8,0.59,9.43,random,33.33,33.33,flat
0.077736,1359.8252,726.2995,13.0045,100.0,1359825179348.8022,245,9341.2,1235478.0,31,5.0,0.94,4.24,random,9.55,53.75,random
0.07727,1058.9812,580.7422,23.7669,100.0,1058981169462.0197,521,4502.1,527052.0,29,2.4,3.12,3.8,front_heavy,10.17,61.75,random
0.07724,114.0746,35.5232,20.6907,100.0,114074588717.7432,567,4210.7,161819.0,32,2.9,4.88,6.82,random,4.21,101.28,geometric_increase
0.076826,393.2848,170.6978,18.363,100.0,393284828165.0392,1075,2220.9,158902.0,34,2.3,2.63,6.29,random,6.99,51.83,pyramid
0.076786,222.4819,104.0384,20.6009,100.0,222481947369.2723,1636,1459.7,78570.0,33,1.75,3.52,4.82,geometric,4.04,56.57,linear_increase
0.076737,253.0753,136.6806,15.6588,100.0,253075273390.0956,850,2808.8,161303.0,34,2.5,3.07,6.6,random,6.05,52.77,pyramid
0.076642,99.3565,40.7766,18.1361,100.0,99356474599.8549,539,4422.2,159221.0,34,2.8,0.54,8.07,front_heavy,4.39,54.43,linear_increase
0.076252,476.4781,148.2145,29.5915,100.0,476478115337.5031,705,3388.2,267836.0,35,1.95,5.78,9.49,linear,8.86,49.39,random
0.076118,231.809,97.1183,29.5878,100.0,231808967802.6498,449,4867.8,268628.0,30,1.85,8.08,9.26,front_heavy,10.61,55.04,random
0.07605,294.3481,114.1132,32.3025,100.0,294348115339.4513,921,2593.6,161355.0,34,1.6,1.24,6.16,front_heavy,16.48,47.56,geometric_increase
0.07603,1175.0409,571.7832,15.0537,100.0,1175040904518.8318,222,9938.0,1235474.0,30,4.5,2.35,7.62,back_heavy,17.98,46.67,random
0.075856,264.6603,101.8473,21.3991,100.0,264660327573.3414,874,2731.8,161360.0,35,2.2,2.71,4.94,random,7.87,69.4,geometric_increase
0.07576,485.5245,161.873,39.7069,100.0,485524496711.8146,684,3345.9,267855.0,35,1.55,5.42,8.36,back_heavy,6.79,50.74,random
0.075677,565.6318,187.8737,25.8612,100.0,565631776724.975,771,3098.0,267832.0,32,2.1,4.08,4.67,front_heavy,23.58,38.92,linear_increase
0.075516,568.8219,191.2753,30.003,100.0,568821852837.9491,774,3086.0,267832.0,34,1.9,2.39,7.31,random,29.41,29.41,flat
0.075022,979.8787,329.7682,32.784,100.0,979878660521.2052,1690,1414.3,161636.0,30,1.45,0.2,5.77,random,16.53,49.53,random
0.074653,1289.5798,340.1154,22.5608,100.0,1289579816525.0845,1172,2038.0,267857.0,33,2.5,1.33,7.34,back_heavy,10.48,50.12,linear_increase
0.074051,350.9715,113.0261,29.0715,100.0,350971548694.5282,612,3901.1,268571.0,30,2.1,6.97,7.52,back_heavy,21.56,45.11,linear_increase
0.074035,610.6826,355.7761,22.2273,100.0,610682555720.0519,370,6339.4,575757.0,34,2.7,1.81,6.81,random,15.59,43.5,random
0.073944,599.6569,258.3589,12.9503,100.0,599656882801.3993,158,13712.6,1234864.0,30,7.0,2.8,9.58,linear,13.82,65.17,geometric_increase
0.073909,217.3265,88.3465,19.6496,100.0,217326459092.2121,803,2974.7,161307.0,35,2.4,2.11,5.25,random,6.49,75.79,geometric_increase
0.073727,410.6368,207.3747,13.6825,100.0,410636809096.7176,132,16557.1,1235665.0,34,6.0,7.42,9.49,linear,29.41,29.41,flat
0.073705,169.1087,77.9658,17.642,100.0,169108667322.0516,715,3333.6,159680.0,30,2.5,4.73,5.93,front_heavy,5.65,61.02,linear_increase
0.073223,637.2362,215.2299,30.1151,100.0,637236246978.3582,832,2871.0,267833.0,31,1.8,3.56,5.17,front_heavy,32.26,32.26,flat
0.072998,621.8994,298.4886,17.6016,100.0,621899386787.2262,1366,1748.6,161395.0,31,2.3,2.98,8.51,back_heavy,7.31,58.87,pyramid
0.072945,538.406,187.3902,28.4294,100.0,538405962352.3867,766,3117.5,267831.0,35,1.85,4.55,5.6,random,28.57,28.57,flat
0.072837,155.1342,52.2545,23.0528,100.0,155134187388.2023,403,5820.2,268604.0,29,2.7,6.08,8.59,front_heavy,10.91,78.03,geometric_increase
0.07245,256.6547,105.9444,25.3884,100.0,256654652305.8786,881,2710.1,161302.0,29,1.9,0.81,8.88,random,11.0,77.7,geometric_increase
0.072067,695.6833,239.9126,29.7185,100.0,695683317910.8351,876,2726.0,267835.0,30,1.75,4.45,5.03,geometric,33.33,33.33,flat
0.072057,744.0774,371.4936,11.534,100.0,744077424299.7043,193,12153.3,1234994.0,34,6.0,4.34,8.9,geometric,5.55,47.29,random
0.071913,459.6834,169.5393,52.6846,100.0,459683448072.8056,711,3359.6,268607.0,31,1.2,3.37,8.2,front_heavy,4.94,55.17,random
0.071795,1499.8477,745.7669,15.5157,100.0,1499847701902.7273,269,8551.1,1235945.0,32,4.0,1.55,4.33,back_heavy,31.25,31.25,flat
0.071709,846.1161,320.7854,35.2194,100.0,846116099064.6047,966,2472.8,268604.0,29,1.5,2.65,4.4,front_heavy,3.74,71.51,random
0.071668,580.9728,188.2135,33.8801,100.0,580972782828.4562,803,2974.7,267832.0,29,1.7,5.59,8.39,linear,34.48,34.48,flat
0.071387,199.7034,80.8138,16.4349,100.0,199703442615.0455,795,3003.8,158873.0,31,2.8,3.38,7.87,back_heavy,3.87,108.71,geometric_increase
0.071362,713.8029,356.7603,20.432,100.0,713802851108.6897,450,5307.9,530857.0,34,3.0,4.09,6.29,linear,29.41,29.41,flat
0.071098,538.1322,193.8261,28.0452,100.0,538132228498.8092,762,3078.2,267801.0,29,2.0,4.1,7.74,back_heavy,4.98,72.68,random
0.071075,324.669,113.4697,35.9439,100.0,324668974862.2505,601,3974.3,268610.0,35,1.7,4.0,8.54,front_heavy,28.57,28.57,flat
0.071039,532.6506,183.7946,31.1626,100.0,532650565876.2627,772,3092.6,267790.0,34,1.85,0.47,6.09,front_heavy,29.41,29.41,flat
0.070971,543.4102,179.4934,20.7266,100.0,543410227162.0433,780,3060.9,267836.0,30,2.5,3.33,8.12,back_heavy,14.03,64.62,geometric_increase
0.070863,1174.2474,404.5094,31.2489,100.0,1174247405656.946,1148,2080.6,267832.0,31,1.65,1.99,3.18,front_heavy,2.96,59.66,random
0.070838,1451.6371,523.4837,15.6248,100.0,1451637112535.906,1276,1871.1,267858.0,31,2.9,1.8,2.81,linear,6.69,59.53,pyramid
0.070832,136.7625,75.6415,20.5674,100.0,136762496251.8474,1312,1819.8,79962.0,30,1.65,4.79,8.03,random,4.13,62.53,pyramid
0.070587,588.6084,206.4799,25.6251,100.0,588608421471.016,814,2933.0,267835.0,30,2.0,5.2,6.45,geometric,2.11,65.05,random
0.070553,117.1415,29.5179,18.8146,100.0,117141465641.091,956,2493.3,101593.0,29,2.4,0.14,6.71,random,2.94,128.8,geometric_increase
0.070384,353.3485,221.1532,25.7818,100.0,353348469474.5927,315,7446.3,527602.0,31,2.4,1.71,9.6,front_heavy,9.26,58.41,random
0.069943,203.7226,72.2582,15.1647,100.0,203722576643.3202,1265,1887.4,101863.0,32,2.3,4.54,4.66,front_heavy,2.81,59.69,pyramid
0.069571,107.1556,34.2756,20.3929,100.0,107155567450.0334,581,4110.1,161306.0,35,2.8,5.25,9.6,geometric,4.01,91.59,geometric_increase
0.069426,792.7658,402.6341,21.1327,100.0,792765791363.0283,444,4967.8,530856.0,32,3.0,2.02,6.81,random,31.25,31.25,flat
0.069339,510.4846,209.3546,44.2904,100.0,510484639364.5702,1270,1880.3,161336.0,32,1.1,1.81,5.01,front_heavy,2.18,53.09,random
0.069336,505.9381,188.1715,22.0507,100.0,505938111388.9966,2019,1183.0,101057.0,30,1.9,2.05,4.05,back_heavy,5.21,102.26,geometric_increase
0.069225,583.5405,253.2287,23.3178,100.0,583540484705.2148,1359,1757.6,161369.0,32,1.8,3.02,6.17,linear,12.97,49.53,pyramid
0.069218,117.8786,45.7643,19.7426,100.0,117878645646.9692,962,2481.8,102417.0,34,2.2,5.49,5.85,geometric,3.28,55.54,linear_increase
0.068854,402.8148,141.7427,34.6651,100.0,402814815657.7638,680,3511.8,268604.0,33,1.7,3.93,7.43,front_heavy,30.3,30.3,flat
0.068546,445.6537,170.8872,23.4144,100.0,445653731257.187,719,3321.3,267802.0,29,2.2,5.39,6.14,linear,19.02,51.05,pyramid
0.068481,384.5431,132.5575,24.0045,100.0,384543102299.5102,668,3574.2,267836.0,34,2.2,4.98,5.09,linear,17.78,45.09,geometric_increase
0.068472,359.0596,123.3683,57.8689,100.0,359059555781.19,617,3709.2,268604.0,31,1.25,7.98,8.66,front_heavy,13.13,51.04,random
0.068364,90.2627,42.7934,20.9277,100.0,90262652996.049,910,2605.4,94669.0,33,1.8,2.3,8.38,front_heavy,4.06,58.18,pyramid
0.068315,261.8778,83.8132,21.6613,100.0,261877849554.2222,552,4325.1,267789.0,30,2.8,5.49,5.65,front_heavy,10.72,74.82,geometric_increase
0.068218,629.973,204.7448,29.8765,100.0,629973003373.1356,857,2787.1,267831.0,35,1.85,4.44,5.55,linear,28.57,28.57,flat
0.068091,117.0405,44.7545,17.4162,100.0,117040521252.8755,968,2467.5,102301.0,29,2.5,3.86,5.45,back_heavy,2.36,137.15,geometric_increase
0.068041,1454.5815,468.7189,25.884,100.0,1454581543027.7712,1304,1831.8,267835.0,32,2.0,2.05,2.36,front_heavy,24.6,36.14,random
0.068032,618.7466,205.8512,19.4819,100.0,618746572031.1893,850,2810.2,268004.0,31,2.7,2.86,5.05,linear,11.32,53.2,linear_increase
0.067765,1078.4166,383.7188,41.287,100.0,1078416591412.235,1125,2123.3,267855.0,29,1.25,2.21,5.66,geometric,3.13,67.38,random
0.067721,781.0238,390.322,21.9811,100.0,781023835790.0437,1614,1479.6,158891.0,29,1.8,1.87,2.84,random,12.63,72.25,geometric_increase
0.067571,393.2691,131.0185,39.9005,100.0,393269090452.83,650,3520.9,268609.0,30,1.65,8.13,9.85,linear,33.33,33.33,flat
0.067545,1040.4779,528.5177,13.4151,100.0,1040477919176.3704,230,9950.5,1234987.0,29,5.0,1.35,8.12,geometric,15.09,65.3,geometric_increase
0.06728,321.9589,143.1918,18.3167,100.0,321958940061.8084,1022,2336.6,161637.0,32,2.3,3.34,6.22,geometric,6.3,56.2,linear_increase
0.06707,607.7935,174.0465,21.8088,100.0,607793517544.9058,849,2813.5,267836.0,35,2.6,2.22,8.98,geometric,10.95,58.51,geometric_increase
0.066973,768.0334,395.6252,21.8,100.0,768033420039.987,465,4921.7,527056.0,33,2.8,4.31,5.59,back_heavy,8.45,53.42,random
0.066668,570.1191,275.3377,22.6283,100.0,570119064776.3672,419,5698.0,526926.0,33,2.9,4.65,7.31,random,30.3,30.3,flat
0.066599,307.68,118.6112,26.7401,100.0,307680026842.3854,1006,2373.2,161308.0,34,1.8,4.22,4.46,random,11.8,58.69,geometric_increase
0.066402,109.3831,33.2988,25.7348,100.0,109383128905.62,619,3858.7,156613.0,31,2.2,2.75,8.87,front_heavy,6.31,58.21,linear_increase
0.066154,641.2917,304.8762,32.5998,100.0,641291659837.2941,446,5353.1,527053.0,29,2.3,6.53,8.82,geometric,2.68,58.7,random
0.065947,563.5497,185.2774,31.1576,100.0,563549656033.8762,824,2897.6,267855.0,35,1.75,2.31,7.56,random,28.57,28.57,flat
0.06582,210.1908,67.1685,23.6672,100.0,210190796174.2608,1773,1346.9,76112.0,33,1.55,1.75,7.87,random,4.57,56.04,linear_increase
0.065323,139.0344,63.4056,14.6613,100.0,139034350148.4624,692,3444.4,158907.0,35,3.0,5.17,6.48,back_heavy,3.11,54.03,linear_increase
0.065297,531.9863,182.0948,29.9998,100.0,531986327523.2731,805,2967.3,267837.0,30,1.8,4.66,6.26,front_heavy,10.98,57.46,random
0.065073,147.37,73.0347,21.3432,100.0,147369979042.0508,696,3406.4,162106.0,33,2.2,0.69,8.22,front_heavy,6.98,55.08,pyramid
0.064844,348.5499,152.1625,20.2682,100.0,348549864475.2988,3213,743.4,54503.0,31,1.45,1.99,3.04,random,2.86,61.66,linear_increase
0.064776,578.0474,223.5272,18.0918,100.0,578047370404.0072,842,2835.5,267856.0,30,2.5,4.52,8.03,back_heavy,3.76,59.96,random
0.064433,489.5602,186.9256,22.6986,100.0,489560182560.6115,777,3072.7,267836.0,33,2.1,5.4,7.79,back_heavy,10.72,47.13,random
0.063728,171.824,70.2642,21.2181,100.0,171824049173.7276,520,4188.0,217463.0,29,2.4,8.38,8.83,front_heavy,10.49,60.18,pyramid
0.063706,248.034,131.2418,12.6467,100.0,248034012309.3804,924,2585.2,161308.0,29,3.0,3.62,9.26,back_heavy,2.42,66.54,linear_increase
0.063653,837.4994,285.2387,27.4484,100.0,837499384524.865,1023,2335.0,267837.0,34,1.8,3.24,3.8,geometric,28.7,30.12,linear_increase
0.063639,1057.542,566.9879,19.6846,100.0,1057541986926.2845,580,4118.2,530878.0,34,2.8,2.8,3.66,back_heavy,29.41,29.41,flat
0.063616,563.0079,310.6189,32.2674,100.0,563007921948.4868,408,5601.1,526923.0,30,2.1,5.21,9.09,linear,13.4,58.75,random
0.063579,1378.2511,430.9665,17.742,100.0,1378251064788.334,1313,1819.3,267858.0,30,2.8,1.43,8.68,geometric,5.47,61.2,pyramid
0.063312,412.9564,139.6941,38.9281,100.0,412956442418.7474,718,3325.9,268608.0,31,1.6,4.7,8.79,random,32.26,32.26,flat
0.063067,436.9009,249.9231,15.6812,100.0,436900949799.4983,1232,1938.0,161302.0,30,2.4,2.95,2.98,random,5.32,61.34,linear_increase
0.062795,620.8433,339.54,22.5897,100.0,620843344115.3446,397,5791.3,575843.0,35,2.6,4.24,9.28,back_heavy,12.73,48.31,random
0.06252,477.326,172.9913,34.8953,100.0,477325998485.4656,2319,1030.0,89998.0,31,1.0,0.3,4.24,front_heavy,17.32,48.19,pyramid
0.062362,231.7924,90.2774,18.6601,100.0,231792384685.565,1942,1229.9,74985.0,34,1.65,3.79,7.64,back_heavy,3.41,55.42,pyramid
0.062297,180.5116,63.8228,26.1732,100.0,180511570210.9248,438,4989.9,268606.0,34,2.4,6.55,9.42,front_heavy,14.1,44.72,pyramid
0.062241,1052.436,814.2073,11.9217,100.0,1052436029801.8054,191,12280.6,1596905.0,34,3.5,0.92,2.23,back_heavy,20.27,38.55,linear_increase
0.062076,590.7135,204.0939,33.8086,100.0,590713511525.2874,870,2745.6,267837.0,29,1.6,5.41,6.92,back_heavy,34.48,34.48,flat
0.061914,658.0623,205.6793,24.1683,100.0,658062313385.4119,919,2597.9,267832.0,31,2.2,2.85,6.18,linear,17.06,54.23,geometric_increase
0.061603,88.8548,23.2298,15.0449,100.0,88854792896.0076,1637,1458.4,55390.0,30,1.8,5.52,8.41,linear,1.24,65.43,pyramid
0.061576,194.0473,78.8777,29.7665,100.0,194047297932.0853,1246,1917.1,107620.0,30,1.4,0.44,5.67,front_heavy,9.09,81.12,geometric_increase
0.06139,511.4596,163.1589,35.1546,100.0,511459585301.4858,814,2934.3,267836.0,33,1.7,5.95,8.69,back_heavy,30.3,30.3,flat
0.0613,390.2331,250.647,22.9358,100.0,390233056945.405,359,6604.1,526917.0,29,2.5,3.24,8.4,front_heavy,34.48,34.48,flat
0.061284,404.2084,152.2242,47.1971,100.0,404208385941.0602,655,3307.7,268628.0,34,1.35,6.44,7.54,geometric,6.49,48.84,random
0.06126,268.4789,154.199,21.6863,100.0,268478881420.1696,299,7971.7,527738.0,30,3.0,8.21,9.32,random,22.64,44.02,linear_increase
0.061003,322.0165,111.1432,22.7998,100.0,322016504455.067,648,3686.3,267825.0,32,2.4,3.98,6.82,random,14.13,48.37,linear_increase
0.060656,764.0744,357.6058,22.5721,100.0,764074430151.5282,505,4729.8,530855.0,34,2.8,1.93,7.58,random,29.41,29.41,flat
0.060573,1056.7115,472.6405,19.3336,100.0,1056711476041.1056,1178,2027.8,267828.0,30,2.2,1.06,3.27,front_heavy,14.36,58.87,random
0.060529,176.5787,109.6758,15.9076,100.0,176578721054.4112,1368,1745.3,94267.0,31,1.9,4.97,5.16,front_heavy,3.38,63.06,pyramid
0.06049,250.7768,101.4534,38.6182,100.0,250776821872.1354,483,4567.8,294109.0,32,1.6,8.24,9.52,front_heavy,10.19,58.34,random
0.06046,389.7379,160.8526,28.3764,100.0,389737903032.6791,1188,2009.8,161360.0,34,1.6,1.2,7.15,random,14.36,44.46,linear_increase
0.060245,418.4191,141.9638,34.6059,100.0,418419097055.971,741,3222.7,268572.0,35,1.7,1.75,7.22,front_heavy,28.57,28.57,flat
0.060232,628.4574,216.7468,32.0089,100.0,628457385947.0931,911,2622.1,267834.0,31,1.65,4.85,5.8,back_heavy,32.26,32.26,flat
0.060192,364.1979,163.1765,21.6065,100.0,364197948882.8458,1151,2074.4,161355.0,32,2.0,3.85,8.53,linear,8.79,53.71,pyramid
0.060167,184.6946,106.264,16.5209,100.0,184694595716.7327,816,2925.8,162105.0,29,2.3,6.25,6.66,random,5.85,65.16,pyramid
0.06016,751.0724,212.0622,21.4879,100.0,751072431390.4005,464,5147.7,575173.0,31,3.0,4.86,8.21,back_heavy,32.26,32.26,flat
0.059998,71.1021,43.2354,9.287,100.0,71102144384.0828,513,4638.3,159673.0,30,4.0,5.94,7.88,random,1.1,65.57,linear_increase
0.059862,434.1298,170.9196,34.2341,100.0,434129766665.2796,757,3154.0,268595.0,32,1.55,0.72,9.49,random,19.12,41.29,random
0.059798,224.4053,114.5602,21.3406,100.0,224405342920.523,916,2606.5,159672.0,33,2.0,2.3,6.44,front_heavy,8.47,53.5,pyramid
0.059718,209.1364,63.192,23.7771,100.0,209136435207.102,526,4538.9,268606.0,32,2.7,6.53,7.54,geometric,10.23,69.6,geometric_increase
0.059489,252.4844,98.9162,31.3797,100.0,252484417201.2746,964,2476.8,161354.0,30,1.55,2.73,8.07,random,13.9,64.95,geometric_increase
0.059395,256.0672,94.792,24.8708,100.0,256067214667.8857,2143,1114.1,73154.0,34,1.35,3.97,4.58,back_heavy,5.59,53.23,pyramid
0.059215,705.3039,376.8502,22.9987,100.0,705303934044.3273,490,4864.4,530886.0,29,2.7,4.6,5.2,front_heavy,34.48,34.48,flat
0.059049,359.5901,140.008,59.3397,100.0,359590113399.9187,694,3441.9,268597.0,32,1.1,6.29,7.57,back_heavy,6.62,54.42,random
0.05904,821.9063,309.7378,25.1032,100.0,821906310084.4171,1052,2270.0,267828.0,29,1.95,3.6,4.64,back_heavy,24.05,45.66,pyramid
0.059038,114.1303,78.4646,9.3932,100.0,114130336493.4426,648,3686.3,162077.0,35,4.0,4.69,7.3,random,1.02,57.74,pyramid
0.058767,712.3154,295.2169,26.8246,100.0,712315423661.4786,979,2439.8,268608.0,32,1.7,2.18,5.32,random,12.95,47.31,random
0.058744,543.5914,220.4601,17.419,100.0,543591365666.726,858,2783.8,267792.0,32,2.7,3.07,3.47,linear,9.66,52.84,linear_increase
0.058601,193.299,92.8903,27.8644,100.0,193298969294.5855,1413,1690.4,97085.0,29,1.3,5.69,6.77,random,8.55,62.27,pyramid
0.058391,404.2854,136.1034,34.9968,100.0,404285397407.5636,677,3228.4,268629.0,34,1.75,6.95,8.55,geometric,29.41,29.41,flat
0.058342,72.1055,30.6306,16.412,100.0,72105530588.4948,823,2902.3,102030.0,34,2.5,3.7,6.82,front_heavy,1.99,56.83,linear_increase
0.058266,673.5727,354.994,25.6032,100.0,673572719043.5253,1616,1477.5,158856.0,33,1.55,1.17,3.19,front_heavy,16.72,43.88,linear_increase
0.05821,1490.6054,502.3403,23.1023,100.0,1490605395430.2593,1427,1673.8,267852.0,35,2.3,0.71,2.82,random,10.61,59.55,geometric_increase
0.058191,717.7102,237.055,30.4681,100.0,717710219912.9869,990,2411.7,267836.0,33,1.7,4.03,7.22,back_heavy,30.3,30.3,flat
0.058158,422.8893,188.4267,10.6092,100.0,422889323495.9008,152,14489.3,1235543.0,31,7.0,5.7,8.41,random,6.72,60.49,random
0.05806,508.319,145.0411,24.5919,100.0,508318978299.9711,834,2862.7,267857.0,32,2.3,2.73,9.95,linear,13.75,59.03,geometric_increase
0.058002,251.4059,106.4961,42.6194,100.0,251405917018.0842,970,2461.9,162080.0,30,1.2,2.61,7.91,front_heavy,21.02,45.65,linear_increase
0.057953,773.4011,286.648,29.5572,100.0,773401052758.3328,1030,2318.4,267832.0,31,1.65,2.76,4.62,random,30.77,33.71,random
0.05787,886.6447,451.6359,15.004,100.0,886644673913.9412,235,9981.2,1235473.0,30,4.5,3.56,8.41,back_heavy,33.33,33.33,flat
0.057865,342.9092,229.4077,12.2192,100.0,342909188252.7299,135,16048.9,1235450.0,34,5.0,3.7,9.93,random,29.41,29.41,flat
0.05767,238.5711,100.0682,25.8634,100.0,238571070850.7331,952,2507.9,161301.0,31,1.85,3.04,5.63,random,9.44,75.94,geometric_increase
0.057594,620.9826,195.4019,32.6214,100.0,620982569544.948,926,2579.6,267857.0,33,1.7,4.36,9.42,geometric,29.42,31.2,geometric_increase
0.05752,633.0594,376.4491,19.5493,100.0,633059430705.0386,430,5554.7,582738.0,36,2.5,3.77,7.04,geometric,13.01,43.58,random
0.057457,309.4932,170.0226,18.9097,100.0,309493236160.5006,3197,746.9,54821.0,32,1.3,2.99,3.4,back_heavy,3.25,59.25,pyramid
0.057446,301.5926,143.0543,26.7663,100.0,301592570915.6251,1699,1405.9,101871.0,30,1.35,3.48,5.11,random,9.31,57.35,pyramid
0.057441,454.7322,273.6849,11.4052,100.0,454732232820.9157,156,13878.9,1234873.0,35,6.0,5.45,6.62,random,12.36,50.76,random
0.057436,693.687,239.1514,39.3559,100.0,693686973517.273,939,2437.3,267852.0,30,1.4,3.8,7.67,linear,11.48,54.6,random
0.057403,284.1877,118.2762,18.063,100.0,284187748502.8716,2141,1115.6,78497.0,32,1.7,3.49,6.7,back_heavy,3.21,59.29,pyramid
0.057389,136.7077,42.0682,25.6478,100.0,136707667880.0102,434,5503.5,268610.0,35,2.7,3.69,8.5,front_heavy,8.92,65.27,geometric_increase
0.057283,380.543,167.723,17.2208,100.0,380543034462.7182,1206,1979.7,161355.0,35,2.5,2.55,4.9,linear,4.22,52.92,linear_increase
0.057274,542.6452,262.0284,18.8164,100.0,542645204252.3249,441,5413.8,526962.0,33,3.5,4.08,8.65,geometric,17.42,43.18,linear_increase
0.057092,454.995,172.3388,26.2681,100.0,454994992779.2058,794,3008.4,268569.0,31,1.95,4.65,5.91,front_heavy,15.85,48.24,random
0.057062,247.3435,78.4815,19.7769,100.0,247343509315.7842,586,4067.5,267796.0,34,2.9,4.34,7.44,geometric,7.91,72.21,geometric_increase
0.057002,1126.9271,362.1756,29.1861,100.0,1126927080008.291,1254,1904.9,267835.0,35,1.8,2.11,3.11,random,28.57,28.57,flat
0.056797,642.3903,317.9365,14.9206,100.0,642390298132.7905,202,11611.5,1234882.0,33,5.0,5.05,9.37,back_heavy,30.3,30.3,flat
0.056636,124.517,48.0365,27.5204,100.0,124516986512.331,691,3456.7,162078.0,30,1.9,6.28,8.4,random,7.67,87.62,geometric_increase
0.056602,152.4424,96.8302,12.7451,100.0,152442373375.9852,776,3076.8,159674.0,29,3.0,6.31,6.74,front_heavy,2.81,68.41,pyramid
0.056532,1219.6892,437.138,27.1287,100.0,1219689206743.899,1310,1823.4,267836.0,33,1.75,0.42,4.58,random,30.3,30.3,flat
0.056427,771.7975,248.0763,29.5145,100.0,771797478014.4497,2765,863.9,101036.0,34,1.25,0.87,2.52,front_heavy,13.6,45.23,linear_increase
0.056241,221.0258,122.6818,15.255,100.0,221025823252.1177,260,8405.3,526925.0,30,4.5,6.73,9.08,back_heavy,10.98,73.94,geometric_increase
0.056133,679.8865,240.295,34.745,100.0,679886455011.5345,981,2433.8,267856.0,30,1.45,2.33,6.67,random,20.05,50.13,random
0.056059,1010.0705,521.5783,18.7228,100.0,1010070531241.467,604,3954.8,530856.0,35,3.0,1.97,4.66,geometric,18.61,41.47,geometric_increase
0.055957,220.2026,93.5399,27.3029,100.0,220202617678.1711,927,2576.6,161637.0,36,1.75,2.14,5.7,front_heavy,10.27,45.29,linear_increase
0.055921,238.6725,105.5884,32.3816,100.0,238672482971.0034,977,2444.2,159681.0,30,1.5,5.01,7.29,front_heavy,14.01,52.65,pyramid
0.055817,487.6421,294.9856,19.7956,100.0,487642090966.3948,389,6140.6,573958.0,35,2.8,4.88,5.16,front_heavy,6.01,51.26,random
0.055632,974.9629,344.9336,28.2623,100.0,974962916092.5918,1180,2023.7,267907.0,29,1.65,1.47,5.21,random,4.53,58.5,random
0.055612,497.1555,166.0994,34.3755,100.0,497155467272.9886,843,2832.7,267836.0,33,1.6,5.48,8.67,linear,30.3,30.3,flat
0.055497,1148.4778,402.3559,29.1597,100.0,1148477802756.264,1283,1861.8,267831.0,30,1.65,1.55,4.05,random,33.33,33.33,flat
0.055434,112.2758,35.3531,22.9923,100.0,112275757252.4509,393,5968.4,268604.0,35,2.9,2.03,8.91,front_heavy,7.42,71.34,geometric_increase
0.055422,102.2835,70.3177,11.9144,100.0,102283471989.858,1841,1297.1,55724.0,34,2.2,3.43,6.68,geometric,0.44,58.38,linear_increase
0.055419,985.2483,537.7609,12.6423,100.0,985248288805.7274,247,9262.4,1234989.0,31,5.0,1.57,6.94,back_heavy,13.09,63.89,geometric_increase
0.055327,794.5339,402.2947,15.7858,100.0,794533868477.8971,212,10306.0,1235034.0,30,4.5,3.08,9.22,linear,33.33,33.33,flat
0.055112,173.5107,65.9316,22.1402,100.0,173510708805.6027,499,4787.0,268597.0,35,2.5,8.13,8.19,back_heavy,10.3,47.92,pyramid
0.055081,577.3039,364.0924,19.7926,100.0,577303867624.993,409,5624.1,575777.0,30,2.6,4.07,8.61,linear,33.33,33.33,flat
0.054983,41.0954,15.8383,16.1897,100.0,41095418326.1484,817,2922.3,79893.0,30,2.1,3.74,8.95,front_heavy,1.55,65.11,linear_increase
0.054831,193.8979,96.1869,20.1785,100.0,193897936005.0305,1388,1720.5,102310.0,35,1.7,3.71,5.89,random,5.0,53.53,pyramid
0.054537,1351.9479,433.8652,28.2232,100.0,1351947857877.705,1404,1701.2,267856.0,30,1.75,2.17,4.74,back_heavy,27.66,39.01,pyramid
0.054487,403.2376,150.5184,32.3978,100.0,403237578220.972,765,3122.3,268601.0,32,1.65,6.31,6.87,linear,26.79,35.71,pyramid
0.054177,580.334,326.0481,13.5832,100.0,580333969871.6622,1531,1559.4,161394.0,29,2.6,2.23,4.13,back_heavy,2.79,66.18,linear_increase
0.053806,641.9135,327.2881,23.0572,100.0,641913515123.3796,1617,1476.8,161304.0,29,1.7,2.08,3.4,random,12.31,73.28,geometric_increase
0.053615,1191.4088,545.8675,14.6851,100.0,1191408829322.8066,1327,1799.2,268199.0,32,2.7,1.09,2.33,front_heavy,7.99,54.51,pyramid
0.053599,421.6344,149.5449,34.9138,100.0,421634390638.0228,791,3019.7,267824.0,34,1.55,5.02,7.0,random,29.41,29.41,flat
0.053528,275.376,86.101,19.7394,100.0,275375972326.7292,1915,1247.3,89461.0,35,1.9,1.81,2.42,front_heavy,3.23,98.61,geometric_increase
0.053453,518.0408,189.7283,35.2687,100.0,518040847031.3481,878,2720.6,267833.0,30,1.5,5.24,5.76,front_heavy,33.33,33.33,flat
0.053319,321.3921,200.1096,14.3729,100.0,321392052606.8438,1169,2043.2,158632.0,32,2.4,4.03,4.31,back_heavy,4.49,58.01,pyramid
0.053187,359.0472,128.7391,23.5924,100.0,359047212221.4702,341,7005.0,575545.0,32,2.6,7.74,9.88,linear,31.25,31.25,flat
0.053039,459.6164,164.899,36.8541,100.0,459616418057.9738,830,2877.1,267829.0,31,1.5,5.34,7.26,random,32.26,32.26,flat
0.052847,362.1267,122.9709,21.2159,100.0,362126727382.2048,738,3235.1,267795.0,34,2.6,4.2,9.73,back_heavy,10.33,48.49,linear_increase
0.05271,232.2433,78.8255,30.377,100.0,232243314367.398,590,4046.6,268603.0,36,2.0,4.99,7.9,front_heavy,16.35,39.21,linear_increase
0.05268,878.2936,266.9992,31.7592,100.0,878293613448.013,1150,2077.1,268201.0,30,1.6,3.24,7.75,linear,6.13,54.66,random
0.052553,291.8241,120.4985,27.7554,100.0,291824092601.4623,1103,2165.0,161332.0,30,1.65,4.14,5.14,random,11.67,71.6,geometric_increase
0.052489,371.0692,141.1812,33.3369,100.0,371069191184.6537,691,3194.2,268567.0,35,1.65,3.2,9.0,random,28.57,28.57,flat
0.052323,275.6731,110.017,25.6144,100.0,275673104460.6,638,3700.5,268605.0,29,1.8,9.06,9.89,back_heavy,12.18,62.88,random
0.052267,619.0102,364.7101,23.5058,100.0,619010227581.4227,448,4878.1,530865.0,30,2.4,2.04,7.81,random,29.09,38.53,random
0.052243,1837.0053,588.6901,15.8028,100.0,1837005291566.0916,1324,1804.0,338290.0,35,2.9,1.21,1.97,linear,4.13,54.45,pyramid
0.052038,519.6703,185.2144,32.8075,100.0,519670307360.0956,891,2680.1,267830.0,35,1.65,0.89,5.75,front_heavy,28.57,28.57,flat
0.052019,794.5597,450.1757,10.2202,100.0,794559738458.6962,230,9996.3,1235435.0,33,5.5,2.41,9.54,geometric,1.92,59.43,random
0.051734,291.4254,90.3396,26.7331,100.0,291425391320.0792,1760,1356.8,101835.0,30,1.4,4.5,5.69,linear,8.14,58.53,pyramid
0.051719,159.5623,43.0557,19.805,100.0,159562306396.1188,2382,1002.8,55697.0,33,1.35,4.18,4.95,back_heavy,2.54,59.8,pyramid
0.051694,1688.3095,483.6973,18.1484,100.0,1688309466063.7822,619,3859.0,697389.0,32,3.0,0.44,5.71,linear,8.54,53.96,pyramid
0.051664,580.6564,215.0216,30.4739,100.0,580656401725.0153,945,2526.5,267852.0,35,1.6,4.21,8.99,back_heavy,28.57,28.57,flat
0.051511,429.261,151.0966,31.6802,100.0,429261034511.6469,752,2933.8,267823.0,32,1.8,6.21,6.85,linear,10.22,51.59,random
0.051388,638.9383,228.2917,28.1062,100.0,638938344989.5751,994,2401.9,267833.0,33,1.8,3.99,4.19,front_heavy,24.59,36.37,pyramid
0.05127,135.5437,53.4362,25.7838,100.0,135543665185.2326,449,5224.0,268606.0,29,2.2,2.71,9.8,front_heavy,11.42,57.55,linear_increase
0.051183,769.18,256.1574,31.1119,100.0,769180049668.1982,1093,2184.8,267834.0,34,1.65,3.58,4.75,linear,29.41,29.41,flat
0.051164,182.3046,49.3818,21.828,100.0,182304636180.3029,1399,1706.6,101873.0,36,1.85,2.97,4.26,front_heavy,4.05,51.51,linear_increase
0.051096,523.1331,184.1098,23.6695,100.0,523133125702.4921,902,2647.0,267835.0,32,2.1,3.45,7.99,back_heavy,15.91,53.88,geometric_increase
0.051045,527.019,264.2342,24.1908,100.0,527018987546.2518,4459,535.7,54429.0,33,1.15,1.64,1.9,front_heavy,4.56,56.05,linear_increase
0.05092,1201.6417,719.9927,14.3912,100.0,1201641721575.1797,297,8042.3,1235443.0,34,4.0,1.46,3.59,random,29.34,29.48,linear_increase
0.050778,154.896,79.4327,24.3962,100.0,154896042531.5257,826,2891.0,159675.0,35,1.75,1.63,7.58,front_heavy,8.47,49.85,pyramid
0.050739,272.1422,96.3197,44.0918,100.0,272142227943.421,624,3667.6,268604.0,34,1.45,9.7,9.81,front_heavy,29.41,29.41,flat
0.050731,199.2086,80.0878,20.5002,100.0,199208606283.8281,557,4286.4,268604.0,35,2.5,5.38,8.56,random,10.06,48.17,pyramid
0.050201,368.8734,229.4643,16.4565,100.0,368873397635.8454,1288,1853.7,158900.0,35,2.1,3.17,4.13,random,6.01,52.46,pyramid
0.050162,301.9079,112.4793,39.8314,100.0,301907914518.5226,661,3462.3,268608.0,35,1.5,8.33,9.75,back_heavy,28.57,28.57,flat
0.050116,1310.8774,443.8353,31.0636,100.0,1310877427661.402,1442,1656.0,267832.0,32,1.5,2.4,2.42,back_heavy,8.45,52.83,random
0.049925,215.5341,56.2864,23.9746,100.0,215534096769.3352,1532,1558.7,102417.0,31,1.8,2.97,5.3,random,4.43,60.09,linear_increase
0.049896,135.8815,66.9945,24.5225,100.0,135881486863.3248,781,3058.3,159600.0,33,1.8,1.99,8.49,front_heavy,7.79,54.22,pyramid
0.049857,689.7357,227.7249,31.8354,100.0,689735651098.384,1049,2277.1,267832.0,35,1.6,3.31,8.11,linear,28.57,28.57,flat
0.049848,264.7655,112.7332,30.7748,100.0,264765452905.3381,1079,2213.7,161332.0,32,1.5,5.23,5.53,random,13.11,49.39,linear_increase
0.049815,2191.6978,599.9924,27.994,100.0,2191697753143.198,1481,1612.8,338289.0,35,1.8,1.09,2.29,back_heavy,2.86,59.16,random
0.049815,253.7467,85.2476,21.9034,100.0,253746709542.624,1667,1432.5,102239.0,32,1.6,0.27,3.72,front_heavy,5.85,89.63,geometric_increase
0.04979,137.3665,60.7061,32.4833,100.0,137366535636.2187,1333,1792.0,94124.0,31,1.3,7.18,8.15,linear,6.83,59.39,pyramid
0.049599,231.1807,120.4951,16.5464,100.0,231180728254.8864,1026,2327.5,158900.0,33,2.4,1.02,5.1,random,3.99,99.15,geometric_increase
0.049588,311.7297,113.6319,29.6092,100.0,311729712256.4735,705,3387.2,268563.0,31,1.9,1.89,7.11,front_heavy,18.83,45.68,linear_increase
0.049487,178.0509,113.0839,13.3062,100.0,178050934667.588,904,2641.6,158450.0,31,2.5,5.37,7.87,geometric,3.42,63.02,pyramid
0.049472,455.7154,169.1893,36.4195,100.0,455715384594.048,856,2790.5,267828.0,31,1.45,6.18,6.29,random,32.26,32.26,flat
0.049455,160.712,55.4438,20.3961,100.0,160711994750.4446,507,4711.4,268580.0,29,3.0,5.08,6.18,front_heavy,6.63,97.62,geometric_increase
0.049254,309.2992,122.1929,42.4947,100.0,309299155920.8594,692,3389.6,268605.0,31,1.35,5.65,8.92,front_heavy,32.26,32.26,flat
0.049202,865.0695,438.7033,17.0111,100.0,865069517424.4725,237,9313.0,1234871.0,32,4.0,3.26,4.92,linear,14.34,52.76,random
0.049144,228.2725,101.7208,54.2924,100.0,228272507817.5208,1001,2385.6,162589.0,34,0.95,0.97,8.04,front_heavy,10.13,46.26,random
0.049033,663.1213,225.8596,19.7319,100.0,663121264455.191,1037,2302.8,267798.0,33,2.5,2.1,6.88,geometric,8.88,51.73,linear_increase
0.048995,352.4076,145.2098,40.1343,100.0,352407584209.116,754,3167.1,268603.0,29,1.3,7.77,7.8,front_heavy,34.48,34.48,flat
0.048975,102.593,22.8402,19.2712,100.0,102592978967.4663,1962,1216.9,55697.0,32,1.65,4.15,9.69,back_heavy,1.47,61.03,linear_increase
0.048912,50.1737,26.1554,20.9511,100.0,50173663368.0945,935,2525.2,80876.0,35,1.65,6.55,9.39,front_heavy,2.51,56.16,pyramid
0.048659,392.7942,151.6464,36.6231,100.0,392794216226.3321,799,2989.6,268608.0,29,1.5,1.98,7.47,front_heavy,29.42,39.54,linear_increase
0.048561,156.5504,78.054,22.1303,100.0,156550442365.0995,849,2812.2,159675.0,31,1.95,1.46,6.64,front_heavy,6.84,57.68,linear_increase
0.048477,420.1476,138.659,23.9788,100.0,420147611086.5096,830,2876.6,267802.0,31,2.2,4.05,8.13,linear,14.12,50.4,linear_increase
0.048466,373.0697,136.3441,38.6341,100.0,373069664823.3734,780,3061.5,268607.0,30,1.5,7.44,8.06,back_heavy,28.84,37.82,pyramid
0.048461,246.3001,182.3377,34.6709,100.0,246300125739.5828,315,7446.3,530856.0,31,1.7,6.56,9.72,front_heavy,6.87,49.69,random
0.048435,854.4346,317.8134,24.9065,100.0,854434570996.9897,1184,2016.5,267828.0,29,1.75,2.7,4.38,random,6.72,61.99,random
0.04838,308.2725,177.7673,31.1637,100.0,308272453674.5075,2025,1179.3,94133.0,33,1.0,3.7,5.45,front_heavy,2.41,52.79,random
0.048117,617.1846,324.2294,23.1918,100.0,617184610864.101,513,4654.0,527086.0,33,2.6,5.12,5.92,back_heavy,30.3,30.3,flat
0.048103,641.849,386.9433,28.3701,100.0,641848950479.9176,460,4975.2,574702.0,32,1.95,4.7,6.02,geometric,5.11,56.3,random
0.048058,510.0021,278.7924,20.281,100.0,510002117053.4911,1525,1566.4,161360.0,30,1.85,3.32,7.53,back_heavy,8.9,57.77,pyramid
0.048039,286.2612,186.7513,22.6423,100.0,286261237367.5238,3383,706.0,54502.0,34,1.25,2.45,3.24,back_heavy,3.25,55.57,linear_increase
0.047931,289.1341,122.1407,30.2792,100.0,289134070169.5906,2361,1011.7,78574.0,31,1.05,0.95,4.63,front_heavy,9.28,56.77,pyramid
0.047792,672.3894,275.3859,23.2337,100.0,672389396775.1052,1058,2257.8,267799.0,31,1.95,3.6,5.17,back_heavy,19.06,46.33,pyramid
0.047772,743.9666,232.6492,25.2837,100.0,743966556168.5586,2950,809.7,101042.0,31,1.5,1.74,2.3,back_heavy,7.1,86.47,geometric_increase
0.04774,232.0454,119.0257,30.059,100.0,232045390175.5725,2121,1126.1,78513.0,33,1.15,4.4,6.43,geometric,7.21,54.84,pyramid
0.047671,143.4823,72.6222,22.0961,100.0,143482284487.745,808,2954.8,162107.0,32,2.0,7.23,7.32,front_heavy,6.41,56.09,pyramid
0.047644,172.7823,79.2254,27.3401,100.0,172782338389.9341,617,3801.6,228934.0,34,1.65,7.99,9.11,front_heavy,6.17,65.46,random
0.047544,261.1511,133.9322,22.2584,100.0,261151134654.0425,1097,2176.5,161306.0,31,1.85,5.2,7.56,geometric,8.39,57.71,pyramid
0.047506,556.3499,365.6677,18.4979,100.0,556349949226.2311,1602,1491.1,161361.0,31,1.75,0.2,5.39,random,9.4,56.64,pyramid
0.047494,371.8625,133.2816,39.1045,100.0,371862529565.6916,720,3035.6,268605.0,32,1.5,3.58,9.84,random,31.25,31.25,flat
0.047476,261.7603,135.1137,29.6757,100.0,261760325848.1743,1094,2183.5,162129.0,34,1.4,0.33,8.19,random,14.26,44.56,linear_increase
0.047437,452.1949,168.1517,36.6541,100.0,452194944545.9166,868,2751.1,268608.0,36,1.55,2.31,8.48,random,4.64,47.61,random
0.047399,88.3061,31.5662,21.818,100.0,88306103331.7555,638,3742.2,161525.0,32,2.5,5.73,6.25,random,3.67,106.15,geometric_increase
0.047316,208.3445,99.4829,16.2411,100.0,208344513471.7593,982,2431.4,161337.0,35,2.5,3.54,7.23,geometric,3.51,53.64,linear_increase
0.047226,553.9747,169.292,19.0421,100.0,553974707680.8451,965,2474.6,268017.0,32,2.8,1.85,8.22,linear,5.79,56.71,linear_increase
0.047214,57.8392,25.6581,17.5326,100.0,57839156291.9097,519,4549.0,159219.0,33,2.7,1.3,9.56,front_heavy,2.85,57.76,linear_increase
0.047073,43.7777,10.3465,13.5907,100.0,43777736938.2831,905,2639.3,80487.0,32,2.4,6.19,8.64,front_heavy,0.94,61.56,pyramid
0.046942,236.1522,161.5212,11.1072,100.0,236152162136.6238,1065,2242.8,159074.0,33,2.9,4.19,9.34,back_heavy,1.79,60.59,pyramid
0.046654,115.3156,40.181,28.1134,100.0,115315577787.1879,437,5402.8,268608.0,36,2.2,7.11,9.41,front_heavy,10.13,58.51,geometric_increase
0.046647,363.5779,171.1397,23.6528,100.0,363577923993.6961,1307,1827.1,161304.0,32,1.75,2.9,3.75,random,9.28,73.1,geometric_increase
0.046644,537.4968,280.9676,15.6811,100.0,537496776861.6498,190,11503.2,1234836.0,32,5.0,6.17,6.58,back_heavy,31.25,31.25,flat
0.046579,166.8596,65.276,28.9362,100.0,166859613296.8384,886,2695.9,161355.0,34,1.7,5.31,6.09,random,8.64,69.22,geometric_increase
0.046426,424.211,168.5394,53.752,100.0,424210963430.325,850,2810.2,268628.0,30,1.05,7.42,8.12,back_heavy,7.62,54.72,random
0.046355,530.1628,230.7112,20.5904,100.0,530162776329.4368,1582,1509.2,161395.0,33,2.0,2.4,6.11,back_heavy,6.72,53.88,linear_increase
0.046319,618.1535,214.5338,36.2677,100.0,618153473536.5042,1030,2318.4,267835.0,30,1.45,4.42,8.46,linear,33.33,33.33,flat
0.046314,266.1349,139.1697,18.138,100.0,266134924850.4584,1122,2127.9,161302.0,31,2.2,2.45,6.08,random,5.18,59.34,linear_increase
0.046258,379.9133,131.9042,23.4802,100.0,379913271605.572,808,2955.4,267836.0,34,2.1,3.53,7.77,linear,13.46,54.28,geometric_increase
0.046253,169.2972,118.7568,14.5005,100.0,169297232942.6664,905,2639.3,159675.0,29,2.2,6.06,7.42,back_heavy,4.55,66.56,pyramid
0.046052,1877.4676,570.6806,24.3785,100.0,1877467643922.9648,1798,1328.4,268228.0,29,2.0,0.88,2.95,geometric,11.24,76.84,geometric_increase
0.046038,423.36,148.6423,23.6898,100.0,423360017226.7511,855,2793.0,267834.0,33,2.2,3.89,6.11,linear,13.34,47.26,linear_increase
0.046027,735.1761,265.3835,28.9961,100.0,735176140178.2172,1127,2119.4,267852.0,31,1.6,3.85,8.55,back_heavy,7.45,49.96,random
0.045988,151.5027,93.3938,16.5067,100.0,151502677479.7962,1349,1769.9,101584.0,31,1.85,5.21,6.94,linear,3.11,63.35,pyramid
0.045942,582.316,184.2769,18.1133,100.0,582315950648.9568,1004,2379.2,267857.0,35,2.5,4.79,6.26,back_heavy,5.41,50.86,random
0.04581,865.6639,285.3593,28.9426,100.0,865663935188.078,1226,1948.4,267835.0,33,1.8,2.96,5.73,geometric,23.17,37.88,pyramid
0.045723,514.5137,183.2302,35.1813,100.0,514513749983.7459,946,2525.1,267856.0,33,1.5,3.19,6.86,random,30.3,30.3,flat
0.0457,327.0844,109.2929,24.4926,100.0,327084404781.857,3628,658.2,55685.0,30,1.1,2.99,7.27,back_heavy,4.43,62.23,pyramid
0.045686,67.1347,28.5049,29.9769,100.0,67134656364.8144,891,2649.9,101580.0,35,1.4,9.55,9.74,geometric,4.82,53.72,pyramid
0.045473,232.6036,100.5401,43.012,100.0,232603628526.2484,1054,2266.2,162078.0,30,1.15,7.83,9.61,back_heavy,18.81,47.85,pyramid
0.045467,959.6664,505.3104,12.9115,100.0,959666381048.8127,281,8500.1,1234914.0,35,4.5,1.84,8.21,geometric,1.59,43.67,random
0.045438,835.1432,437.9235,20.4977,100.0,835143222003.2516,610,3915.7,530856.0,35,2.6,2.58,6.32,geometric,24.18,33.45,geometric_increase
0.045415,1425.607,429.3412,20.712,100.0,1425606993860.0125,1580,1511.8,267857.0,31,2.4,1.37,9.32,geometric,7.25,58.94,pyramid
0.045203,102.8444,54.3583,30.4165,100.0,102844361089.4967,1579,1512.7,72153.0,32,1.15,1.68,6.28,front_heavy,4.88,57.62,linear_increase
0.045199,159.5398,65.6673,41.5448,100.0,159539786993.6549,1242,1923.3,114264.0,29,1.05,7.72,8.77,random,12.14,58.42,pyramid
0.045115,574.3227,359.3652,54.217,100.0,574322741482.9421,1688,1415.1,159664.0,29,0.75,0.49,4.54,front_heavy,16.57,50.9,random
0.045009,1265.6604,410.9469,32.4583,100.0,1265660360997.2903,1495,1597.3,267856.0,30,1.5,2.24,3.65,linear,33.33,33.33,flat
0.044981,950.6544,537.4696,15.0275,100.0,950654443588.8488,269,8495.3,1235023.0,29,4.0,3.07,6.33,back_heavy,34.48,34.48,flat
0.044919,471.4667,166.7253,40.8337,100.0,471466707707.166,911,2622.1,268629.0,30,1.4,6.5,7.44,geometric,33.33,33.33,flat
0.044696,386.9225,145.4221,38.86,100.0,386922480150.4792,757,2887.2,268628.0,31,1.45,5.8,9.76,random,32.26,32.26,flat
0.04468,1034.2959,594.0671,14.4646,100.0,1034295923642.1064,289,8116.2,1234865.0,34,4.0,2.51,3.33,geometric,29.41,29.41,flat
0.044663,135.2429,72.1702,18.437,100.0,135242925050.7727,1285,1858.4,102262.0,34,1.85,5.25,8.74,geometric,3.2,55.63,pyramid
0.044587,148.8058,87.7825,21.2463,100.0,148805830030.2659,851,2805.6,162078.0,29,1.8,7.43,8.07,back_heavy,7.19,63.72,pyramid
0.044531,299.2912,128.1437,48.3682,100.0,299291178157.951,729,3276.7,268628.0,33,1.15,5.79,7.63,front_heavy,5.56,54.64,random
0.044439,127.5992,47.0201,41.3657,100.0,127599167920.8161,775,3026.6,162179.0,32,1.45,8.71,8.74,linear,10.7,67.98,geometric_increase
0.044246,578.0414,184.6911,20.2777,100.0,578041417352.7892,1019,2343.1,267809.0,30,2.6,1.76,8.45,geometric,6.93,91.45,geometric_increase
0.044177,457.8407,179.2957,22.9116,100.0,457840695760.6294,908,2630.6,267797.0,35,2.0,3.98,7.36,geometric,15.63,42.27,pyramid
0.044168,584.8604,211.8485,36.513,100.0,584860370781.99,1026,2327.5,267831.0,29,1.4,5.23,7.54,back_heavy,34.48,34.48,flat
0.044042,36.1825,21.1311,15.9112,100.0,36182509778.9448,697,3387.2,97087.0,34,2.3,8.73,9.08,linear,1.47,57.35,linear_increase
0.043952,1010.1594,366.0826,29.833,100.0,1010159360409.2216,1352,1766.7,267832.0,29,1.6,3.02,3.62,random,18.95,55.5,random
0.043823,199.4197,52.6449,21.9815,100.0,199419717858.6825,1575,1516.2,102279.0,35,1.9,1.73,3.7,random,3.38,97.08,geometric_increase
0.043814,376.1287,133.2151,28.4839,100.0,376128652836.1712,826,2890.4,267808.0,35,1.9,2.54,6.84,random,17.45,43.49,geometric_increase
0.043746,791.9959,450.7104,15.3412,100.0,791995934807.3069,249,9177.7,1234877.0,31,4.0,3.06,6.52,linear,32.26,32.26,flat
0.043724,730.1004,247.5394,21.6997,100.0,730100398381.966,536,4456.3,575843.0,31,2.5,4.02,9.42,back_heavy,32.26,32.26,flat
0.043689,539.1057,291.3339,15.467,100.0,539105682412.7936,211,11116.3,1234833.0,33,4.5,5.56,6.67,linear,30.3,30.3,flat
0.043452,439.2608,239.8239,27.606,100.0,439260798834.602,417,5240.7,526926.0,34,2.3,6.71,8.02,linear,3.15,52.9,random
0.043413,217.2731,81.2758,19.0487,100.0,217273075778.8393,631,3785.6,267808.0,30,2.7,5.31,9.09,geometric,7.41,59.26,linear_increase
0.043392,512.8463,162.541,20.9615,100.0,512846326256.9045,451,5296.5,575803.0,34,2.8,2.7,6.72,random,24.63,34.19,linear_increase
0.04329,360.5068,176.3974,24.3332,100.0,360506751992.4629,1351,1767.6,161303.0,30,1.65,3.78,4.63,back_heavy,10.22,56.45,linear_increase
0.043272,99.7289,51.8461,27.1816,100.0,99728876482.2333,1418,1684.4,80865.0,32,1.3,1.01,6.48,front_heavy,4.42,58.08,linear_increase
0.043139,52.0355,19.5468,13.5789,100.0,52035538525.366,880,2714.3,94269.0,33,2.7,4.4,6.7,front_heavy,0.95,59.65,linear_increase
0.042803,621.9553,219.5604,35.7958,100.0,621955295547.3163,1075,2221.9,267834.0,31,1.45,4.72,7.41,back_heavy,32.26,32.26,flat
0.042515,294.0096,153.9365,18.5312,100.0,294009646410.3599,1250,1910.8,158904.0,34,2.1,0.4,9.24,random,5.06,53.76,pyramid
0.042508,564.1977,181.3693,21.9656,100.0,564197721322.8809,460,4998.2,575821.0,35,2.7,3.23,6.76,random,28.57,28.57,flat
0.042131,194.4739,100.8492,27.3438,100.0,194473863424.6249,1001,2385.6,162080.0,34,1.55,2.31,6.79,front_heavy,10.2,48.63,pyramid
0.042099,779.3734,261.0464,39.352,100.0,779373399239.0923,1168,1968.5,267832.0,35,1.3,2.8,7.43,geometric,3.95,52.68,random
0.042092,353.5857,130.2615,39.5391,100.0,353585673825.5741,815,2930.9,268629.0,35,1.4,7.19,7.89,back_heavy,28.57,28.57,flat
0.042082,267.6382,102.7046,30.4705,100.0,267638174844.3202,709,3368.1,268605.0,33,1.8,7.13,8.02,linear,17.29,44.13,pyramid
0.042061,147.9411,77.3192,22.9266,100.0,147941144673.1961,874,2732.9,162079.0,30,1.85,1.66,6.94,random,6.75,92.45,geometric_increase
0.042034,315.1223,203.2088,46.1446,100.0,315122332026.9016,356,6085.7,526925.0,33,1.6,6.75,8.62,back_heavy,7.29,56.52,random
0.041962,175.8565,82.4103,23.1327,100.0,175856529439.5739,1511,1580.4,102310.0,30,1.65,2.99,3.65,front_heavy,4.32,109.25,geometric_increase
0.041678,159.9401,75.1247,35.2832,100.0,159940054348.8246,906,2616.9,162108.0,30,1.4,8.41,8.99,back_heavy,11.49,55.18,pyramid
0.041633,400.3304,252.7378,17.2838,100.0,400330427195.5044,1452,1645.0,161308.0,29,1.95,3.74,8.14,back_heavy,6.39,64.58,pyramid
0.041583,189.9762,80.9228,42.3579,100.0,189976197189.8472,996,2398.3,162105.0,29,1.2,7.78,7.84,geometric,15.39,53.57,linear_increase
0.041462,81.287,31.7387,19.8692,100.0,81286985245.304,1039,2299.0,101796.0,33,1.7,3.71,7.75,front_heavy,3.22,59.07,pyramid
0.041448,970.5547,388.8205,16.8527,100.0,970554658356.559,1364,1750.4,267856.0,30,2.7,2.28,7.41,back_heavy,6.36,60.31,pyramid
0.041386,307.3505,160.7689,25.4244,100.0,307350513258.2876,1296,1843.0,158824.0,31,1.55,1.32,9.51,random,10.77,55.18,pyramid
0.041342,449.6041,164.7057,41.5327,100.0,449604102559.8733,930,2568.3,267836.0,30,1.3,4.28,9.85,random,33.33,33.33,flat
0.041183,801.1384,345.9937,15.0831,100.0,801138381398.2886,1243,1921.6,268014.0,30,2.8,2.45,8.76,back_heavy,5.02,61.64,pyramid
0.041134,971.3531,317.7892,31.9138,100.0,971353127526.5662,1370,1743.1,267856.0,35,1.55,2.64,4.03,linear,28.57,28.57,flat
0.041073,632.7516,252.0318,25.3299,100.0,632751555961.5781,1107,2157.7,267807.0,30,1.8,3.31,3.44,front_heavy,19.73,51.85,geometric_increase
0.040899,473.1449,183.9512,24.684,100.0,473144945908.0223,959,2490.1,267828.0,33,1.9,3.55,9.84,linear,16.01,45.49,pyramid
0.04084,1471.0185,442.2853,30.157,100.0,1471018473392.1062,1692,1411.3,267855.0,32,1.75,1.7,3.27,geometric,22.02,40.48,linear_increase
0.040717,227.6437,99.4243,27.559,100.0,227643716995.5204,665,3591.8,268568.0,31,1.85,2.51,8.06,front_heavy,15.26,50.39,pyramid
0.040584,84.1101,32.927,31.6762,100.0,84110112493.6321,681,3507.4,159672.0,32,1.7,0.33,8.97,front_heavy,6.43,86.23,geometric_increase
0.040456,284.7724,104.819,40.0726,100.0,284772361729.9118,746,3201.1,268567.0,30,1.5,2.52,8.6,front_heavy,23.63,45.29,geometric_increase
0.040359,514.7936,201.7271,16.783,100.0,514793561413.3062,1007,2371.4,267825.0,33,2.8,2.37,5.81,geometric,5.56,55.05,linear_increase
0.040295,454.3845,150.6484,39.2079,100.0,454384519268.2118,947,2522.2,267833.0,35,1.45,5.7,9.19,linear,28.57,28.57,flat
0.040176,399.4294,133.924,34.9996,100.0,399429353856.0984,889,2686.2,267835.0,33,1.6,5.67,8.59,geometric,23.16,38.74,geometric_increase
0.040013,569.4886,229.2175,29.9904,100.0,569488606001.5122,1064,2245.0,267831.0,34,1.6,2.42,4.99,random,25.13,34.14,geometric_increase
0.039831,678.588,227.7719,35.0938,100.0,678588025795.3796,1164,2052.1,267856.0,29,1.45,3.67,8.48,linear,30.27,38.69,linear_increase
0.03977,546.0826,199.3621,38.1471,100.0,546082649832.6864,1045,2285.7,267836.0,30,1.35,5.23,6.57,geometric,33.33,33.33,flat
0.039692,1236.5235,569.0818,12.3165,100.0,1236523533469.408,1571,1519.7,268229.0,32,3.0,1.35,2.21,random,1.3,61.2,pyramid
0.039452,895.1309,461.4673,15.2032,100.0,895130900554.8174,1343,1778.1,267834.0,35,2.6,1.95,2.38,front_heavy,6.7,51.73,pyramid
0.039362,258.0732,156.1154,18.1718,100.0,258073150129.4892,1199,1992.1,161304.0,34,1.95,4.34,4.95,geometric,5.94,52.88,pyramid
0.039325,627.3674,311.137,28.3124,100.0,627367422242.2015,1870,1277.3,161332.0,34,1.4,1.89,4.04,random,15.36,43.46,pyramid
0.039302,432.809,319.4493,19.0047,100.0,432808969477.3242,1554,1537.1,161307.0,32,1.55,0.54,4.59,random,10.76,51.74,pyramid
0.039193,179.9454,100.3411,17.6377,100.0,179945382742.6567,1021,2338.4,158449.0,33,2.1,3.77,5.11,random,4.65,55.95,linear_increase
0.038983,329.3356,135.0664,32.3313,100.0,329335643789.0016,817,2922.4,268609.0,33,1.55,6.4,8.35,back_heavy,11.95,48.76,random
0.038912,484.3217,173.3404,40.5791,100.0,484321672561.6794,995,2400.7,267834.0,31,1.35,5.99,6.08,front_heavy,32.26,32.26,flat
0.038872,1302.6161,406.8096,34.8652,100.0,1302616068319.2217,1632,1463.2,267857.0,33,1.45,1.75,4.84,geometric,12.6,48.32,random
0.038869,351.6541,212.2396,44.8866,100.0,351654112868.7055,361,6054.1,575843.0,30,1.6,6.14,8.52,front_heavy,4.1,60.01,random
0.038817,110.2889,35.6164,26.6294,100.0,110288916977.1714,474,5039.1,268604.0,34,2.5,6.24,8.45,front_heavy,7.28,75.06,geometric_increase
0.038797,85.0798,29.4407,23.4413,100.0,85079777827.3968,381,5735.9,268608.0,31,2.7,7.99,9.09,front_heavy,6.52,89.63,geometric_increase
0.038741,781.3606,496.4192,25.6444,100.0,781360630421.9247,539,4054.9,575859.0,30,1.9,2.24,8.9,geometric,3.23,65.72,random
0.038741,707.0555,402.6772,15.5694,100.0,707055454619.6252,250,9140.5,1234835.0,29,4.0,4.12,7.19,geometric,34.48,34.48,flat
0.038655,552.0582,219.8142,24.3814,100.0,552058167615.199,1066,2240.8,267790.0,31,1.9,3.61,3.81,back_heavy,16.54,47.97,linear_increase
0.038509,117.2975,106.1545,15.7749,100.0,117297476286.0278,2379,1003.8,55399.0,34,1.35,4.13,6.16,geometric,1.71,57.11,pyramid
0.038415,430.6773,239.4392,29.0688,100.0,430677303919.985,480,4976.5,526924.0,34,2.1,6.45,8.31,back_heavy,7.76,53.82,random
0.03838,56.7506,12.9356,21.3497,100.0,56750632741.5546,1128,2093.1,80487.0,31,1.6,6.55,8.82,front_heavy,2.28,64.24,pyramid
0.038375,685.6165,248.9286,25.6465,100.0,685616492207.2805,1192,2003.9,267858.0,35,1.75,3.2,7.7,linear,4.83,51.88,random
0.038374,520.1374,184.8172,28.4112,100.0,520137437904.8339,1035,2307.8,268679.0,33,1.7,6.74,9.89,back_heavy,6.8,58.41,random
0.038344,452.2583,199.817,27.187,100.0,452258262534.7025,1608,1485.5,161331.0,32,1.6,2.72,4.07,geometric,10.22,69.64,geometric_increase
0.038233,108.7623,62.8257,34.5005,100.0,108762317891.1341,1170,2018.0,107631.0,29,1.15,8.36,9.42,random,7.7,63.18,pyramid
0.038071,516.8542,180.662,48.7444,100.0,516854207986.5018,1039,2298.9,267856.0,34,1.15,5.93,6.08,front_heavy,2.32,63.15,random
0.038041,455.3005,264.8039,26.2331,100.0,455300472352.2612,487,4816.4,526925.0,33,2.3,1.81,6.93,front_heavy,9.01,52.86,random
0.038016,377.9091,159.5421,35.6003,100.0,377909137683.3176,1473,1621.2,161637.0,35,1.25,4.05,5.11,back_heavy,16.44,45.38,geometric_increase
0.037785,58.2773,21.0903,24.462,100.0,58277321224.3993,917,2604.1,102272.0,31,1.9,1.59,6.33,front_heavy,2.47,124.7,geometric_increase
0.0376,1900.5033,537.2402,20.0525,100.0,1900503270099.389,2002,1193.1,268228.0,34,2.4,0.72,7.65,geometric,0.99,57.84,pyramid
0.03751,558.5764,320.0775,12.7305,100.0,558576442233.8088,218,10120.4,1234987.0,34,5.0,1.52,9.03,linear,9.86,48.96,linear_increase
0.037489,324.1586,131.3143,46.3725,100.0,324158553688.675,812,2888.7,268609.0,30,1.2,5.35,8.63,front_heavy,33.33,33.33,flat
0.037478,186.4345,73.4774,35.8715,100.0,186434461468.0145,1042,2291.7,161638.0,32,1.4,6.02,9.99,back_heavy,11.04,66.87,geometric_increase
0.037346,642.0773,328.9927,23.2364,100.0,642077346719.4928,594,4019.5,527044.0,32,2.5,4.31,8.35,linear,24.64,37.14,random
0.037343,292.1651,100.4749,31.4017,100.0,292165123583.3388,2052,1164.0,102959.0,31,1.15,1.48,6.02,random,9.51,56.53,pyramid
0.037296,118.2741,68.123,22.223,100.0,118274078495.366,842,2835.6,159681.0,32,1.85,2.61,8.08,front_heavy,5.75,56.75,pyramid
0.037171,46.2926,19.2878,17.659,100.0,46292554384.9291,733,3234.5,114145.0,33,2.3,8.19,9.39,back_heavy,1.78,58.83,linear_increase
0.037109,936.008,278.3031,27.8813,100.0,936007978045.1924,1416,1686.4,267836.0,32,1.8,2.63,6.99,linear,16.92,47.89,random
0.036981,416.6444,239.9766,26.6622,100.0,416644419212.573,187,11645.8,1236121.0,30,3.0,5.36,8.28,front_heavy,4.36,62.04,random
0.03681,1008.5544,523.6601,21.4797,100.0,1008554366095.8687,750,3183.3,526917.0,32,2.6,3.22,3.23,linear,5.22,49.64,random
0.036681,1580.9162,561.5143,17.8218,100.0,1580916217469.574,1849,1291.9,268201.0,30,2.5,0.52,3.4,back_heavy,2.07,136.2,geometric_increase
0.036615,286.9403,231.008,47.8331,100.0,286940284206.5868,364,5952.2,526915.0,31,1.35,1.08,8.87,front_heavy,1.38,67.09,random
0.036603,1198.7711,421.3064,28.6694,100.0,1198771143853.996,1614,1480.0,267835.0,32,1.65,2.03,2.69,linear,22.77,41.54,geometric_increase
0.03659,567.8797,214.2069,31.8434,100.0,567879651325.3795,1111,2149.9,267832.0,32,1.5,4.24,4.7,back_heavy,25.91,37.25,geometric_increase
0.036584,43.8278,39.5178,10.6731,100.0,43827841384.9058,1034,2292.9,79363.0,30,1.95,7.92,8.0,back_heavy,0.95,65.72,pyramid
0.036575,328.6974,201.9651,31.0175,100.0,328697391119.442,422,5558.3,526920.0,29,2.0,7.72,9.45,front_heavy,34.48,34.48,flat
0.036565,132.0359,44.454,27.4636,100.0,132035888308.2191,512,4469.9,268605.0,30,2.3,8.12,8.79,geometric,8.99,81.55,geometric_increase
0.036491,443.5492,191.754,23.9656,100.0,443549219084.526,983,2429.3,267828.0,34,1.9,5.37,5.44,back_heavy,6.58,52.76,random
0.036453,505.2898,191.0844,36.6707,100.0,505289757121.1761,1050,2274.8,267825.0,35,1.4,4.65,4.7,linear,6.11,48.63,random
0.036424,323.5814,122.0183,46.4043,100.0,323581367291.6262,803,2850.1,268628.0,33,1.3,6.74,8.33,front_heavy,30.3,30.3,flat
0.036389,83.6678,45.6062,24.165,100.0,83667799377.5072,1215,1965.9,94265.0,30,1.35,7.06,8.13,front_heavy,4.16,62.5,pyramid
0.03628,1589.9552,535.5793,34.2502,100.0,1589955150922.692,1866,1279.7,267906.0,31,1.45,0.8,2.91,random,22.58,39.73,random
0.036253,101.4306,45.5599,18.7893,100.0,101430629196.0103,465,5077.5,268574.0,35,2.5,2.54,9.64,front_heavy,6.45,51.99,pyramid
0.036191,152.414,63.3388,28.6606,100.0,152413993115.4896,961,2485.6,161307.0,30,1.65,5.5,9.85,back_heavy,7.46,88.65,geometric_increase
0.036173,694.3771,402.4094,15.5228,100.0,694377089070.7229,268,8912.4,1234817.0,30,4.0,4.21,5.49,geometric,30.96,35.71,linear_increase
0.036172,533.8566,209.0261,27.9637,100.0,533856587489.0831,1083,2204.6,267828.0,34,1.65,0.81,7.07,random,19.75,39.07,linear_increase
0.036106,779.2138,268.9432,35.0882,100.0,779213772456.7043,1310,1823.3,267856.0,32,1.4,3.41,5.41,linear,31.25,31.25,flat
0.036083,800.8647,301.8538,18.5405,100.0,800864701357.8601,1328,1797.8,267835.0,34,2.5,2.0,9.56,geometric,6.55,52.27,pyramid
0.035545,132.1048,62.582,28.2821,100.0,132104826721.6494,912,2619.0,159665.0,34,1.55,1.41,7.29,front_heavy,7.89,50.93,linear_increase
0.035422,370.0958,140.2595,45.8971,100.0,370095823746.2476,909,2627.8,268607.0,30,1.25,7.26,7.68,random,31.42,35.25,linear_increase
0.035271,304.4675,124.3655,33.6547,100.0,304467547334.9831,826,2891.0,268605.0,33,1.5,2.93,6.7,front_heavy,21.44,41.25,geometric_increase
0.035245,293.5904,100.0663,26.5459,100.0,293590424625.0238,814,2934.5,267832.0,34,2.0,4.41,8.77,linear,12.27,57.38,geometric_increase
0.035107,1336.2225,696.101,18.5905,100.0,1336222459303.0823,345,6335.2,1235938.0,33,2.9,0.94,6.53,geometric,30.3,30.3,flat
0.035107,1901.1643,596.9334,17.0072,100.0,1901164327849.017,797,2996.9,697405.0,30,2.8,0.38,2.53,linear,3.84,62.83,linear_increase
0.035073,176.2024,63.3079,32.4898,100.0,176202381881.0524,630,3789.6,268608.0,34,1.85,3.71,8.55,front_heavy,13.02,45.8,linear_increase
0.035062,1211.8307,661.686,16.8448,100.0,1211830749019.1243,329,6643.2,1235029.0,29,3.5,1.92,4.38,linear,34.48,34.48,flat
0.035049,128.8168,47.4546,17.0487,100.0,128816829526.1976,1421,1680.2,101862.0,35,1.9,5.15,6.63,linear,2.37,56.31,pyramid
0.035004,326.2723,111.5201,27.5223,100.0,326272319487.8152,861,2774.1,267831.0,35,2.0,4.68,6.04,back_heavy,12.98,52.96,geometric_increase
0.034996,540.5333,197.6396,38.8261,100.0,540533295122.1446,1108,2155.2,267852.0,31,1.3,4.86,8.15,linear,32.26,32.26,flat
0.034908,188.5412,114.3747,35.3836,100.0,188541207317.0135,3155,757.1,55642.0,32,0.85,3.12,6.21,random,5.9,56.6,pyramid
0.034849,380.4892,170.0312,23.4037,100.0,380489215001.5977,932,2562.8,267789.0,30,1.95,4.9,5.1,front_heavy,14.01,52.66,pyramid
0.034793,37.8771,21.0432,13.717,100.0,37877149353.8331,1178,2012.6,66406.0,34,1.75,5.43,8.02,front_heavy,1.01,57.82,pyramid
0.034792,114.9589,41.8743,23.1423,100.0,114958882892.2079,511,4672.2,268567.0,33,2.5,8.19,9.19,back_heavy,6.69,53.91,linear_increase
0.034783,282.0559,122.9304,21.8196,100.0,282055927249.1256,803,2973.8,267796.0,34,2.1,5.31,8.72,back_heavy,11.02,47.8,pyramid
0.034783,356.0759,138.1296,48.8183,100.0,356075899341.5105,862,2655.0,268629.0,29,1.2,5.62,8.41,front_heavy,34.48,34.48,flat
0.034771,535.0531,208.6546,35.8657,100.0,535053128288.6143,1106,2159.1,267836.0,33,1.35,3.33,6.96,random,30.3,30.3,flat
0.03472,53.8816,26.0919,19.6356,100.0,53881564840.2459,1698,1406.7,55415.0,33,1.45,4.64,7.85,random,1.38,59.23,linear_increase
0.03471,105.0149,46.7767,29.9865,100.0,105014885959.2093,809,2952.7,162409.0,35,1.65,6.42,7.59,front_heavy,6.63,50.52,linear_increase
0.034603,482.681,188.0418,40.8883,100.0,482680985763.7599,1050,2274.3,268608.0,34,1.3,0.8,6.11,front_heavy,24.13,35.43,random
0.034514,962.4078,517.2794,23.4786,100.0,962407752333.0172,751,3179.1,530864.0,33,2.2,2.67,4.6,linear,30.3,30.3,flat
0.034406,187.9301,90.8967,24.4306,100.0,187930110673.0799,1111,2150.0,158902.0,31,1.7,5.17,5.89,geometric,7.04,57.48,linear_increase
0.034405,392.4146,142.062,26.0913,100.0,392414571813.6888,952,2507.9,267835.0,33,1.85,3.58,9.01,geometric,14.31,54.82,geometric_increase
0.034363,147.8728,81.1475,16.4816,100.0,147872752552.1138,971,2459.3,161330.0,34,2.3,4.47,5.82,linear,3.26,55.56,linear_increase
0.034352,388.1355,144.9517,41.7854,100.0,388135463797.6424,945,2527.0,268608.0,34,1.3,5.75,7.34,random,29.41,29.41,flat
0.034254,582.9488,263.5563,16.7134,100.0,582948788918.9141,1163,2052.9,267806.0,32,2.5,2.64,8.26,geometric,6.43,56.07,pyramid
0.034222,39.9951,20.8912,17.6658,100.0,39995137363.7436,879,2697.2,92208.0,30,2.0,8.24,8.53,back_heavy,1.45,65.22,linear_increase
0.034067,33.2281,14.0266,20.6991,100.0,33228079236.3337,726,3252.1,101566.0,35,1.95,3.97,9.75,front_heavy,1.8,55.35,linear_increase
0.034058,87.0612,33.9115,32.6347,100.0,87061243151.6504,745,3206.3,162110.0,33,1.65,6.67,7.78,front_heavy,6.16,84.11,geometric_increase
0.033975,1638.7459,569.1256,42.6861,100.0,1638745863664.2966,1956,1221.2,268205.0,32,1.1,1.22,2.42,random,5.61,53.36,random
0.03397,643.5424,222.4258,22.6091,100.0,643542381405.7311,571,4183.1,575757.0,35,2.3,3.81,6.61,linear,23.29,34.87,random
0.033685,560.3927,248.7978,26.8449,100.0,560392683139.3121,1150,2076.5,267832.0,35,1.55,3.76,3.96,back_heavy,5.85,51.57,random
0.033607,100.2737,39.0249,29.7638,100.0,100273659027.7288,477,4917.4,268605.0,31,1.95,3.16,9.83,front_heavy,9.45,75.9,geometric_increase
0.033589,474.6516,286.5775,35.6773,100.0,474651583072.8316,472,4841.6,575548.0,31,1.75,5.64,6.58,front_heavy,8.8,52.1,random
0.033516,86.6,36.381,18.6301,100.0,86599950123.186,5223,457.9,23276.0,31,0.9,3.45,5.33,linear,0.67,65.96,pyramid
0.033496,143.6118,62.9355,22.1246,100.0,143611826879.384,984,2426.8,158904.0,34,2.0,3.6,8.66,random,4.55,54.27,linear_increase
0.033481,846.3181,439.3553,21.2056,100.0,846318116527.5459,2352,1015.1,161394.0,31,1.85,1.74,2.73,geometric,6.18,58.34,linear_increase
0.033458,414.703,154.8159,42.9876,100.0,414703022408.322,990,2412.7,268609.0,32,1.25,6.31,9.84,geometric,31.25,31.25,flat
0.033425,477.4027,295.6184,34.8688,100.0,477402657213.5209,475,4815.9,575545.0,33,1.65,2.4,7.0,front_heavy,5.43,58.37,random
0.033377,194.5044,90.7046,23.3918,100.0,194504350818.1151,1147,2081.5,158902.0,32,1.8,2.05,6.04,random,6.04,88.47,geometric_increase
0.033345,194.2281,82.9037,24.0102,100.0,194228133041.9416,1130,2113.9,161333.0,35,1.85,3.63,5.02,linear,5.68,80.13,geometric_increase
0.033319,99.4419,39.0533,22.1857,100.0,99441893693.1545,821,2908.6,158902.0,32,2.2,4.86,7.61,geometric,3.53,107.52,geometric_increase
0.033194,41.5405,18.9195,19.6943,100.0,41540517783.5373,896,2664.7,94266.0,34,1.9,8.09,8.1,back_heavy,1.73,57.1,linear_increase
0.033126,119.1518,59.7282,30.2491,100.0,119151820084.3697,897,2662.2,159664.0,36,1.45,2.91,8.43,front_heavy,8.12,47.43,pyramid
0.033096,800.882,368.4351,14.4125,100.0,800882031396.9541,1387,1721.7,267828.0,31,2.9,2.33,9.03,back_heavy,3.06,63.41,pyramid
0.033043,343.9609,124.669,33.3962,100.0,343960888951.3254,910,2624.8,267797.0,34,1.55,4.55,7.84,random,19.76,39.06,linear_increase
0.03297,157.2465,58.9174,31.9812,100.0,157246461427.345,614,3889.2,268595.0,34,1.8,5.06,8.8,front_heavy,12.42,46.4,linear_increase
0.032936,243.7586,94.5658,50.4492,100.0,243758577506.8587,733,3122.2,268604.0,35,1.2,8.73,9.9,front_heavy,28.57,28.57,flat
0.03292,655.6321,266.342,28.2645,100.0,655632093536.1443,2089,1143.4,161361.0,30,1.5,1.75,5.64,geometric,10.02,77.42,geometric_increase
0.032887,200.8733,91.4292,35.6645,100.0,200873307667.3246,1157,2064.0,161306.0,34,1.25,3.11,5.84,front_heavy,12.33,57.21,geometric_increase
0.032779,185.3105,70.8869,24.8839,100.0,185310515308.4378,1113,2146.0,161356.0,35,1.9,3.29,7.73,linear,5.17,83.23,geometric_increase
0.032748,356.1101,203.9022,34.4056,100.0,356110130240.055,1572,1519.4,158446.0,30,1.1,0.45,5.0,front_heavy,18.13,54.99,geometric_increase
0.03252,332.9978,168.5931,43.4986,100.0,332997837490.9364,1498,1594.6,161360.0,34,0.95,0.53,5.68,front_heavy,23.04,36.82,geometric_increase
0.032511,500.5233,210.5864,37.3112,100.0,500523318660.0906,1103,2165.0,268629.0,31,1.25,2.0,8.09,random,32.26,32.26,flat
0.032497,310.0647,129.0112,50.2555,100.0,310064715835.9962,853,2749.8,268603.0,29,1.1,0.17,9.67,front_heavy,34.48,34.48,flat
0.03248,973.4147,795.8865,14.1102,100.0,973414668458.3892,259,9222.8,1596621.0,33,2.9,1.4,1.8,geometric,6.37,53.43,random
0.032446,496.2281,195.6578,37.0334,100.0,496228074782.1078,1103,2165.6,267822.0,33,1.3,2.7,5.51,front_heavy,30.3,30.3,flat
0.032438,221.8665,101.7357,42.6651,100.0,221866467070.2632,1218,1960.6,162146.0,32,1.1,3.34,6.87,front_heavy,16.07,46.43,linear_increase
0.032395,173.0231,102.6718,25.0066,100.0,173023092918.9278,1844,1295.4,94670.0,33,1.25,4.65,5.17,front_heavy,5.54,56.62,pyramid
0.032237,660.6714,294.3328,28.4632,100.0,660671441929.566,2115,1129.1,161636.0,33,1.45,1.94,3.69,geometric,11.1,63.61,geometric_increase
0.032206,222.2617,124.9889,18.729,100.0,222261652524.5845,3645,655.1,54425.0,32,1.3,2.5,2.93,linear,1.74,60.76,linear_increase
0.032195,739.229,443.7893,16.1585,100.0,739228990569.206,282,8153.2,1235445.0,29,3.5,3.27,8.4,geometric,34.48,34.48,flat
0.031962,641.9828,261.6229,36.0707,100.0,641982815013.7034,1264,1889.8,267832.0,30,1.25,4.07,4.98,geometric,33.33,33.33,flat
0.031872,59.8955,25.1586,22.435,100.0,59895501056.1731,907,2633.5,114161.0,31,1.75,6.96,8.16,front_heavy,2.88,61.63,linear_increase
0.031711,506.6734,194.0197,48.0119,100.0,506673428435.5543,1085,2119.1,267857.0,30,1.1,4.33,9.2,random,4.1,60.0,random
0.031663,242.5353,127.3101,25.5675,100.0,242535343439.8472,1293,1846.9,161638.0,33,1.55,5.06,7.25,geometric,8.65,53.31,pyramid
0.031635,170.668,114.203,26.4038,100.0,170667960491.5486,2235,1068.8,78501.0,34,1.15,3.76,4.59,front_heavy,4.8,54.02,pyramid
0.031611,434.4303,165.9238,25.4605,100.0,434430308498.0012,1736,1376.0,161307.0,35,1.85,1.93,5.93,geometric,5.89,78.96,geometric_increase
0.031538,440.7463,164.7973,45.07,100.0,440746268887.0805,1051,2272.1,268601.0,31,1.25,6.73,8.34,linear,3.9,64.16,random
0.031449,91.6116,35.9046,25.3983,100.0,91611582193.8426,1642,1454.7,78512.0,32,1.35,6.73,7.83,back_heavy,3.11,59.39,pyramid
0.031428,94.5941,43.3433,19.7012,100.0,94594089381.9072,1400,1706.2,93607.0,29,1.5,1.72,7.47,front_heavy,3.1,68.11,pyramid
0.031187,752.4474,336.4406,25.3078,100.0,752447398916.3204,2300,1038.5,161306.0,35,1.65,1.35,3.49,geometric,7.07,72.94,geometric_increase
0.031173,145.1966,43.7353,25.9995,100.0,145196611643.5556,2362,1011.2,69014.0,30,1.1,4.47,5.66,random,4.1,62.57,pyramid
0.031143,457.5928,214.1189,43.4368,100.0,457592756013.475,1078,2215.7,268577.0,29,1.1,4.82,4.83,front_heavy,4.48,59.58,random
0.031142,232.8842,101.1857,18.114,100.0,232884218922.2536,769,3106.0,268596.0,36,2.6,2.86,6.64,random,6.07,49.49,linear_increase
0.031133,646.4665,222.936,28.9733,100.0,646466451611.7472,1237,1858.7,267837.0,33,1.65,2.52,8.54,linear,5.11,50.82,random
0.031127,217.94,112.4692,19.1608,100.0,217940004924.9996,1239,1927.8,161308.0,33,2.0,3.57,6.24,linear,4.37,56.23,linear_increase
0.031105,482.7466,193.4823,17.3787,100.0,482746595125.8804,1110,2151.0,267968.0,30,2.6,2.51,6.86,geometric,5.44,61.23,linear_increase
0.031038,137.0628,57.3997,16.4716,100.0,137062777652.4171,591,4041.5,268569.0,34,3.0,5.64,6.28,random,4.19,54.64,linear_increase
0.031015,483.6456,177.1817,56.374,100.0,483645589332.6933,1072,2144.8,267831.0,31,1.0,5.4,7.67,back_heavy,3.19,56.02,random
0.031012,366.8728,189.8381,24.7419,100.0,366872840671.7616,1610,1483.7,161372.0,33,1.55,3.32,3.49,geometric,9.01,51.6,linear_increase
0.030843,166.3004,60.7733,28.3331,100.0,166300386535.8725,653,3658.0,268608.0,30,1.95,7.07,8.59,back_heavy,10.49,75.66,geometric_increase
0.030793,137.3143,72.2498,35.0713,100.0,137314293636.5475,984,2427.5,162106.0,30,1.3,3.74,8.84,front_heavy,9.97,56.69,pyramid
0.030736,215.7231,82.075,34.3544,100.0,215723122577.1521,745,3206.1,268597.0,31,1.65,5.66,7.69,front_heavy,15.29,49.23,linear_increase
0.030725,658.0663,372.6719,15.912,100.0,658066273859.2494,259,8438.6,1234988.0,34,4.0,3.65,6.95,linear,29.41,29.41,flat
0.030686,1192.5178,344.7504,27.2322,100.0,1192517837348.0786,1758,1358.6,267832.0,32,1.95,0.69,7.7,geometric,6.82,84.17,geometric_increase
0.030613,233.9143,123.7176,20.7329,100.0,233914307123.3138,777,3072.8,268605.0,34,1.7,1.52,7.82,front_heavy,5.92,49.76,random
0.030508,309.844,163.2166,19.687,100.0,309843992787.2099,1492,1600.9,161333.0,29,1.95,2.48,6.37,back_heavy,4.67,111.2,geometric_increase
0.03043,161.0941,63.9316,23.1898,100.0,161094126589.6029,647,3691.7,268606.0,30,2.2,7.02,8.76,back_heavy,8.3,58.36,linear_increase
0.030221,127.1391,54.5258,30.1859,100.0,127139100284.4184,960,2488.2,161390.0,29,1.6,6.05,6.06,geometric,6.69,97.25,geometric_increase
0.030207,644.6641,214.0392,27.7946,100.0,644664123635.0194,1203,1833.5,267852.0,35,1.65,2.87,9.03,linear,6.08,49.78,random
0.0301,1014.3518,338.9697,38.2148,100.0,1014351835105.5322,1637,1459.1,267855.0,32,1.2,2.6,5.39,geometric,7.12,51.28,random
0.030091,855.6176,392.1469,24.3916,100.0,855617626951.0282,2535,942.3,158892.0,34,1.7,1.08,3.03,linear,5.85,82.46,geometric_increase
0.030018,129.2131,45.7637,26.8651,100.0,129213084813.3041,1655,1443.2,94689.0,32,1.35,1.89,5.42,front_heavy,4.35,58.15,linear_increase
0.029966,446.7347,169.0927,28.7029,100.0,446734726265.8628,1089,2193.5,267823.0,35,1.65,4.14,7.73,linear,17.67,40.11,pyramid
0.029843,80.768,28.8378,22.4723,100.0,80767973729.0696,1380,1730.4,90023.0,33,1.55,0.33,7.81,random,2.72,112.12,geometric_increase
0.029841,723.9439,239.8167,30.5127,100.0,723943937565.0232,1389,1719.7,267857.0,30,1.6,2.44,8.71,geometric,19.29,52.7,geometric_increase
0.029767,774.597,423.8386,16.4062,100.0,774597013116.1525,312,7656.1,1235023.0,35,3.5,2.75,8.44,geometric,28.57,28.57,flat
0.029719,905.8702,334.3995,34.2848,100.0,905870210385.8282,1557,1534.1,267831.0,30,1.35,2.52,4.27,random,26.14,41.09,random
0.029655,1045.9823,609.1448,24.7755,100.0,1045982274768.581,851,2805.6,526917.0,32,2.1,2.55,3.07,front_heavy,17.07,42.25,random
0.02961,321.1882,187.3653,33.8847,100.0,321188225376.911,1566,1525.3,158857.0,32,1.1,0.43,4.82,front_heavy,16.25,53.15,geometric_increase
0.02959,39.5773,15.5172,22.8955,100.0,39577298759.0828,539,4431.7,162077.0,31,2.4,2.51,8.36,front_heavy,2.33,126.73,geometric_increase
0.029522,417.1546,164.1427,43.6685,100.0,417154605529.212,1060,2253.4,267856.0,31,1.15,3.03,8.83,random,32.26,32.26,flat
0.029453,206.4975,89.7795,41.8137,100.0,206497546009.2376,736,3207.9,268605.0,34,1.3,4.76,9.55,front_heavy,4.61,53.72,random
0.029399,128.3599,70.0048,20.853,100.0,128359920853.6379,988,2416.5,159673.0,35,1.95,6.76,9.26,back_heavy,4.55,54.01,pyramid
0.029086,150.8857,78.8065,31.9866,100.0,150885724782.1667,1061,2250.7,162106.0,32,1.35,7.46,8.45,back_heavy,9.3,53.2,pyramid
0.02905,474.7885,241.7197,19.9046,100.0,474788471134.3566,1140,2094.7,267796.0,29,1.75,3.0,6.66,random,8.86,61.51,random
0.029036,204.0371,109.7357,20.0798,100.0,204037144843.4072,1241,1924.3,161305.0,36,1.85,1.53,6.65,random,4.85,50.7,linear_increase
0.028907,392.5431,243.6236,30.465,100.0,392543113088.6054,528,4521.7,526925.0,29,1.85,7.47,9.1,geometric,34.48,34.48,flat
0.028834,1078.5275,469.2604,23.2433,100.0,1078527511953.192,1724,1384.8,267833.0,30,1.8,1.7,2.76,front_heavy,10.36,56.14,random
0.028803,164.6286,98.7389,20.0914,100.0,164628562151.3413,1119,2133.6,161302.0,32,1.85,5.7,7.9,geometric,5.07,57.43,pyramid
0.028773,913.6061,315.4015,38.3388,100.0,913606090642.8164,1589,1503.2,267856.0,30,1.25,2.74,5.84,linear,33.33,33.33,flat
0.028748,122.6887,48.2526,36.4097,100.0,122688731650.1002,962,2482.3,162166.0,33,1.45,6.86,9.22,back_heavy,7.78,76.0,geometric_increase
0.028695,87.2762,45.4324,20.0653,100.0,87276235241.8414,825,2895.2,159672.0,32,2.1,6.17,6.99,front_heavy,3.45,59.05,linear_increase
0.028658,1181.8493,490.1108,20.7426,100.0,1181849298511.3499,1811,1319.0,267857.0,35,2.0,1.91,2.27,linear,11.12,47.05,pyramid
0.028652,280.8374,138.2186,27.4024,100.0,280837409739.7907,1463,1632.6,161636.0,30,1.45,3.84,7.49,geometric,9.1,57.56,linear_increase
0.028579,324.4936,160.2514,25.7005,100.0,324493573490.4578,1577,1514.3,161354.0,35,1.55,2.87,4.56,back_heavy,7.88,69.34,geometric_increase
0.028552,301.6428,125.4139,26.1998,100.0,301642754097.8814,914,2613.3,268605.0,33,1.65,7.24,8.3,linear,7.35,53.6,random
0.028442,614.9377,210.7868,31.4189,100.0,614937687762.2598,1309,1824.0,268199.0,34,1.4,3.84,9.12,linear,10.8,44.61,random
0.028391,567.888,232.2728,38.1244,100.0,567888009998.6248,1261,1893.7,267832.0,31,1.2,4.5,5.91,back_heavy,32.26,32.26,flat
0.028373,760.4882,254.5471,37.3628,100.0,760488240973.1381,1460,1636.1,267856.0,35,1.3,2.68,7.96,linear,28.57,28.57,flat
0.028141,254.6911,141.4883,30.5718,100.0,254691080159.7277,1408,1696.0,161351.0,29,1.25,2.07,6.45,random,11.75,75.11,geometric_increase
0.028141,242.8425,163.8713,26.7973,100.0,242842494069.2339,4048,590.1,54813.0,29,1.0,2.7,6.34,back_heavy,3.5,65.47,linear_increase
0.028009,121.8314,70.513,22.8125,100.0,121831445233.662,972,2457.5,162079.0,33,1.7,7.31,7.58,back_heavy,5.58,56.57,pyramid
0.027922,579.7249,203.392,23.4152,100.0,579724927487.498,598,3994.5,575570.0,35,2.2,4.14,6.96,linear,28.57,28.57,flat
0.027909,1035.1351,661.3138,26.0529,100.0,1035135075180.4395,731,2989.9,575821.0,29,1.8,0.44,6.14,random,34.48,34.48,flat
0.027732,202.7143,132.846,20.669,100.0,202714295710.7636,3671,650.7,55633.0,34,1.1,3.21,3.75,back_heavy,2.56,56.26,pyramid
0.027717,812.6362,266.3515,26.947,100.0,812636223967.7941,1527,1564.3,267853.0,35,1.75,3.23,8.44,back_heavy,12.84,42.99,random
0.027625,413.4548,162.142,48.9834,100.0,413454771217.9262,1088,2195.4,268577.0,31,1.1,2.2,7.29,front_heavy,27.59,36.99,random
0.027538,420.9566,226.4171,45.9053,100.0,420956568388.8692,537,4261.8,526922.0,30,1.55,2.84,8.73,front_heavy,7.26,53.32,random
0.027503,922.4929,533.1536,16.0499,100.0,922492947664.4742,324,6745.8,1235436.0,35,3.5,2.2,5.46,geometric,28.57,28.57,flat
0.027434,644.515,249.7467,36.6384,100.0,644515019784.6405,1367,1747.4,267834.0,33,1.25,3.88,6.5,back_heavy,30.3,30.3,flat
0.027424,88.5286,30.4977,23.6947,100.0,88528570424.5593,1332,1792.8,101860.0,31,1.5,0.26,6.72,front_heavy,3.31,61.21,linear_increase
0.027177,121.546,101.788,9.5958,100.0,121546049807.7434,1006,2369.3,158450.0,35,2.9,2.68,7.39,random,0.91,57.86,pyramid
0.027164,328.4783,160.2741,27.899,100.0,328478265387.5306,1625,1469.9,161636.0,31,1.4,3.1,6.98,back_heavy,9.46,75.87,geometric_increase
0.027145,733.8633,256.76,24.1657,100.0,733863277953.4401,1466,1628.9,267832.0,32,2.0,1.95,6.51,back_heavy,10.2,69.69,geometric_increase
0.027137,597.2998,215.6414,29.393,100.0,597299752810.3318,508,4700.8,697411.0,31,1.95,5.39,6.16,linear,2.19,62.08,random
0.027117,523.5152,307.0412,43.6751,100.0,523515152070.7607,572,3820.6,530856.0,31,1.5,5.43,6.19,back_heavy,3.32,56.43,random
0.027035,430.8922,175.1962,36.2482,100.0,430892223659.2082,1126,2121.4,267822.0,33,1.3,4.91,5.77,random,25.53,35.38,pyramid
0.027035,862.4716,339.8267,31.9546,100.0,862471595349.2333,2644,903.4,161354.0,35,1.4,1.49,3.25,linear,10.86,58.8,geometric_increase
0.027026,75.2372,38.4428,33.338,100.0,75237166212.1423,1324,1783.3,94089.0,34,1.05,2.02,8.89,front_heavy,5.24,53.59,pyramid
0.02699,80.7602,35.4154,32.9252,100.0,80760198512.355,1388,1720.9,94134.0,31,1.25,6.85,7.24,front_heavy,4.08,60.43,linear_increase
0.026946,837.0877,502.6621,28.1653,100.0,837087707092.7783,669,3266.9,575799.0,33,1.8,2.71,6.12,geometric,3.02,48.55,random
0.026938,88.6353,35.1117,36.7301,100.0,88635261910.6462,845,2826.0,162104.0,34,1.45,7.66,9.15,geometric,6.58,78.46,geometric_increase
0.026938,133.4112,83.7296,36.1536,100.0,133411228769.8507,2080,1148.4,80819.0,31,0.9,5.79,6.2,front_heavy,6.74,59.48,pyramid
0.026934,429.2572,158.7868,30.6871,100.0,429257195017.4904,1126,2121.3,267795.0,32,1.6,4.09,7.21,geometric,17.2,45.3,linear_increase
0.026835,448.5074,180.9878,40.7298,100.0,448507368868.8758,1153,2071.7,267832.0,34,1.2,3.77,5.56,front_heavy,29.41,29.41,flat
0.02682,456.2003,137.1631,27.2531,100.0,456200275924.3016,1163,2053.8,267855.0,34,2.0,2.26,8.7,linear,9.86,64.76,geometric_increase
0.026818,201.2975,106.7017,23.0664,100.0,201297471999.3326,1282,1862.4,161351.0,33,1.75,4.38,4.44,front_heavy,5.66,54.94,linear_increase
0.026816,437.3412,148.7407,28.5176,100.0,437341211966.1768,1139,2097.0,267808.0,32,1.75,2.36,7.22,random,14.09,58.17,geometric_increase
0.026813,61.2814,24.0152,22.9085,100.0,61281367529.8525,1421,1680.5,80340.0,35,1.5,3.2,6.36,front_heavy,2.07,55.07,linear_increase
0.026796,231.7619,88.0019,33.2152,100.0,231761925724.5602,827,2888.2,268605.0,35,1.6,5.77,7.6,random,14.8,42.34,linear_increase
0.026668,601.1071,238.2466,30.357,100.0,601107136254.704,1339,1783.9,267831.0,29,1.5,3.45,5.98,back_heavy,20.63,53.24,geometric_increase
0.026618,238.7885,116.29,27.5535,100.0,238788497681.3938,1402,1703.8,161373.0,34,1.5,3.69,3.74,linear,7.78,72.77,geometric_increase
0.026606,113.0601,44.6438,34.2809,100.0,113060058678.5392,573,4120.5,268604.0,31,1.65,4.6,9.75,front_heavy,11.0,70.29,geometric_increase
0.026605,48.6874,25.2129,19.9233,100.0,48687429128.51,640,3732.4,159666.0,35,2.1,2.93,9.08,front_heavy,2.74,54.41,linear_increase
0.026511,74.4407,56.1436,18.2223,100.0,74440739532.1395,2285,1045.3,55391.0,33,1.45,4.1,8.08,geometric,1.05,59.55,linear_increase
0.026505,183.894,109.0813,32.5471,100.0,183894002043.3212,2211,1080.3,89985.0,32,0.95,5.04,5.53,linear,7.64,54.86,pyramid
0.026489,491.6697,232.1431,20.8859,100.0,491669709618.8866,1215,1965.9,267833.0,31,1.85,3.01,5.01,front_heavy,11.43,60.15,random
0.026473,936.6081,312.154,24.2497,100.0,936608088257.564,751,3061.5,575859.0,32,2.1,2.31,9.31,geometric,29.56,33.24,random
0.026466,228.5885,153.2003,19.6139,100.0,228588460211.4515,1397,1709.8,158898.0,35,1.7,4.5,5.0,back_heavy,5.71,52.77,pyramid
0.026391,649.3883,236.9677,28.979,100.0,649388299560.0981,1399,1707.4,267835.0,35,1.6,2.59,7.92,back_heavy,16.97,44.37,geometric_increase
0.026375,45.3739,13.1851,14.5344,100.0,45373854340.9487,1788,1335.3,55386.0,32,1.55,2.93,6.17,random,0.75,61.75,linear_increase
0.026351,29.5218,15.3337,10.0218,100.0,29521794801.8228,844,2828.8,94683.0,31,2.7,4.21,7.71,front_heavy,0.41,64.11,linear_increase
0.026316,1328.6841,483.0429,32.8716,100.0,1328684056230.8325,2004,1192.0,267834.0,30,1.4,2.27,2.28,random,8.72,59.46,random
0.0262,945.3961,321.9107,39.1675,100.0,945396133179.0892,1694,1410.1,267857.0,31,1.2,2.25,6.58,linear,32.26,32.26,flat
0.026159,714.2094,360.786,18.9265,100.0,714209376274.306,1473,1620.9,267831.0,32,2.0,2.57,5.65,back_heavy,9.6,52.9,pyramid
0.02609,453.6887,174.5603,49.2765,100.0,453688716882.4509,1073,2036.9,268607.0,32,1.15,6.53,7.34,random,15.53,49.1,random
0.026081,952.7759,335.7834,34.2059,100.0,952775884954.7888,1704,1401.4,267856.0,31,1.35,2.6,7.07,back_heavy,12.26,52.55,random
0.026076,586.9031,228.1172,36.8256,100.0,586903088534.4221,1338,1785.3,267836.0,35,1.25,4.01,4.78,geometric,28.57,28.57,flat
0.025956,104.5069,37.9711,26.8296,100.0,104506858623.9651,564,4233.1,268604.0,35,2.2,7.06,7.32,front_heavy,6.56,75.42,geometric_increase
0.025883,264.9655,122.8671,37.3876,100.0,264965528683.7234,3502,682.1,69014.0,34,0.8,0.87,3.46,front_heavy,8.23,50.6,linear_increase
0.025874,264.5367,166.099,31.9855,100.0,264536726290.195,450,5212.4,527048.0,36,1.9,4.03,9.62,front_heavy,27.78,27.78,flat
0.025849,59.2886,26.4634,23.2601,100.0,59288641082.3344,1210,1973.2,94501.0,34,1.65,6.72,9.99,geometric,2.14,56.68,linear_increase
0.025826,610.3903,238.5772,42.3829,100.0,610390255762.2994,1371,1742.2,267836.0,29,1.15,3.15,6.06,random,34.48,34.48,flat
0.025761,133.5051,51.5098,28.3444,100.0,133505130120.231,640,3731.2,268608.0,35,1.85,6.95,7.56,random,9.33,63.77,geometric_increase
0.025701,114.4749,46.8942,48.868,100.0,114474909130.9698,983,2429.3,162128.0,32,1.1,8.62,8.73,front_heavy,10.84,67.52,geometric_increase
0.025693,285.8489,118.7445,52.6925,100.0,285848907957.3665,938,2546.6,268607.0,33,1.05,7.23,8.52,front_heavy,30.3,30.3,flat
0.025681,323.0338,141.4309,47.4059,100.0,323033797568.0164,997,2395.2,268629.0,32,1.05,6.59,8.39,random,31.25,31.25,flat
0.025561,86.6155,66.5193,15.2627,100.0,86615504211.8714,871,2742.5,159644.0,30,2.1,6.63,7.69,front_heavy,2.85,63.82,pyramid
0.02552,323.3858,133.4,46.7456,100.0,323385846971.116,1001,2386.1,268604.0,36,1.15,0.38,7.69,front_heavy,27.78,27.78,flat
0.025486,813.2123,448.4334,18.6811,100.0,813212349770.6191,316,6916.4,1235479.0,34,3.0,1.42,9.65,linear,29.41,29.41,flat
0.025463,1226.1828,355.0679,28.5441,100.0,1226182769374.1838,1957,1220.5,267831.0,33,1.85,0.85,4.78,linear,8.28,52.33,linear_increase
0.025449,1232.494,768.7596,16.4,100.0,1232493999419.4302,414,5769.5,1269673.0,30,2.9,1.88,2.98,back_heavy,33.33,33.33,flat
0.025319,107.3609,64.9507,30.9433,100.0,107360866656.4241,2808,850.7,55394.0,29,0.8,5.67,6.67,geometric,4.35,66.77,pyramid
0.02531,166.8907,61.9598,27.4121,100.0,166890721665.1143,722,3307.5,268575.0,33,2.0,6.11,6.2,front_heavy,8.78,71.76,geometric_increase
0.025304,589.3392,228.9885,44.0464,100.0,589339190224.6171,1361,1755.0,267832.0,30,1.1,1.75,7.88,random,33.33,33.33,flat
0.025205,99.5021,42.8771,25.7778,100.0,99502130796.1176,930,2567.7,161333.0,31,1.8,5.37,6.07,linear,4.36,104.37,geometric_increase
0.025,1804.559,602.2962,18.8089,100.0,1804559004872.478,2392,998.6,268280.0,31,2.2,0.97,2.02,back_heavy,3.09,61.43,linear_increase
0.024989,513.3203,344.7179,15.9642,100.0,513320347991.6108,267,8615.2,1234776.0,32,3.5,2.93,8.09,random,31.25,31.25,flat
0.02496,463.5448,239.5447,20.5158,100.0,463544834882.285,1215,1965.1,267795.0,30,1.95,3.5,5.87,linear,10.12,56.54,pyramid
0.024936,590.3414,279.4083,31.2267,100.0,590341366728.2856,3637,656.7,101049.0,33,1.1,1.84,2.26,linear,8.39,73.33,geometric_increase
0.024874,445.6068,168.934,30.786,100.0,445606784319.8665,3552,672.3,89984.0,29,1.1,2.15,2.84,back_heavy,6.8,96.59,geometric_increase
0.024826,585.8907,251.3332,39.861,100.0,585890684844.5422,1370,1743.5,267831.0,29,1.1,3.63,5.36,random,34.48,34.48,flat
0.024826,46.0921,46.8819,10.5048,100.0,46092081514.8593,1147,2081.6,89693.0,33,2.0,3.12,7.4,front_heavy,0.77,61.68,pyramid
0.024816,669.3326,382.3279,27.6846,100.0,669332647915.6946,739,3232.3,530852.0,30,1.9,4.11,8.03,geometric,33.33,33.33,flat
0.0248,186.3246,108.8254,34.0544,100.0,186324570167.1736,2186,1092.4,94688.0,32,0.95,4.09,6.15,random,8.0,54.5,pyramid
0.024673,207.7308,75.3979,33.0096,100.0,207730847249.7682,816,2927.3,268605.0,32,1.7,6.33,8.8,geometric,12.33,62.91,geometric_increase
0.024636,422.5245,166.6171,43.5932,100.0,422524516270.038,1168,2045.1,267832.0,34,1.15,5.57,5.77,front_heavy,29.41,29.41,flat
0.024593,92.9973,50.998,25.7548,100.0,92997279500.3791,906,2636.5,162131.0,30,1.6,3.67,7.76,front_heavy,5.25,61.42,linear_increase
0.02459,426.9811,183.1058,61.3186,100.0,426981145068.578,1126,2032.5,267827.0,33,0.9,5.23,7.27,geometric,7.53,51.85,random
0.024577,145.9765,81.781,15.9704,100.0,145976490202.6525,1158,2061.7,158893.0,34,2.2,3.9,8.65,geometric,2.54,56.28,linear_increase
0.024576,94.1637,83.4402,21.7086,100.0,94163682194.2931,1886,1266.2,78375.0,29,1.15,3.97,6.58,front_heavy,3.29,67.9,pyramid
0.024555,48.7442,11.7935,22.9259,100.0,48744218615.0937,1332,1793.2,79896.0,32,1.4,0.14,8.96,front_heavy,2.0,60.5,pyramid
0.024548,682.2279,345.6417,21.4737,100.0,682227932190.9382,1487,1606.4,267798.0,29,1.75,3.14,5.17,back_heavy,13.76,56.69,pyramid
0.024528,1018.9165,788.6172,15.4709,100.0,1018916533786.5444,279,7832.9,1596479.0,31,2.7,0.37,5.16,back_heavy,10.0,54.52,linear_increase
0.024526,263.4681,199.2831,38.2756,100.0,263468056446.7662,423,5121.8,530848.0,33,1.45,7.75,9.52,geometric,3.31,55.85,random
0.024433,43.0793,16.8727,25.5175,100.0,43079322718.4117,1226,1925.8,80865.0,35,1.3,0.72,9.59,front_heavy,2.3,56.39,pyramid
0.024336,182.621,67.5392,31.1451,100.0,182621024568.9128,770,3100.7,268605.0,34,1.75,3.77,7.01,front_heavy,11.27,60.24,geometric_increase
0.024332,254.9495,97.8225,15.8886,100.0,254949535283.4136,4489,532.0,54453.0,32,1.35,2.44,8.21,back_heavy,0.7,61.8,pyramid
0.024301,117.4066,57.0297,26.4475,100.0,117406648510.5533,1029,2320.7,161307.0,35,1.6,6.05,6.86,back_heavy,5.53,51.62,linear_increase
0.02428,174.2522,94.9933,40.4719,100.0,174252152588.7056,1246,1917.1,162410.0,31,1.05,6.41,7.49,front_heavy,13.08,52.71,pyramid
0.024271,592.4879,353.5025,25.8322,100.0,592487929514.9602,703,3397.9,530886.0,35,2.0,4.24,7.97,back_heavy,28.57,28.57,flat
0.024179,242.903,146.7381,28.2913,100.0,242903015042.5672,1484,1609.6,161334.0,32,1.25,5.03,5.34,linear,10.4,52.1,pyramid
0.024111,146.5077,63.4525,26.0118,100.0,146507707373.4,1154,2069.3,161307.0,31,1.65,3.82,8.7,linear,5.19,97.98,geometric_increase
0.024019,262.988,142.4172,32.2182,100.0,262988035280.3853,1573,1518.6,158899.0,29,1.2,2.57,4.63,front_heavy,11.49,75.96,geometric_increase
0.024009,75.9534,36.3953,46.1201,100.0,75953360137.6796,1295,1823.2,102547.0,31,0.9,7.51,9.93,front_heavy,6.97,59.23,pyramid
0.023943,145.3892,98.2381,23.0727,100.0,145389156006.0196,2093,1141.3,88935.0,35,1.3,0.57,9.29,random,3.17,53.97,linear_increase
0.023877,392.9206,163.6997,46.5619,100.0,392920565696.2641,1144,2088.0,267855.0,31,1.05,6.19,7.66,geometric,32.26,32.26,flat
0.023855,452.6575,167.211,30.7183,100.0,452657453787.8951,1228,1944.3,267828.0,32,1.55,3.47,6.95,linear,16.55,52.5,geometric_increase
0.02374,701.4236,422.8357,27.7685,100.0,701423595669.967,779,3066.1,527044.0,30,1.9,4.39,4.63,back_heavy,33.33,33.33,flat
0.023722,371.8561,158.4623,50.7654,100.0,371856126208.6179,1113,2145.5,268628.0,29,1.0,7.21,7.47,back_heavy,34.48,34.48,flat
0.023671,35.8128,9.7933,16.9206,100.0,35812777509.2234,1141,2069.3,80487.0,31,1.65,1.76,9.37,front_heavy,1.21,65.38,pyramid
0.023655,168.128,75.3381,24.2303,100.0,168128022662.8295,1977,1208.2,101856.0,29,1.2,3.98,5.46,front_heavy,5.18,65.88,pyramid
0.023646,74.5424,25.7848,22.4974,100.0,74542364391.2471,2085,1145.7,64325.0,32,1.15,5.23,6.7,random,2.24,60.26,pyramid
0.023625,1851.3125,560.6141,36.6215,100.0,1851312508715.5457,2493,958.1,268200.0,33,1.3,1.38,2.33,geometric,27.44,33.34,pyramid
0.023603,89.1944,50.27,18.2369,100.0,89194383201.3834,906,2636.5,162075.0,30,2.2,6.56,7.69,geometric,2.75,63.92,linear_increase
0.02356,38.7436,18.6101,23.4835,100.0,38743647917.7223,1020,2324.5,94262.0,34,1.55,8.11,9.46,geometric,1.92,56.9,linear_increase
0.023557,819.5504,334.9711,31.9144,100.0,819550428257.1091,1663,1436.0,267835.0,29,1.35,3.01,7.27,back_heavy,24.69,44.97,pyramid
0.023557,211.117,92.7546,29.8803,100.0,211116996037.2292,1401,1704.5,161360.0,34,1.45,3.87,9.37,back_heavy,7.47,74.17,geometric_increase
0.023486,288.8801,132.2703,40.8768,100.0,288880075637.5568,4653,513.3,56932.0,31,0.75,2.42,2.45,back_heavy,6.79,88.13,geometric_increase
0.023465,1217.2056,485.0455,21.4502,100.0,1217205581483.0544,2031,1176.0,267853.0,32,1.9,1.54,4.34,geometric,8.81,53.69,pyramid
0.023448,165.9867,81.8881,48.503,100.0,165986650649.8548,1240,1926.4,162077.0,34,0.95,7.46,7.9,front_heavy,14.76,44.07,pyramid
0.023435,505.9014,206.2645,41.1869,100.0,505901383861.0867,1310,1822.9,267834.0,32,1.15,4.59,4.9,front_heavy,29.99,32.51,linear_increase
0.023435,598.0289,423.1905,10.8735,100.0,598028909341.9111,1424,1676.6,267831.0,29,2.9,2.76,3.3,linear,1.53,69.79,pyramid
0.023373,388.1486,159.6753,48.4305,100.0,388148634169.7988,1146,2084.4,268608.0,31,1.05,6.71,6.89,back_heavy,32.26,32.26,flat
0.023351,117.4532,59.2905,25.6267,100.0,117453176944.0678,1050,2274.8,161332.0,34,1.65,5.94,8.78,back_heavy,5.09,53.73,linear_increase
0.023313,816.7564,594.7219,15.4532,100.0,816756417439.5524,362,6598.1,1235017.0,29,3.0,3.06,4.77,back_heavy,12.07,56.74,random
0.02331,1926.1456,618.6307,32.4533,100.0,1926145635672.622,1955,1176.6,338223.0,29,1.4,1.12,1.61,front_heavy,34.48,34.48,flat
0.023306,200.9043,144.0104,18.4368,100.0,200904252642.4036,1396,1710.6,158822.0,34,1.7,4.02,5.36,random,4.88,53.94,pyramid
0.023277,255.697,113.1194,34.4969,100.0,255697008054.02,932,2562.8,268608.0,33,1.35,6.67,8.29,random,10.38,46.39,random
0.023209,170.0209,96.3434,19.041,100.0,170020869886.3793,355,6156.4,526925.0,34,3.5,5.87,7.59,random,8.73,68.86,geometric_increase
0.023128,105.0059,43.3155,37.2494,100.0,105005904503.4706,1008,2369.7,159675.0,31,1.35,5.68,7.33,front_heavy,7.05,86.72,geometric_increase
0.02312,266.0245,159.6051,30.9374,100.0,266024526006.1758,1588,1504.2,161355.0,29,1.15,5.3,8.36,back_heavy,12.23,58.33,pyramid
0.023077,513.711,230.906,15.4838,100.0,513710968233.4819,1330,1795.1,267830.0,33,2.8,2.17,6.53,back_heavy,2.85,57.75,linear_increase
0.02305,399.0333,162.019,22.9431,100.0,399033289791.329,1173,2035.4,267809.0,34,1.95,3.13,5.86,geometric,9.39,49.43,linear_increase
0.02304,885.2268,521.9834,26.2085,100.0,885226829561.1906,882,2708.3,530864.0,30,1.85,3.13,6.07,back_heavy,33.33,33.33,flat
0.023036,993.4509,611.2512,17.2486,100.0,993450897390.7347,371,5949.3,1235478.0,32,2.8,1.52,6.97,geometric,31.25,31.25,flat
0.022971,134.0104,47.3556,30.7004,100.0,134010395146.5687,679,3516.3,268572.0,31,1.9,6.57,8.2,random,8.49,79.86,geometric_increase
0.022953,593.8522,277.1839,40.487,100.0,593852203581.9712,1434,1665.3,267855.0,35,1.05,3.2,5.59,back_heavy,6.0,57.51,random
0.022816,1505.1862,539.27,38.0148,100.0,1505186214610.643,2290,1043.0,267902.0,29,1.2,2.06,2.29,back_heavy,34.48,34.48,flat
0.022798,65.2653,31.3829,27.1864,100.0,65265287553.605,786,2984.2,159671.0,33,1.7,8.66,8.86,back_heavy,4.1,56.51,linear_increase
0.022791,93.7514,24.4587,27.2385,100.0,93751413898.6178,1895,1260.2,80822.0,35,1.15,6.01,6.09,linear,3.39,55.24,pyramid
0.022702,562.331,217.8444,23.6371,100.0,562330980156.6602,653,3658.0,575721.0,35,2.0,4.12,8.69,back_heavy,28.57,28.57,flat
0.022553,86.3612,33.5423,31.7763,100.0,86361236216.5251,544,4340.1,268574.0,30,1.75,9.63,9.75,back_heavy,8.19,85.09,geometric_increase
0.022546,590.5683,230.3646,43.866,100.0,590568259982.8278,1443,1654.9,267835.0,30,1.1,4.04,5.62,random,33.33,33.33,flat
0.022533,289.4983,189.2467,30.288,100.0,289498349080.4574,3008,794.1,90005.0,34,1.0,1.53,3.27,front_heavy,7.15,51.68,linear_increase
0.022533,91.5204,36.4493,25.4745,100.0,91520443279.95,943,2531.9,161358.0,29,1.8,3.01,9.94,random,3.83,118.81,geometric_increase
0.022495,1246.9831,757.9411,17.6452,100.0,1246983127408.2114,455,5249.5,1235974.0,33,2.8,1.86,2.41,front_heavy,7.33,51.38,random
0.022482,312.7102,114.6604,22.8778,100.0,312710229892.5364,1052,2270.6,267794.0,34,2.1,2.89,8.08,geometric,7.37,74.62,geometric_increase
0.022356,465.4576,304.8466,16.51,100.0,465457567441.9899,2136,1118.2,161354.0,30,2.0,2.23,4.39,back_heavy,2.9,63.77,linear_increase
0.022341,334.9077,145.4694,28.8526,100.0,334907722254.8824,1813,1317.5,161306.0,30,1.45,2.47,6.32,linear,7.61,87.91,geometric_increase
0.022239,345.2667,143.2077,46.0395,100.0,345266656254.9424,1108,2155.7,268604.0,36,1.1,4.36,6.7,front_heavy,27.78,27.78,flat
0.022226,652.4947,266.2064,39.5871,100.0,652494741832.851,1528,1563.3,267855.0,32,1.1,1.27,5.28,random,9.76,50.89,random
0.022087,196.2371,97.5514,45.1517,100.0,196237144267.7357,1410,1694.0,159675.0,32,1.0,7.06,7.16,linear,13.93,48.57,pyramid
0.022001,62.113,24.2393,16.4448,100.0,62112950179.3805,1340,1782.1,94689.0,34,2.0,5.25,8.5,linear,1.1,57.73,linear_increase
0.021974,453.0932,216.1724,31.2627,100.0,453093224150.1858,2122,1125.6,161633.0,32,1.15,1.93,4.82,front_heavy,8.34,55.82,random
0.021961,345.721,128.7664,36.8892,100.0,345721025817.7521,1119,2134.7,267836.0,35,1.35,5.06,7.45,linear,19.4,40.16,geometric_increase
0.021939,270.9164,185.0237,32.8119,100.0,270916358780.72,491,4777.2,530860.0,32,1.7,4.39,9.34,front_heavy,29.74,32.81,geometric_increase
0.021926,242.1187,104.7791,57.4294,100.0,242118732935.897,932,2516.7,264466.0,35,0.95,2.84,7.66,front_heavy,9.12,44.06,random
0.021852,260.0107,100.5902,33.2838,100.0,260010704350.7492,973,2455.0,267794.0,33,1.5,5.27,6.29,random,14.72,53.86,geometric_increase
0.021759,552.458,196.8462,25.0297,100.0,552457973713.1912,661,3613.8,575821.0,35,2.0,2.34,7.4,random,28.57,28.57,flat
0.021714,1335.8539,413.4732,28.8833,100.0,1335853866246.2966,2129,1079.9,267857.0,35,1.5,1.79,3.84,geometric,5.46,54.08,random
0.021705,181.0564,107.2605,38.8294,100.0,181056382103.1216,1366,1748.2,159665.0,30,1.0,1.64,9.31,random,13.03,67.42,geometric_increase
0.021641,1012.1925,431.6946,34.0989,100.0,1012192498586.5292,1929,1238.3,267805.0,35,1.25,1.47,2.65,front_heavy,28.57,28.57,flat
0.021633,260.8537,155.0062,28.406,100.0,260853687046.7944,1626,1469.0,161304.0,31,1.25,3.25,4.63,random,9.86,54.65,linear_increase
0.021618,312.9944,154.5576,24.4268,100.0,312994379444.898,1073,2225.5,267791.0,32,1.7,4.06,6.41,random,11.88,50.62,pyramid
0.021606,534.6807,217.2482,43.1202,100.0,534680683648.179,1403,1702.6,267835.0,32,1.1,4.7,5.83,back_heavy,31.25,31.25,flat
0.021529,108.1469,48.2241,32.0844,100.0,108146923309.1144,623,3789.8,268603.0,30,1.6,2.41,9.88,front_heavy,9.9,56.76,linear_increase
0.021475,427.6578,160.7614,25.6429,100.0,427657809078.852,1258,1897.9,267830.0,33,1.8,2.71,8.0,linear,10.38,50.23,linear_increase
0.021454,815.0911,475.2697,15.7665,100.0,815091136544.0743,345,6334.9,1234762.0,35,3.5,2.01,8.79,back_heavy,6.91,54.35,random
0.021397,456.0194,188.8479,46.0371,100.0,456019400681.6887,1302,1834.6,267834.0,31,1.05,3.32,8.24,random,32.26,32.26,flat
0.021308,442.4945,350.6405,19.8497,100.0,442494498190.7093,2134,1119.4,161307.0,30,1.45,2.79,3.6,random,7.47,59.2,pyramid
0.02129,45.7637,38.2392,19.6818,100.0,45763703260.5945,1396,1710.6,79309.0,33,1.25,4.39,8.25,front_heavy,1.99,60.38,pyramid
0.021246,250.9793,135.1896,19.4724,100.0,250979318185.9018,1609,1484.1,161308.0,35,1.95,3.03,4.96,linear,3.5,53.64,linear_increase
0.021216,831.8962,448.4947,27.2069,100.0,831896154578.2903,891,2680.9,530865.0,30,1.9,3.49,8.58,back_heavy,22.29,40.79,random
0.021137,131.4037,58.5274,22.2172,100.0,131403692192.9546,701,3406.6,268596.0,29,2.2,7.07,8.8,back_heavy,6.07,62.89,linear_increase
0.021114,397.4031,241.6344,36.5142,100.0,397403117927.7248,569,3840.7,526920.0,31,1.65,6.69,8.69,linear,4.72,63.08,random
0.021108,137.4369,141.5221,26.1691,100.0,137436938124.3691,3461,690.1,55688.0,32,0.85,4.1,4.35,linear,3.5,59.0,pyramid
0.021104,472.9392,192.3099,42.498,100.0,472939161795.6965,1335,1789.3,267856.0,34,1.1,4.92,7.26,back_heavy,29.41,29.41,flat
0.021086,603.608,303.6921,33.2254,100.0,603608047493.1304,1509,1582.9,267804.0,31,1.2,1.86,4.97,random,27.17,37.68,pyramid
0.020967,1204.0837,501.3331,34.9367,100.0,1204083713158.3794,2137,1117.7,267852.0,33,1.2,1.76,2.24,front_heavy,30.3,30.3,flat
0.020929,200.4272,130.3831,19.3579,100.0,200427214892.5581,1471,1623.8,158900.0,35,1.8,4.17,7.88,linear,3.95,54.64,pyramid
0.020884,403.0817,169.5448,46.4968,100.0,403081653020.1442,1239,1927.8,267825.0,33,1.05,3.94,6.16,front_heavy,30.3,30.3,flat
0.020838,321.177,124.7655,30.4139,100.0,321176985093.0984,3314,720.6,89459.0,30,1.1,2.4,2.48,geometric,5.57,99.77,geometric_increase
0.020769,75.9259,26.5418,18.6091,100.0,75925897530.1482,1418,1684.1,101823.0,33,1.8,5.37,7.48,back_heavy,1.65,58.96,linear_increase
0.020752,435.7524,184.8114,45.445,100.0,435752426557.6321,1292,1848.3,267830.0,33,1.05,2.27,7.61,random,30.3,30.3,flat
0.020744,226.8249,156.8293,21.3746,100.0,226824944810.8414,1548,1543.1,161357.0,32,1.5,0.99,5.83,random,6.22,56.28,linear_increase
0.020714,383.5452,160.9908,50.5137,100.0,383545196643.7262,1210,1974.0,268609.0,31,1.0,5.66,6.77,front_heavy,32.26,32.26,flat
0.020676,278.1045,173.5143,34.5948,100.0,278104534211.9486,481,4543.4,526925.0,34,1.8,9.07,9.75,linear,29.41,29.41,flat
0.020661,305.9723,149.8427,51.704,100.0,305972307882.2732,1802,1325.5,161303.0,30,0.85,2.86,8.97,random,20.66,46.01,pyramid
0.020627,1000.5228,591.6977,27.2761,100.0,1000522815265.6864,991,2410.4,530864.0,29,1.75,2.73,4.4,geometric,34.48,34.48,flat
0.020555,599.0961,216.7027,27.9959,100.0,599096106083.2201,708,3372.9,575819.0,29,1.8,4.33,9.31,linear,34.48,34.48,flat
0.020539,169.0602,78.4539,46.2677,100.0,169060202546.3316,1337,1786.5,162079.0,32,1.0,4.86,6.76,front_heavy,12.71,61.83,geometric_increase
0.020477,371.0622,152.1324,49.4894,100.0,371062193337.2469,1197,1995.6,268629.0,33,1.05,6.39,6.86,geometric,29.24,31.43,pyramid
0.020473,275.849,148.0342,63.9887,100.0,275848973933.4604,1032,2314.6,268678.0,34,0.75,6.81,8.37,front_heavy,2.52,64.22,random
0.020359,212.7465,182.2831,14.4306,100.0,212746545055.2663,1537,1554.0,158858.0,30,1.85,4.29,8.18,back_heavy,3.24,63.43,pyramid
0.020332,219.6927,85.6154,35.2866,100.0,219692721016.2247,927,2576.6,267836.0,34,1.4,5.35,8.45,random,14.62,51.53,geometric_increase
0.020199,1085.0892,430.7587,37.9937,100.0,1085089206681.4377,2067,1155.6,267835.0,31,1.15,2.52,2.54,geometric,32.26,32.26,flat
0.020156,858.8863,509.4026,17.7808,100.0,858886349632.8807,399,5985.0,1235468.0,32,2.7,2.45,8.44,geometric,10.87,51.74,random
0.020088,138.4097,65.3773,47.5892,100.0,138409716395.6871,1223,1952.6,162078.0,31,1.0,7.32,8.32,random,11.59,52.93,linear_increase
0.020042,134.7827,122.1631,26.2858,100.0,134782659063.7537,3532,676.1,55445.0,32,0.9,3.83,7.27,linear,2.93,59.57,pyramid
0.020004,78.8461,53.9498,16.6605,100.0,78846053946.3132,925,2581.6,162077.0,32,2.0,4.22,6.41,front_heavy,2.66,59.84,linear_increase
0.01999,49.7495,16.5233,23.9693,100.0,49749519746.2848,1165,2050.3,102282.0,31,1.5,5.63,8.03,front_heavy,2.23,62.29,linear_increase
0.019986,127.4726,34.7602,13.7308,100.0,127472625368.0554,3582,668.1,53357.0,32,1.5,2.02,2.91,front_heavy,0.46,62.04,linear_increase
0.019977,454.5567,283.496,42.5278,100.0,454556671247.6698,655,3494.1,527052.0,33,1.35,5.48,7.51,random,5.97,56.81,random
0.019922,210.8518,121.1506,23.4821,100.0,210851760009.894,1523,1568.0,161307.0,30,1.5,4.09,9.78,back_heavy,5.98,60.68,linear_increase
0.01991,551.0951,238.238,31.3492,100.0,551095129153.9452,1484,1609.6,267795.0,32,1.4,3.4,3.56,geometric,18.7,43.8,linear_increase
0.019898,406.8916,179.9464,46.0088,100.0,406891632606.195,1275,1872.9,267832.0,32,1.0,5.58,8.08,back_heavy,31.25,31.25,flat
0.019861,71.653,44.8912,25.3478,100.0,71653034817.3842,1403,1702.5,102257.0,31,1.2,7.43,8.4,random,3.56,62.87,pyramid
0.019859,702.5232,417.3306,19.0552,100.0,702523212139.0508,363,6566.2,1234992.0,34,3.0,4.22,9.62,back_heavy,3.47,54.76,random
0.01984,150.6897,53.7531,23.3376,100.0,150689745529.2011,3742,638.2,55616.0,35,1.0,3.54,4.16,geometric,2.34,56.34,pyramid
0.019775,109.8666,49.1078,22.9426,100.0,109866587831.8975,1975,1209.1,90125.0,29,1.35,4.84,5.0,linear,2.69,66.28,linear_increase
0.019761,50.8111,25.3093,21.1015,100.0,50811138927.5428,747,3196.2,162076.0,35,1.95,0.39,8.82,random,2.64,105.03,geometric_increase
0.019727,241.7799,107.5254,21.9731,100.0,241779940472.9996,987,2418.9,267795.0,32,2.0,3.19,6.67,random,7.06,55.44,linear_increase
0.019674,284.9832,147.349,24.6895,100.0,284983160046.525,1070,2231.8,268604.0,33,1.6,1.9,9.63,random,12.16,45.99,random
0.019627,725.0067,336.9108,22.9847,100.0,725006696845.9498,1714,1393.5,267835.0,33,1.75,2.61,6.69,back_heavy,11.43,50.35,pyramid
0.019616,789.2083,512.0533,18.2664,100.0,789208334499.2594,388,6156.4,1234874.0,32,2.6,3.19,3.9,geometric,6.75,64.14,random
0.019612,518.4398,215.0021,44.3367,100.0,518439792107.5716,1450,1647.3,267828.0,36,1.05,4.08,4.26,linear,20.97,34.86,random
0.019611,925.1739,324.6457,27.0233,100.0,925173870056.1252,901,2651.0,575798.0,29,1.8,2.84,6.32,geometric,34.48,34.48,flat
0.019555,88.7056,56.5979,17.682,100.0,88705627351.0832,278,7833.7,527603.0,30,3.5,8.6,8.86,linear,6.44,94.24,geometric_increase
0.019516,186.0419,114.797,55.3782,100.0,186041908715.449,1436,1663.4,162410.0,29,0.75,1.26,8.43,front_heavy,19.88,50.13,pyramid
0.019445,109.3033,45.5704,32.2007,100.0,109303274926.7547,610,3582.6,268603.0,31,1.7,6.78,9.44,front_heavy,9.53,54.99,linear_increase
0.019372,276.2372,106.601,38.8788,100.0,276237175866.8539,1065,2242.9,267832.0,34,1.3,5.68,8.42,linear,17.68,45.27,geometric_increase
0.019267,882.9784,340.4727,38.1588,100.0,882978449839.548,1909,1251.2,267852.0,34,1.15,2.71,4.56,back_heavy,29.41,29.41,flat
0.01925,154.705,64.2394,35.0643,100.0,154704983931.2604,797,2996.2,268604.0,30,1.5,7.28,7.87,back_heavy,11.49,72.19,geometric_increase
0.019187,124.5978,57.9258,21.7748,100.0,124597773283.2282,1193,2001.7,161306.0,34,1.95,3.53,8.96,back_heavy,3.02,104.54,geometric_increase
0.019139,131.2579,33.1432,25.3613,100.0,131257883053.1455,2524,946.3,78368.0,35,1.15,4.29,7.58,linear,2.94,55.71,pyramid
0.019119,454.4288,187.1293,23.4797,100.0,454428801286.5795,1375,1737.2,267833.0,31,1.85,2.58,6.34,linear,8.85,55.67,linear_increase
0.019067,751.7273,434.2966,27.098,100.0,751727330807.3949,893,2673.7,530879.0,35,1.8,2.89,7.05,geometric,28.57,28.57,flat
0.019038,1078.0072,635.9219,17.734,100.0,1078007191558.1309,452,5189.4,1234841.0,32,2.8,1.04,4.79,linear,20.86,41.64,linear_increase
0.019022,243.2531,126.9433,27.8659,100.0,243253054195.056,1674,1426.8,161354.0,33,1.35,3.65,7.0,geometric,7.47,53.13,linear_increase
0.018996,772.904,388.7662,26.0931,100.0,772903972076.0604,1799,1327.8,267832.0,29,1.5,3.02,3.08,random,17.06,53.15,pyramid
0.018957,1761.1005,512.173,31.298,100.0,1761100549854.2156,2717,879.7,268132.0,30,1.55,0.59,5.3,linear,7.73,58.94,pyramid
0.018953,277.57,118.6509,36.1547,100.0,277569972919.9643,1079,2213.2,267830.0,30,1.35,4.36,5.76,front_heavy,16.46,58.6,geometric_increase
0.018946,107.539,53.8747,44.3293,100.0,107539037817.6477,1110,2151.3,162080.0,33,1.05,0.3,7.97,front_heavy,9.33,69.66,geometric_increase
0.018943,1215.6565,458.871,37.8017,100.0,1215656521151.68,2259,1057.3,267855.0,36,1.2,1.99,2.07,geometric,0.78,53.85,random
0.018941,388.3514,168.2302,47.1425,100.0,388351403697.2948,1277,1870.4,267822.0,33,1.0,3.67,6.18,front_heavy,30.3,30.3,flat
0.018904,297.4807,241.8335,23.6125,100.0,297480748559.2066,222,9844.1,1234873.0,31,2.4,3.87,9.4,front_heavy,6.65,52.46,random
0.018897,104.4627,59.9283,28.9321,100.0,104462735476.8408,1112,2147.5,159665.0,34,1.4,7.63,8.32,back_heavy,5.71,53.11,pyramid
0.018819,567.6754,237.1631,47.3586,100.0,567675399845.7402,1549,1542.1,267835.0,29,1.0,4.73,5.1,linear,34.48,34.48,flat
0.01879,1402.2532,472.3177,38.964,100.0,1402253246821.8025,2436,980.5,267857.0,35,1.15,1.59,3.9,back_heavy,28.57,28.57,flat
0.018766,832.0735,564.9272,16.3799,100.0,832073504518.5098,400,5864.0,1234775.0,33,2.9,2.54,3.95,linear,30.3,30.3,flat
0.018732,480.1688,199.2726,23.3379,100.0,480168801518.8038,1428,1672.6,267798.0,29,1.8,2.42,7.02,linear,9.1,59.87,linear_increase
0.018722,651.5004,226.7107,27.0664,100.0,651500382107.1241,774,3085.3,575545.0,31,1.85,1.69,8.05,random,32.26,32.26,flat
0.018673,458.4329,187.7717,24.2204,100.0,458432903043.0876,1397,1709.4,267836.0,32,1.6,4.85,6.51,linear,4.48,53.28,random
0.018671,166.2163,59.5026,34.7392,100.0,166216339387.8396,4065,587.6,55444.0,29,0.7,4.12,4.98,geometric,5.17,65.89,pyramid
0.018628,139.3395,57.5162,29.0646,100.0,139339451074.3494,769,3105.3,268570.0,34,1.8,0.99,6.99,front_heavy,8.17,71.11,geometric_increase
0.018623,395.8548,215.0715,29.2882,100.0,395854753616.0944,2159,1106.4,161305.0,33,1.25,2.88,3.93,geometric,9.58,51.02,linear_increase
0.018553,334.9979,218.5311,26.3627,100.0,334997941764.56,2020,1182.5,158902.0,29,1.2,3.75,8.5,geometric,9.64,61.1,pyramid
0.018502,65.3527,26.6655,29.2867,100.0,65352708530.7701,889,2686.8,159682.0,35,1.7,6.13,7.85,linear,3.45,96.4,geometric_increase
0.018492,105.2463,49.8711,25.7971,100.0,105246257638.3956,1134,2106.3,158903.0,31,1.7,4.65,7.46,back_heavy,3.83,109.05,geometric_increase
0.018475,602.4342,254.3375,45.5279,100.0,602434165565.362,1610,1483.2,267835.0,29,1.0,4.07,4.99,random,34.48,34.48,flat
0.01847,1133.7272,716.0812,18.4148,100.0,1133727236262.4495,479,4986.5,1235442.0,31,2.6,1.73,3.57,linear,32.26,32.26,flat
0.018421,864.0153,802.1003,14.0267,100.0,864015284171.3999,324,7372.1,1596571.0,34,2.5,1.37,1.83,geometric,29.41,29.41,flat
0.018419,152.2226,85.8537,43.6671,100.0,152222603190.6,1339,1783.4,162127.0,32,0.95,7.47,9.61,back_heavy,12.23,50.27,pyramid
0.018382,307.4026,196.1545,29.2172,100.0,307402648815.0608,1944,1228.8,158900.0,31,1.15,2.79,3.81,front_heavy,10.44,54.07,linear_increase
0.018361,590.9869,362.459,28.5405,100.0,590986916864.0848,807,2959.1,530882.0,34,1.8,4.42,5.9,back_heavy,29.41,29.41,flat
0.01835,462.4494,220.1821,27.6466,100.0,462449375461.6724,1416,1686.9,267798.0,32,1.5,3.93,7.13,back_heavy,14.97,47.53,pyramid
0.018315,259.7234,191.6315,23.3101,100.0,259723389551.9244,1790,1334.4,158901.0,30,1.3,4.42,4.93,linear,7.7,58.96,pyramid
0.018262,112.6155,48.2232,30.9504,100.0,112615501227.2814,1985,1203.4,94499.0,34,1.0,4.52,6.05,front_heavy,4.98,53.85,pyramid
0.018259,279.1041,129.8023,60.224,100.0,279104072419.5256,1006,2172.5,268604.0,29,0.9,0.29,9.6,front_heavy,34.48,34.48,flat
0.018255,996.8087,562.1875,17.5693,100.0,996808681278.1322,452,5284.4,1234841.0,29,2.9,0.91,9.9,geometric,14.9,65.79,geometric_increase
0.018241,114.3027,47.3133,27.3518,100.0,114302679491.8837,704,3392.8,268578.0,31,1.85,8.01,8.94,linear,7.18,57.33,linear_increase
0.018216,1145.342,424.8951,29.2939,100.0,1145342034997.1707,2236,1068.2,267855.0,34,1.45,2.14,3.14,linear,7.41,53.75,random
0.018211,136.5365,52.7305,24.4401,100.0,136536483710.9681,772,3092.7,267790.0,34,2.0,5.21,7.56,geometric,6.24,80.26,geometric_increase
0.018186,565.3333,206.5875,34.2778,100.0,565333284647.2269,1572,1519.1,267835.0,33,1.35,4.36,8.99,geometric,4.58,44.1,random
0.018146,406.626,175.19,41.3421,100.0,406625996435.0099,1335,1789.2,267831.0,32,1.1,5.05,5.43,linear,25.32,37.18,linear_increase
0.018082,497.3748,373.2126,27.3869,100.0,497374825229.9913,688,3471.9,575821.0,31,1.6,4.2,6.77,linear,27.99,36.48,random
0.017959,768.7465,486.7801,17.328,100.0,768746472003.1693,400,5968.6,1234864.0,36,2.9,2.49,4.95,linear,27.78,27.78,flat
0.017944,104.1047,61.4408,32.8479,100.0,104104696981.8218,1131,2096.3,159671.0,30,1.2,4.84,8.91,random,7.1,59.56,linear_increase
0.017899,269.0439,177.2921,23.6032,100.0,269043872038.9648,1843,1296.1,158902.0,32,1.4,3.02,3.58,front_heavy,6.63,55.87,linear_increase
0.017859,704.608,283.9497,43.5767,100.0,704607983310.8962,1771,1348.4,267828.0,29,1.05,1.6,7.8,random,31.63,37.5,geometric_increase
0.017857,949.6624,800.9721,12.356,100.0,949662368998.0153,345,6923.3,1596571.0,31,2.9,1.51,1.66,front_heavy,24.82,39.69,linear_increase
0.017838,238.4298,104.8809,51.1107,100.0,238429837105.7442,1028,2323.5,268628.0,35,1.0,7.96,8.57,back_heavy,7.27,43.0,random
0.017805,254.9483,146.2993,40.9947,100.0,254948276519.8132,375,5828.1,697412.0,35,1.75,7.52,8.22,back_heavy,6.43,56.24,random
0.017716,54.3657,26.709,24.9827,100.0,54365666895.5605,816,2925.8,162078.0,31,1.8,2.64,6.8,front_heavy,2.9,118.98,geometric_increase
0.017715,403.1298,318.7531,22.4855,100.0,403129843231.7234,267,8185.8,1234835.0,33,2.4,3.57,7.41,front_heavy,3.01,55.2,random
0.017713,642.0387,230.225,28.0728,100.0,642038661341.0769,1698,1406.8,267833.0,32,1.65,2.13,8.15,back_heavy,11.46,65.53,geometric_increase
0.017695,221.3576,144.2728,19.2553,100.0,221357619406.701,507,4711.1,526924.0,29,2.9,4.9,8.47,linear,8.82,86.41,geometric_increase
0.017695,473.4624,261.6636,18.5118,100.0,473462370631.8439,1459,1637.1,267795.0,32,2.1,3.18,7.62,back_heavy,6.32,56.18,pyramid
0.017667,177.9409,108.2295,53.6906,100.0,177940870963.1624,1476,1618.3,162409.0,32,0.75,6.79,8.43,linear,7.65,49.77,random
0.017665,52.8034,18.1681,19.9794,100.0,52803381947.9025,486,4912.7,268598.0,31,2.9,6.85,9.66,geometric,2.5,124.34,geometric_increase
0.017665,499.8119,258.6681,27.5901,100.0,499811868670.3602,1500,1592.0,267790.0,31,1.35,1.52,4.52,front_heavy,12.88,51.78,random
0.01762,189.6115,78.8662,46.978,100.0,189611540642.4223,906,2589.0,268570.0,31,1.15,5.78,8.91,front_heavy,18.44,46.08,linear_increase
0.017589,378.3256,151.2254,49.9286,100.0,378325622274.1358,1308,1826.2,267831.0,35,1.0,5.03,7.46,random,28.57,28.57,flat
0.01755,169.66,87.825,37.6778,100.0,169659956913.644,1456,1640.6,161305.0,30,1.05,5.25,5.5,random,10.27,76.47,geometric_increase
0.017472,406.6604,330.302,32.495,100.0,406660441046.7692,579,3774.4,575824.0,35,1.4,4.02,7.58,back_heavy,6.7,48.65,random
0.017443,588.5571,244.266,43.728,100.0,588557105481.8833,1638,1458.2,267856.0,31,1.0,3.62,8.89,geometric,31.76,32.79,pyramid
0.017404,252.8194,97.9783,25.6895,100.0,252819427029.3361,5292,451.6,54429.0,35,0.85,2.58,3.4,geometric,3.18,55.46,pyramid
0.017395,606.2739,272.1487,39.4022,100.0,606273910965.2109,1665,1434.7,267834.0,34,1.05,3.61,3.62,geometric,29.41,29.41,flat
0.017307,150.8126,34.3262,31.2029,100.0,150812599854.0462,3231,739.3,69014.0,29,0.8,0.15,5.15,front_heavy,5.09,65.97,pyramid
0.017292,655.1783,311.3584,42.9531,100.0,655178291176.5902,1736,1376.0,267835.0,30,1.0,2.85,4.08,random,6.77,60.39,random
0.017275,591.7818,319.5591,18.4601,100.0,591781838040.9371,1650,1447.0,267809.0,29,1.95,2.71,7.17,geometric,7.05,63.87,pyramid
0.01723,997.2624,371.4078,41.3017,100.0,997262380506.4276,2145,1113.3,267836.0,32,1.1,2.58,3.4,geometric,31.25,31.25,flat
0.017207,186.3628,89.5119,38.0105,100.0,186362783597.1787,2630,908.3,94522.0,31,0.8,2.68,5.28,front_heavy,8.52,57.58,pyramid
0.017203,211.9048,84.9122,44.9723,100.0,211904786440.4982,987,2420.2,268605.0,33,1.2,7.28,8.67,geometric,17.31,48.35,geometric_increase
0.017186,626.4167,252.4216,26.9476,100.0,626416707233.8333,792,3014.6,575545.0,30,1.7,4.09,7.97,back_heavy,33.33,33.33,flat
0.01716,962.3436,554.8267,24.214,100.0,962343551785.1191,1073,2225.1,526916.0,32,1.9,0.21,7.29,random,5.2,58.25,random
0.01709,44.9477,31.4775,21.8772,100.0,44947662878.1516,1196,1974.1,101241.0,30,1.3,4.08,9.65,front_heavy,2.39,64.28,pyramid
0.017088,283.2447,125.8863,39.0983,100.0,283244680575.8862,1893,1261.5,162410.0,35,1.0,6.79,8.27,geometric,4.41,51.04,random
0.017067,852.2072,558.8732,25.6373,100.0,852207184366.5824,1013,2358.0,526926.0,35,1.8,2.32,3.0,front_heavy,17.41,43.35,random
0.017067,88.4267,37.2602,24.0052,100.0,88426662369.3407,1829,1305.6,93979.0,31,1.3,3.73,5.5,front_heavy,2.66,61.86,linear_increase
0.017036,439.7909,185.1101,24.322,100.0,439790868050.1969,1433,1666.9,267830.0,32,1.8,2.54,6.68,back_heavy,8.65,75.62,geometric_increase
0.01703,637.0973,347.1458,15.129,100.0,637097331905.3248,1725,1384.8,267832.0,30,2.4,2.11,5.82,linear,2.62,64.05,pyramid
0.017015,676.6656,284.8108,30.7966,100.0,676665632343.1847,1778,1343.1,267835.0,29,1.3,3.83,4.2,random,7.07,60.25,random
0.016822,337.4576,151.7292,52.6423,100.0,337457641220.7008,1263,1891.2,267855.0,35,0.9,6.32,7.34,geometric,21.76,35.59,random
0.016772,841.7248,355.8903,29.7839,100.0,841724752852.6812,1997,1195.6,267836.0,34,1.4,2.37,5.79,back_heavy,17.23,41.59,pyramid
0.016763,998.4091,607.3836,17.9202,100.0,998409069323.6908,436,5062.3,1235473.0,31,2.6,0.81,8.39,back_heavy,16.79,54.8,geometric_increase
0.016747,87.9058,61.6047,21.8446,100.0,87905831911.6082,1704,1401.4,101533.0,33,1.25,6.25,7.67,geometric,3.04,59.27,pyramid
0.016739,130.1061,73.4404,27.5425,100.0,130106058719.7703,1325,1802.3,158893.0,31,1.35,2.81,8.24,random,5.69,58.82,linear_increase
0.016736,783.1491,260.8206,35.6325,100.0,783149140382.885,1929,1238.2,267856.0,30,1.25,2.67,7.04,linear,8.58,56.17,random
0.016707,306.0264,99.293,23.1251,100.0,306026392602.2234,1207,1978.9,267830.0,33,2.3,1.63,8.18,linear,3.92,99.7,geometric_increase
0.016684,430.7295,189.3059,32.8329,100.0,430729521243.8518,1433,1666.9,267832.0,34,1.3,3.83,4.17,geometric,17.74,41.08,linear_increase
0.016611,280.9555,133.964,59.9891,100.0,280955549228.3771,1108,2065.5,268628.0,30,0.85,8.01,9.82,geometric,33.33,33.33,flat
0.01653,341.4914,148.4453,56.1378,100.0,341491428663.6805,1278,1869.0,268628.0,31,0.9,6.75,9.46,linear,31.57,32.96,geometric_increase
0.016521,167.013,91.29,33.62,100.0,167013028134.586,1511,1580.4,158902.0,29,1.15,5.34,7.99,geometric,8.28,60.68,linear_increase
0.016507,1103.3431,667.2999,21.4473,100.0,1103343122399.6978,445,4911.0,1269671.0,32,2.1,0.79,9.39,geometric,31.25,31.25,flat
0.01646,156.2851,95.005,31.3951,100.0,156285053535.7741,1443,1655.4,161304.0,31,1.2,2.92,5.73,front_heavy,7.69,56.82,linear_increase
0.01645,571.4826,233.9652,45.7214,100.0,571482638045.3743,1600,1437.0,267831.0,31,1.0,4.4,5.58,back_heavy,11.47,58.68,random
0.01643,628.9794,277.9572,39.5829,100.0,628979367782.0647,1745,1368.9,267832.0,35,1.1,1.48,5.68,random,12.32,39.69,random
0.016428,248.0152,109.1247,25.9642,100.0,248015229513.025,1096,2179.5,267791.0,30,1.7,4.23,6.7,back_heavy,9.14,80.92,geometric_increase
0.016417,233.5029,158.8029,23.5379,100.0,233502879351.2859,1766,1352.5,161305.0,35,1.4,4.19,9.73,back_heavy,6.14,52.32,pyramid
0.016403,483.1488,356.0695,37.652,100.0,483148817790.6009,2580,925.9,158898.0,33,0.85,0.87,3.77,front_heavy,19.84,41.42,pyramid
0.016386,234.1392,157.8273,30.018,100.0,234139156550.4686,2804,851.9,101832.0,30,0.9,4.08,7.38,back_heavy,7.53,59.14,pyramid
0.016384,258.5622,121.1818,22.0367,100.0,258562222620.5472,1117,2137.9,268568.0,32,1.75,6.27,7.43,random,5.47,53.39,random
0.016356,612.3739,300.2494,36.5196,100.0,612373921253.5425,2863,834.1,161393.0,35,1.05,2.07,3.26,geometric,13.48,51.76,geometric_increase
0.01635,214.2463,150.6992,12.4373,100.0,214246257963.2398,1720,1388.1,158900.0,34,2.4,1.33,5.56,random,0.85,57.97,linear_increase
0.016344,681.45,286.0142,40.7684,100.0,681450016993.051,1821,1311.7,267835.0,34,1.05,3.3,3.83,linear,29.41,29.41,flat
0.016322,1051.7925,468.4229,34.3236,100.0,1051792485027.3416,2264,1055.1,267830.0,34,1.2,0.86,3.0,random,22.96,35.96,random
0.016321,187.8297,140.2388,24.9762,100.0,187829716079.3274,1613,1480.5,158822.0,30,1.25,2.17,8.0,random,7.14,59.52,pyramid
0.016211,1143.0407,435.7062,32.9735,100.0,1143040708771.9563,2368,1008.7,267856.0,29,1.2,1.83,4.04,linear,18.63,50.95,random
0.016197,276.7362,129.7714,75.3254,100.0,276736201341.0032,1074,2055.1,268630.0,29,0.75,8.16,8.35,linear,5.5,62.34,random
0.016137,132.8746,71.3008,34.7486,100.0,132874638544.0486,1343,1778.1,161351.0,29,1.15,6.2,9.18,linear,7.75,61.22,linear_increase
0.016111,324.7289,130.4156,33.3366,100.0,324728888388.2468,3370,708.8,100632.0,31,1.0,2.2,2.54,front_heavy,6.71,88.59,geometric_increase
0.016046,1209.903,463.3163,25.7808,100.0,1209903043498.1826,2450,975.5,267853.0,32,1.55,1.95,3.12,geometric,6.38,53.54,random
0.016038,314.8344,135.7777,53.9738,100.0,314834444154.0146,1246,1917.1,268602.0,31,0.95,6.92,7.78,geometric,27.76,37.19,geometric_increase
0.015995,75.6915,32.1902,29.3634,100.0,75691461210.5709,1606,1487.3,102310.0,31,1.35,4.45,4.62,back_heavy,2.63,122.43,geometric_increase
0.015985,532.1945,354.2424,18.5472,100.0,532194468256.185,353,6766.4,1234612.0,31,2.8,4.49,7.8,geometric,32.26,32.26,flat
0.015983,473.9506,236.0164,25.8168,100.0,473950576687.2825,2550,936.7,161308.0,32,1.5,1.6,4.75,geometric,5.29,93.22,geometric_increase
0.01598,219.4042,82.3905,38.5863,100.0,219404165331.416,1045,2285.7,267825.0,34,1.35,5.08,8.36,random,13.43,45.39,linear_increase
0.015929,78.1677,34.7548,26.0942,100.0,78167679130.9642,570,3834.4,268603.0,33,1.9,7.7,9.23,front_heavy,6.15,54.45,linear_increase
0.015906,260.3415,147.6628,27.3562,100.0,260341503109.0236,1894,1260.8,161306.0,35,1.3,3.27,4.65,linear,7.04,50.11,linear_increase
0.015849,280.9882,126.7061,58.5682,100.0,280988183262.7911,1184,2017.4,268609.0,35,0.9,3.44,7.84,front_heavy,28.57,28.57,flat
0.015812,596.3255,275.5162,43.6418,100.0,596325508279.5876,1732,1379.2,267834.0,30,0.95,2.9,4.92,random,33.33,33.33,flat
0.015785,206.4151,99.2665,24.8888,100.0,206415142506.6792,1020,2341.9,267802.0,30,1.65,5.19,6.2,linear,8.95,57.72,linear_increase
0.015732,101.1938,63.7417,24.1796,100.0,101193754421.309,1182,2020.9,162078.0,31,1.4,6.09,6.22,random,4.8,59.71,linear_increase
0.015714,470.2184,226.0799,28.8253,100.0,470218434330.547,1543,1548.1,267794.0,32,1.4,3.36,3.42,random,14.94,47.56,linear_increase
0.015646,487.3003,160.8206,27.9583,100.0,487300289237.7514,1574,1517.6,267830.0,34,1.8,1.7,6.73,linear,7.65,73.34,geometric_increase
0.015602,793.1784,466.689,37.8647,100.0,793178442215.8658,935,2337.5,527050.0,30,1.4,3.26,6.82,geometric,11.65,51.31,random
0.015489,674.4926,295.4679,42.2092,100.0,674492561097.9368,1861,1283.5,267832.0,32,1.0,3.53,3.54,random,31.25,31.25,flat
0.01543,1194.3504,722.9021,21.8935,100.0,1194350404178.0623,518,4440.6,1235471.0,34,2.2,0.88,3.97,linear,3.04,53.1,random
0.015427,705.8443,251.5133,38.1236,100.0,705844263641.4271,1907,1252.2,267857.0,32,1.15,3.15,8.69,geometric,7.45,53.95,random
0.015426,204.8674,111.2154,44.5886,100.0,204867401869.4876,1703,1402.5,161633.0,30,0.9,5.23,8.25,geometric,13.13,53.54,linear_increase
0.015394,383.2214,171.5712,56.938,100.0,383221427746.8631,1403,1702.4,268609.0,29,0.85,5.21,7.82,random,34.48,34.48,flat
0.015381,372.7796,256.0519,22.9953,100.0,372779628482.8787,301,7931.8,1234841.0,35,2.5,6.4,8.19,random,5.47,53.53,random
0.015369,364.2217,155.5779,56.2634,100.0,364221740081.1674,1369,1744.9,268608.0,32,0.9,6.6,7.49,geometric,31.25,31.25,flat
0.015325,243.0451,223.9834,41.7741,100.0,243045067156.4671,5431,439.8,55390.0,31,0.5,0.27,3.29,front_heavy,10.22,54.3,linear_increase
0.015308,438.3149,170.5112,29.9586,100.0,438314913726.5248,702,3402.7,575776.0,34,1.7,5.47,6.9,geometric,29.41,29.41,flat
0.015298,98.1393,109.4384,18.4868,100.0,98139258413.6844,2029,1176.9,94267.0,29,1.05,2.39,8.96,random,3.53,67.65,pyramid
0.015215,984.1823,365.4442,27.6394,100.0,984182336488.4852,2267,1053.2,267857.0,31,1.5,2.53,5.62,back_heavy,12.74,49.71,random
0.015214,59.7623,28.1201,29.423,100.0,59762267127.2795,938,2546.4,159596.0,31,1.55,1.74,7.31,front_heavy,3.51,112.2,geometric_increase
0.015195,61.1379,25.0336,36.6444,100.0,61137905904.8182,1151,2051.3,130117.0,34,1.15,0.4,9.12,front_heavy,4.47,54.35,linear_increase
0.015161,329.4692,243.1126,24.4878,100.0,329469223950.2186,2183,1094.2,161305.0,36,1.25,3.34,3.4,random,7.76,47.8,pyramid
0.01515,397.7488,270.461,50.727,100.0,397748797827.9833,615,3553.8,575821.0,35,1.2,2.84,7.13,front_heavy,6.35,55.41,random
0.015115,1466.2632,422.0503,35.9362,100.0,1466263169489.4702,2777,860.0,267856.0,33,1.35,1.02,6.25,back_heavy,13.78,46.83,linear_increase
0.015025,559.171,396.6522,18.2005,100.0,559170950956.6089,373,6401.0,1234860.0,30,2.7,4.43,7.46,back_heavy,33.33,33.33,flat
0.015016,98.3758,58.6636,32.152,100.0,98375751446.7303,2158,1106.9,89595.0,33,1.0,4.78,5.64,random,3.91,56.69,linear_increase
0.015011,1077.0478,570.0663,22.5141,100.0,1077047837367.5385,474,4610.5,1234986.0,35,2.3,0.18,9.88,back_heavy,6.05,51.09,linear_increase
0.0149,194.3283,97.6907,33.4324,100.0,194328287204.9025,2674,893.3,102018.0,31,1.0,3.78,4.89,linear,5.7,58.82,linear_increase
0.014862,988.1973,587.3006,19.4346,100.0,988197332994.6736,456,4793.0,1235927.0,34,2.5,1.42,7.65,geometric,29.41,29.41,flat
0.014843,265.7863,174.8038,38.5466,100.0,265786327282.038,555,3937.6,526921.0,34,1.55,8.66,9.87,random,29.41,29.41,flat
0.014835,465.0565,223.3723,28.7374,100.0,465056450092.8243,1579,1512.8,267852.0,32,1.3,5.48,5.53,linear,6.38,60.54,random
0.014784,326.481,245.4076,56.8108,100.0,326481017168.8995,2196,1087.7,161636.0,33,0.6,0.23,8.87,random,30.3,30.3,flat
0.014721,394.724,171.6354,38.784,100.0,394724002891.0292,1460,1635.6,267831.0,33,1.15,4.42,5.28,back_heavy,20.22,43.17,geometric_increase
0.01472,76.5591,34.3953,32.2715,100.0,76559144137.7491,634,3724.0,268567.0,35,1.55,7.05,9.68,front_heavy,7.17,49.97,linear_increase
0.014694,1179.2315,692.7126,18.3174,100.0,1179231470544.0054,527,4362.7,1235927.0,34,2.6,0.43,5.77,linear,11.16,47.66,pyramid
0.014652,889.2617,594.5149,25.1367,100.0,889261696665.2649,436,5012.3,1234842.0,33,2.1,2.33,4.0,linear,3.5,62.15,random
0.014601,111.9287,54.1447,49.2003,100.0,111928746072.8939,1290,1851.2,162078.0,34,0.95,7.77,8.3,linear,9.54,49.28,linear_increase
0.014543,324.3575,152.9413,53.1644,100.0,324357546104.8831,1328,1798.6,268608.0,35,0.9,2.67,6.7,front_heavy,28.57,28.57,flat
0.014536,291.3287,166.424,42.7129,100.0,291328726854.9124,2092,1141.8,161636.0,32,0.85,3.4,4.59,random,15.41,55.0,geometric_increase
0.014525,49.0819,23.1928,18.5839,100.0,49081947313.1529,511,4620.2,268568.0,35,2.4,6.02,9.29,front_heavy,2.92,54.22,linear_increase
0.01452,105.2499,50.4949,50.0969,100.0,105249916234.9288,1254,1904.7,162166.0,30,0.95,7.45,9.33,linear,9.23,80.53,geometric_increase
0.014519,303.0971,160.5324,35.531,100.0,303097130655.9594,2172,1099.7,158888.0,31,1.05,1.13,9.91,random,10.0,73.82,geometric_increase
0.014491,844.6769,554.6727,28.7,100.0,844676898463.9315,1086,2198.9,530886.0,31,1.6,3.18,3.43,linear,32.26,32.26,flat
0.014467,210.7067,86.6558,32.9217,100.0,210706721920.9302,1076,2219.3,267833.0,34,1.45,5.54,7.47,linear,11.13,47.69,linear_increase
0.014467,74.1933,35.4014,28.5662,100.0,74193329668.853,2478,963.7,69013.0,33,1.0,4.26,5.08,front_heavy,2.39,58.22,linear_increase
0.014451,124.133,50.0073,24.7976,100.0,124133016565.3322,3993,598.2,55445.0,30,0.85,3.92,5.78,geometric,2.43,64.23,pyramid
0.01445,788.9506,507.3901,17.9716,100.0,788950625390.8983,452,5284.4,1234781.0,34,2.7,2.71,6.54,back_heavy,29.41,29.41,flat
0.01445,528.1865,340.0497,18.5003,100.0,528186479172.5477,369,6459.5,1234979.0,35,2.9,4.4,8.77,back_heavy,28.57,28.57,flat
0.014372,178.4006,103.821,50.2581,100.0,178400592182.1688,1642,1454.8,162079.0,29,0.8,2.31,6.67,front_heavy,14.73,66.22,geometric_increase
0.014355,1066.5234,596.0611,23.1797,100.0,1066523350785.426,482,4534.3,1235928.0,35,2.2,1.22,5.13,linear,3.56,44.95,random
0.014354,278.1757,211.3464,47.8838,100.0,278175658996.3525,529,4131.2,575111.0,32,1.25,7.98,8.15,geometric,14.16,51.01,random
0.01431,209.9675,139.7694,20.873,100.0,209967502430.7243,1077,2217.3,268581.0,31,1.6,7.47,9.12,back_heavy,8.77,61.67,random
0.014303,95.192,62.77,20.1655,100.0,95192008667.0266,1208,1977.3,161306.0,30,1.7,5.29,6.66,random,3.05,63.61,linear_increase
0.014302,375.5313,155.2838,32.0663,100.0,375531333514.778,1391,1652.9,267830.0,35,1.35,3.03,7.37,random,1.92,48.51,random
0.014268,950.4222,329.7263,30.0398,100.0,950422215977.7902,2301,1037.8,267856.0,31,1.4,2.63,8.95,back_heavy,3.65,59.42,random
0.014261,196.5988,92.8325,25.2707,100.0,196598813486.7416,1047,2280.8,267794.0,34,1.65,4.84,6.36,linear,8.18,50.65,linear_increase
0.014245,585.4048,239.1853,35.7998,100.0,585404816141.9941,1808,1321.2,267831.0,29,1.1,4.64,5.09,back_heavy,2.03,73.7,random
0.014193,207.5172,102.1121,22.0265,100.0,207517225535.7158,5310,450.1,54421.0,35,0.85,1.3,3.67,random,2.49,56.18,pyramid
0.014149,487.8571,346.475,17.9739,100.0,487857148101.394,359,6653.4,1235442.0,33,2.8,4.64,9.43,back_heavy,2.71,61.16,random
0.014098,191.6642,93.6222,30.8022,100.0,191664182095.9416,1037,2303.5,268579.0,35,1.45,6.55,6.56,random,10.74,47.45,pyramid
0.014087,458.2075,188.9513,33.6391,100.0,458207517078.2638,1608,1485.1,267832.0,33,1.3,3.13,5.84,geometric,15.74,51.57,geometric_increase
0.014019,703.0095,436.3758,18.9003,100.0,703009546048.9153,433,5515.0,1234993.0,34,2.7,2.91,7.21,geometric,29.41,29.41,flat
0.013996,95.097,48.887,39.8235,100.0,95097013746.2155,1212,1970.3,162409.0,35,1.1,2.64,6.75,front_heavy,6.84,74.01,geometric_increase
0.013979,60.8412,27.0394,30.5181,100.0,60841210460.9448,972,2456.8,162079.0,35,1.55,5.94,6.48,random,3.35,97.38,geometric_increase
0.013974,556.9327,249.1883,19.745,100.0,556932699151.6814,1780,1341.6,267831.0,30,2.0,2.03,8.89,back_heavy,4.91,61.76,linear_increase
0.013966,1483.2267,576.5633,30.9441,100.0,1483226720024.396,2902,823.1,268229.0,35,1.25,1.03,1.85,front_heavy,4.92,46.36,random
0.013918,248.749,112.6165,45.4632,100.0,248749023474.8334,1189,2009.0,268580.0,29,1.05,6.84,7.85,back_heavy,19.77,49.19,linear_increase
0.013868,189.1124,115.2695,65.2975,100.0,189112437691.7548,1721,1388.0,162079.0,32,0.65,3.39,7.65,front_heavy,20.66,41.84,pyramid
0.013835,20.7692,29.7428,12.1396,100.0,20769218983.4074,1505,1575.3,61037.0,35,1.3,5.26,8.32,front_heavy,0.59,58.19,pyramid
0.013814,84.6256,55.2349,21.4319,100.0,84625599042.298,1153,2071.1,162106.0,33,1.6,5.92,7.59,back_heavy,3.24,57.37,linear_increase
0.013803,940.421,613.3896,20.2556,100.0,940420975028.5588,462,4730.7,1234833.0,29,2.5,2.43,4.14,linear,12.24,53.01,random
0.013782,604.8681,408.0788,18.3895,100.0,604868073668.0676,405,5895.0,1234994.0,35,2.5,2.44,8.42,linear,28.57,28.57,flat
0.013738,742.5618,281.285,28.904,100.0,742561765020.569,964,2476.8,575824.0,31,1.6,3.09,7.67,geometric,32.26,32.26,flat
0.013705,42.5225,21.8696,36.1511,100.0,42522491568.998,1357,1739.9,96917.0,30,0.95,9.14,9.38,geometric,3.35,63.32,linear_increase
0.013658,68.5427,34.1516,24.0668,100.0,68542702398.7034,1049,2277.0,161305.0,29,1.65,5.16,7.03,linear,2.91,129.19,geometric_increase
0.013609,200.0478,126.005,32.5417,100.0,200047751798.8842,1822,1310.6,158908.0,34,1.05,4.98,6.72,geometric,9.0,49.82,pyramid
0.013609,218.186,107.4004,62.4593,100.0,218185955365.3974,1126,2121.4,268607.0,36,0.8,8.47,9.52,back_heavy,27.78,27.78,flat
0.013602,96.9078,51.4495,54.0688,100.0,96907835994.3422,1244,1920.2,162077.0,31,0.85,7.97,8.88,front_heavy,10.17,54.35,linear_increase
0.013597,553.7421,338.7771,18.3865,100.0,553742084461.1472,357,6121.9,1235443.0,35,3.0,4.78,8.66,back_heavy,3.67,52.85,random
0.01356,677.0545,400.6255,21.3638,100.0,677054512788.4353,927,2575.5,575498.0,35,2.3,1.4,8.46,geometric,10.02,61.43,geometric_increase
0.013519,258.5385,212.2608,38.9096,100.0,258538532223.9172,2038,1172.0,162076.0,31,0.8,3.2,5.39,random,6.81,74.22,random
0.013486,418.3007,206.6588,28.078,100.0,418300652034.8458,2607,916.2,161359.0,33,1.35,1.59,5.82,geometric,5.59,87.52,geometric_increase
0.013388,911.7297,797.6565,20.23,100.0,911729729832.4775,347,6118.3,1596623.0,29,1.95,0.86,4.17,geometric,8.41,55.98,random
0.013339,188.2461,142.4023,35.1779,100.0,188246111368.5775,5214,458.1,54425.0,30,0.65,2.18,4.78,random,4.79,61.87,pyramid
0.013301,690.876,248.9686,34.1369,100.0,690875971014.674,2032,1175.2,267834.0,35,1.35,2.2,7.97,back_heavy,14.88,48.55,geometric_increase
0.0133,607.6256,268.2528,48.1375,100.0,607625648399.9021,1906,1253.2,267852.0,29,0.85,3.0,9.14,linear,34.48,34.48,flat
0.013288,132.7689,65.7116,49.7283,100.0,132768906818.8464,1480,1614.0,161332.0,34,0.9,4.81,7.46,random,10.22,63.53,geometric_increase
0.013238,117.1633,50.524,26.9979,100.0,117163288109.4172,2207,1082.3,101815.0,34,1.1,5.19,6.71,geometric,3.67,55.15,pyramid
0.013226,1151.6276,752.1096,18.8415,100.0,1151627638728.7327,570,4188.6,1235954.0,30,2.4,1.93,2.89,geometric,32.93,33.74,linear_increase
0.01316,322.9331,159.8825,57.8108,100.0,322933051069.216,1393,1714.7,268608.0,31,0.8,4.17,7.07,front_heavy,32.26,32.26,flat
0.013153,561.7481,228.1916,33.8106,100.0,561748133821.0306,1843,1296.0,267830.0,29,1.3,2.83,7.24,geometric,15.89,53.08,linear_increase
0.01314,1051.3341,565.4103,17.319,100.0,1051334074182.4332,2518,948.2,268207.0,33,1.9,1.61,1.78,front_heavy,4.51,57.71,pyramid
0.013138,111.3828,65.3197,57.0159,100.0,111382777713.7539,1357,1760.3,162077.0,35,0.75,4.04,9.18,front_heavy,12.76,45.32,pyramid
0.01312,91.3879,45.8217,29.9691,100.0,91387867482.6327,1233,1936.7,161637.0,35,1.35,4.39,5.59,random,4.42,88.36,geometric_increase
0.013097,247.2628,120.3294,29.5347,100.0,247262766170.3943,2034,1174.4,161361.0,34,1.35,2.76,8.16,back_heavy,5.67,83.5,geometric_increase
0.013069,172.0722,80.0281,54.1849,100.0,172072173973.6041,1002,2340.9,268604.0,35,0.95,1.25,9.19,front_heavy,19.59,39.87,geometric_increase
0.013063,140.5947,55.3634,27.6242,100.0,140594718495.3597,925,2581.6,267829.0,34,1.75,4.69,9.61,linear,6.32,79.82,geometric_increase
0.013059,576.6339,242.924,36.8212,100.0,576633898689.9559,1874,1274.6,267826.0,31,1.15,2.93,8.63,linear,20.09,45.24,pyramid
0.013048,181.512,76.7211,55.3221,100.0,181512004766.7578,1030,2277.3,268596.0,33,1.0,6.06,8.81,front_heavy,18.71,45.75,geometric_increase
0.013018,162.6215,108.5094,35.6299,100.0,162621493067.1073,1655,1443.2,161306.0,32,0.95,5.97,8.96,back_heavy,9.8,52.7,pyramid
0.013,493.239,242.5268,52.0565,100.0,493238985912.8338,1737,1375.1,267852.0,32,0.8,4.84,9.95,back_heavy,14.53,46.88,random
0.012998,42.2133,40.4981,20.2831,100.0,42213302785.023,1731,1379.9,78635.0,30,1.1,7.88,8.78,geometric,1.7,64.97,pyramid
0.012997,78.5961,36.0654,47.1421,100.0,78596119278.9358,1146,2084.3,162079.0,32,1.05,7.72,9.53,back_heavy,6.62,85.23,geometric_increase
0.012977,1034.6935,494.3651,29.9107,100.0,1034693487395.9565,1280,1866.0,526920.0,32,1.85,0.57,6.18,linear,11.02,66.92,geometric_increase
0.012959,673.4502,248.0225,33.5292,100.0,673450218314.5139,2033,1174.9,267832.0,35,1.3,1.71,8.44,geometric,14.04,50.44,geometric_increase
0.012954,1541.2805,566.4919,33.6558,100.0,1541280517922.9329,3072,777.5,268196.0,33,1.25,1.18,2.18,geometric,16.76,43.84,linear_increase
0.012871,144.1781,80.4896,39.2831,100.0,144178142502.3948,1564,1527.2,161636.0,35,1.0,5.43,6.39,linear,8.63,48.51,linear_increase
0.012847,392.5577,174.8256,19.9249,100.0,392557680900.3897,1559,1532.2,267830.0,32,2.1,2.21,6.47,linear,4.17,58.33,linear_increase
0.012835,553.6,246.7359,50.2077,100.0,553599961927.7,1852,1289.7,267856.0,29,0.85,4.09,6.66,linear,34.48,34.48,flat
0.012821,931.7109,302.0852,35.3904,100.0,931710879225.14,2404,993.6,267856.0,32,1.35,1.28,7.8,geometric,13.02,60.98,geometric_increase
0.012818,575.6564,350.8254,24.1063,100.0,575656409905.035,375,5827.7,1234992.0,34,2.4,3.19,9.1,linear,17.07,42.14,random
0.012818,70.6201,30.3363,39.6084,100.0,70620101414.6976,773,2827.1,209847.0,34,1.35,3.11,9.21,front_heavy,6.57,78.51,geometric_increase
0.0128,141.7036,75.13,26.6604,100.0,141703569241.4677,2487,960.5,101057.0,33,1.25,2.8,3.5,linear,2.88,110.23,geometric_increase
0.012796,477.0084,206.6931,38.7983,100.0,477008354314.346,1722,1387.2,267831.0,30,1.1,3.64,6.68,geometric,20.81,45.85,linear_increase
0.012726,2124.2565,587.9901,29.19,100.0,2124256464030.3203,3503,656.6,268279.0,29,1.55,0.82,5.86,geometric,6.11,64.88,pyramid
0.012695,192.9491,105.1546,25.1695,100.0,192949055124.1761,1825,1308.8,161356.0,35,1.45,3.38,8.73,geometric,4.46,52.68,linear_increase
0.012672,258.5086,153.8704,56.5049,100.0,258508574477.9303,3327,717.9,102540.0,33,0.55,2.27,6.16,front_heavy,7.79,60.49,random
0.012663,380.7889,248.2918,38.623,100.0,380788851288.0825,2568,930.2,161303.0,32,0.85,3.62,4.56,linear,15.56,46.94,pyramid
0.012588,252.6018,124.8875,68.8679,100.0,252601822875.3477,1237,1896.2,268607.0,31,0.75,2.23,9.14,front_heavy,32.26,32.26,flat
0.012576,319.3382,194.326,65.58,100.0,319338158323.0014,1417,1685.6,268607.0,31,0.65,4.83,6.91,random,1.53,62.2,random
0.01257,377.3442,193.2924,21.3563,100.0,377344198354.9736,1545,1545.6,267795.0,32,1.85,2.99,5.64,back_heavy,6.41,56.09,linear_increase
0.012569,1773.4095,615.9954,22.7574,100.0,1773409491129.9495,3344,714.2,268283.0,30,1.65,1.24,2.26,back_heavy,5.74,60.92,pyramid
0.012567,90.6238,34.0862,27.4011,100.0,90623783992.9603,757,3153.9,267822.0,34,1.9,6.16,9.15,geometric,4.86,88.73,geometric_increase
0.012559,1015.7523,352.1007,33.2448,100.0,1015752255521.83,2535,942.0,267905.0,30,1.25,2.58,7.49,back_heavy,10.44,50.25,random
0.01253,112.7416,57.7957,52.9203,100.0,112741632128.6546,1398,1708.7,162080.0,34,0.85,3.84,7.49,front_heavy,10.31,63.25,geometric_increase
0.012522,20.4987,8.2837,17.0086,100.0,20498690302.7787,1646,1451.1,58713.0,34,1.2,1.1,8.82,front_heavy,0.69,58.13,pyramid
0.012511,277.7684,141.7896,62.8558,100.0,277768437990.7382,1325,1802.7,268607.0,31,0.75,6.79,8.52,random,32.26,32.26,flat
0.012507,107.9821,79.1694,25.685,100.0,107982096515.7361,1390,1718.4,159671.0,32,1.25,6.79,9.08,back_heavy,5.13,57.37,pyramid
0.012495,254.8591,142.4928,80.294,100.0,254859081141.9077,1270,1880.8,268607.0,32,0.6,8.34,8.48,random,9.42,55.87,random
0.012473,178.9653,71.5107,35.7398,100.0,178965316024.2042,1068,2236.0,267831.0,35,1.35,3.8,8.79,random,10.66,59.4,geometric_increase
0.012458,75.3033,50.075,32.4934,100.0,75303334749.15,1959,1219.3,94793.0,33,0.9,6.52,7.36,front_heavy,4.08,58.16,pyramid
0.01241,689.5795,258.7468,34.2692,100.0,689579454706.5917,2102,1136.3,267856.0,33,1.3,2.09,7.02,geometric,15.04,45.57,linear_increase
0.012397,277.689,158.528,33.17,100.0,277688965553.104,2215,1078.1,161354.0,35,1.0,3.96,7.44,geometric,7.41,45.88,random
0.012384,143.5466,66.0272,53.0681,100.0,143546582317.9643,876,2494.9,268603.0,30,1.0,9.07,9.87,random,17.71,55.86,geometric_increase
0.012376,384.5501,173.1176,48.2295,100.0,384550083605.4618,1572,1519.5,267855.0,32,0.9,4.92,8.14,geometric,27.01,35.89,geometric_increase
0.012346,86.9853,43.3446,39.6242,100.0,86985252576.2925,1237,1930.9,162079.0,33,1.15,2.08,6.93,front_heavy,5.8,86.25,geometric_increase
0.012306,827.0041,479.1349,24.6211,100.0,827004136618.9625,2311,1033.1,267828.0,32,1.45,1.8,2.09,front_heavy,12.09,50.41,linear_increase
0.012287,228.9953,142.6661,35.2486,100.0,228995294678.0252,2021,1181.6,161307.0,29,1.0,4.37,4.93,linear,9.73,59.24,linear_increase
0.01226,853.196,567.392,19.2354,100.0,853196023655.4128,510,4681.5,1234979.0,31,2.4,2.36,4.75,linear,32.26,32.26,flat
0.012237,280.7132,154.0328,23.0356,100.0,280713218631.3529,2242,1065.4,161357.0,35,1.55,2.36,8.53,geometric,3.65,53.49,linear_increase
0.012235,454.3701,288.7837,29.3352,100.0,454370075398.1296,344,6413.5,1235923.0,31,1.95,5.25,7.52,linear,6.59,56.61,random
0.012203,209.5556,123.0287,110.3521,100.0,209555571345.9036,1057,2049.8,268607.0,33,0.55,8.47,8.75,back_heavy,3.52,59.97,random
0.012179,287.7338,212.9413,17.6853,100.0,287733814470.1912,2276,1049.5,161308.0,33,1.65,2.44,4.03,geometric,2.82,57.78,linear_increase
0.012177,298.0203,197.8397,29.756,100.0,298020286644.3622,2351,1015.7,158904.0,30,1.1,2.82,3.64,geometric,8.15,85.28,geometric_increase
0.012164,85.0274,43.9208,41.6772,100.0,85027380943.7427,1952,1223.7,102310.0,34,0.9,0.36,5.55,front_heavy,4.73,89.62,geometric_increase
0.012162,401.0794,265.5424,39.3305,100.0,401079402262.3092,823,2901.6,526925.0,30,1.35,6.71,7.0,random,33.33,33.33,flat
0.01213,633.8816,248.5632,33.1478,100.0,633881567267.825,2038,1171.7,267856.0,30,1.2,2.98,7.24,geometric,8.59,59.52,random
0.012101,494.4164,345.4267,19.0019,100.0,494416366774.358,391,6108.8,1234781.0,34,2.6,4.26,6.92,geometric,29.41,29.41,flat
0.012098,83.8903,43.706,38.5806,100.0,83890347937.6419,1848,1292.5,107631.0,33,0.9,5.99,9.36,geometric,4.9,55.71,linear_increase
0.012094,875.333,508.2049,19.888,100.0,875332953442.3215,520,4592.3,1235472.0,35,2.5,1.6,6.8,linear,24.46,32.92,pyramid
0.012089,407.2026,193.8281,66.0076,100.0,407202579828.6302,1637,1459.1,267788.0,31,0.7,2.97,5.57,front_heavy,21.61,43.76,random
0.012088,473.9772,332.4614,22.9818,100.0,473977235318.6037,367,6236.0,1234833.0,33,2.3,4.96,5.86,geometric,18.97,41.1,random
0.012071,971.6749,651.5732,22.9517,100.0,971674864482.3818,528,4354.4,1235443.0,34,2.0,2.11,5.51,back_heavy,7.35,51.5,random
0.012025,111.6687,53.8474,39.7362,100.0,111668660815.7902,1427,1673.9,161307.0,35,1.05,5.15,9.26,linear,6.91,73.67,geometric_increase
0.011995,131.5019,57.0088,35.3837,100.0,131501905618.1027,931,2565.0,268563.0,31,1.4,5.38,7.05,front_heavy,9.04,77.57,geometric_increase
0.011988,108.8638,63.7581,36.5366,100.0,108863802648.3745,2219,1076.4,102578.0,29,0.9,5.11,9.19,geometric,4.98,63.99,linear_increase
0.011937,228.0469,265.5818,23.8236,100.0,228046935616.0832,6069,393.8,54427.0,33,0.8,2.5,3.98,linear,2.53,59.81,pyramid
0.011897,108.1591,70.1339,34.5407,100.0,108159125038.9965,1405,1700.1,162106.0,32,1.05,4.29,6.46,front_heavy,6.84,55.66,linear_increase
0.011842,72.286,55.4631,33.923,100.0,72285988309.3691,1994,1197.9,93595.0,32,0.85,1.11,7.65,front_heavy,4.21,58.29,pyramid
0.011812,50.4815,53.6578,23.6469,100.0,50481467040.8591,2262,1055.7,69014.0,31,0.95,6.81,8.83,linear,1.89,64.65,pyramid
0.01178,915.4111,401.2812,44.014,100.0,915411070790.7788,2486,960.8,267835.0,30,0.9,2.57,4.01,back_heavy,33.33,33.33,flat
0.011766,340.4479,156.5087,53.7887,100.0,340447912517.4644,1517,1574.5,267836.0,33,0.85,5.81,5.89,front_heavy,27.82,32.92,geometric_increase
0.011741,565.2147,384.9766,46.4172,100.0,565214705058.8157,987,2419.4,530854.0,32,1.1,4.21,4.94,front_heavy,6.34,53.03,random
0.011733,163.6641,160.091,82.4338,100.0,163664147446.3965,482,4495.0,530882.0,35,0.75,7.88,9.94,front_heavy,1.88,56.94,random
0.011694,434.9478,216.0974,27.1703,100.0,434947791197.0538,1720,1388.8,267832.0,30,1.3,2.03,8.21,random,7.52,53.09,random
0.011679,288.4327,257.3522,58.6261,100.0,288432660892.0126,646,3353.9,527056.0,32,0.9,7.89,8.36,geometric,9.29,57.06,random
0.011607,73.9017,38.4282,40.9899,100.0,73901674983.8655,1176,2031.2,162079.0,30,1.1,1.75,7.71,front_heavy,5.61,99.5,geometric_increase
0.011595,191.4474,99.247,34.248,100.0,191447420051.3493,1902,1255.5,161331.0,31,1.1,3.35,7.24,linear,7.21,85.93,geometric_increase
0.01156,201.1218,93.62,22.4997,100.0,201121795466.4505,1176,2030.3,267796.0,34,1.85,3.98,8.88,geometric,5.55,53.27,linear_increase
0.011503,183.3483,131.8155,34.2724,100.0,183348294298.0726,1898,1258.5,158891.0,33,0.95,4.55,6.09,random,9.34,52.57,pyramid
0.011496,317.5118,204.6088,33.7527,100.0,317511758617.0692,2461,970.6,161305.0,31,1.0,2.81,3.2,front_heavy,10.19,73.11,geometric_increase
0.011492,46.0583,40.7292,21.5137,100.0,46058293124.8061,2095,1139.9,72163.0,29,1.15,5.78,9.28,linear,1.33,67.64,linear_increase
0.011487,473.7118,239.1412,49.5162,100.0,473711816180.9017,1811,1319.0,267852.0,30,0.8,4.37,8.95,back_heavy,33.33,33.33,flat
0.01143,217.1304,156.1135,48.6064,100.0,217130394651.0064,2072,1152.8,158888.0,30,0.7,2.78,6.08,front_heavy,16.71,49.95,pyramid
0.011387,327.2055,179.7603,57.021,100.0,327205521323.1648,1505,1587.1,269030.0,30,0.7,7.25,8.01,geometric,3.91,60.72,random
0.011371,233.2803,122.6747,70.3977,100.0,233280349622.8274,1259,1875.3,268605.0,31,0.7,2.27,9.24,front_heavy,32.26,32.26,flat
0.011346,316.8397,146.5897,59.7159,100.0,316839718297.7987,1486,1607.4,268609.0,34,0.8,6.48,8.0,linear,29.41,29.41,flat
0.011283,978.3665,566.82,21.0149,100.0,978366480887.3074,548,4195.5,1235475.0,32,2.4,1.94,6.6,geometric,31.25,31.25,flat
0.01126,169.0185,121.506,32.0919,100.0,169018533009.5852,508,4301.9,527052.0,31,1.75,6.47,9.08,front_heavy,17.3,53.72,geometric_increase
0.011249,532.5661,235.6122,33.2052,100.0,532566106531.3618,1940,1230.9,267835.0,35,1.2,2.71,7.15,back_heavy,15.77,41.38,linear_increase
0.011213,856.1502,367.0114,44.2037,100.0,856150203720.21,2464,969.4,267856.0,32,0.9,2.52,5.22,back_heavy,31.25,31.25,flat
0.011195,839.8178,353.1704,43.22,100.0,839817829271.756,2442,977.9,267835.0,35,0.95,2.55,3.97,back_heavy,28.53,28.61,linear_increase
0.011181,554.1743,251.5696,44.8553,100.0,554174250763.9708,1985,1203.0,267831.0,35,0.9,1.58,7.2,random,28.57,28.57,flat
0.011176,331.0441,167.9598,58.4448,100.0,331044144656.6954,1535,1556.2,267830.0,31,0.75,4.63,7.87,random,32.26,32.26,flat
0.011148,995.4742,578.5118,16.5796,100.0,995474220635.314,578,4132.4,1234866.0,30,2.9,0.83,8.99,back_heavy,6.68,59.99,linear_increase
0.01114,177.7448,80.05,38.678,100.0,177744757666.1644,1123,2126.4,268604.0,34,1.2,5.67,6.51,random,12.09,57.86,geometric_increase
0.011127,589.8645,401.2752,20.8209,100.0,589864517375.0525,445,5367.9,1235919.0,35,2.2,2.83,9.09,geometric,15.37,46.43,random
0.010986,325.9442,139.2062,31.9382,100.0,325944190333.358,2550,936.7,161351.0,34,1.3,1.58,6.5,linear,5.07,87.27,geometric_increase
0.010948,140.948,102.0422,26.4381,100.0,140947982407.0271,514,4645.1,527050.0,32,1.95,7.64,9.33,geometric,11.69,64.82,geometric_increase
0.010927,393.7464,195.5546,59.6292,100.0,393746370048.3808,1693,1410.9,267827.0,29,0.75,3.38,7.01,random,34.48,34.48,flat
0.010912,263.9557,153.9423,78.2876,100.0,263955702875.6058,1383,1727.2,268628.0,29,0.6,3.55,7.9,front_heavy,8.04,56.73,random
0.010877,194.8089,81.386,28.0599,100.0,194808940858.8583,3154,757.3,101349.0,31,1.35,1.59,5.57,linear,2.1,130.44,geometric_increase
0.010852,206.7165,93.5867,43.0605,100.0,206716543392.0886,1227,1946.2,268605.0,33,1.1,6.06,7.94,back_heavy,14.57,54.21,geometric_increase
0.010812,283.2115,130.0279,25.272,100.0,283211525121.848,1443,1654.6,267791.0,30,1.7,3.12,7.77,back_heavy,6.74,92.5,geometric_increase
0.010777,129.3258,54.0743,27.6029,100.0,129325809233.4752,977,2444.9,267831.0,34,1.65,5.02,7.72,geometric,6.06,81.23,geometric_increase
0.010743,267.083,219.5649,38.9035,100.0,267083019382.5002,6920,345.2,54425.0,34,0.55,0.22,4.01,random,6.52,52.31,linear_increase
0.010741,141.4014,91.6835,26.3801,100.0,141401433152.4548,520,4592.3,526920.0,35,2.1,6.46,8.78,random,10.4,60.2,geometric_increase
0.01073,62.8215,33.7701,55.803,100.0,62821500116.9479,1778,1333.5,102034.0,31,0.7,2.94,8.63,front_heavy,5.92,58.6,linear_increase
0.010674,379.6734,187.9756,57.7359,100.0,379673432838.917,1682,1420.1,267830.0,30,0.75,5.73,6.1,linear,33.33,33.33,flat
0.010673,817.4435,536.8614,19.7221,100.0,817443501790.9022,515,4464.4,1235518.0,34,2.3,2.11,8.18,back_heavy,27.06,31.76,random
0.010665,535.8315,236.1519,45.3021,100.0,535831544896.6119,895,2568.9,575807.0,35,1.05,3.99,9.7,geometric,7.62,58.03,random
0.010635,193.1025,134.3882,47.8083,100.0,193102502308.6947,5911,404.1,54453.0,29,0.5,2.86,3.21,random,7.29,61.68,linear_increase
0.0106,218.3966,125.2151,33.3317,100.0,218396622548.927,1223,1871.3,268605.0,34,1.05,8.43,9.2,back_heavy,7.82,50.18,random
0.010576,520.8495,375.5433,28.7321,100.0,520849520106.5309,413,5566.9,1235443.0,29,1.8,5.09,8.16,geometric,9.01,62.85,random
0.010536,2044.8443,626.0555,28.9773,100.0,2044844292943.295,2996,767.8,338236.0,31,1.45,0.87,2.55,geometric,10.39,55.59,pyramid
0.010523,329.0247,159.7206,47.0926,100.0,329024717695.348,1577,1514.6,267826.0,36,0.9,5.26,5.28,linear,23.17,32.38,pyramid
0.010521,1345.8958,472.9607,29.1894,100.0,1345895758576.3982,3189,749.0,267906.0,31,1.45,1.42,8.16,back_heavy,9.82,56.19,pyramid
0.01048,75.2229,43.1249,41.646,100.0,75222863890.7343,1258,1884.7,159674.0,29,1.0,8.45,9.81,linear,6.06,62.9,linear_increase
0.010464,82.6395,53.2248,23.8111,100.0,82639548362.425,1316,1815.1,161307.0,34,1.4,5.86,6.59,back_heavy,3.41,55.42,linear_increase
0.010463,463.4717,355.6317,19.0795,100.0,463471727076.4688,1877,1272.5,267822.0,35,1.55,0.42,5.87,random,8.38,49.95,pyramid
0.01046,182.1572,97.1062,25.0983,100.0,182157183366.6922,1177,2029.3,267798.0,32,1.55,4.64,7.08,geometric,7.1,55.4,linear_increase
0.01045,303.3837,152.3386,60.4377,100.0,303383660924.9144,1515,1576.6,268628.0,33,0.75,5.05,8.4,random,30.3,30.3,flat
0.010425,70.9507,35.3577,52.9148,100.0,70950722379.4052,1225,1935.5,159674.0,34,0.9,2.82,8.54,front_heavy,6.98,76.47,geometric_increase
0.010419,91.552,24.8339,35.8672,100.0,91551977540.5191,4023,593.8,55658.0,35,0.8,2.0,6.2,random,2.26,54.89,linear_increase
0.010398,165.3371,111.6892,39.4867,100.0,165337133207.4022,1896,1259.5,158819.0,30,0.85,2.02,5.22,front_heavy,10.16,76.89,geometric_increase
0.010383,213.0106,137.9898,33.2703,100.0,213010562649.1066,2153,1109.4,158900.0,35,1.05,4.23,8.11,linear,7.6,50.78,pyramid
0.010375,445.0685,222.3029,36.7928,100.0,445068484464.7856,1847,1292.9,267791.0,30,1.05,3.67,4.22,linear,19.09,47.57,linear_increase
0.010369,665.3963,488.001,11.91,100.0,665396286360.5087,2259,1057.3,267855.0,31,2.4,2.12,4.02,back_heavy,0.57,66.06,pyramid
0.010348,206.7057,154.7409,29.3315,100.0,206705650833.3061,2124,1124.3,158901.0,32,1.05,4.57,9.91,back_heavy,7.41,55.09,pyramid
0.010344,183.5588,126.7882,34.3941,100.0,183558784507.303,1972,1211.3,161357.0,33,0.95,4.87,8.62,linear,8.73,53.23,pyramid
0.010333,578.3788,275.4497,46.9018,100.0,578378799132.5594,2110,1132.1,267832.0,33,0.85,3.61,3.79,geometric,30.3,30.3,flat
0.010332,543.58,252.6404,34.9898,100.0,543579972874.4416,2046,1167.5,267795.0,35,1.15,2.85,3.47,geometric,16.73,40.41,linear_increase
0.010324,249.2572,149.3119,36.4142,100.0,249257178310.5316,2299,1038.7,161393.0,33,0.95,0.64,5.6,random,9.7,68.28,geometric_increase
0.010297,117.223,70.6636,48.3826,100.0,117223041305.1485,1572,1519.1,162078.0,35,0.85,7.56,7.95,geometric,9.35,48.93,pyramid
0.010291,208.0918,184.5858,64.2954,100.0,208091808204.7582,535,4049.6,575835.0,30,0.85,6.45,9.56,front_heavy,8.78,63.05,random
0.010268,212.0297,111.4759,41.7438,100.0,212029664603.3564,1278,1869.0,268574.0,32,1.05,2.93,7.23,front_heavy,15.55,46.95,pyramid
0.010205,950.2297,373.0475,47.7053,100.0,950229744732.228,2620,878.0,267903.0,31,0.85,1.72,8.99,geometric,32.26,32.26,flat
0.010188,173.1821,96.6508,52.3721,100.0,173182064206.3116,1930,1237.6,161357.0,35,0.75,5.24,5.37,front_heavy,12.95,53.05,geometric_increase
0.010174,507.7911,339.1835,34.1733,100.0,507791103333.9866,1005,2376.1,530851.0,34,1.4,4.51,6.1,linear,29.41,29.41,flat
0.01013,1095.0303,629.0488,35.2536,100.0,1095030292979.611,1490,1603.1,527052.0,31,1.4,0.79,5.67,random,32.26,32.26,flat
0.010114,189.8282,141.2983,20.4016,100.0,189828205865.7432,1218,1960.6,268603.0,32,1.5,3.38,7.11,front_heavy,3.72,51.99,random
0.010098,818.768,791.5952,16.1577,100.0,818768036420.1404,426,5606.9,1596543.0,35,2.1,0.3,2.72,linear,10.87,58.78,geometric_increase
0.010076,633.3219,422.1755,33.729,100.0,633321914576.9619,1128,2117.5,530878.0,31,1.35,3.73,6.23,geometric,32.26,32.26,flat
0.010031,420.4877,216.4888,54.3607,100.0,420487741698.9922,1826,1308.1,267821.0,30,0.75,4.06,5.26,front_heavy,33.33,33.33,flat
0.01003,473.0911,246.9901,52.8824,100.0,473091118882.5978,1937,1233.2,267831.0,29,0.75,4.54,4.93,geometric,34.48,34.48,flat
0.010019,252.6332,125.3551,54.7449,100.0,252633225914.3914,1412,1691.6,268608.0,31,0.85,7.09,8.5,back_heavy,22.77,42.38,pyramid
0.010003,379.411,168.0071,45.5026,100.0,379411037758.696,1737,1375.1,267808.0,30,0.95,4.27,8.49,geometric,21.49,48.72,geometric_increase
0.009918,146.9288,137.5507,47.3574,100.0,146928758750.184,5249,455.0,55386.0,29,0.45,2.58,4.25,front_heavy,7.9,62.97,pyramid
0.009894,289.4188,159.2188,66.0247,100.0,289418826143.7298,1521,1570.5,268608.0,31,0.7,3.73,8.79,random,32.26,32.26,flat
0.009877,55.1972,28.0502,49.6818,100.0,55197204087.4664,1089,2168.1,162080.0,31,0.95,2.61,9.26,front_heavy,5.72,94.42,geometric_increase
0.009835,596.3924,423.4168,13.2804,100.0,596392444429.7166,2195,1087.7,267855.0,29,2.2,2.3,7.36,back_heavy,1.2,70.15,pyramid
0.009816,111.84,52.0423,32.1012,100.0,111840014184.0627,949,2516.3,268598.0,34,1.45,5.38,7.36,front_heavy,7.1,51.72,linear_increase
0.009792,744.8802,531.7166,30.9286,100.0,744880165478.4949,1250,1911.0,527060.0,33,1.4,3.16,3.24,front_heavy,30.3,30.3,flat
0.009724,418.0132,266.7916,29.1761,100.0,418013204353.7794,401,5956.5,1234986.0,29,1.9,6.63,7.3,back_heavy,4.66,57.16,random
0.00972,494.5988,252.5652,43.1849,100.0,494598761189.5228,2012,1187.2,267798.0,29,0.9,3.83,4.21,back_heavy,25.05,43.92,linear_increase
0.009688,234.2532,165.256,30.3234,100.0,234253205398.557,2302,1037.4,161306.0,34,1.0,3.85,8.09,geometric,8.05,50.78,pyramid
0.009657,614.9589,447.6196,15.983,100.0,614958877584.1887,488,4893.4,1234841.0,33,2.7,2.23,9.11,back_heavy,17.48,43.13,linear_increase
0.0096,146.1364,150.5979,42.2589,100.0,146136430292.3611,5320,449.0,55399.0,35,0.55,3.51,7.56,back_heavy,5.15,53.38,pyramid
0.009597,689.3252,551.4216,21.4084,100.0,689325222740.9448,499,4607.6,1234855.0,32,2.0,0.63,6.76,random,4.58,53.5,random
0.009566,132.2394,74.1653,39.6564,100.0,132239377812.1818,1741,1371.9,161306.0,34,1.0,5.27,8.46,geometric,7.01,51.81,linear_increase
0.009562,709.059,425.2096,21.7882,100.0,709059001536.6674,507,4534.8,1234866.0,33,2.2,1.88,9.95,linear,30.3,30.3,flat
0.009524,174.9495,99.9125,109.6265,100.0,174949523796.962,1103,1981.5,268563.0,34,0.55,8.45,8.8,back_heavy,11.03,44.69,random
0.009488,68.1566,42.5099,26.6863,100.0,68156604925.2959,1249,1912.4,162079.0,35,1.35,6.64,9.28,back_heavy,3.32,53.82,linear_increase
0.009478,971.4043,457.425,38.1653,100.0,971404333563.7332,2855,836.6,267831.0,33,1.0,1.85,2.92,back_heavy,9.65,51.72,random
0.009473,508.0147,425.9369,17.1199,100.0,508014743154.3537,2065,1156.4,267794.0,29,1.55,2.3,3.17,front_heavy,7.4,63.5,pyramid
0.009435,712.8145,291.7195,51.04,100.0,712814479916.341,2451,974.5,267853.0,31,0.8,2.39,8.18,linear,32.26,32.26,flat
0.009404,55.9816,23.811,26.8467,100.0,55981624556.6776,3334,717.8,55384.0,31,0.75,5.73,7.01,geometric,1.89,64.65,pyramid
0.009401,834.9184,514.5097,23.6952,100.0,834918437049.2589,527,4147.1,1235922.0,30,2.0,1.23,8.77,linear,33.33,33.33,flat
0.009378,72.3152,28.3707,31.1239,100.0,72315172723.4414,781,3058.5,268576.0,31,1.75,6.43,8.3,random,4.39,104.09,geometric_increase
0.009376,523.9951,266.0458,34.6669,100.0,523995103533.5009,2108,1132.8,267804.0,33,1.1,0.75,5.33,random,17.27,48.43,geometric_increase
0.009372,180.8767,174.4135,42.2108,100.0,180876713883.0954,5988,398.9,55419.0,32,0.5,1.57,3.5,front_heavy,6.69,55.81,pyramid
0.009368,396.591,189.3657,26.1992,100.0,396591035790.934,1835,1301.7,267823.0,30,1.55,2.73,5.97,linear,7.72,58.95,linear_increase
0.009343,279.8676,263.4508,45.3969,100.0,279867632653.8446,688,3326.5,575735.0,34,1.0,5.78,7.06,front_heavy,8.79,50.85,random
0.009337,1174.4994,489.9483,42.6515,100.0,1174499392906.6523,3162,755.2,267852.0,36,0.95,1.78,2.33,back_heavy,26.25,29.36,geometric_increase
0.009335,101.2839,94.5406,29.482,100.0,101283850172.4467,13627,175.6,18293.0,33,0.4,2.22,2.88,back_heavy,1.52,60.89,pyramid
0.009331,384.3706,230.0627,66.9466,100.0,384370644988.1612,1810,1319.6,267832.0,30,0.6,2.86,8.02,random,9.19,54.78,random
0.009303,276.594,135.8888,39.6043,100.0,276593968636.3048,1538,1553.1,267804.0,34,1.05,5.0,8.44,linear,15.59,43.23,pyramid
0.009299,252.9243,216.9374,31.0426,100.0,252924334649.889,2479,963.5,158900.0,29,0.9,4.34,5.2,linear,9.64,61.1,pyramid
0.009287,509.5242,254.8212,52.9258,100.0,509524237095.4033,2089,1143.5,267832.0,30,0.75,3.68,5.67,random,33.33,33.33,flat
0.009272,147.3998,83.5417,45.4639,100.0,147399820087.348,1867,1279.3,161305.0,34,0.85,2.87,5.44,front_heavy,9.42,66.3,geometric_increase
0.009267,383.8046,195.5551,54.8347,100.0,383804576812.4138,1815,1316.1,267836.0,33,0.75,4.82,6.74,geometric,30.3,30.3,flat
0.009264,379.8864,260.5534,44.2451,100.0,379886419858.261,918,2602.1,526924.0,30,1.2,7.0,7.01,random,33.33,33.33,flat
0.009263,74.8329,26.6543,18.588,100.0,74832889814.9898,3403,701.7,63072.0,30,1.0,4.56,4.81,geometric,1.14,65.53,pyramid
0.009259,460.4023,179.0678,40.7615,100.0,460402255838.1757,925,2582.2,575821.0,32,1.2,5.61,8.17,geometric,11.93,48.58,random
0.009257,148.3054,63.1998,33.5381,100.0,148305353808.2828,1129,2115.8,267795.0,35,1.35,4.95,9.44,linear,8.09,68.5,geometric_increase
0.009251,1120.9467,464.3436,21.5827,100.0,1120946714237.9568,3104,769.5,267858.0,31,1.8,1.09,5.55,linear,2.65,63.84,pyramid
0.009232,502.7853,208.0785,32.2411,100.0,502785265278.2558,968,2467.5,575821.0,33,1.35,3.75,9.88,linear,30.3,30.3,flat
0.009207,621.3917,278.2451,22.1437,100.0,621391654404.062,2317,1030.9,267833.0,32,1.8,1.64,8.83,linear,4.28,58.22,pyramid
0.009207,393.3528,182.0387,28.1144,100.0,393352795476.4272,1843,1295.7,267823.0,35,1.45,2.65,5.09,linear,8.66,48.49,linear_increase
0.009187,398.1389,329.7371,42.9164,100.0,398138865231.1442,713,3350.0,697388.0,34,1.05,4.08,8.19,linear,5.73,57.48,random
0.009178,480.1227,174.0721,25.2934,100.0,480122718946.5312,2039,1171.0,267821.0,32,1.85,1.59,8.54,linear,4.41,58.09,linear_increase
0.009172,649.1818,334.5211,47.4367,100.0,649181790357.8608,2372,1007.0,267905.0,32,0.75,2.36,7.84,geometric,2.21,58.48,random
0.009157,966.3622,803.1974,16.5015,100.0,966362177875.743,449,4915.8,1596884.0,30,2.1,0.52,6.69,geometric,11.34,55.32,pyramid
0.009132,480.9519,219.5672,31.2669,100.0,480951929503.8427,2047,1166.9,267797.0,35,1.3,2.55,4.91,geometric,11.45,45.7,linear_increase
0.00912,81.8865,34.0311,42.0224,100.0,81886490155.9583,771,2834.7,268607.0,33,1.3,9.12,9.59,back_heavy,8.06,74.77,geometric_increase
0.0091,404.3668,193.525,53.3154,100.0,404366801687.7058,1880,1270.6,267835.0,36,0.8,4.69,4.88,geometric,27.78,27.78,flat
0.009096,98.7667,70.2991,28.5587,100.0,98766658095.6607,1566,1524.9,158900.0,34,1.25,2.23,5.77,front_heavy,4.08,54.74,linear_increase
0.009095,921.1188,624.9683,21.0832,100.0,921118812754.0424,563,3882.1,1235437.0,30,2.1,1.59,5.27,linear,33.33,33.33,flat
0.009094,847.077,612.1625,18.7868,100.0,847077011482.1733,590,4046.6,1234984.0,32,2.3,2.23,5.0,back_heavy,27.31,35.19,linear_increase
0.009094,814.9945,287.0647,34.1929,100.0,814994509181.2311,2670,894.6,267831.0,30,1.35,1.3,7.62,geometric,10.06,77.25,geometric_increase
0.009094,273.4275,146.453,69.6127,100.0,273427537749.315,1542,1549.1,268607.0,30,0.65,5.43,9.6,random,33.33,33.33,flat
0.00908,167.1171,104.5857,42.2589,100.0,167117137275.4562,3160,755.9,102553.0,29,0.7,4.14,5.35,geometric,7.52,61.45,linear_increase
0.009077,362.3799,188.3633,31.3731,100.0,362379928865.5378,2958,807.3,161305.0,31,1.15,1.69,7.3,geometric,5.84,93.66,geometric_increase
0.00902,89.9966,57.6052,41.1451,100.0,89996624454.865,2651,901.1,90005.0,35,0.75,5.02,7.68,back_heavy,4.53,52.61,linear_increase
0.009014,66.3734,51.6438,29.8928,100.0,66373358334.3108,3701,645.4,55384.0,35,0.7,5.07,8.14,back_heavy,2.31,56.38,pyramid
0.009005,164.4529,140.1037,111.1963,100.0,164452941413.8503,2384,983.9,132959.0,34,0.35,3.19,5.46,front_heavy,3.13,56.9,random
0.008997,339.694,174.4338,62.7878,100.0,339694009462.5902,1733,1378.4,267831.0,31,0.7,5.97,6.62,linear,32.26,32.26,flat
0.008991,378.039,337.6089,24.5321,100.0,378038983384.598,3036,786.8,161334.0,30,1.1,3.07,4.64,back_heavy,6.9,59.77,pyramid
0.008979,196.3397,131.3502,49.4214,100.0,196339685463.7146,2189,1091.2,161356.0,29,0.7,2.43,7.86,random,14.12,54.84,linear_increase
0.008975,279.124,201.6524,17.7605,100.0,279124032162.1961,341,7002.9,1234988.0,35,2.7,6.5,8.03,linear,9.22,48.54,random
0.008956,423.3854,226.2325,54.0627,100.0,423385446902.2368,1939,1231.8,267828.0,32,0.75,2.45,5.05,front_heavy,31.25,31.25,flat
0.008951,103.9018,28.0226,39.4322,100.0,103901782784.4776,3280,728.2,78459.0,29,0.75,4.61,5.4,back_heavy,3.95,65.01,linear_increase
0.008949,52.7923,33.6229,27.9165,100.0,52792328696.352,1149,2078.9,159680.0,35,1.3,7.49,7.74,linear,3.06,54.09,linear_increase
0.008939,375.6041,186.4019,61.2338,100.0,375604144464.2764,1828,1306.6,267836.0,29,0.7,5.3,9.09,linear,33.32,35.65,linear_increase
0.008935,73.9777,73.0088,18.8499,100.0,73977706074.7756,2992,798.4,72645.0,32,0.95,3.24,6.74,random,1.76,60.74,pyramid
0.008913,62.7749,48.1311,34.0091,100.0,62774854538.2647,1965,1215.6,102019.0,30,0.8,7.84,7.99,back_heavy,4.04,62.62,pyramid
0.00891,545.7899,250.936,53.7448,100.0,545789930937.9291,2207,1082.3,267852.0,33,0.75,1.49,7.53,random,7.23,48.51,random
0.008898,815.016,400.6252,43.5691,100.0,815015985532.4694,2699,885.0,267835.0,35,0.85,0.46,5.28,random,28.57,28.57,flat
0.008825,1050.0065,679.7422,31.8063,100.0,1050006455464.5408,1552,1539.0,530848.0,34,1.4,2.15,2.77,random,29.41,29.41,flat
0.008815,1544.6752,614.9038,28.0055,100.0,1544675167093.833,3727,640.9,268283.0,31,1.25,0.62,2.32,random,10.8,55.14,pyramid
0.008813,160.3778,117.5146,48.4031,100.0,160377839018.5514,2018,1183.6,159671.0,30,0.7,6.05,6.78,random,12.74,53.93,pyramid
0.008809,427.0379,185.6808,30.2615,100.0,427037889635.628,1963,1216.3,267806.0,32,1.4,2.21,5.26,linear,8.98,74.26,geometric_increase
0.008806,1051.23,773.1567,19.6784,100.0,1051230043106.8271,650,3674.7,1269668.0,34,2.0,1.49,3.09,back_heavy,29.41,29.41,flat
0.008805,54.9774,29.8036,59.375,100.0,54977380244.2588,1850,1291.2,102029.0,33,0.65,3.18,8.73,front_heavy,5.57,55.04,linear_increase
0.008802,146.5156,100.2442,64.9684,100.0,146515557263.8653,1930,1237.6,159674.0,29,0.6,7.63,9.59,geometric,15.98,54.3,pyramid
0.008784,202.9255,77.2164,28.4971,100.0,202925534353.8501,6674,358.1,54425.0,31,0.65,2.76,2.92,back_heavy,3.21,63.24,pyramid
0.008745,197.6573,128.8637,36.8778,100.0,197657301973.354,2260,1056.9,158902.0,31,0.9,3.21,4.35,random,8.6,79.39,geometric_increase
0.008744,789.0364,313.235,43.8507,100.0,789036410993.816,4439,538.1,161637.0,34,1.0,1.08,4.18,linear,9.14,67.31,geometric_increase
0.008714,226.2252,99.2961,34.8503,100.0,226225215381.5114,1437,1662.2,267823.0,33,1.25,4.18,7.03,linear,10.19,66.56,geometric_increase
0.008709,139.1833,65.0885,36.7097,100.0,139183280144.9555,1124,2124.6,268581.0,32,1.25,5.59,6.16,front_heavy,8.91,74.54,geometric_increase
0.008698,246.1224,141.7927,39.2033,100.0,246122441947.9454,2490,959.3,161359.0,29,0.9,3.4,8.95,back_heavy,9.44,83.72,geometric_increase
0.008682,135.3593,98.5759,26.8695,100.0,135359327404.9133,1849,1291.8,161301.0,36,1.15,2.6,7.96,random,4.91,50.65,linear_increase
0.008672,1028.4413,415.1664,53.5602,100.0,1028441295804.4327,3071,777.8,267856.0,29,0.75,2.11,7.38,back_heavy,23.74,44.59,random
0.008656,1147.8215,573.0584,38.9526,100.0,1147821468147.4429,3243,736.5,268207.0,35,0.9,0.5,2.13,front_heavy,28.57,28.57,flat
0.008638,183.6382,85.3976,36.1608,100.0,183638229151.7118,1300,1836.9,267831.0,33,1.2,5.18,9.95,linear,10.26,50.35,linear_increase
0.008615,393.4511,201.3322,54.6695,100.0,393451118265.6908,1906,1253.3,267831.0,34,0.75,4.78,5.14,geometric,29.41,29.41,flat
0.008614,385.2883,192.8614,78.0702,100.0,385288325320.8566,1886,1266.5,267855.0,34,0.6,5.09,8.36,back_heavy,8.62,48.42,random
0.008605,317.8117,179.3702,75.8311,100.0,317811711635.0986,1709,1397.6,268604.0,30,0.6,2.77,8.8,random,13.88,53.0,random
0.008574,969.1222,631.6884,17.4261,100.0,969122167456.2554,650,3674.7,1235434.0,32,2.5,1.9,5.68,back_heavy,11.67,47.16,random
0.008563,710.342,549.85,23.4038,100.0,710342017997.7865,557,4287.2,1234833.0,32,1.8,2.29,5.34,geometric,10.46,61.25,random
0.008541,549.4301,415.104,14.1758,100.0,549430086510.8671,472,4871.1,1235443.0,30,2.8,3.39,8.24,geometric,11.44,57.33,random
0.008538,1512.0995,527.2382,27.9106,100.0,1512099490470.923,3750,637.3,268200.0,31,1.45,1.05,6.33,geometric,6.24,60.01,pyramid
0.008519,185.4292,92.5967,61.5987,100.0,185429164569.4764,1312,1820.7,268604.0,35,0.8,6.98,7.99,random,19.98,39.26,geometric_increase
0.008508,964.8117,394.864,49.7753,100.0,964811726163.9144,3003,795.4,267857.0,31,0.8,1.92,5.6,geometric,32.26,32.26,flat
0.008491,119.0499,53.4521,36.1834,100.0,119049949180.3713,1053,2268.5,268605.0,32,1.3,6.46,6.95,back_heavy,7.83,79.21,geometric_increase
0.008481,363.8523,200.7305,35.1783,100.0,363852274488.058,1847,1292.9,267802.0,32,1.05,4.09,9.34,back_heavy,15.74,46.76,pyramid
0.008455,635.4872,454.4098,31.4613,100.0,635487225419.8833,485,4506.4,1235466.0,30,1.65,2.48,6.61,linear,4.25,67.2,random
0.008451,922.2056,601.3607,29.3969,100.0,922205645523.962,1486,1607.0,530855.0,32,1.5,2.15,3.98,geometric,23.32,39.18,linear_increase
0.008428,316.744,174.5527,58.751,100.0,316743959477.7091,1729,1381.6,267832.0,33,0.7,1.11,8.29,random,30.3,30.3,flat
0.008398,78.8285,72.8811,45.9056,100.0,78828514194.3513,3170,753.5,73000.0,33,0.55,6.07,6.86,linear,5.46,56.7,pyramid
0.008389,738.8768,471.1079,25.8395,100.0,738876776583.5077,1335,1788.8,530856.0,33,1.65,3.49,5.79,back_heavy,7.31,63.24,random
0.008356,221.2391,173.2767,37.1623,100.0,221239123314.9684,2446,976.6,158901.0,31,0.8,4.57,6.23,linear,10.76,55.19,pyramid
0.00833,602.3299,262.618,46.7716,100.0,602329947986.6439,2398,996.1,267857.0,35,0.85,2.83,6.19,linear,23.76,32.67,random
0.008316,945.7403,598.5374,21.5466,100.0,945740263116.3496,652,3663.4,1235444.0,35,2.1,1.68,4.44,linear,28.57,28.57,flat
0.008266,313.6574,222.9487,42.998,100.0,313657400130.3812,883,2705.0,526925.0,35,1.2,6.67,7.4,random,28.57,28.57,flat
0.008265,97.1694,56.488,56.5655,100.0,97169388183.2418,1597,1495.6,162166.0,34,0.75,7.41,9.11,geometric,9.22,49.61,linear_increase
0.00826,601.7761,467.1234,33.8291,100.0,601776104413.3408,1223,1952.6,527044.0,30,1.2,3.77,5.6,back_heavy,33.33,33.33,flat
0.008239,51.6751,26.7468,43.5192,100.0,51675136170.6037,1850,1291.2,102257.0,32,0.85,1.33,6.31,front_heavy,3.38,109.06,geometric_increase
0.008152,55.3632,29.5204,54.3157,100.0,55363192481.7254,1212,1970.8,162409.0,32,0.85,3.17,9.05,front_heavy,5.99,88.81,geometric_increase
0.008149,1023.195,375.3271,51.5628,100.0,1023194969514.122,3160,755.9,267857.0,30,0.8,1.7,9.65,geometric,31.31,35.35,pyramid
0.008138,69.6321,39.815,35.9678,100.0,69632069875.4043,1363,1752.5,162106.0,29,1.1,4.02,7.4,random,4.36,113.83,geometric_increase
0.008129,85.1268,50.4433,42.047,100.0,85126831209.6801,1531,1560.2,159663.0,33,0.95,6.92,7.29,random,5.87,54.73,linear_increase
0.008123,439.627,367.8308,32.7297,100.0,439626998076.1664,965,2475.2,575821.0,31,1.2,4.13,7.33,linear,32.26,32.26,flat
0.008123,389.8269,255.1532,23.2276,100.0,389826927614.6254,3243,736.4,161307.0,30,1.35,2.02,5.5,geometric,3.62,63.05,linear_increase
0.008107,199.6585,118.3709,29.6688,100.0,199658473304.6007,2359,1012.5,158900.0,35,1.2,2.73,6.08,back_heavy,4.66,86.65,geometric_increase
0.008091,105.6132,91.2739,36.1152,100.0,105613152733.8665,2641,897.8,102571.0,31,0.6,1.01,8.61,front_heavy,6.01,53.12,random
0.008073,264.7634,171.7959,40.4602,100.0,264763427553.4467,1615,1479.0,267831.0,32,0.85,4.49,7.3,random,4.67,54.82,random
0.008063,467.955,315.0032,22.2326,100.0,467955001562.2755,466,5125.6,1234769.0,35,2.3,4.39,8.9,geometric,28.57,28.57,flat
0.008024,209.5036,125.5542,74.846,100.0,209503554322.071,1411,1662.4,268607.0,31,0.6,5.38,8.79,front_heavy,32.26,32.26,flat
0.008018,184.9911,112.8879,25.6806,100.0,184991064875.2296,2248,1062.3,161355.0,33,1.35,3.24,9.15,geometric,3.64,56.97,linear_increase
0.008015,97.8542,47.4846,47.6445,100.0,97854160980.7994,899,2430.9,268608.0,36,1.05,4.82,9.35,front_heavy,10.89,44.66,linear_increase
0.008012,56.3404,39.6466,51.7936,100.0,56340432635.3078,2128,1122.4,94123.0,35,0.6,1.84,8.8,front_heavy,5.47,53.03,pyramid
0.007996,637.2433,256.698,32.2417,100.0,637243321155.8289,1171,2039.7,575824.0,34,1.35,3.15,7.87,geometric,29.41,29.41,flat
0.007987,25.3268,10.3404,12.0737,100.0,25326829101.9743,2011,1187.5,66868.0,35,1.4,5.29,6.55,front_heavy,0.29,58.52,pyramid
0.007986,733.2919,328.8048,33.7974,100.0,733291894806.8793,2702,883.8,267801.0,36,1.2,1.72,3.08,linear,12.58,51.61,geometric_increase
0.007973,797.8869,529.0055,24.3693,100.0,797886858722.0552,589,3903.5,1234870.0,32,1.9,1.86,6.44,linear,25.04,39.0,random
0.007945,134.611,110.4762,28.3243,100.0,134610980060.3659,1927,1239.2,161302.0,30,1.05,5.72,7.37,linear,5.57,61.1,pyramid
0.007933,1519.6541,589.5687,32.9452,100.0,1519654099805.6487,3897,613.0,268279.0,30,1.2,1.14,2.14,back_heavy,12.78,68.14,geometric_increase
0.0079,226.284,149.6692,81.4417,100.0,226283998937.2348,1442,1587.1,268607.0,31,0.55,4.47,9.61,random,17.01,53.02,random
0.007899,619.7283,397.0364,20.6442,100.0,619728296526.8274,2498,956.2,267832.0,33,1.55,2.31,5.39,back_heavy,6.33,55.77,pyramid
0.00788,390.1398,286.2763,40.2379,100.0,390139781327.1556,3294,725.2,161354.0,33,0.75,3.21,5.72,back_heavy,14.29,47.31,pyramid
0.007859,81.7141,50.1153,37.347,100.0,81714114700.0695,1525,1565.9,159674.0,33,1.0,6.82,7.0,random,5.19,55.41,linear_increase
0.00785,863.0412,798.1823,17.5662,100.0,863041199190.11,496,4815.4,1596622.0,33,1.9,0.76,2.5,linear,21.4,41.3,geometric_increase
0.007837,539.0795,397.7659,17.782,100.0,539079487483.0666,2339,1021.2,267829.0,30,1.65,2.58,4.83,back_heavy,5.03,61.64,pyramid
0.007813,664.8284,469.9752,21.0913,100.0,664828379136.4795,564,4233.1,1234833.0,31,2.1,3.15,8.91,back_heavy,32.26,32.26,flat
0.007781,233.3288,118.9841,66.944,100.0,233328806815.9548,1540,1551.1,268609.0,35,0.7,7.16,8.24,geometric,25.67,31.48,linear_increase
0.00778,142.9859,89.7011,42.4059,100.0,142985940220.216,2007,1189.8,161305.0,29,0.85,4.86,4.94,back_heavy,8.22,89.18,geometric_increase
0.00774,113.2352,52.7733,34.0303,100.0,113235185856.3774,5211,458.4,55444.0,34,0.6,3.21,4.31,random,3.33,55.5,pyramid
0.007715,262.3287,193.7911,37.2035,100.0,262328724880.3636,354,6697.4,1234979.0,34,1.55,7.86,8.3,front_heavy,2.02,50.89,random
0.007672,183.4223,138.7055,30.1644,100.0,183422278854.5368,2331,1024.7,158445.0,33,1.0,2.38,3.53,front_heavy,6.31,83.3,geometric_increase
0.007661,623.0061,445.5947,29.5138,100.0,623006093814.0151,531,4329.9,1234775.0,29,1.6,3.37,8.54,geometric,10.35,58.47,random
0.007632,419.0706,190.0841,29.2346,100.0,419070614112.6776,2090,1142.8,267804.0,36,1.4,2.07,4.95,geometric,7.85,66.69,geometric_increase
0.007584,484.6888,328.3078,40.0528,100.0,484688833438.5474,1146,2084.3,526919.0,31,1.15,3.18,7.74,random,32.26,32.26,flat
0.007583,880.897,451.0823,29.9377,100.0,880897012526.8533,3039,785.8,267828.0,29,1.15,1.9,3.17,linear,10.25,60.02,random
0.007564,144.4208,173.1644,12.5448,100.0,144420803360.4956,2077,1150.0,158908.0,35,1.65,3.77,5.73,geometric,1.39,57.35,pyramid
0.007526,542.5519,255.8225,38.1138,100.0,542551925623.0475,2394,997.5,267832.0,29,1.0,2.25,5.62,linear,16.61,61.57,geometric_increase
0.00751,526.2227,429.8692,24.3534,100.0,526222678791.2266,512,4665.4,1234994.0,29,1.75,3.41,7.74,geometric,20.72,50.19,random
0.007509,1004.0072,600.2689,22.9438,100.0,1004007202404.9996,653,3380.1,1235928.0,32,1.9,1.37,9.63,back_heavy,31.25,31.25,flat
0.007505,836.8492,812.0155,19.0821,100.0,836849202417.7961,481,4782.2,1596901.0,30,1.65,0.95,2.54,geometric,33.33,33.33,flat
0.0075,77.6251,55.5857,30.2404,100.0,77625069556.6498,1522,1569.4,159671.0,29,1.1,6.8,9.31,back_heavy,4.14,64.82,linear_increase
0.007493,492.0979,283.1584,25.6092,100.0,492097897011.6154,2286,1044.9,267791.0,32,1.4,2.67,6.94,geometric,8.3,54.2,pyramid
0.00745,20.5076,9.3476,34.0701,100.0,20507639687.8658,778,3034.8,159222.0,31,1.4,4.86,9.38,front_heavy,1.78,136.2,geometric_increase
0.007445,231.2523,181.0752,47.3306,100.0,231252330734.5096,731,2989.8,526919.0,35,1.15,1.23,9.48,front_heavy,28.57,28.57,flat
0.007438,262.7062,127.418,36.3799,100.0,262706195450.9596,1676,1425.2,267829.0,35,1.1,3.92,7.73,back_heavy,11.86,55.92,geometric_increase
0.007437,981.1616,600.2679,24.3441,100.0,981161557505.1573,676,3402.7,1235956.0,30,1.8,1.32,10.0,geometric,33.33,33.33,flat
0.0074,37.7801,20.8502,45.3546,100.0,37780078488.3062,1673,1427.8,102018.0,35,0.8,8.21,9.59,linear,3.05,54.09,linear_increase
0.007394,426.9756,224.3849,57.5215,100.0,426975599836.072,2143,1114.6,267831.0,32,0.7,4.32,4.66,front_heavy,31.25,31.25,flat
0.007386,282.1396,152.2759,68.6432,100.0,282139624839.9494,1738,1374.3,268608.0,33,0.65,6.38,6.69,front_heavy,30.3,30.3,flat
0.00738,24.7109,10.2789,18.891,100.0,24710914901.7694,1730,1380.8,79895.0,32,1.1,3.2,8.76,front_heavy,0.95,61.55,pyramid
0.007373,853.8991,612.3539,18.3946,100.0,853899132415.6698,658,3630.2,1235444.0,33,2.1,1.86,4.5,linear,3.17,53.02,random
0.007323,294.4822,218.3397,41.3201,100.0,294482221330.9383,871,2627.6,526920.0,33,1.2,6.89,7.91,linear,27.26,33.35,linear_increase
0.007308,203.1409,72.0589,22.8467,100.0,203140945037.6229,3920,609.3,101587.0,29,1.05,3.25,7.6,geometric,2.46,68.79,pyramid
0.007307,1031.2149,720.9863,21.9386,100.0,1031214924131.1642,726,3288.5,1235443.0,29,2.0,2.16,3.4,geometric,34.48,34.48,flat
0.007279,132.0274,82.0992,80.6474,100.0,132027402354.8727,1096,1994.2,268567.0,33,0.6,2.89,9.89,front_heavy,13.79,46.98,random
0.007198,222.1012,135.7025,71.8541,100.0,222101246887.5144,1562,1529.2,268608.0,33,0.6,5.08,8.91,random,30.3,30.3,flat
0.007185,91.0489,40.6284,43.8883,100.0,91048905364.796,1001,2386.2,268608.0,31,1.15,7.89,8.12,linear,7.8,83.03,geometric_increase
0.007153,48.284,22.8545,42.4647,100.0,48284003909.2944,2072,1152.5,94687.0,34,0.9,5.1,5.37,random,2.5,110.75,geometric_increase
0.007128,424.047,227.677,62.4365,100.0,424046976506.0605,2175,1098.2,267852.0,29,0.65,4.78,6.07,geometric,34.48,34.48,flat
0.007109,133.8509,82.9806,77.9168,100.0,133850902246.2438,2018,1183.6,162409.0,35,0.55,6.15,7.22,front_heavy,16.06,46.11,geometric_increase
0.007104,501.1894,245.798,33.2126,100.0,501189422695.7927,2369,1008.3,267831.0,33,1.05,2.98,5.17,random,7.47,50.63,random
0.007094,197.5261,198.9971,22.1088,100.0,197526066318.0798,2471,966.6,161301.0,32,1.15,2.23,5.46,random,4.31,58.19,pyramid
0.007055,263.502,169.748,45.6938,100.0,263501998026.6605,2862,834.6,161302.0,31,0.75,3.39,4.46,geometric,11.77,67.8,geometric_increase
0.007053,496.0339,281.3409,61.9173,100.0,496033929394.0283,2365,1010.0,267852.0,30,0.6,1.42,5.34,random,10.72,50.24,random
0.00705,58.7578,59.0078,61.0703,100.0,58757812207.0664,2122,1112.6,101580.0,30,0.5,0.25,9.87,front_heavy,7.8,58.87,pyramid
0.007011,50.8922,39.8892,25.9531,100.0,50892231526.4717,7602,314.8,26821.0,30,0.45,3.46,3.87,front_heavy,1.41,65.25,pyramid
0.006992,629.4599,251.7043,36.1375,100.0,629459855593.2325,2676,892.6,267835.0,34,1.15,1.74,8.86,geometric,11.81,47.01,linear_increase
0.006971,188.5545,95.5682,42.9427,100.0,188554485355.5817,1467,1628.3,267794.0,35,1.0,5.56,6.0,geometric,12.31,44.83,linear_increase
0.006949,99.8255,45.0201,37.9689,100.0,99825524104.8574,1066,2240.7,268567.0,33,1.25,6.78,6.99,linear,6.93,80.05,geometric_increase
0.006936,38.4182,12.5421,30.292,100.0,38418239914.9589,2268,1052.9,78360.0,31,0.95,5.21,6.74,front_heavy,1.55,62.97,linear_increase
0.006923,186.8604,116.4725,86.3937,100.0,186860354407.9188,1400,1634.7,268574.0,30,0.55,8.94,9.83,front_heavy,24.79,42.78,random
0.006905,1118.2433,673.1952,23.5902,100.0,1118243306298.3638,749,3071.1,1235928.0,33,1.85,1.34,6.33,back_heavy,30.3,30.3,flat
0.006891,134.605,89.0253,40.5764,100.0,134604973156.5624,2101,1136.9,158901.0,30,0.85,2.82,6.22,random,7.31,89.43,geometric_increase
0.00682,280.9027,150.6903,64.9479,100.0,280902668969.966,1810,1319.7,267831.0,35,0.65,4.72,7.27,random,28.57,28.57,flat
0.00681,640.9751,786.6436,15.2265,100.0,640975118264.9117,459,5202.6,1596144.0,32,1.85,1.73,1.9,geometric,31.25,31.25,flat
0.006789,236.8616,119.8538,53.6867,100.0,236861581976.3418,1666,1433.7,267802.0,34,0.8,5.6,6.58,geometric,18.97,42.99,geometric_increase
0.006761,590.5699,447.1959,31.0676,100.0,590569915722.809,550,4180.3,1235444.0,31,1.4,3.4,7.36,geometric,2.86,62.29,random
0.006669,135.0285,91.9657,27.629,100.0,135028546199.0363,645,3703.1,526925.0,35,1.95,4.8,9.34,random,8.33,67.52,geometric_increase
0.006666,831.9117,541.2171,22.8773,100.0,831911717862.3094,683,3497.2,1235435.0,33,1.9,1.84,8.05,geometric,30.3,30.3,flat
0.006632,298.2703,209.5295,72.1501,100.0,298270336996.1677,1886,1266.5,268596.0,31,0.55,4.17,6.7,random,9.63,48.87,random
0.00661,194.8576,155.0468,39.2921,100.0,194857602192.8414,2581,925.5,158901.0,32,0.8,2.27,7.51,random,8.9,53.6,pyramid
0.00659,303.8371,168.4988,64.8782,100.0,303837103467.9604,1915,1247.4,267828.0,34,0.65,4.66,5.86,front_heavy,28.99,29.83,pyramid
0.006583,204.7436,122.3902,25.4558,100.0,204743633400.0929,2611,914.8,161332.0,33,1.3,2.46,8.85,linear,3.16,57.44,linear_increase
0.006577,786.8715,524.8546,22.253,100.0,786871486337.1892,669,3570.3,1234983.0,34,2.0,2.17,6.71,geometric,26.41,32.38,random
0.006572,406.8322,229.442,60.3806,100.0,406832241213.0608,2219,1076.5,267831.0,31,0.65,2.88,5.71,random,32.26,32.26,flat
0.006571,72.9728,46.8103,63.8695,100.0,72972801379.7168,1550,1541.1,162409.0,34,0.65,1.05,8.38,front_heavy,8.93,68.09,geometric_increase
0.006566,86.7117,65.7728,50.2683,100.0,86711702815.3046,2702,884.0,101585.0,35,0.6,5.4,6.91,random,6.32,52.13,pyramid
0.006565,319.327,187.273,61.6271,100.0,319327031613.8056,1967,1214.3,267820.0,34,0.65,4.42,4.85,front_heavy,10.96,50.16,random
0.006552,822.4031,618.496,21.1833,100.0,822403141497.3337,685,3485.4,1234861.0,33,2.0,2.33,3.49,linear,30.3,30.3,flat
0.006461,78.248,65.1349,59.156,100.0,78248047162.5425,2799,853.4,93920.0,31,0.5,4.11,7.56,front_heavy,7.6,58.56,pyramid
0.006444,532.9099,404.2226,22.2817,100.0,532909883819.9594,556,4294.0,1234841.0,31,1.9,3.32,7.81,linear,32.26,32.26,flat
0.00641,139.8002,166.9469,41.0839,100.0,139800150782.4823,6480,368.6,54438.0,33,0.5,3.15,7.11,geometric,4.52,57.7,pyramid
0.006398,291.0599,161.4925,40.4814,100.0,291059926844.9418,1902,1255.5,267798.0,30,0.95,1.19,7.22,random,14.75,62.72,geometric_increase
0.006355,140.7358,136.3375,18.0455,100.0,140735827333.5488,2237,1067.8,158901.0,35,1.5,2.98,3.82,random,2.04,55.1,linear_increase
0.006353,276.5887,210.9349,35.0588,100.0,276588704667.4492,3088,773.5,161394.0,35,0.85,3.3,5.87,linear,8.71,49.6,pyramid
0.006338,527.0073,286.2161,36.2988,100.0,527007285068.977,2572,928.7,267801.0,30,1.0,2.55,3.53,linear,15.19,61.61,geometric_increase
0.006322,434.9272,192.2763,45.7366,100.0,434927241548.1642,2339,1021.2,267856.0,30,0.9,2.88,8.77,linear,17.71,48.96,linear_increase
0.006263,1187.6645,719.2083,26.1441,100.0,1187664508475.0679,770,2838.4,1236036.0,36,1.55,0.71,6.26,back_heavy,27.78,27.78,flat
0.00624,894.5173,612.9237,19.7242,100.0,894517323194.5616,732,3263.0,1235479.0,32,2.1,0.21,8.73,linear,6.73,55.77,pyramid
0.006237,56.1691,29.1048,30.7152,100.0,56169120229.7478,1405,1700.0,161332.0,32,1.25,4.75,9.12,linear,2.62,117.83,geometric_increase
0.006225,295.8443,315.9908,21.7386,100.0,295844299938.0144,3228,739.9,161305.0,34,1.05,3.01,3.03,back_heavy,5.25,53.57,pyramid
0.006183,444.5792,190.3248,34.1051,100.0,444579176065.306,2391,998.7,267808.0,34,1.2,2.0,7.29,geometric,9.42,66.29,geometric_increase
0.006182,343.5404,286.7146,40.8167,100.0,343540389453.5442,978,2442.3,575754.0,31,1.05,3.64,9.21,random,32.26,32.26,flat
0.006155,469.0762,283.5577,55.2022,100.0,469076179803.2442,2462,970.2,267831.0,31,0.65,3.1,4.01,front_heavy,32.26,32.26,flat
0.006146,322.4981,181.8276,69.2385,100.0,322498138324.949,2043,1169.2,267831.0,30,0.6,5.14,6.63,random,29.51,38.78,random
0.006143,158.7385,109.8608,75.5939,100.0,158738467159.0075,1413,1670.9,268604.0,34,0.55,7.86,10.0,front_heavy,6.73,49.94,random
0.006136,878.8585,578.4948,23.9187,100.0,878858460290.6744,732,3263.3,1234990.0,32,1.85,1.81,5.25,linear,31.25,31.25,flat
0.006128,997.5124,670.5662,24.104,100.0,997512437360.0815,780,3062.2,1235444.0,30,1.8,1.64,4.36,linear,32.42,34.25,linear_increase
0.006125,552.6301,397.4749,29.1575,100.0,552630128136.8696,559,4113.1,1235464.0,32,1.5,3.55,8.81,linear,5.84,69.22,random
0.006113,175.1018,111.2497,79.8476,100.0,175101841165.9398,1478,1587.0,268603.0,34,0.55,7.37,8.77,front_heavy,29.41,29.41,flat
0.006075,62.3545,27.5632,40.9062,100.0,62354513362.5459,901,2651.2,268604.0,34,1.25,3.23,8.57,front_heavy,5.37,85.35,geometric_increase
0.006064,764.2141,480.041,25.402,100.0,764214121644.0818,628,3480.1,1235444.0,30,1.8,1.46,9.71,linear,33.33,33.33,flat
0.006055,298.626,209.8589,17.3685,100.0,298625964570.8734,1980,1205.9,267791.0,33,1.8,2.83,8.13,linear,2.91,59.41,pyramid
0.006037,247.2616,219.2778,51.6848,100.0,247261565604.7121,879,2603.6,526923.0,34,0.9,7.94,9.02,front_heavy,2.53,63.76,random
0.00603,903.9475,784.465,21.0404,100.0,903947537780.8538,558,4122.3,1596049.0,31,1.75,1.09,3.68,geometric,32.26,32.26,flat
0.006004,325.6229,195.6339,66.9616,100.0,325622892805.3496,2077,1150.0,267823.0,31,0.6,2.86,5.88,front_heavy,32.26,32.26,flat
0.006003,107.8157,84.1102,88.7951,100.0,107815661910.1807,1974,1210.1,162166.0,33,0.45,2.84,8.5,front_heavy,18.65,45.86,geometric_increase
0.005993,658.0762,501.4802,21.7915,100.0,658076163758.8422,641,3726.3,1234833.0,32,1.9,2.89,7.42,back_heavy,31.25,31.25,flat
0.005981,27.4294,11.2938,21.0567,100.0,27429398672.6098,2919,818.3,55419.0,34,0.9,3.69,5.6,front_heavy,0.75,58.07,linear_increase
0.005972,70.7581,31.4674,44.144,100.0,70758102986.371,968,2467.7,268608.0,36,1.15,7.91,8.86,linear,6.29,73.81,geometric_increase
0.005946,555.2667,411.452,39.5724,100.0,555266738624.3562,1375,1737.1,530856.0,30,1.05,3.6,8.48,geometric,33.33,33.33,flat
0.005942,291.9694,158.1069,52.5836,100.0,291969417682.1769,1977,1208.2,267828.0,31,0.75,4.91,6.31,geometric,21.0,43.51,linear_increase
0.005941,213.7987,138.5066,44.5318,100.0,213798662870.4913,1687,1415.9,268604.0,34,0.8,5.18,7.69,front_heavy,6.53,57.39,random
0.005912,141.2665,91.241,47.6479,100.0,141266477492.8109,2289,1043.5,161305.0,33,0.75,3.75,4.78,front_heavy,8.57,72.63,geometric_increase
0.005911,1381.8406,747.9974,26.5499,100.0,1381840642687.3518,855,2556.3,1235947.0,33,1.7,1.01,5.37,back_heavy,6.3,48.06,random
0.005893,856.1094,346.9183,32.9777,100.0,856109428957.2096,3399,702.7,267829.0,30,1.3,0.96,6.03,geometric,6.8,92.19,geometric_increase
0.00583,216.8944,185.5099,50.6664,100.0,216894399583.406,800,2731.7,526916.0,34,1.0,1.08,9.57,front_heavy,29.41,29.41,flat
0.005825,117.2913,63.5072,37.062,100.0,117291323465.7244,1262,1892.8,268595.0,29,1.15,7.12,7.3,geometric,7.55,61.42,linear_increase
0.005808,779.5024,521.8068,22.3302,100.0,779502428219.9849,708,3372.3,1235435.0,30,1.95,2.38,7.64,linear,5.1,49.38,random
0.005804,568.9169,545.9556,12.0515,100.0,568916896688.4539,2790,855.7,267907.0,33,1.95,0.92,1.88,front_heavy,1.55,59.05,linear_increase
0.0058,165.9293,150.57,51.7409,100.0,165929309739.5046,3977,600.6,101587.0,33,0.5,1.17,8.86,random,10.51,51.34,pyramid
0.005796,1409.4812,596.682,36.1031,100.0,1409481190717.853,1689,1414.2,697396.0,29,1.05,1.3,2.12,random,8.69,61.52,random
0.005786,914.4671,579.9425,38.9964,100.0,914467102272.5466,3540,674.8,268258.0,30,0.75,0.3,2.47,front_heavy,28.92,38.16,geometric_increase
0.005767,145.0304,89.3485,36.0469,100.0,145030368617.0832,1410,1693.6,268567.0,35,1.05,4.84,8.5,random,9.23,49.05,pyramid
0.005734,475.3376,327.0708,29.1054,100.0,475337614744.4702,1194,2000.0,575820.0,34,1.45,2.27,8.17,linear,17.05,46.47,geometric_increase
0.005733,1739.0511,589.1687,25.5245,100.0,1739051107670.6782,4907,487.1,268276.0,33,1.55,0.87,4.36,geometric,2.1,60.27,pyramid
0.00572,358.0645,251.544,92.076,100.0,358064544190.7654,2225,1073.6,268608.0,33,0.45,3.84,7.39,back_heavy,3.02,55.61,random
0.005714,590.2612,486.16,14.612,100.0,590261165933.9532,2866,833.4,267852.0,33,1.8,2.06,3.49,back_heavy,1.87,60.51,pyramid
0.005709,573.8488,468.7005,21.0556,100.0,573848839855.2212,613,3894.9,1234834.0,34,1.9,3.05,4.91,geometric,29.41,29.41,flat
0.005709,264.766,185.8447,37.1772,100.0,264765979112.4132,3188,749.3,161355.0,33,0.85,2.98,4.61,geometric,7.99,52.62,linear_increase
0.005683,759.2313,533.1452,15.9024,100.0,759231254256.9751,3258,733.0,267906.0,29,1.95,1.42,2.13,random,1.65,67.31,linear_increase
0.005674,226.8155,136.3378,83.7003,100.0,226815516345.8116,1778,1343.5,268607.0,32,0.55,6.64,7.69,front_heavy,31.25,31.25,flat
0.005667,117.245,72.726,39.1992,100.0,117244972144.9466,2162,1104.8,158904.0,34,0.9,4.06,8.37,back_heavy,5.47,84.73,geometric_increase
0.005631,325.7013,203.5282,54.7837,100.0,325701337593.5009,2145,1113.5,267819.0,29,0.65,5.05,8.32,back_heavy,26.75,42.77,pyramid
0.005619,214.1194,131.2661,83.6672,100.0,214119365240.6107,1736,1376.0,268604.0,33,0.55,5.48,8.51,random,30.3,30.3,flat
0.005616,54.0356,50.963,22.236,100.0,54035567543.0943,4230,564.7,55390.0,33,0.8,3.9,4.51,back_heavy,1.07,59.54,linear_increase
0.005604,627.6645,450.5513,23.0733,100.0,627664491402.4639,647,3690.2,1234987.0,33,1.85,2.57,6.93,linear,30.3,30.3,flat
0.005604,964.4717,635.0974,24.2011,100.0,964471672199.6115,772,2978.2,1235487.0,30,1.75,1.72,7.53,back_heavy,33.33,33.33,flat
0.005574,83.0659,53.704,45.7505,100.0,83065865191.9979,1799,1327.7,162080.0,34,0.8,6.64,7.91,linear,6.14,52.69,linear_increase
0.005567,1153.324,458.901,47.797,100.0,1153323951365.6077,4054,589.2,268198.0,29,0.8,1.57,7.84,back_heavy,24.61,45.07,pyramid
0.005511,208.1823,123.8895,32.4943,100.0,208182322527.0525,2878,829.9,161305.0,29,1.05,2.21,6.38,linear,4.6,111.83,geometric_increase
0.005506,676.6086,338.5833,56.2285,100.0,676608648702.186,3126,764.1,267857.0,30,0.65,2.69,8.46,back_heavy,33.33,33.33,flat
0.005505,829.9706,407.0032,33.9605,100.0,829970601809.0144,3466,689.2,267603.0,30,1.0,2.13,3.71,linear,8.97,57.25,random
0.005465,993.0621,576.9336,21.7062,100.0,993062116338.7535,754,2898.4,1235480.0,30,1.85,1.31,9.77,geometric,16.76,54.75,random
0.005447,655.7929,329.215,27.4915,100.0,655792916355.4734,3095,771.8,267807.0,30,1.4,1.59,4.28,linear,6.05,60.61,linear_increase
0.005436,320.3474,190.594,50.0702,100.0,320347411478.1825,2165,1103.3,267831.0,30,0.75,4.6,6.69,linear,20.53,46.14,pyramid
0.005375,32.2024,16.3111,31.8397,100.0,32202432552.784,1163,2053.0,158898.0,34,1.35,5.94,7.55,geometric,1.75,122.34,geometric_increase
0.005365,616.039,307.3668,52.4181,100.0,616039015425.8578,3022,790.4,267852.0,36,0.7,2.67,6.98,back_heavy,27.78,27.78,flat
0.005341,586.8664,382.5233,24.6942,100.0,586866371447.3551,2956,808.0,267836.0,30,1.25,2.38,6.92,back_heavy,7.89,58.77,pyramid
0.005341,199.5648,103.3375,49.9825,100.0,199564750651.5702,1724,1385.6,267830.0,32,0.85,5.44,6.11,back_heavy,13.98,58.45,geometric_increase
0.005278,454.2299,238.4337,58.4184,100.0,454229946135.6088,2616,913.0,267852.0,35,0.65,3.29,6.97,linear,28.57,28.57,flat
0.005271,105.943,46.3414,36.3928,100.0,105943002869.5079,6225,383.9,54430.0,35,0.6,2.24,6.09,random,2.36,56.32,pyramid
0.005261,614.7426,465.5325,23.128,100.0,614742550026.2361,661,3612.7,1234980.0,32,1.8,2.81,6.23,linear,31.25,31.25,flat
0.00526,883.8995,318.7695,35.3207,100.0,883899467362.0017,3656,653.4,267834.0,36,1.25,0.79,8.73,linear,6.11,49.45,pyramid
0.00525,891.2679,797.9241,22.9422,100.0,891267928531.1477,564,3875.2,1596627.0,30,1.5,0.69,3.22,linear,33.33,33.33,flat
0.005227,981.6365,439.7348,41.9633,100.0,981636462915.9088,3864,618.2,267905.0,30,0.85,1.69,7.72,back_heavy,19.89,46.78,pyramid
0.005221,417.5012,205.4446,41.6954,100.0,417501210811.3744,2522,947.1,267807.0,35,0.95,3.12,6.16,back_heavy,14.37,42.78,linear_increase
0.005217,92.0699,57.3855,59.0335,100.0,92069939419.7763,1997,1196.1,158904.0,35,0.65,4.78,8.19,random,8.42,48.72,linear_increase
0.005189,299.0801,181.0375,65.734,100.0,299080128946.0468,2141,1115.6,267831.0,31,0.6,5.4,6.4,geometric,28.38,36.4,pyramid
0.005184,942.9463,690.8294,22.3851,100.0,942946332915.8086,825,2895.2,1234769.0,34,1.9,2.14,2.82,geometric,29.41,29.41,flat
0.005184,82.0503,60.2439,41.0347,100.0,82050296299.9733,1882,1269.2,159673.0,29,0.8,1.16,8.39,random,5.61,104.09,geometric_increase
0.005179,1151.5882,784.794,23.0849,100.0,1151588223934.6187,887,2692.8,1269749.0,31,1.7,1.51,2.67,geometric,32.26,32.26,flat
0.005144,115.3006,75.8472,53.477,100.0,115300642396.1166,2217,1077.4,161306.0,34,0.65,5.24,7.39,back_heavy,9.18,67.17,geometric_increase
0.005139,623.373,283.4416,32.6699,100.0,623373043378.7489,3106,769.0,267836.0,29,1.15,1.62,8.53,geometric,8.95,60.01,linear_increase
0.00513,186.8184,157.9979,104.4363,100.0,186818359929.6272,1697,1407.6,268608.0,31,0.4,7.79,8.18,random,11.76,51.6,random
0.005115,550.9115,283.541,58.3583,100.0,550911539943.0249,2927,816.1,267831.0,33,0.65,3.09,5.76,geometric,30.3,30.3,flat
0.005111,279.0273,223.5551,25.8962,100.0,279027341957.3362,410,5284.4,1234725.0,34,1.85,4.93,8.41,geometric,3.88,58.69,random
0.005105,220.6924,132.298,83.046,100.0,220692430003.9828,1849,1291.9,268608.0,34,0.55,7.44,8.69,back_heavy,27.25,30.92,random
0.005049,216.3862,133.6784,78.9387,100.0,216386192669.0973,1841,1297.5,268604.0,36,0.55,5.9,7.77,front_heavy,9.35,43.71,random
0.005047,680.4747,470.9519,22.6383,100.0,680474721393.2743,710,3362.8,1234833.0,33,1.95,2.69,6.01,geometric,9.25,53.58,random
0.005031,29.2298,10.2309,19.3383,100.0,29229778050.0914,2638,905.4,69012.0,35,0.95,6.56,9.0,linear,0.79,57.99,pyramid
0.005027,241.2088,137.5051,73.0863,100.0,241208819081.0135,1948,1226.2,268599.0,33,0.6,6.93,8.16,geometric,20.44,38.72,random
0.005022,497.0125,377.7734,25.6132,100.0,497012527334.9752,608,3927.0,1235438.0,34,1.7,4.0,4.61,geometric,6.76,54.16,random
0.005004,375.4121,210.3482,45.7982,100.0,375412060786.8469,2443,977.8,267824.0,30,0.8,3.62,7.41,back_heavy,18.17,48.49,linear_increase
0.004997,252.5283,142.5728,45.0998,100.0,252528339314.155,2005,1191.3,267804.0,31,0.85,4.35,4.81,geometric,14.37,60.48,geometric_increase
0.004992,188.1472,169.8817,16.468,100.0,188147205923.0146,2874,831.1,161355.0,32,1.6,2.45,5.3,linear,1.11,61.39,linear_increase
0.004986,53.3242,33.0759,64.3212,100.0,53324187670.6913,2621,911.4,94253.0,34,0.55,7.11,8.63,linear,4.78,54.04,linear_increase
0.004972,330.3939,209.1601,68.5817,100.0,330393868964.9638,2299,1039.0,267828.0,30,0.55,4.97,5.51,random,33.33,33.33,flat
0.004943,108.2022,67.39,42.962,100.0,108202232800.5875,2224,1074.0,158898.0,32,0.85,4.46,5.28,geometric,5.49,91.87,geometric_increase
0.004939,539.5754,267.4625,36.9201,100.0,539575393510.4635,2948,810.3,267832.0,31,1.0,2.25,8.27,back_heavy,12.47,52.05,linear_increase
0.004938,240.1021,147.4589,76.0044,100.0,240102098627.6704,1961,1218.1,268608.0,34,0.55,6.53,7.45,geometric,29.41,29.41,flat
0.004899,71.7846,35.526,41.216,100.0,71784611062.3324,2828,844.7,102249.0,34,0.7,4.88,7.43,random,3.77,55.05,pyramid
0.004887,98.5066,79.6078,86.1933,100.0,98506629451.1767,2088,1143.9,162409.0,29,0.45,4.34,8.18,front_heavy,16.02,62.95,geometric_increase
0.004883,230.7525,223.5448,47.441,100.0,230752478394.1166,5091,469.2,102002.0,32,0.5,2.0,5.34,random,10.43,52.07,pyramid
0.004866,213.9363,117.5827,54.2182,100.0,213936348249.5353,1870,1277.3,267829.0,31,0.75,5.47,7.04,back_heavy,16.59,55.24,geometric_increase
0.004845,42.7153,19.6158,39.3772,100.0,42715267099.7871,764,2860.6,268604.0,31,1.3,7.07,9.33,front_heavy,4.22,105.51,geometric_increase
0.004844,695.5582,464.6422,17.4285,100.0,695558235489.2612,733,3260.4,1235472.0,32,2.3,2.4,9.58,geometric,4.54,56.75,random
0.004841,84.7982,77.2404,48.313,100.0,84798211342.3343,1980,1206.3,159665.0,30,0.65,3.48,8.23,front_heavy,7.8,58.86,pyramid
0.00484,131.2006,113.0904,45.4173,100.0,131200644367.3122,2476,964.7,158825.0,33,0.65,5.77,7.37,back_heavy,9.15,52.78,pyramid
0.004827,333.7225,225.0071,90.6859,100.0,333722494267.1379,2258,1018.7,267852.0,30,0.45,4.37,4.81,random,6.67,57.63,random
0.004819,307.0684,190.2895,24.5392,100.0,307068351192.6411,2251,1060.9,267804.0,29,1.35,2.91,8.89,back_heavy,5.66,63.31,linear_increase
0.004801,697.8394,368.7563,55.6664,100.0,697839443919.245,3400,702.6,267855.0,32,0.65,2.62,4.37,back_heavy,31.25,31.25,flat
0.004764,115.0594,63.802,72.2763,100.0,115059422079.0474,1366,1728.4,268608.0,31,0.65,9.07,9.82,linear,16.28,55.93,geometric_increase
0.004759,308.0802,243.5505,18.8715,100.0,308080203014.5574,492,4852.8,1234775.0,34,2.3,3.28,9.16,linear,15.37,49.88,geometric_increase
0.004711,296.0874,134.9527,46.8486,100.0,296087351396.9942,5926,403.1,101057.0,29,0.65,1.96,3.6,linear,6.48,98.48,geometric_increase
0.004678,570.3576,449.1742,22.6285,100.0,570357587175.6462,675,3537.0,1234986.0,35,1.8,3.01,8.35,back_heavy,28.57,28.57,flat
0.004676,984.9469,540.514,52.5296,100.0,984946893857.2957,4092,583.7,267905.0,30,0.65,2.01,2.05,linear,33.33,33.33,flat
0.004606,369.8554,239.3346,74.762,100.0,369855435324.4399,2527,945.3,267855.0,29,0.5,4.51,7.61,back_heavy,26.57,41.61,random
0.004588,215.0931,139.4572,69.3688,100.0,215093058102.375,1931,1237.0,267820.0,35,0.55,6.21,6.96,geometric,26.56,30.68,geometric_increase
0.004579,262.1595,167.6268,47.5069,100.0,262159517767.5358,3536,675.5,161636.0,35,0.7,2.77,7.45,back_heavy,9.88,61.89,geometric_increase
0.004549,81.3311,44.1685,50.9944,100.0,81331056685.699,3380,706.7,94501.0,34,0.55,5.69,9.47,geometric,5.28,53.55,pyramid
0.004541,211.7197,141.7503,84.3798,100.0,211719719164.8233,1920,1244.0,268628.0,32,0.5,7.25,7.78,geometric,31.25,31.25,flat
0.00451,876.2584,341.5567,48.5533,100.0,876258403925.166,3931,607.6,267836.0,30,0.85,1.42,7.13,geometric,17.46,56.38,geometric_increase
0.004497,284.1663,152.8303,38.3545,100.0,284166261035.6147,2242,1065.4,267823.0,32,1.0,3.57,6.41,geometric,10.49,52.01,linear_increase
0.004489,617.1821,465.1355,19.1573,100.0,617182091611.4469,3306,722.3,267837.0,31,1.45,1.97,3.95,geometric,3.7,62.72,pyramid
0.004487,70.9122,35.0539,50.085,100.0,70912220183.667,1118,2136.6,268605.0,34,0.95,7.15,8.21,front_heavy,7.08,75.99,geometric_increase
0.004487,879.8204,798.8928,16.5505,100.0,879820439317.3896,638,3605.4,1596571.0,36,1.95,0.25,4.96,geometric,1.86,53.69,linear_increase
0.004468,300.7969,186.8418,69.4827,100.0,300796858721.6208,2314,1032.2,267830.0,33,0.55,5.09,5.36,front_heavy,30.3,30.3,flat
0.004447,920.864,530.7293,23.5284,100.0,920864047723.962,4058,588.6,267857.0,30,1.5,1.31,2.36,linear,3.87,62.79,linear_increase
0.004403,194.0561,126.9065,36.1713,100.0,194056109254.8192,1872,1275.6,267805.0,31,0.95,0.49,9.17,random,10.01,73.78,geometric_increase
0.004399,1402.2589,600.5005,25.6686,100.0,1402258933503.0725,5030,475.2,268280.0,35,1.35,1.08,2.26,geometric,4.1,54.48,pyramid
0.004398,302.4101,201.3043,22.1876,100.0,302410145872.243,2343,1021.4,267835.0,29,1.25,3.87,6.79,random,3.93,53.93,random
0.004396,73.186,54.4475,35.3074,100.0,73185994887.3572,1910,1250.6,161354.0,35,0.9,5.78,5.98,random,4.05,53.09,linear_increase
0.004336,86.3725,76.3204,40.0344,100.0,86372532020.9814,2080,1148.3,162077.0,34,0.8,3.83,7.09,front_heavy,5.37,53.45,pyramid
0.004335,736.2837,490.8751,18.7831,100.0,736283724504.5608,3674,650.0,267854.0,30,1.5,1.71,5.94,back_heavy,2.53,64.13,pyramid
0.004328,249.907,131.4146,53.0044,100.0,249906978607.3792,2143,1114.7,267831.0,31,0.75,4.18,8.99,linear,16.12,56.28,geometric_increase
0.004318,195.9048,107.1954,38.675,100.0,195904802359.9706,1900,1257.2,267795.0,35,0.95,4.12,9.35,geometric,9.71,47.43,linear_increase
0.004306,130.4601,132.7819,39.9926,100.0,130460149885.472,2577,926.9,161331.0,29,0.65,4.87,7.04,random,8.51,62.31,pyramid
0.004286,134.4136,100.7445,42.5702,100.0,134413559192.7346,2662,897.3,158898.0,34,0.75,4.49,7.18,back_heavy,6.69,52.13,linear_increase
0.004286,275.4599,191.1264,41.2078,100.0,275459858760.1996,3752,636.6,161391.0,32,0.75,2.45,6.71,back_heavy,8.25,77.31,geometric_increase
0.004282,229.3215,221.5053,44.603,100.0,229321501530.0268,3427,697.0,161303.0,34,0.6,2.58,5.07,random,12.11,46.72,pyramid
0.00428,55.4027,69.6684,45.9567,100.0,55402675640.1983,4906,486.9,55390.0,32,0.45,4.47,6.16,back_heavy,3.24,59.26,linear_increase
0.004272,2295.5666,631.5135,37.6023,100.0,2295566582600.67,6286,365.9,268248.0,35,1.15,0.54,1.61,geometric,5.64,51.5,linear_increase
0.004265,105.4755,97.2373,26.8961,100.0,105475531904.5096,2364,1010.4,158898.0,35,0.95,4.02,4.46,random,3.81,53.33,linear_increase
0.00424,321.1144,291.3877,45.5487,100.0,321114431831.4271,4073,586.5,161393.0,34,0.6,3.09,4.55,back_heavy,13.46,45.36,pyramid
0.004238,38.4811,28.3251,39.2736,100.0,38481141267.155,1413,1670.9,159223.0,33,0.85,3.78,9.25,front_heavy,3.42,57.18,linear_increase
0.004215,105.277,90.0072,50.2699,100.0,105276989143.9644,4817,495.9,78367.0,31,0.45,3.74,5.29,random,6.38,59.86,pyramid
0.004206,498.6657,382.5432,48.2142,100.0,498665678728.9534,1561,1530.2,526921.0,29,0.9,2.32,6.88,random,34.48,34.48,flat
0.004195,557.612,467.8367,22.1781,100.0,557611980130.5121,705,3387.2,1234873.0,35,1.75,2.88,7.81,back_heavy,27.14,30.09,pyramid
0.004188,329.9542,271.9421,23.0498,100.0,329954159347.1518,543,4399.1,1234833.0,31,1.8,2.41,8.1,random,21.71,45.64,geometric_increase
0.004171,320.9686,211.9868,43.1998,100.0,320968631219.3986,2474,965.5,267828.0,29,0.75,3.88,7.94,random,6.92,55.86,random
0.004169,1207.2057,694.5384,30.3404,100.0,1207205667872.7493,952,2295.8,1235443.0,35,1.55,0.65,4.42,linear,25.45,31.69,linear_increase
0.004164,96.0202,90.1104,52.8863,100.0,96020223211.2374,2238,1067.3,162077.0,32,0.6,1.63,7.57,front_heavy,8.79,53.71,pyramid
0.004159,245.8768,162.5072,94.6049,100.0,245876783835.8509,2162,1104.8,268630.0,36,0.45,2.42,7.21,front_heavy,9.28,46.17,random
0.004137,615.8017,290.0652,47.7537,100.0,615801731089.4242,3441,694.2,267832.0,34,0.8,1.99,4.91,linear,17.71,41.11,linear_increase
0.004127,55.3011,75.57,49.1827,100.0,55301096081.2347,3461,690.2,79890.0,35,0.4,1.3,9.0,front_heavy,4.34,49.62,random
0.004109,942.243,342.5888,44.0978,100.0,942242963114.8824,4270,559.4,267856.0,29,0.95,1.13,8.23,back_heavy,11.94,74.47,geometric_increase
0.004109,603.2264,470.3724,23.4562,100.0,603226422327.0929,713,3224.6,1235464.0,35,1.7,2.1,9.17,geometric,27.31,29.87,geometric_increase
0.004109,68.8569,36.1184,32.4973,100.0,68856893140.5426,4886,488.9,63284.0,33,0.6,3.37,6.22,random,2.16,60.2,pyramid
0.004095,318.4256,188.0692,62.995,100.0,318425565314.3814,2487,960.5,267827.0,34,0.6,4.47,7.61,geometric,25.22,33.6,pyramid
0.004076,221.2879,126.2331,54.3197,100.0,221287920620.4213,2078,1149.4,267831.0,32,0.7,4.8,8.8,linear,16.71,45.79,linear_increase
0.004049,463.6443,328.3298,53.2825,100.0,463644284140.2155,3018,791.4,267823.0,35,0.6,1.12,3.8,front_heavy,5.18,47.46,random
0.004047,706.1825,555.7428,26.2922,100.0,706182520025.2953,808,2956.1,1234833.0,29,1.6,1.93,5.17,random,34.48,34.48,flat
0.003979,145.083,115.0915,47.4823,100.0,145083008156.5741,2871,832.0,158868.0,30,0.65,3.74,4.57,random,8.41,84.1,geometric_increase
0.003977,582.0686,312.6323,37.1403,100.0,582068636703.4327,3412,700.0,267830.0,35,0.95,2.01,4.76,back_heavy,11.96,45.18,linear_increase
0.003957,109.9972,32.6747,25.0273,100.0,109997227030.9041,4454,536.3,89416.0,32,0.85,1.97,7.55,random,1.77,60.73,pyramid
0.003946,347.0058,194.5882,56.0661,100.0,347005847129.6239,1230,1941.9,575824.0,33,0.75,4.31,4.94,front_heavy,7.0,59.43,random
0.003945,601.374,318.8489,60.8607,100.0,601374031481.3383,3482,686.0,267832.0,35,0.6,1.43,4.69,random,23.15,34.78,random
0.003932,1138.793,663.7817,26.63,100.0,1138793034391.3542,952,2295.7,1235470.0,30,1.5,1.09,8.65,back_heavy,18.76,47.02,random
0.003926,172.487,197.2829,31.2098,100.0,172487013873.3072,3151,758.1,158898.0,32,0.75,4.15,4.38,linear,6.58,55.92,pyramid
0.003924,91.4534,68.6663,54.6866,100.0,91453428763.7322,2295,1040.8,158901.0,33,0.6,6.14,7.14,linear,8.06,52.55,linear_increase
0.003922,20.5949,7.657,41.9258,100.0,20594935885.1819,1097,2161.3,156624.0,31,1.15,7.34,8.33,front_heavy,1.61,139.65,geometric_increase
0.003885,456.207,381.4025,43.0539,100.0,456207004382.5137,1542,1549.1,530864.0,36,0.9,3.49,6.84,geometric,16.36,36.57,random
0.003884,1024.1778,770.8045,19.2267,100.0,1024177811249.1993,966,2472.6,1269665.0,33,2.0,0.57,4.29,geometric,8.13,74.47,geometric_increase
0.003883,223.7927,157.5415,80.1865,100.0,223792667328.2627,2135,1118.8,268607.0,34,0.5,1.59,6.91,front_heavy,29.41,29.41,flat
0.003858,182.8867,132.3075,94.9393,100.0,182886679806.0878,1936,1233.8,268628.0,31,0.45,7.51,8.05,front_heavy,32.26,32.26,flat
0.003845,67.2468,50.4183,52.4757,100.0,67246793825.7447,1949,1225.6,162079.0,35,0.7,2.36,7.36,front_heavy,5.66,51.48,linear_increase
0.003835,439.1495,271.7513,52.6731,100.0,439149478039.1027,3018,791.5,267832.0,34,0.65,2.68,3.67,random,8.79,50.33,random
0.003826,672.0608,358.2562,33.4879,100.0,672060786937.6718,3737,639.0,267835.0,35,1.05,1.66,5.57,linear,9.2,49.08,pyramid
0.003815,391.7317,258.3601,57.923,100.0,391731704084.092,2858,835.8,267834.0,33,0.6,0.69,4.89,front_heavy,10.0,50.33,random
0.00378,985.3672,487.4589,22.8453,100.0,985367163403.0148,4555,524.7,267906.0,30,1.45,1.29,8.38,back_heavy,1.94,64.73,pyramid
0.00376,218.9,200.2807,41.5661,100.0,218899985148.1238,3627,658.6,158904.0,34,0.65,3.64,9.82,back_heavy,9.26,49.56,pyramid
0.00375,1025.0684,538.3969,23.1973,100.0,1025068358751.7926,4656,513.0,268199.0,35,1.4,1.28,4.57,back_heavy,2.82,55.84,pyramid
0.003749,378.2517,265.0611,60.9163,100.0,378251664825.1725,2833,843.2,267827.0,34,0.55,2.62,4.01,front_heavy,29.41,29.41,flat
0.003745,263.6615,154.3291,33.6619,100.0,263661541936.2336,2371,1009.4,267836.0,35,0.9,5.52,8.52,back_heavy,5.43,59.39,random
0.003732,138.9272,139.0956,51.603,100.0,138927236628.9567,2857,836.1,161305.0,31,0.55,5.48,5.96,geometric,10.86,55.08,pyramid
0.003731,408.3391,306.9915,34.1242,100.0,408339139234.8901,2951,809.5,267795.0,30,0.9,3.24,5.6,back_heavy,12.22,54.45,pyramid
0.00373,251.4584,144.3661,32.1859,100.0,251458386794.7584,2316,1031.4,267801.0,31,1.1,3.24,8.42,geometric,7.21,57.3,linear_increase
0.003716,760.5878,612.2827,21.7507,100.0,760587817753.0116,875,2729.7,1234992.0,29,1.75,1.96,6.19,back_heavy,23.68,48.04,geometric_increase
0.003715,975.7397,544.7999,25.8266,100.0,975739669937.4211,907,2409.7,1234985.0,30,1.95,0.48,9.48,back_heavy,8.54,83.53,geometric_increase
0.003714,301.3556,312.8331,29.7785,100.0,301355599160.6101,4281,557.8,158900.0,30,0.85,2.52,2.86,geometric,5.73,60.93,linear_increase
0.003703,92.4562,70.3849,47.3239,100.0,92456200794.2016,2340,1020.8,161304.0,34,0.7,5.38,7.45,geometric,6.1,52.72,linear_increase
0.003689,856.2754,482.9731,31.5928,100.0,856275401969.9724,852,2565.2,1235942.0,34,1.5,0.9,9.46,linear,29.41,29.41,flat
0.003689,870.5861,614.8142,28.4729,100.0,870586115671.4916,904,2543.3,1235444.0,33,1.4,1.89,7.33,back_heavy,8.1,49.25,random
0.003663,84.2745,71.9632,52.4056,100.0,84274520410.6348,2269,1052.7,159663.0,30,0.6,3.22,7.03,front_heavy,7.58,59.09,linear_increase
0.00365,213.7871,163.8116,34.0715,100.0,213787052642.4613,3584,666.4,161302.0,32,0.85,2.62,6.31,linear,5.24,57.26,linear_increase
0.003646,809.0255,556.5401,24.0151,100.0,809025477138.2688,877,2622.9,1235474.0,34,1.8,0.63,8.35,linear,13.5,45.32,pyramid
0.003646,383.0107,322.1007,28.1829,100.0,383010680864.4981,627,3809.5,1234725.0,30,1.5,5.01,8.47,linear,33.33,33.33,flat
0.003635,42.6249,36.529,64.078,100.0,42624905397.0172,2536,941.9,101998.0,33,0.5,3.51,8.16,random,4.6,94.23,geometric_increase
0.003633,51.309,40.756,38.9583,100.0,51309024056.0429,1751,1363.8,162078.0,32,0.85,7.39,7.45,linear,3.53,58.97,linear_increase
0.003591,710.8463,802.5276,21.3426,100.0,710846271573.0104,641,3588.5,1596669.0,31,1.3,0.9,3.35,geometric,32.26,32.26,flat
0.003581,562.7154,360.0007,24.9327,100.0,562715405922.3461,3537,675.7,267832.0,33,1.25,1.81,9.03,geometric,4.97,57.22,pyramid
0.003577,461.6817,406.584,39.1485,100.0,461681710342.2296,3204,745.5,267831.0,31,0.75,0.67,5.39,random,17.35,48.16,pyramid
0.003567,186.9283,146.8082,43.2695,100.0,186928261531.5979,3441,694.1,158904.0,33,0.7,3.47,5.09,linear,7.5,53.11,linear_increase
0.003564,89.8189,74.664,98.2869,100.0,89818921613.7534,2339,1021.2,162133.0,33,0.4,7.71,9.38,geometric,16.11,50.78,geometric_increase
0.003562,379.6621,197.9807,31.4701,100.0,379662098144.1639,2912,820.2,267802.0,30,1.2,1.98,7.76,back_heavy,6.08,96.42,geometric_increase
0.00355,316.7536,164.6649,47.0389,100.0,316753568583.1285,2664,896.6,267835.0,30,0.8,2.94,9.87,geometric,13.47,66.16,geometric_increase
0.003536,151.8084,117.1461,89.037,100.0,151808361131.6516,1702,1296.3,268599.0,35,0.45,8.39,9.0,back_heavy,3.23,54.14,random
0.003532,24.9438,13.7489,32.8188,100.0,24943772567.9773,1257,1899.8,159645.0,34,1.2,6.24,7.05,geometric,1.49,127.47,geometric_increase
0.003499,714.9545,410.8225,39.1619,100.0,714954454951.1674,4031,592.5,267832.0,33,0.85,1.92,4.88,geometric,14.42,47.18,pyramid
0.003497,2011.9809,548.0309,40.4642,100.0,2011980945912.6216,6504,353.7,268263.0,30,1.1,0.73,7.92,back_heavy,5.77,60.9,pyramid
0.003483,771.4453,322.4115,48.8852,100.0,771445312334.5977,4197,569.1,267836.0,31,0.8,1.33,7.76,geometric,15.37,58.0,geometric_increase
0.003481,837.9034,559.8316,26.1903,100.0,837903380571.7825,913,2518.3,1235474.0,34,1.6,1.72,9.39,back_heavy,28.54,30.28,pyramid
0.003476,34.553,20.3177,43.0907,100.0,34553006623.2818,4011,595.5,59379.0,34,0.5,6.25,8.1,linear,2.09,56.73,pyramid
0.003439,216.7751,222.6736,72.6537,100.0,216775116565.3842,3718,642.5,161301.0,29,0.4,1.73,8.24,random,22.55,47.27,pyramid
0.003434,272.1468,318.7484,17.8519,100.0,272146779715.7898,4169,573.0,161305.0,31,1.25,2.14,3.74,back_heavy,1.69,62.82,linear_increase
0.003426,880.6945,716.6768,28.6561,100.0,880694488732.4508,980,2436.7,1235435.0,33,1.35,0.44,4.25,random,5.54,45.09,random
0.003425,975.2271,657.3645,29.1556,100.0,975227145678.4587,953,2316.0,1235943.0,30,1.3,0.6,6.41,linear,8.82,59.31,random
0.003414,124.5808,128.5226,36.2975,100.0,124580806947.793,2872,831.7,158868.0,32,0.7,5.01,6.66,linear,6.24,56.26,pyramid
0.00341,868.5669,422.0008,58.5237,100.0,868566881923.7085,4503,530.7,267853.0,34,0.6,1.76,5.65,back_heavy,29.41,29.41,flat
0.003402,29.5247,22.6014,36.0553,100.0,29524665419.5003,2175,1098.2,102310.0,32,0.9,4.87,6.16,back_heavy,1.41,138.85,geometric_increase
0.003396,21.1986,6.2866,16.5852,100.0,21198612987.9187,2006,1190.8,94077.0,31,1.2,1.89,7.22,front_heavy,0.53,63.99,linear_increase
0.003387,225.786,256.8621,56.4398,100.0,225786035649.5117,3821,625.1,161390.0,29,0.45,4.12,4.34,random,17.85,52.3,pyramid
0.003381,59.4676,59.0872,39.7543,100.0,59467560651.6334,1984,1203.9,159673.0,35,0.75,4.14,7.85,front_heavy,4.3,54.28,pyramid
0.00338,751.8576,792.7935,19.3637,100.0,751857595976.8258,652,3385.2,1596547.0,30,1.45,0.7,5.83,back_heavy,19.19,47.47,pyramid
0.003352,531.2397,314.7325,64.2082,100.0,531239656099.2638,3550,672.9,267852.0,33,0.55,3.05,5.49,back_heavy,25.29,35.18,random
0.003343,556.3805,351.4562,69.083,100.0,556380473261.1722,3502,656.5,267855.0,32,0.5,2.31,5.87,back_heavy,7.65,55.35,random
0.003336,52.6977,35.4402,54.7039,100.0,52697746325.3932,1852,1289.8,162104.0,35,0.7,4.15,6.58,front_heavy,4.67,86.62,geometric_increase
0.003326,140.4095,115.5243,62.6288,100.0,140409463015.4997,3042,785.2,161331.0,34,0.5,4.7,6.09,linear,12.09,46.73,linear_increase
0.003325,665.3307,540.9563,25.0037,100.0,665330710823.3052,3987,598.9,267905.0,31,1.05,1.92,2.11,front_heavy,7.93,58.21,pyramid
0.003317,768.6039,790.489,22.9588,100.0,768603942180.8777,659,3316.5,1596477.0,31,1.3,0.84,4.83,back_heavy,32.26,32.26,flat
0.003298,879.8648,536.2132,32.4778,100.0,879864821916.234,2324,1027.7,530864.0,30,1.4,1.0,5.95,linear,9.97,56.69,linear_increase
0.003292,72.597,36.5485,61.2067,100.0,72596968981.2076,1297,1808.5,268568.0,35,0.8,7.53,8.58,front_heavy,7.98,68.93,geometric_increase
0.003283,218.896,127.9412,59.9522,100.0,218895979045.9692,2303,1037.1,267794.0,36,0.65,4.76,6.1,geometric,16.68,42.81,geometric_increase
0.003272,484.2595,353.885,36.8059,100.0,484259538561.8588,1731,1379.9,530848.0,35,1.05,2.99,7.68,linear,7.27,50.04,random
0.003263,424.9988,377.9968,23.8408,100.0,424998777841.6594,698,3422.0,1234987.0,34,1.5,4.19,7.93,geometric,11.48,49.87,random
0.003263,25.0707,42.8747,29.7262,100.0,25070651174.862,3055,781.9,68534.0,30,0.55,7.55,7.87,front_heavy,1.69,64.98,pyramid
0.003253,299.658,206.3891,67.9464,100.0,299657972860.567,2707,882.4,267831.0,35,0.5,1.01,8.02,random,28.57,28.57,flat
0.003248,837.5321,808.2037,24.6834,100.0,837532062898.1458,695,3144.7,1596899.0,30,1.25,0.72,3.74,geometric,33.33,33.33,flat
0.003242,68.3543,55.8907,40.5544,100.0,68354258964.0492,2140,1116.1,162078.0,30,0.8,6.51,7.91,geometric,4.09,62.58,linear_increase
0.003227,435.5169,210.9773,35.1821,100.0,435516850040.9522,3278,729.1,267829.0,32,1.05,1.72,8.91,back_heavy,7.34,81.52,geometric_increase
0.003204,97.1925,60.8188,74.3715,100.0,97192451012.5982,1521,1542.1,268604.0,34,0.6,2.89,8.91,front_heavy,13.83,53.36,geometric_increase
0.003202,235.8524,330.4117,14.0516,100.0,235852376229.635,4021,594.3,161306.0,35,1.3,2.37,4.46,linear,1.0,57.77,pyramid
0.003199,187.5881,193.8644,45.7849,100.0,187588094986.2618,460,5099.1,1234841.0,34,1.0,2.34,9.66,front_heavy,10.0,48.73,random
0.00319,100.92,92.0106,71.8223,100.0,100919978424.4231,2621,911.4,162104.0,31,0.45,6.31,7.51,back_heavy,12.63,51.88,linear_increase
0.003174,874.652,508.1349,31.8394,100.0,874651997901.4857,977,2354.4,1235919.0,35,1.4,0.93,8.16,linear,28.57,28.57,flat
0.003172,535.7496,305.3547,61.7745,100.0,535749605492.7391,3665,651.8,267855.0,34,0.55,2.62,9.89,back_heavy,29.41,29.41,flat
0.003169,333.8181,355.2015,38.5874,100.0,333818134967.1187,4806,497.0,161305.0,30,0.65,1.03,4.37,random,9.36,57.3,linear_increase
0.003168,261.847,179.2959,53.9748,100.0,261846952657.2782,2564,931.6,267831.0,35,0.6,3.82,8.96,linear,19.39,38.29,pyramid
0.003167,144.87,125.9697,99.7537,100.0,144870011379.5089,1902,1255.9,268607.0,31,0.4,7.75,9.23,random,32.26,32.26,flat
0.00315,258.0946,231.7215,40.0862,100.0,258094588592.7817,4315,553.6,158449.0,36,0.7,2.38,2.45,geometric,7.38,68.68,geometric_increase
0.003146,421.1537,289.1459,27.9866,100.0,421153679651.4009,3263,732.1,267827.0,35,1.1,2.3,7.81,geometric,6.61,51.82,pyramid
0.003144,133.5148,51.1397,60.7347,100.0,133514800273.2937,2996,782.9,161336.0,30,0.8,0.2,9.92,random,4.19,110.41,geometric_increase
0.003136,370.8055,258.9354,68.337,100.0,370805495650.6379,3067,778.8,267834.0,32,0.5,3.93,4.33,linear,31.25,31.25,flat
0.003125,136.4513,144.6613,69.0629,100.0,136451335728.0025,805,2741.8,572892.0,34,0.7,3.52,8.22,front_heavy,5.71,62.57,random
0.003125,565.7639,357.2396,32.2318,100.0,565763868564.2795,3795,629.4,267790.0,32,1.0,1.79,3.57,geometric,8.57,53.93,linear_increase
0.003111,302.413,303.321,56.2478,100.0,302412958020.0782,1403,1702.6,530848.0,31,0.7,5.48,7.31,linear,28.63,35.73,random
0.003106,661.0775,310.768,58.5388,100.0,661077489104.2672,1914,1248.0,575783.0,31,0.7,1.91,9.07,linear,7.44,65.46,random
0.003089,144.325,127.905,42.9651,100.0,144325020800.1615,3201,746.2,161306.0,30,0.65,3.43,5.61,random,7.12,59.55,linear_increase
0.003085,115.2072,91.1876,51.0514,100.0,115207193164.5806,2905,822.3,158901.0,33,0.6,4.2,6.5,back_heavy,7.52,77.19,geometric_increase
0.003068,93.6642,58.4375,50.1803,100.0,93664190687.8482,1554,1537.0,268574.0,32,0.8,6.5,8.1,random,8.23,54.27,linear_increase
0.003046,435.3773,418.3982,24.8134,100.0,435377334581.5208,731,3266.2,1234767.0,33,1.45,3.64,5.5,geometric,30.3,30.3,flat
0.003033,718.4622,394.576,51.1758,100.0,718462174852.4598,1944,1183.3,575858.0,33,0.7,1.85,4.81,linear,13.03,54.1,random
0.003024,305.5149,312.1342,28.4727,100.0,305514898714.696,615,3884.1,1234615.0,31,1.35,5.69,5.85,geometric,32.26,32.26,flat
0.003014,99.9389,82.6382,72.2287,100.0,99938928813.5587,4247,562.4,102418.0,33,0.4,0.52,6.28,random,9.03,70.81,geometric_increase
0.002997,186.0843,141.2658,80.7954,100.0,186084333949.2403,2222,1075.0,267855.0,36,0.45,5.99,9.46,linear,27.78,27.78,flat
0.002997,712.0437,486.3901,30.8798,100.0,712043746528.0436,839,2604.9,1269668.0,36,1.25,0.23,9.99,linear,10.88,47.93,random
0.002991,435.7218,377.7416,27.2313,100.0,435721792700.6432,738,3235.2,1234833.0,33,1.5,4.3,6.39,back_heavy,30.3,30.3,flat
0.00299,300.36,211.785,51.6975,100.0,300359997870.4774,4691,509.2,161390.0,35,0.6,2.05,4.6,linear,10.11,61.15,geometric_increase
0.002966,220.691,151.4742,43.5695,100.0,220691043304.9286,2433,981.8,267801.0,33,0.75,4.07,5.4,back_heavy,12.0,48.61,linear_increase
0.002948,1356.1655,594.6173,55.0656,100.0,1356165515615.5508,6039,395.5,268280.0,32,0.65,1.1,2.02,geometric,23.98,39.81,geometric_increase
0.002939,531.7334,381.0288,63.9383,100.0,531733412091.1912,3796,629.7,267832.0,34,0.5,2.34,2.79,front_heavy,22.32,35.09,random
0.002928,656.0008,378.6583,53.2668,100.0,656000766561.1233,4221,565.9,267856.0,32,0.6,2.37,4.8,geometric,20.25,45.92,random
0.002916,146.9066,137.4756,128.042,100.0,146906634533.563,1960,1196.7,268601.0,35,0.35,1.61,7.42,front_heavy,11.08,47.23,random
0.0029,84.4572,53.5838,36.8927,100.0,84457161497.7177,1522,1569.4,267801.0,35,0.95,6.17,7.98,geometric,5.65,51.49,linear_increase
0.002874,253.1624,185.6118,80.9017,100.0,253162423150.3574,2647,902.4,267835.0,32,0.45,5.17,5.84,random,31.25,31.25,flat
0.00284,47.2778,48.6285,70.3693,100.0,47277762515.8226,3239,737.5,95147.0,35,0.4,7.39,7.76,linear,5.89,52.58,pyramid
0.002822,46.7701,38.8423,82.1888,100.0,46770106991.7532,3254,734.1,94501.0,33,0.4,5.99,8.08,random,5.86,54.75,linear_increase
0.002815,351.8308,293.4571,87.0947,100.0,351830764045.7859,3153,757.6,267827.0,36,0.4,2.59,3.39,random,12.04,44.62,random
0.002801,602.7371,329.8369,26.3374,100.0,602737088951.7628,3984,577.4,267856.0,33,1.1,2.49,6.19,geometric,0.42,50.66,random
0.002793,288.1604,264.2729,62.6978,100.0,288160408257.106,1456,1640.6,526924.0,30,0.7,6.83,9.08,back_heavy,33.33,33.33,flat
0.002773,814.6676,798.1044,23.4952,100.0,814667628711.6815,742,2945.5,1596619.0,35,1.25,0.72,4.12,back_heavy,28.57,28.57,flat
0.002771,497.1718,409.9752,55.2389,100.0,497171789013.9529,1906,1253.3,530863.0,34,0.7,2.95,9.71,geometric,16.61,38.88,random
0.002758,366.3963,243.7451,66.3606,100.0,366396258934.8454,3251,734.8,267828.0,32,0.5,4.44,5.14,linear,4.42,64.57,random
0.002756,280.365,187.2847,37.0685,100.0,280364971787.658,2845,839.6,267798.0,31,0.75,5.33,7.3,linear,10.86,62.64,random
0.002735,183.0817,148.9534,101.7049,100.0,183081741042.63,2301,1038.1,268608.0,30,0.4,7.41,8.01,back_heavy,33.33,33.33,flat
0.00273,287.2515,161.5086,65.3671,100.0,287251511992.8271,2893,825.7,267854.0,34,0.55,4.68,9.06,linear,8.75,45.41,random
0.002725,634.3681,582.5766,25.848,100.0,634368092685.7493,933,2559.5,1234983.0,29,1.35,2.64,4.5,linear,32.86,35.81,random
0.002707,173.9168,148.3301,96.3564,100.0,173916816988.4348,2254,1059.8,268628.0,31,0.4,5.73,9.05,random,32.26,32.26,flat
0.002704,80.5171,49.1717,69.6209,100.0,80517148369.7148,1507,1556.5,268594.0,30,0.65,3.73,8.85,front_heavy,10.24,76.59,geometric_increase
0.002687,104.3952,57.6275,42.0464,100.0,104395176977.2602,1758,1358.7,267824.0,33,0.9,4.99,7.31,linear,6.41,82.74,geometric_increase
0.002686,968.8107,604.4929,24.3827,100.0,968810715384.0927,1062,2057.9,1235927.0,33,1.55,1.17,8.6,back_heavy,6.28,55.14,random
0.002662,241.5665,302.2973,50.2192,100.0,241566504297.61,13229,180.7,54425.0,30,0.3,0.38,1.77,front_heavy,10.18,76.82,geometric_increase
0.002661,242.3614,194.4201,16.8808,100.0,242361414257.4226,2692,887.3,267791.0,32,1.65,2.19,6.43,geometric,1.44,61.06,linear_increase
0.002653,144.1199,94.2067,62.4139,100.0,144119942365.981,2079,1149.0,267801.0,30,0.6,5.89,7.12,linear,14.2,64.16,geometric_increase
0.002651,180.4325,153.1054,92.7053,100.0,180432464310.5248,2320,1029.6,268603.0,31,0.4,4.25,9.08,random,32.26,32.26,flat
0.002638,413.0825,319.0184,21.1715,100.0,413082494237.9178,3529,676.8,267831.0,35,1.3,1.97,8.85,geometric,3.13,55.51,pyramid
0.002636,72.2657,74.7167,48.242,100.0,72265688240.3475,2477,964.3,159671.0,30,0.6,7.41,8.42,geometric,5.84,60.83,pyramid
0.00262,321.7959,219.4555,68.0579,100.0,321795936218.919,3126,764.1,267785.0,29,0.5,4.26,8.21,geometric,14.21,63.07,random
0.002612,503.6524,390.4405,72.5008,100.0,503652362154.3258,3916,610.0,267831.0,34,0.45,1.93,2.93,front_heavy,18.43,38.56,random
0.002587,1133.5364,708.3133,36.9929,100.0,1133536368253.9192,1171,1866.4,1235479.0,30,1.1,0.44,5.56,linear,33.33,33.33,flat
0.002585,66.4624,68.9274,53.3833,100.0,66462431242.2229,2399,995.7,159673.0,33,0.55,7.39,9.16,linear,6.45,55.65,pyramid
0.002577,37.162,37.9357,65.7324,100.0,37162026942.0235,3753,636.4,76421.0,30,0.4,5.51,7.82,random,3.9,62.76,linear_increase
0.002569,265.6643,195.8843,70.4936,100.0,265664280448.5151,2868,832.9,267828.0,33,0.5,4.57,4.84,front_heavy,24.65,36.31,pyramid
0.002534,461.1389,427.5635,46.6381,100.0,461138923589.0089,1934,1235.1,526917.0,34,0.8,2.04,5.21,random,29.41,29.41,flat
0.002532,153.012,126.6494,100.4945,100.0,153012042271.1068,2186,1092.7,268604.0,34,0.4,7.64,9.02,back_heavy,29.41,29.41,flat
0.00253,141.1712,76.2657,39.4904,100.0,141171153455.7601,2107,1133.7,267785.0,30,0.95,3.41,9.81,linear,6.07,96.48,geometric_increase
0.002525,192.8471,211.679,72.9648,100.0,192847138142.3301,1221,1921.0,530848.0,29,0.6,6.57,9.15,front_heavy,34.48,34.48,flat
0.002517,171.8285,277.4777,46.7686,100.0,171828518637.2352,6978,342.3,89434.0,30,0.45,2.27,3.45,back_heavy,6.31,95.03,geometric_increase
0.002508,41.0396,27.4743,51.6039,100.0,41039583294.6545,1885,1267.1,162108.0,31,0.7,6.32,9.28,linear,3.55,111.83,geometric_increase
0.002493,195.9898,182.0091,39.5666,100.0,195989842027.1228,4152,575.3,161305.0,34,0.65,3.02,8.82,linear,6.75,52.08,pyramid
0.002467,577.1553,477.3844,80.0329,100.0,577155347996.6356,4314,553.7,267835.0,33,0.4,0.89,4.22,random,8.03,49.5,random
0.00245,156.1114,151.6948,42.339,100.0,156111438636.7128,3738,639.0,161301.0,34,0.65,3.57,3.8,back_heavy,6.4,52.42,linear_increase
0.00243,548.9788,479.4488,28.034,100.0,548978833932.825,4239,563.5,267835.0,34,0.95,2.13,2.21,back_heavy,7.91,50.91,pyramid
0.002428,278.8111,257.4809,102.3391,100.0,278811083944.6452,3022,790.4,267852.0,31,0.35,4.27,6.53,geometric,12.66,51.61,random
0.002411,81.0048,83.0173,48.6312,100.0,81004797208.5162,2742,871.2,159674.0,32,0.6,6.71,7.09,linear,5.84,56.66,pyramid
0.002409,363.1668,199.0441,44.621,100.0,363166849625.9094,3463,689.8,267804.0,32,0.8,2.4,9.36,geometric,10.73,51.77,linear_increase
0.002394,259.4062,218.9028,39.2116,100.0,259406150549.53,4951,482.7,158907.0,33,0.7,1.93,5.56,back_heavy,5.85,85.91,geometric_increase
0.002383,87.826,80.2643,64.9668,100.0,87826024513.1619,2843,840.2,161305.0,29,0.5,3.97,6.69,random,8.3,88.78,geometric_increase
0.002352,170.9018,156.7799,87.275,100.0,170901798312.1296,2397,996.5,268604.0,34,0.4,4.85,6.47,front_heavy,29.41,29.41,flat
0.002343,26.8712,29.5979,45.8921,100.0,26871208286.6238,2503,943.3,101011.0,33,0.5,4.39,9.6,front_heavy,2.9,59.42,pyramid
0.00234,119.2967,82.2175,55.7406,100.0,119296661870.5514,2014,1186.0,267804.0,30,0.65,6.39,6.8,linear,10.73,55.94,linear_increase
0.002332,43.9201,22.5442,22.8185,100.0,43920103865.2594,5893,405.3,55624.0,35,0.6,0.3,3.78,front_heavy,0.98,56.16,linear_increase
0.002328,109.6774,90.5463,51.2807,100.0,109677400904.064,3214,743.2,161328.0,32,0.6,4.22,9.54,linear,6.36,56.14,linear_increase
0.002318,354.7164,286.4905,33.8717,100.0,354716412758.6723,725,3156.7,1234833.0,32,1.25,4.62,7.41,geometric,3.12,61.78,random
0.00229,414.7263,268.3299,42.5172,100.0,414726263579.4286,3795,629.4,267830.0,29,0.75,2.28,6.14,back_heavy,12.03,74.18,geometric_increase
0.002278,52.566,62.7606,73.0623,100.0,52565970473.4727,2246,1051.2,159673.0,33,0.4,2.73,9.26,front_heavy,9.76,52.13,pyramid
0.002274,68.1145,41.172,60.9032,100.0,68114452585.759,4041,591.1,102310.0,31,0.45,2.32,9.47,random,5.22,59.3,linear_increase
0.002259,148.4045,174.1857,49.97,100.0,148404502412.2136,3853,620.0,158897.0,33,0.5,4.52,5.72,back_heavy,9.61,52.29,pyramid
0.002253,191.7563,223.7268,49.1291,100.0,191756325764.9428,4320,552.9,161304.0,31,0.5,3.75,5.85,linear,10.64,55.32,pyramid
0.002216,530.5224,474.2759,32.2464,100.0,530522425498.2048,946,2524.3,1234991.0,32,1.15,3.29,7.88,back_heavy,16.91,45.98,random
0.002214,311.089,320.1954,18.5636,100.0,311089006456.9666,3345,714.5,267829.0,33,1.25,2.61,8.29,back_heavy,2.97,59.35,pyramid
0.002207,556.8143,332.0255,67.0104,100.0,556814292435.6322,4479,533.3,267852.0,30,0.5,2.46,7.11,linear,14.61,50.31,random
0.0022,83.671,122.512,68.4862,100.0,83671005126.8615,5176,461.5,89997.0,30,0.35,5.03,6.53,back_heavy,8.03,58.63,pyramid
0.002199,42.5462,27.5895,64.4163,100.0,42546194005.3046,1450,1507.3,209648.0,29,0.65,7.2,9.68,random,5.66,103.79,geometric_increase
0.002197,279.2161,159.4678,41.3491,100.0,279216146054.649,3179,751.4,267828.0,33,0.85,2.37,6.95,geometric,8.23,74.04,geometric_increase
0.00218,563.6293,423.4131,60.6798,100.0,563629316348.4279,4535,526.7,267828.0,35,0.5,2.0,2.44,front_heavy,28.57,28.57,flat
0.002176,934.8688,742.4189,24.9259,100.0,934868765301.1816,1220,1885.4,1235927.0,32,1.4,1.51,4.2,back_heavy,12.29,47.9,random
0.002175,971.6405,689.9466,29.6595,100.0,971640545535.6754,1244,1849.1,1235913.0,32,1.3,1.51,5.71,back_heavy,31.25,31.25,flat
0.002175,776.6687,798.7167,26.7943,100.0,776668740833.4648,818,2671.8,1596619.0,34,1.05,0.57,4.72,back_heavy,29.41,29.41,flat
0.002158,710.7109,583.6601,29.6711,100.0,710710858970.0605,1068,2153.8,1235912.0,29,1.2,1.74,8.79,geometric,34.48,34.48,flat
0.002153,838.8262,572.4454,41.2191,100.0,838826190233.098,2809,850.4,530848.0,31,1.0,1.13,5.19,linear,16.61,55.19,geometric_increase
0.002135,328.0433,329.4056,58.9578,100.0,328043268036.7918,1777,1344.2,526920.0,30,0.65,4.26,7.08,random,33.33,33.33,flat
0.002126,32.9248,19.6325,44.8584,100.0,32924781522.6042,5029,475.0,59108.0,31,0.4,1.72,6.29,front_heavy,2.34,64.17,pyramid
0.00212,239.1641,203.8358,23.2997,100.0,239164093793.7684,3000,797.3,267807.0,34,1.0,4.83,5.96,back_heavy,2.7,51.7,random
0.002119,78.6072,74.2719,54.5234,100.0,78607169298.5442,2852,837.6,161302.0,33,0.55,5.49,8.7,back_heavy,6.2,54.41,linear_increase
0.002113,137.4533,135.5397,110.5746,100.0,137453311965.6177,2268,1053.2,268628.0,30,0.35,7.92,8.22,random,33.33,33.33,flat
0.002111,657.6041,522.305,35.0714,100.0,657604134424.3062,997,2212.9,1234994.0,30,1.1,2.19,8.76,geometric,11.97,49.68,random
0.00211,52.4405,24.5732,45.8672,100.0,52440547719.0344,3709,644.0,101533.0,32,0.5,5.34,7.34,random,3.54,58.96,pyramid
0.002096,386.6045,340.834,47.6934,100.0,386604488311.0772,1947,1226.8,526924.0,29,0.75,4.68,4.94,back_heavy,11.65,61.56,random
0.00208,58.1497,31.9652,60.3421,100.0,58149660064.0152,1487,1606.4,268607.0,32,0.75,6.96,10.0,random,5.98,88.87,geometric_increase
0.002078,191.9593,162.3748,43.2933,100.0,191959304063.8919,4500,530.8,161330.0,36,0.65,2.35,5.7,back_heavy,5.93,75.67,geometric_increase
0.002073,938.6737,668.498,21.2856,100.0,938673680837.9164,1301,1835.8,1235488.0,33,1.75,0.64,6.6,linear,7.85,54.16,pyramid
0.002064,58.5405,58.0019,87.2524,100.0,58540536775.7133,2477,964.4,162409.0,34,0.4,0.32,7.77,front_heavy,9.85,64.8,geometric_increase
0.002041,688.5736,634.3799,28.4541,100.0,688573573047.4492,1123,2126.4,1234988.0,29,1.2,2.25,4.27,linear,34.48,34.48,flat
0.00203,1636.4862,629.3002,60.1608,100.0,1636486178855.696,7698,298.8,268284.0,30,0.6,0.94,1.92,back_heavy,23.53,43.14,linear_increase
0.002022,362.2577,157.349,30.6526,100.0,362257735755.5583,3775,632.7,267804.0,35,1.3,1.17,9.31,linear,2.54,54.6,linear_increase
0.002019,404.1412,311.9549,70.7449,100.0,404141163063.4887,3990,598.7,267834.0,33,0.45,3.15,3.33,random,30.3,30.3,flat
0.002006,503.5989,486.2982,25.6888,100.0,503598948930.7603,969,2465.1,1234993.0,29,1.35,2.73,9.45,geometric,25.98,43.59,pyramid
0.001995,449.3132,318.2388,44.3314,100.0,449313186851.0304,4232,564.4,267829.0,32,0.7,2.34,4.05,back_heavy,13.06,49.44,linear_increase
0.001994,41.9441,37.1803,49.3617,100.0,41944089523.5129,2170,1100.8,159671.0,33,0.65,7.58,9.48,back_heavy,3.48,57.12,linear_increase
0.001994,445.303,442.3649,28.0836,100.0,445302982843.8579,914,2613.3,1234983.0,32,1.2,3.26,9.95,back_heavy,31.25,31.25,flat
0.001986,158.0213,140.8363,89.9327,100.0,158021340001.7448,2509,952.1,268577.0,32,0.4,4.63,6.75,front_heavy,26.06,36.44,linear_increase
0.001985,92.4929,82.7494,79.9158,100.0,92492882646.8862,1920,1244.1,268561.0,32,0.45,7.46,9.75,random,16.32,46.18,pyramid
0.001969,157.9459,226.955,124.2179,100.0,157945919861.4128,2480,945.8,267852.0,30,0.3,5.22,7.83,linear,11.48,60.6,random
0.001943,79.5356,94.0516,88.9091,100.0,79535569733.2493,2981,801.3,162133.0,35,0.35,1.93,6.54,front_heavy,14.28,49.89,geometric_increase
0.001938,159.2954,282.5886,18.4634,100.0,159295403147.376,4244,562.7,161333.0,30,1.0,3.23,7.32,back_heavy,1.74,64.92,pyramid
0.00193,251.231,204.517,40.532,100.0,251230978871.777,3218,742.3,267801.0,35,0.7,3.91,4.77,front_heavy,9.93,53.24,random
0.001913,190.3835,199.516,44.567,100.0,190383479629.2373,558,3916.7,1235472.0,32,1.0,3.97,9.43,front_heavy,3.01,57.28,random
0.001907,621.0185,806.6923,21.3384,100.0,621018547669.0282,822,2798.3,1596890.0,33,1.1,0.94,3.09,back_heavy,26.02,34.29,random
0.001901,560.0602,413.3014,68.4589,100.0,560060223378.2096,4841,493.4,267834.0,31,0.45,2.39,3.1,linear,32.26,32.26,flat
0.00188,55.9987,51.1496,72.5294,100.0,55998694742.3529,2542,939.7,162166.0,35,0.45,5.04,7.33,random,7.27,72.01,geometric_increase
0.001876,65.0951,78.4512,34.4654,100.0,65095116813.4905,8034,297.3,55382.0,32,0.35,0.42,3.83,front_heavy,3.35,59.15,pyramid
0.001867,443.3121,306.629,71.9873,100.0,443312125717.8249,4348,549.6,267852.0,34,0.45,2.65,5.69,geometric,29.41,29.41,flat
0.001864,936.59,608.9201,32.6512,100.0,936590016081.7322,1319,1743.9,1236027.0,35,1.15,0.96,9.97,geometric,28.57,28.57,flat
0.001831,150.3695,147.8847,37.071,100.0,150369452617.983,4244,562.8,161303.0,34,0.7,2.92,5.37,linear,4.37,54.46,linear_increase
0.001827,222.9282,187.5389,85.2119,100.0,222928245790.9438,3115,766.8,267855.0,35,0.4,4.9,7.92,back_heavy,28.57,28.57,flat
0.001809,471.0291,408.2873,31.0836,100.0,471029085531.3477,987,2420.2,1234983.0,33,1.2,2.92,7.82,linear,30.3,30.3,flat
0.001808,383.1107,249.013,44.878,100.0,383110695366.6404,4105,581.9,267828.0,33,0.7,2.3,7.98,back_heavy,11.39,49.21,linear_increase
0.001802,45.1224,49.4354,99.535,100.0,45122399789.5093,2340,1009.0,159674.0,33,0.35,6.35,9.2,front_heavy,10.62,49.98,linear_increase
0.001788,46.8738,29.8458,59.7216,100.0,46873758810.2516,1440,1658.7,268568.0,29,0.7,8.24,8.71,back_heavy,5.53,104.65,geometric_increase
0.001788,246.4664,217.7294,68.4099,100.0,246466398055.3356,3312,721.2,267791.0,31,0.45,4.46,5.04,geometric,23.34,41.77,pyramid
0.001788,279.6983,227.0168,80.9456,100.0,279698284778.9538,3528,677.1,267820.0,33,0.4,2.28,6.56,random,30.3,30.3,flat
0.001781,610.2664,473.8647,31.7778,100.0,610266357576.422,1132,2109.5,1234836.0,31,1.2,2.52,9.34,geometric,32.26,32.26,flat
0.001737,838.5003,763.9401,40.2212,100.0,838500333132.3424,1196,1827.4,1269664.0,31,0.85,0.66,4.22,linear,10.75,55.45,random
0.00171,273.9493,213.9165,56.8074,100.0,273949342316.3668,3569,669.3,267834.0,35,0.5,4.3,9.88,back_heavy,12.1,46.6,random
0.001693,155.946,155.6109,101.801,100.0,155945969580.8044,2699,885.0,268608.0,32,0.35,6.65,7.03,geometric,31.25,31.25,flat
0.001685,282.5787,194.8506,34.1681,100.0,282578684200.9962,3654,654.0,267831.0,33,0.9,2.51,8.81,back_heavy,6.04,54.56,linear_increase
0.001677,163.8636,176.2271,57.9752,100.0,163863556340.6646,2780,859.2,268628.0,35,0.45,2.58,8.89,random,11.24,50.7,random
0.001663,126.1063,123.1661,54.4004,100.0,126106323159.9144,4078,585.8,161306.0,34,0.5,3.35,5.81,back_heavy,7.51,73.98,geometric_increase
0.00163,606.9798,488.193,29.6455,100.0,606979777889.4032,1136,2024.9,1235464.0,34,1.2,1.71,7.33,linear,25.26,34.28,random
0.001615,142.0428,131.3756,52.8641,100.0,142042784896.0066,2638,905.5,268575.0,35,0.55,3.94,8.86,random,12.01,56.5,random
0.001613,729.2202,415.5547,45.7067,100.0,729220222999.8069,6001,398.2,267785.0,30,0.75,1.11,4.61,geometric,9.85,78.07,geometric_increase
0.001608,144.6752,148.9971,99.7083,100.0,144675193093.68,2668,895.3,268574.0,34,0.35,3.03,7.03,front_heavy,29.41,29.41,flat
0.001601,146.3707,145.8333,100.4723,100.0,146370655367.1864,2689,888.3,268608.0,34,0.35,6.57,7.92,linear,29.41,29.41,flat
0.001599,493.2191,368.9761,78.3797,100.0,493219075989.9083,4953,482.2,267852.0,31,0.4,2.26,6.0,geometric,4.23,59.12,random
0.001594,282.681,152.0691,45.7148,100.0,282681036092.898,3756,635.9,267785.0,34,0.8,1.87,6.6,linear,7.24,75.22,geometric_increase
0.001586,340.7362,260.648,53.8503,100.0,340736162383.6372,4134,577.8,267828.0,35,0.55,2.6,3.93,geometric,16.17,40.98,linear_increase
0.001569,1148.0214,493.9748,45.7922,100.0,1148021420370.1453,7622,313.5,268199.0,31,0.75,1.02,9.34,back_heavy,9.52,56.52,pyramid
0.001569,102.1345,73.1795,65.1508,100.0,102134456931.7683,2276,1049.5,267798.0,32,0.55,5.67,8.78,geometric,10.47,68.75,geometric_increase
0.001556,215.1728,278.0644,125.6049,100.0,215172807251.8932,3034,720.4,267852.0,30,0.3,4.56,7.74,geometric,10.96,57.96,random
0.001541,560.3363,386.432,36.2936,100.0,560336297897.2223,5377,444.2,267832.0,30,0.8,1.71,9.33,geometric,7.94,58.73,pyramid
0.001528,367.5749,247.5659,23.8578,100.0,367574854163.8972,4377,546.0,267831.0,32,1.25,1.48,8.19,geometric,1.97,60.53,linear_increase
0.001512,229.8729,229.1231,39.4964,100.0,229872938882.513,754,3167.1,1234833.0,32,1.05,5.48,8.48,random,29.07,33.54,geometric_increase
0.0015,281.8072,177.3305,50.2081,100.0,281807186709.9004,3866,617.9,267829.0,31,0.65,2.27,9.25,geometric,10.48,72.08,geometric_increase
0.001497,513.1819,481.1317,37.506,100.0,513181854025.8999,1090,2109.4,1234979.0,29,0.95,2.99,9.97,back_heavy,17.4,49.91,random
0.001488,362.0185,432.3766,43.4643,100.0,362018450964.8241,954,2503.7,1234837.0,30,0.8,4.32,6.29,linear,10.12,57.07,random
0.001474,236.057,202.6248,57.241,100.0,236057047870.9281,5925,403.1,161354.0,31,0.5,2.04,6.47,geometric,8.54,79.65,geometric_increase
0.001472,78.6559,109.2782,78.5814,100.0,78655913463.1409,3423,697.8,161332.0,30,0.35,6.39,7.98,geometric,12.09,54.58,pyramid
0.001469,118.2688,128.8772,75.5105,100.0,118268762648.2506,2505,946.5,268567.0,35,0.4,8.41,8.61,front_heavy,10.04,47.61,random
0.001451,96.4472,105.0201,68.0871,100.0,96447212003.6614,3817,625.8,161355.0,32,0.4,3.98,6.7,linear,9.66,71.65,geometric_increase
0.001446,254.4062,262.4228,86.2804,100.0,254406238066.0542,3741,638.5,267855.0,29,0.35,4.14,7.61,back_heavy,33.78,35.37,random
0.001445,73.6342,101.2959,63.5014,100.0,73634204520.2749,3343,714.5,161303.0,30,0.4,5.89,7.29,random,8.72,57.95,pyramid
0.001443,1337.0411,565.9776,44.3059,100.0,1337041140434.6514,21710,106.0,102007.0,31,0.6,0.66,1.75,linear,2.35,64.16,pyramid
0.001441,69.3785,73.2185,35.629,100.0,69378532271.656,3249,735.2,161305.0,33,0.7,4.22,9.07,linear,2.9,57.71,linear_increase
0.001433,24.1144,17.2034,42.1419,100.0,24114408604.7583,4490,532.0,69013.0,33,0.4,4.4,7.07,front_heavy,1.96,60.41,pyramid
0.00143,715.1553,486.1995,36.4258,100.0,715155346721.8168,1251,1747.1,1235443.0,34,1.1,1.03,8.96,linear,29.41,29.41,flat
0.00143,131.843,185.6697,33.1775,100.0,131842956373.8984,4565,523.3,158888.0,30,0.65,3.31,3.75,linear,3.99,62.68,linear_increase
0.001427,347.7143,330.422,34.3641,100.0,347714292474.965,955,2501.3,1234857.0,34,1.1,4.34,7.28,linear,29.41,29.41,flat
0.001426,472.0008,283.6987,39.3894,100.0,472000762036.2867,5134,465.6,267835.0,34,0.8,1.41,6.96,geometric,6.95,51.88,linear_increase
0.001422,233.971,222.5287,92.7745,100.0,233970954217.8878,3618,660.2,267855.0,30,0.35,4.2,8.41,linear,33.33,33.33,flat
0.001414,98.2787,97.052,48.6845,100.0,98278674021.1353,3903,612.0,161333.0,35,0.55,3.82,8.31,geometric,5.2,51.95,linear_increase
0.00139,771.3993,550.2699,35.2751,100.0,771399346397.7104,1318,1658.3,1235435.0,34,1.1,1.07,6.83,linear,29.41,29.41,flat
0.001389,66.9711,51.7289,47.1042,100.0,66971104491.2934,3250,735.0,161359.0,33,0.65,3.45,7.79,linear,3.28,105.85,geometric_increase
0.001389,85.3567,72.6943,83.9268,100.0,85356667196.6452,2205,1083.3,268567.0,32,0.45,5.68,7.79,front_heavy,13.06,49.44,linear_increase
0.001387,220.17,225.4981,50.7293,100.0,220169980027.7138,762,3098.5,1234612.0,29,0.8,3.97,9.68,front_heavy,13.02,66.4,random
0.001386,981.5464,674.6151,33.6812,100.0,981546443817.8488,1503,1468.5,1235922.0,34,1.05,0.97,7.33,back_heavy,29.41,29.41,flat
0.00138,79.8207,100.7146,78.2994,100.0,79820685305.3019,3561,670.8,161332.0,34,0.35,3.6,5.21,front_heavy,11.65,59.11,geometric_increase
0.001369,33.6224,37.2005,56.9006,100.0,33622382516.6209,2309,1034.5,162108.0,36,0.5,1.58,7.96,front_heavy,4.01,51.55,linear_increase
0.001368,614.8234,523.518,31.8181,100.0,614823389535.7642,1296,1842.6,1235438.0,32,1.15,2.08,6.13,linear,27.91,34.59,pyramid
0.001367,209.6798,149.4101,58.7317,100.0,209679812764.1901,3493,683.8,267830.0,32,0.55,3.34,8.43,linear,12.65,49.85,linear_increase
0.001359,665.4572,411.0235,55.1285,100.0,665457187564.1514,2682,823.0,575821.0,32,0.8,0.3,8.91,linear,13.78,58.95,geometric_increase
0.001358,602.3263,807.7921,25.2167,100.0,602326333062.5334,996,2398.1,1596895.0,30,0.9,1.12,2.18,linear,9.41,49.56,random
0.001345,1238.838,756.7963,24.2332,100.0,1238837971642.6785,1786,1287.9,1236021.0,33,1.45,1.06,5.48,back_heavy,9.21,57.8,random
0.001344,258.8646,193.9989,36.6528,100.0,258864632217.7819,6497,367.7,161358.0,31,0.85,1.06,7.68,geometric,2.32,126.87,geometric_increase
0.001342,2046.0034,596.9145,59.9129,100.0,2046003415373.4624,11002,217.3,268244.0,32,0.8,0.18,2.73,linear,2.58,59.92,linear_increase
0.001339,218.4427,210.8415,91.0529,100.0,218442697823.1222,3602,663.1,267855.0,32,0.35,4.25,9.39,geometric,31.25,31.25,flat
0.001329,775.4359,611.1533,28.6844,100.0,775435918376.4236,1477,1617.3,1235464.0,31,1.25,0.73,7.86,linear,15.69,49.93,pyramid
0.001327,477.4098,371.1965,52.981,100.0,477409790536.7913,5350,446.5,267831.0,30,0.55,1.98,4.37,back_heavy,15.85,60.02,geometric_increase
0.001321,548.7207,449.2776,31.9812,100.0,548720665477.1739,5751,415.6,267789.0,29,0.85,1.66,3.84,back_heavy,6.16,62.81,linear_increase
0.001318,561.7246,314.0856,68.0963,100.0,561724561346.5465,9649,247.6,161633.0,31,0.55,0.72,4.93,linear,7.38,85.06,geometric_increase
0.001311,241.9878,308.8802,53.6486,100.0,241987766238.6438,6362,375.4,161302.0,30,0.45,2.35,3.32,back_heavy,10.06,77.27,geometric_increase
0.001311,968.2597,648.1846,27.68,100.0,968259743446.3256,1599,1438.5,1236023.0,35,1.25,1.03,6.92,geometric,1.8,49.08,random
0.001307,102.2058,169.4778,33.7892,100.0,102205803195.9031,4204,568.2,158895.0,32,0.55,4.28,8.32,back_heavy,4.7,57.8,pyramid
0.001304,629.8191,242.2917,38.2318,100.0,629819112996.2513,6200,385.3,267799.0,33,1.1,0.48,7.41,linear,1.67,58.94,linear_increase
0.001295,110.4672,141.5897,124.6892,100.0,110467246838.3599,2597,919.8,268628.0,30,0.3,7.85,8.81,linear,33.33,33.33,flat
0.001281,178.4498,157.7942,53.5443,100.0,178449834436.7852,3329,717.5,267834.0,35,0.5,6.31,7.4,linear,5.53,48.84,random
0.00127,36.938,36.9677,60.2503,100.0,36938005956.8425,2551,936.4,159673.0,32,0.5,2.17,6.47,front_heavy,3.95,103.54,geometric_increase
0.001269,477.5235,355.6485,67.7031,100.0,477523528739.2493,5471,436.6,267831.0,34,0.45,2.08,3.99,geometric,23.42,35.41,linear_increase
0.001261,404.6362,441.168,30.1853,100.0,404636189125.4068,5052,472.8,267834.0,33,0.75,2.27,2.87,linear,7.41,54.62,pyramid
0.001255,649.9477,581.6014,31.5139,100.0,649947741470.5132,1392,1716.0,1234982.0,34,1.05,1.75,4.81,linear,29.41,29.41,flat
0.001253,44.7828,73.3533,98.8386,100.0,44782756051.5944,2828,844.7,159674.0,30,0.3,5.41,9.08,front_heavy,12.35,54.31,pyramid
0.001242,681.9032,560.8075,71.153,100.0,681903207954.9512,6603,361.9,268199.0,30,0.4,1.77,2.02,random,33.33,33.33,flat
0.001217,677.3198,510.7364,34.823,100.0,677319813804.1472,17640,135.5,101053.0,30,0.65,0.86,1.93,geometric,1.67,65.0,linear_increase
0.001214,299.927,356.3845,25.9267,100.0,299926956351.1042,4434,538.7,267794.0,30,0.85,2.62,4.78,geometric,4.99,61.68,pyramid
0.001206,701.4771,491.7129,39.1793,100.0,701477125133.6895,1349,1620.2,1235467.0,31,1.0,1.05,9.82,linear,32.26,32.26,flat
0.001191,56.4204,84.582,62.2166,100.0,56420441304.6927,3256,733.6,159674.0,33,0.4,5.27,7.04,front_heavy,6.93,55.14,pyramid
0.001189,75.8974,110.7259,129.8192,100.0,75897370335.8506,2056,1063.0,268604.0,34,0.3,8.6,9.72,front_heavy,29.41,29.41,flat
0.001184,105.867,84.2996,66.5541,100.0,105866976917.1924,2667,895.6,267831.0,34,0.5,4.14,6.59,random,10.74,61.87,geometric_increase
0.00117,115.5866,151.3602,123.5364,100.0,115586555740.177,2795,854.6,268608.0,31,0.3,7.38,7.98,back_heavy,32.26,32.26,flat
0.001169,229.036,219.7708,88.973,100.0,229036021219.2987,3948,605.0,267832.0,34,0.35,3.76,7.76,linear,29.41,29.41,flat
0.001169,228.9699,155.5576,60.3211,100.0,228969875555.2774,3947,605.2,267820.0,35,0.55,1.79,6.82,random,11.55,45.6,linear_increase
0.001146,122.6816,144.9542,62.8196,100.0,122681627779.604,4845,493.0,161303.0,35,0.4,3.23,5.48,back_heavy,9.22,64.19,geometric_increase
0.001135,95.4074,82.0484,55.9742,100.0,95407399260.9318,2586,923.7,267791.0,31,0.55,5.76,6.68,linear,8.44,56.08,linear_increase
0.001123,85.6931,239.9874,149.7184,100.0,85693055493.0898,2412,972.5,268607.0,35,0.25,5.42,8.91,random,8.0,48.83,random
0.001117,93.3937,141.7002,83.9065,100.0,93393703678.8729,4253,561.7,162409.0,31,0.3,1.06,7.36,front_heavy,11.05,52.79,random
0.001101,910.0428,728.4444,32.6331,100.0,910042823501.782,1758,1358.7,1235474.0,35,1.05,1.43,3.48,geometric,28.57,28.57,flat
0.001087,33.6007,67.2103,67.8023,100.0,33600696269.6559,6085,392.5,69014.0,30,0.3,4.86,7.91,back_heavy,3.9,62.77,linear_increase
0.001083,71.3957,101.45,76.7303,100.0,71395719739.9349,3870,617.2,158449.0,35,0.35,0.66,5.73,front_heavy,9.61,47.53,linear_increase
0.001082,40.0437,84.163,64.0179,100.0,40043669194.6567,4525,527.9,101568.0,30,0.3,3.58,6.53,front_heavy,6.46,60.2,pyramid
0.001068,342.0575,371.0847,79.5703,100.0,342057480919.2768,5048,473.2,267828.0,30,0.35,3.01,3.05,geometric,32.68,33.99,pyramid
0.001061,470.287,492.5004,32.9802,100.0,470287029714.5596,1287,1856.0,1235437.0,32,0.95,2.6,6.84,geometric,31.25,31.25,flat
0.001053,390.0734,396.3508,66.2516,100.0,390073361328.8056,5428,440.1,267834.0,30,0.4,1.8,3.55,front_heavy,12.58,53.28,random
0.001034,665.5836,407.9068,29.8033,100.0,665583622452.9337,7156,333.8,267805.0,34,1.05,0.99,4.45,geometric,2.43,56.39,linear_increase
0.001028,74.9929,95.9546,63.1594,100.0,74992941035.958,4061,588.2,158901.0,33,0.4,3.25,6.81,random,7.09,53.52,linear_increase
0.001024,941.1002,640.2162,48.3654,100.0,941100230933.9202,1695,1289.4,1235951.0,33,0.75,0.74,9.0,back_heavy,4.5,61.98,random
0.001022,456.5031,319.2164,50.9868,100.0,456503118854.0739,5961,400.7,267831.0,34,0.6,1.5,4.3,geometric,10.63,62.21,geometric_increase
0.001019,227.7208,376.9945,60.8375,100.0,227720802521.9138,6999,341.3,161369.0,31,0.35,2.0,2.86,front_heavy,6.65,55.54,random
0.001018,979.1342,659.3005,47.9622,100.0,979134212631.8083,1734,1260.5,1235912.0,30,0.8,0.33,6.48,linear,31.73,34.99,geometric_increase
0.001008,603.8168,454.9025,34.57,100.0,603816848147.1122,6906,346.1,267795.0,30,0.8,1.24,3.89,geometric,5.36,61.31,linear_increase
0.001006,98.9508,69.4236,75.9248,100.0,98950762348.0837,2798,853.7,267797.0,31,0.5,4.4,7.73,random,9.51,75.69,geometric_increase
0.001,177.805,224.3786,78.5395,100.0,177804961662.0047,1911,1249.9,527044.0,32,0.5,5.19,7.06,front_heavy,26.23,36.85,geometric_increase
0.001,367.642,379.4082,51.3339,100.0,367641996353.4739,1173,2036.3,1234817.0,32,0.7,5.11,7.42,back_heavy,4.26,60.96,random
0.000996,86.4305,137.5613,66.7602,100.0,86430473187.607,4428,539.5,158897.0,33,0.35,5.0,6.94,geometric,9.85,52.04,pyramid
0.000986,1058.919,609.7518,52.8413,100.0,1058918959019.3418,1833,1192.4,1235944.0,32,0.85,0.42,7.07,linear,31.25,31.25,flat
0.000983,423.5402,336.402,68.5441,100.0,423540212419.9477,2723,877.2,575834.0,31,0.45,2.31,6.48,linear,14.12,48.1,random
0.000978,605.9401,540.5576,33.9447,100.0,605940068620.2308,1522,1569.4,1234988.0,33,0.95,1.85,8.11,geometric,28.54,32.66,random
0.000973,32.8942,35.0483,103.2936,100.0,32894207956.3434,2710,881.4,162078.0,34,0.35,7.8,9.3,back_heavy,6.63,78.22,geometric_increase
0.00097,69.9032,61.5096,96.2431,100.0,69903159979.9458,2387,1000.7,268580.0,35,0.4,7.41,7.62,random,12.25,54.86,geometric_increase
0.000958,23.6075,21.1951,56.0912,100.0,23607456798.3471,2355,1014.2,159222.0,33,0.6,0.67,6.8,front_heavy,2.06,121.43,geometric_increase
0.000953,268.3816,408.5273,64.1617,100.0,268381593937.3188,7859,303.9,161306.0,31,0.35,1.96,2.65,linear,14.57,59.97,geometric_increase
0.000947,187.7185,184.8854,72.4216,100.0,187718541480.8297,3970,601.7,267828.0,33,0.4,3.83,5.87,back_heavy,18.02,47.0,geometric_increase
0.000946,163.3925,155.1183,65.4837,100.0,163392482449.8355,3707,644.4,267823.0,34,0.45,4.05,5.33,back_heavy,13.5,45.33,linear_increase
0.000944,25.7588,45.9312,74.4737,100.0,25758800366.2597,4072,586.6,96915.0,35,0.3,7.37,9.92,back_heavy,4.73,53.81,pyramid
0.000943,417.9665,403.2854,77.5622,100.0,417966461750.376,5938,402.2,267852.0,32,0.35,1.94,4.72,geometric,31.25,31.25,flat
0.000939,394.7521,412.1801,37.7,100.0,394752058193.9056,1254,1904.3,1234983.0,31,0.9,3.61,7.34,geometric,32.26,32.26,flat
0.000936,39.6492,44.3928,92.2088,100.0,39649244209.8887,3032,787.8,162166.0,34,0.35,6.7,8.13,linear,7.03,76.23,geometric_increase
0.00092,662.3058,460.9383,24.5962,100.0,662305787436.7216,7569,315.7,267902.0,32,1.1,1.11,9.28,geometric,0.92,61.58,pyramid
0.000916,880.7915,617.3144,54.3438,100.0,880791481032.051,1734,1260.5,1235922.0,29,0.7,0.2,8.05,linear,34.48,34.48,flat
0.000913,337.7464,343.6108,80.2239,100.0,337746406446.7458,5426,440.5,267852.0,34,0.35,2.65,3.49,linear,29.41,29.41,flat
0.000901,117.5168,173.1688,97.3335,100.0,117516783696.876,3221,741.6,267831.0,30,0.3,4.7,8.25,random,11.41,55.22,random
0.000898,334.8606,257.1791,57.9841,100.0,334860559882.0236,5447,438.5,267827.0,32,0.5,1.84,6.65,geometric,12.94,61.19,geometric_increase
0.000896,722.6619,623.4011,37.6278,100.0,722661854481.2815,1736,1376.0,1235436.0,29,0.9,1.84,5.13,linear,34.48,34.48,flat
0.000893,154.3714,211.4984,99.1167,100.0,154371420268.3453,3708,644.2,267835.0,32,0.3,5.03,5.15,linear,31.25,31.25,flat
0.000878,621.0574,587.5829,34.6055,100.0,621057404244.864,1626,1469.1,1235443.0,32,0.9,1.63,7.53,geometric,29.67,32.83,pyramid
0.000874,9.0625,10.3856,38.3087,100.0,9062527258.3503,4142,576.7,58713.0,32,0.35,8.14,8.56,front_heavy,1.04,61.46,pyramid
0.000858,50.7941,81.3322,71.0191,100.0,50794106614.2505,3585,666.3,162078.0,34,0.35,5.79,7.54,random,7.41,51.41,pyramid
0.000842,517.2806,431.8449,71.7428,100.0,517280629061.8922,6993,341.8,267835.0,34,0.4,1.66,3.05,linear,23.34,35.48,linear_increase
0.00084,42.4357,28.0328,49.2587,100.0,42435740326.068,2005,1191.4,267787.0,33,0.75,5.56,8.03,geometric,3.04,108.4,geometric_increase
0.000831,59.957,72.2216,64.4949,100.0,59956989241.1249,4037,591.7,158895.0,31,0.4,3.97,7.04,linear,5.64,94.98,geometric_increase
0.000822,37.2621,43.5145,47.3443,100.0,37262075683.7517,3200,746.5,158900.0,33,0.5,2.42,10.0,random,2.99,57.62,linear_increase
0.000806,37.4445,46.7866,82.9161,100.0,37444455270.1293,3192,748.3,161302.0,32,0.35,5.84,6.54,random,6.23,87.41,geometric_increase
0.000801,803.1412,750.2572,36.0219,100.0,803141224781.6815,1935,1234.4,1235951.0,31,0.85,1.08,3.8,linear,29.59,34.93,linear_increase
0.000788,926.8861,592.354,38.0977,100.0,926886055835.576,1918,1139.5,1235920.0,34,0.95,1.41,7.28,back_heavy,4.97,49.97,random
0.000783,125.6032,335.5947,72.3333,100.0,125603237025.9848,9305,256.7,102838.0,31,0.25,3.85,5.95,geometric,3.07,65.55,random
0.00077,83.1744,73.6541,70.1945,100.0,83174381020.2973,2931,814.9,267807.0,33,0.45,5.0,8.08,linear,9.07,70.62,geometric_increase
0.000759,1538.5525,567.8178,62.4892,100.0,1538552537159.9949,12214,188.3,268193.0,29,0.6,0.69,7.68,geometric,10.38,60.31,pyramid
0.000754,471.374,791.1574,34.3875,100.0,471373997514.6912,1183,2019.2,1596467.0,33,0.65,1.63,1.94,linear,2.25,60.7,random
0.000754,181.2139,210.8692,79.6574,100.0,181213934801.991,4373,546.2,267835.0,30,0.35,4.77,5.07,geometric,7.47,69.34,random
0.000753,10.8641,8.5853,65.7873,100.0,10864146065.0301,1781,1325.7,159222.0,30,0.55,5.58,9.17,front_heavy,1.5,147.63,geometric_increase
0.000749,54.2847,61.4598,44.3848,100.0,54284715563.8619,4048,590.1,158825.0,33,0.55,1.58,5.51,random,2.75,111.78,geometric_increase
0.000743,104.996,172.2063,92.872,100.0,104996048601.1828,3343,714.5,268628.0,31,0.3,5.75,9.85,back_heavy,5.82,57.66,random
0.000742,12.9758,35.9356,84.5214,100.0,12975815455.5556,4017,594.6,78644.0,34,0.25,8.29,9.8,back_heavy,4.23,54.59,pyramid
0.000738,76.3361,155.5187,72.6965,100.0,76336074340.3464,4836,493.9,158900.0,30,0.3,4.89,7.0,linear,11.44,55.23,pyramid
0.000735,237.6062,337.8883,91.1613,100.0,237606213189.9711,5072,471.0,267828.0,30,0.3,2.31,4.45,random,33.33,33.33,flat
0.000729,124.4118,123.235,76.3253,100.0,124411768993.3284,3686,648.0,267798.0,35,0.4,4.64,8.52,back_heavy,13.2,43.94,linear_increase
0.000723,204.4026,179.7486,56.7289,100.0,204402576717.7633,4742,503.7,267806.0,34,0.5,2.49,4.8,linear,9.85,64.78,geometric_increase
0.000711,17.7568,27.4134,82.724,100.0,17756832972.5265,3689,647.5,102310.0,32,0.3,7.9,8.41,geometric,3.66,58.84,linear_increase
0.000705,197.5756,309.2105,79.3192,100.0,197575585514.5955,2400,995.3,526917.0,30,0.4,5.19,9.11,linear,33.33,33.33,flat
0.000697,775.3044,434.9528,42.4069,100.0,775304382265.6979,9060,253.8,267724.0,29,0.65,1.61,4.12,linear,4.06,69.56,random
0.000693,259.0892,242.2047,45.2403,100.0,259089233157.4221,5459,437.8,267794.0,34,0.6,2.33,7.76,linear,7.17,51.65,pyramid
0.00069,79.3597,141.6925,78.0298,100.0,79359736818.7543,5021,475.7,161302.0,30,0.3,3.91,7.16,linear,11.29,55.38,linear_increase
0.000687,396.0899,339.2671,62.6809,100.0,396089899872.4999,6769,352.9,267902.0,32,0.4,3.15,3.9,geometric,3.99,57.29,random
0.000682,196.4621,234.5327,77.7488,100.0,196462102123.3921,4787,499.0,267788.0,35,0.35,3.55,5.03,geometric,20.25,37.39,pyramid
0.000672,192.0665,277.5568,90.0995,100.0,192066497961.326,4768,501.0,267832.0,35,0.3,3.2,6.68,geometric,28.57,28.57,flat
0.000667,23.1137,40.05,80.6249,100.0,23113690472.9063,4358,548.1,102014.0,33,0.3,2.7,6.91,front_heavy,3.97,56.63,linear_increase
0.000665,297.8993,396.6363,70.8304,100.0,297899253036.1616,5974,400.1,267794.0,29,0.35,2.58,2.72,random,23.18,45.78,linear_increase
0.000658,71.9817,142.3083,60.3461,100.0,71981690127.0828,4899,487.6,161328.0,33,0.35,4.73,6.65,geometric,7.22,54.83,pyramid
0.000645,161.9348,432.1776,121.9366,100.0,161934765651.9974,4469,534.5,267852.0,34,0.25,3.1,5.34,back_heavy,6.66,48.28,random
0.000633,410.9227,542.4096,27.2971,100.0,410922667926.6026,7184,332.5,267905.0,34,0.7,1.77,1.95,geometric,4.58,54.24,pyramid
0.000629,190.5869,647.1411,68.1033,100.0,190586874135.1713,12945,184.6,101585.0,33,0.25,0.5,2.71,random,7.19,60.27,random
0.000623,45.87,87.0976,78.6647,100.0,45870041779.54,4016,594.8,161357.0,29,0.3,5.86,6.44,linear,8.51,60.45,linear_increase
0.00062,515.836,549.4492,24.7611,100.0,515836019848.0425,8137,293.7,267903.0,35,0.9,1.15,1.77,linear,2.16,54.98,linear_increase
0.000616,153.2601,133.5303,45.7865,100.0,153260127579.0616,4452,536.9,267804.0,32,0.6,2.63,8.98,linear,5.57,56.93,linear_increase
0.000606,134.9632,131.1899,73.3641,100.0,134963162813.8719,4211,567.3,267806.0,34,0.4,3.64,7.16,geometric,12.13,57.77,geometric_increase
0.000601,144.8385,104.4716,61.143,100.0,144838451901.077,4378,545.6,267828.0,30,0.5,0.13,9.06,random,7.45,88.74,geometric_increase
0.0006,79.0019,139.2671,66.1864,100.0,79001894629.6268,8580,278.5,101036.0,31,0.3,2.51,4.84,back_heavy,5.94,93.03,geometric_increase
0.000599,904.2794,413.1753,49.9075,100.0,904279436063.1313,10961,217.9,267820.0,34,0.75,0.57,6.95,linear,3.67,55.15,pyramid
0.000598,54.3669,62.3598,97.3078,100.0,54366944576.3058,2681,891.0,268604.0,30,0.35,5.49,7.51,front_heavy,11.02,73.8,geometric_increase
0.000582,224.1377,147.8925,63.0738,100.0,224137738469.535,5536,431.5,267828.0,36,0.5,1.51,8.58,linear,8.34,64.75,geometric_increase
0.000566,295.7236,367.973,44.5424,100.0,295723636964.7122,6447,370.5,267831.0,30,0.5,0.6,6.83,random,9.14,57.52,pyramid
0.000566,245.2289,338.0486,88.365,100.0,245228904970.4192,5873,406.9,267852.0,32,0.3,2.81,8.02,back_heavy,7.88,47.24,random
0.000566,124.5434,192.573,87.6618,100.0,124543425583.3385,4182,571.2,267831.0,31,0.3,4.86,7.93,linear,11.92,50.73,random
0.000565,324.73,529.269,33.1708,100.0,324730005908.3279,6760,353.4,267856.0,31,0.55,1.67,2.36,front_heavy,7.48,58.69,pyramid
0.000562,28.468,24.6363,83.5505,100.0,28467957396.0906,1966,1193.1,268567.0,35,0.45,7.51,9.21,random,4.94,84.71,geometric_increase
0.000555,1097.6019,551.4444,75.2697,100.0,1097601853507.9572,6326,377.6,530881.0,34,0.7,0.15,6.11,linear,7.19,51.64,linear_increase
0.000551,43.0071,74.1602,83.5384,100.0,43007117066.7064,4198,569.0,158904.0,33,0.3,4.88,6.79,back_heavy,7.57,76.95,geometric_increase
0.000551,74.9484,75.2528,56.8927,100.0,74948358028.2873,3290,726.0,267791.0,34,0.5,5.02,7.28,linear,5.91,52.92,linear_increase
0.000542,1417.1445,593.7837,44.5939,100.0,1417144503338.6313,13860,166.0,268281.0,31,0.75,0.69,5.94,geometric,3.41,63.03,pyramid
0.000539,29.1974,39.3342,64.9212,100.0,29197417075.243,10211,233.9,54429.0,34,0.3,2.1,6.45,geometric,1.76,122.04,geometric_increase
0.000538,87.6183,112.0661,74.0855,100.0,87618310477.4937,5978,399.8,161354.0,36,0.35,2.75,6.21,linear,6.88,70.91,geometric_increase
0.000537,370.6805,510.1454,38.3186,100.0,370680472496.1512,7409,322.4,267852.0,29,0.55,1.84,2.34,back_heavy,7.57,61.4,linear_increase
0.000536,72.7709,100.3507,72.7868,100.0,72770862229.9988,5459,437.6,161303.0,35,0.35,3.45,7.82,back_heavy,6.48,75.82,geometric_increase
0.000535,93.1321,168.2921,76.2013,100.0,93132142634.9814,6168,387.3,161633.0,29,0.3,3.22,7.49,back_heavy,10.44,79.76,geometric_increase
0.000532,376.1745,478.2053,88.3708,100.0,376174514677.7492,7496,318.7,267852.0,31,0.3,1.98,3.23,geometric,32.26,32.26,flat
0.000524,279.4245,310.756,52.2577,100.0,279424525077.8,3310,721.6,526920.0,33,0.6,2.19,7.99,linear,14.15,55.2,geometric_increase
0.000522,12.8104,46.6901,41.7062,100.0,12810370749.8045,5424,440.4,69013.0,33,0.3,6.87,9.13,linear,1.62,60.78,pyramid
0.000521,71.0996,152.8855,16.693,100.0,71099636095.1998,5553,430.1,158895.0,34,0.85,2.8,7.01,back_heavy,0.66,58.16,linear_increase
0.000514,69.2935,184.379,131.731,100.0,69293526317.0586,3265,731.6,268603.0,35,0.25,4.97,7.25,front_heavy,28.57,28.57,flat
0.000513,49.913,153.066,90.7238,100.0,49912975373.5187,4689,509.4,158887.0,29,0.25,3.93,7.35,random,13.79,56.66,pyramid
0.000495,80.029,219.0409,122.7952,100.0,80029024612.5669,3576,668.0,268567.0,30,0.25,2.12,6.72,front_heavy,20.7,45.92,random
0.000483,299.575,304.7423,85.5085,100.0,299575043270.5436,3267,731.2,575859.0,34,0.35,1.26,8.54,linear,5.75,50.69,random
0.000478,91.3245,91.4816,53.2434,100.0,91324459625.6249,3898,612.8,267788.0,35,0.5,3.64,9.65,linear,5.72,51.43,linear_increase
0.000461,85.9381,235.9977,117.0081,100.0,85938094098.1361,3851,620.3,267834.0,34,0.25,4.96,5.63,front_heavy,29.41,29.41,flat
0.000458,164.4527,265.0907,83.6793,100.0,164452662306.8379,5343,447.1,267818.0,35,0.3,3.43,4.16,geometric,21.76,35.78,pyramid
0.00045,124.5256,195.6303,33.6654,100.0,124525600927.9052,7787,306.8,161303.0,33,0.55,2.03,5.42,linear,2.29,58.31,linear_increase
0.000445,428.2744,553.9271,40.6711,100.0,428274365311.5664,8735,273.4,268198.0,29,0.5,1.84,3.21,back_heavy,8.31,62.53,pyramid
0.000443,766.2087,661.6628,47.2988,100.0,766208709467.0624,2265,965.0,1269667.0,33,0.6,0.65,9.97,back_heavy,8.88,53.78,random
0.000442,272.9305,409.0466,71.2217,100.0,272930457530.2678,3537,675.3,530848.0,35,0.4,2.92,6.82,linear,28.57,28.57,flat
0.000429,127.3294,359.5165,104.6638,100.0,127329352239.7651,4861,491.4,267832.0,30,0.25,4.08,4.95,back_heavy,33.33,33.33,flat
0.000426,123.2629,213.685,49.3255,100.0,123262865425.0876,7946,300.6,161633.0,33,0.4,2.28,4.6,linear,4.81,55.79,linear_increase
0.000426,54.3928,147.3433,112.8131,100.0,54392779049.347,3177,751.9,268628.0,35,0.25,3.2,8.92,front_heavy,11.58,42.6,random
0.000424,26.1751,43.5222,67.8575,100.0,26175076684.7647,3718,642.5,159671.0,34,0.35,6.06,8.67,random,3.65,55.17,linear_increase
0.00041,337.457,276.7652,57.2417,100.0,337457024644.6306,8098,295.1,267787.0,33,0.5,1.29,5.89,geometric,7.54,77.08,geometric_increase
0.000408,499.1348,553.4318,42.9801,100.0,499134753924.59,2138,1118.0,1235913.0,32,0.65,1.64,9.38,geometric,31.25,31.25,flat
0.000405,353.4962,481.5134,74.2675,100.0,353496220794.8496,4205,568.1,530878.0,33,0.4,2.57,5.8,linear,30.3,30.3,flat
0.000403,36.7926,80.8284,72.0502,100.0,36792556809.1758,8069,296.0,89456.0,35,0.25,1.51,4.34,random,5.44,81.55,geometric_increase
0.000392,201.0364,280.418,85.4196,100.0,201036421797.0702,6383,374.2,267852.0,33,0.3,3.55,7.73,back_heavy,14.05,42.6,random
0.000391,154.3578,235.5594,79.9176,100.0,154357832680.737,5603,426.3,267834.0,33,0.3,2.79,6.04,random,12.43,46.07,random
0.00039,378.0649,521.8897,57.1145,100.0,378064874626.4339,8786,272.0,267852.0,31,0.4,1.64,2.17,back_heavy,12.78,64.76,geometric_increase
0.00039,990.6715,703.6772,45.3968,100.0,990671471588.2114,3083,774.8,1234857.0,31,0.8,0.49,8.05,geometric,15.17,58.48,geometric_increase
0.000388,133.2422,356.7633,107.4892,100.0,133242228980.0998,5223,457.3,267855.0,31,0.25,3.78,5.17,linear,32.26,32.26,flat
0.000367,336.4541,833.6795,104.9023,100.0,336454079407.0502,8207,280.3,268199.0,33,0.25,1.46,7.13,back_heavy,11.32,48.36,random
0.000362,280.2471,381.9301,45.9811,100.0,280247067204.376,7852,304.2,267835.0,31,0.45,2.03,6.93,geometric,8.28,57.83,pyramid
0.000358,157.729,156.975,60.6836,100.0,157729023182.1426,9834,243.0,161335.0,30,0.45,1.02,6.56,linear,3.36,118.58,geometric_increase
0.000336,24.0506,34.6302,69.8803,100.0,24050640389.1109,4025,593.5,158853.0,32,0.35,4.72,8.2,linear,3.05,112.59,geometric_increase
0.000327,87.9784,163.8415,69.1795,100.0,87978379396.5703,7675,311.2,161328.0,30,0.3,2.17,8.2,geometric,7.34,89.29,geometric_increase
0.000316,374.7956,420.5139,79.3724,100.0,374795556852.6162,9713,246.1,268196.0,35,0.3,1.59,7.46,geometric,8.84,46.3,random
0.000308,11.4686,7.4291,63.5282,100.0,11468615381.1222,4935,484.0,93434.0,31,0.3,2.51,7.4,front_heavy,1.69,62.83,linear_increase
0.000307,231.3792,577.1841,102.3675,100.0,231379249087.3474,7738,308.7,267905.0,29,0.25,2.16,9.79,back_heavy,34.48,34.48,flat
0.000305,141.9124,458.9793,86.7918,100.0,141912436877.5889,6082,392.7,267832.0,35,0.25,1.02,4.17,random,28.57,28.57,flat
0.000299,1026.2269,821.2525,35.93,100.0,1026226870058.199,2667,862.6,1596964.0,29,0.8,0.48,2.85,linear,16.2,54.07,pyramid
0.000299,590.7556,577.4631,73.6711,100.0,590755646659.9144,2489,878.1,1234979.0,30,0.45,0.76,7.13,linear,7.05,60.33,random
0.000297,276.9161,410.2544,50.609,100.0,276916111041.4614,1867,1279.4,1234866.0,31,0.55,3.53,6.89,linear,32.26,32.26,flat
0.000289,126.3635,229.0248,85.8456,100.0,126363459756.5073,1225,1868.2,1234979.0,34,0.4,6.98,7.23,back_heavy,3.97,51.02,random
0.000288,1250.1044,620.4498,53.1449,100.0,1250104354010.3396,17885,128.6,268052.0,30,0.55,0.63,2.39,linear,4.99,61.68,pyramid
0.000282,594.1593,790.6024,40.0856,100.0,594159345381.6986,2091,1100.1,1596470.0,32,0.55,0.71,5.39,back_heavy,3.1,59.73,random
0.000281,37.2381,92.9084,119.2216,100.0,37238092269.836,3235,738.4,268603.0,31,0.25,7.39,7.49,geometric,15.45,49.07,linear_increase
0.000281,15.7131,24.5787,99.0771,100.0,15713112889.3376,3486,685.2,162078.0,34,0.3,5.44,8.1,random,3.46,100.05,geometric_increase
0.000273,22.407,25.7115,98.2634,100.0,22407025081.6652,2548,937.5,268604.0,34,0.35,7.99,9.42,back_heavy,4.8,89.08,geometric_increase
0.000272,63.7777,83.5764,75.4987,100.0,63777688484.0466,4321,552.8,267794.0,33,0.35,2.98,9.23,random,7.38,53.23,linear_increase
0.000266,200.1285,537.5628,91.923,100.0,200128491166.5868,7729,309.1,267852.0,34,0.25,2.06,6.13,back_heavy,29.41,29.41,flat
0.00026,221.3604,533.1837,62.4566,100.0,221360400423.9303,8233,290.3,267853.0,30,0.3,1.49,2.53,front_heavy,17.08,49.58,pyramid
0.000257,875.3919,579.546,61.5962,100.0,875391907438.5228,8303,287.7,530881.0,34,0.7,0.3,5.43,linear,4.71,54.11,linear_increase
0.000248,21.8947,25.5971,97.9629,100.0,21894741035.4878,2641,904.4,268568.0,29,0.35,6.83,9.84,random,4.51,112.53,geometric_increase
0.000244,312.5112,309.1261,76.537,100.0,312511160375.0348,10107,236.5,267828.0,34,0.35,1.2,6.84,geometric,11.61,59.24,geometric_increase
0.000242,105.1663,171.5208,44.2576,100.0,105166267611.2095,5887,406.3,267831.0,29,0.4,4.97,9.84,geometric,5.32,53.46,random
0.000238,620.586,815.4293,37.3188,100.0,620585974670.3145,2325,989.4,1596905.0,35,0.65,0.41,2.87,geometric,15.43,47.4,geometric_increase
0.000234,535.6974,597.453,48.9566,100.0,535697397827.4984,2818,816.3,1235473.0,33,0.55,1.17,9.76,geometric,30.3,30.3,flat
0.000233,138.5707,371.8006,92.0686,100.0,138570747389.1673,6887,347.0,267856.0,30,0.25,2.68,8.16,linear,21.37,46.55,random
0.000232,91.7071,285.002,90.1772,100.0,91707138126.2639,5608,425.9,267826.0,34,0.25,1.22,7.31,random,4.65,70.07,random
0.000228,8.1057,84.7784,91.6155,100.0,8105714167.0413,6170,387.1,72993.0,32,0.2,4.91,7.72,random,6.01,56.49,pyramid
0.000226,318.3712,421.9607,47.9465,100.0,318371198677.3476,10620,225.3,267602.0,29,0.4,2.4,3.84,geometric,2.47,61.24,random
0.000214,670.3915,805.0124,39.775,100.0,670391493374.977,2650,901.3,1596888.0,32,0.6,0.86,2.48,linear,28.55,33.95,pyramid
0.000213,40.8834,102.7606,109.0179,100.0,40883407270.1952,3906,611.5,267799.0,34,0.25,5.94,7.11,geometric,13.78,45.04,linear_increase
0.000213,7.1999,72.1401,97.4192,100.0,7199921764.1709,5601,426.5,78369.0,30,0.2,7.03,7.91,geometric,5.97,60.7,pyramid
0.000213,19.3122,60.297,88.1555,100.0,19312196878.5522,4440,538.0,162077.0,30,0.25,6.75,7.12,geometric,5.68,60.99,linear_increase
0.000208,797.3697,725.8916,60.0128,100.0,797369727822.7021,3502,630.3,1235465.0,32,0.55,0.72,4.56,linear,31.25,31.25,flat
0.000207,27.3665,63.1105,68.5842,100.0,27366546620.2812,5383,443.7,161303.0,34,0.3,3.52,8.59,random,3.59,55.23,linear_increase
0.000202,85.4411,235.0873,42.6685,100.0,85441079466.4119,9627,248.1,161302.0,34,0.35,2.23,3.93,geometric,3.46,55.36,linear_increase
0.000199,456.9479,599.8645,34.4533,100.0,456947886676.1191,13513,176.9,268280.0,29,0.55,1.16,1.55,geometric,3.23,65.74,linear_increase
0.000197,21.0936,51.2926,67.0725,100.0,21093606454.2933,4843,493.2,161335.0,35,0.3,5.34,9.22,linear,3.14,54.0,linear_increase
0.000189,88.7398,178.1546,66.308,100.0,88739755097.8893,6113,390.8,267831.0,34,0.3,4.09,8.76,geometric,9.82,55.14,random
0.000183,12.4637,75.7682,90.7773,100.0,12463700903.7082,7948,300.5,78365.0,33,0.2,4.64,4.71,back_heavy,6.94,55.12,pyramid
0.000179,20.7505,245.1475,137.2026,100.0,20750460109.4599,3036,786.8,267832.0,34,0.2,4.03,8.51,random,6.67,51.86,random
0.000168,101.3336,158.6345,80.9855,100.0,101333564417.6057,6931,344.8,267831.0,34,0.3,2.54,8.16,linear,9.76,49.06,linear_increase
0.000166,823.7581,811.6889,51.674,100.0,823758115214.7435,3077,717.3,1596895.0,35,0.6,0.32,3.71,back_heavy,14.12,43.02,linear_increase
0.000164,89.9256,243.6108,91.9224,100.0,89925614277.2194,6608,361.5,267828.0,32,0.25,2.88,5.16,linear,16.41,52.79,geometric_increase
0.000154,466.2573,414.8289,66.8431,100.0,466257329540.993,15505,154.2,267820.0,32,0.4,0.78,6.83,linear,6.38,56.12,pyramid
0.000154,3.3384,14.4193,94.6795,100.0,3338372506.8948,6351,376.1,55441.0,31,0.2,6.19,6.86,random,2.41,62.11,linear_increase
0.000151,118.0269,310.1269,90.9924,100.0,118026851924.5536,7896,302.5,267831.0,33,0.25,2.28,5.3,geometric,17.29,48.4,geometric_increase
0.000151,320.7957,460.8896,60.5639,100.0,320795719026.9927,2716,846.9,1235435.0,35,0.45,1.21,8.39,linear,8.54,45.68,random
0.00015,5.3507,54.9547,62.2307,100.0,5350716507.933,8142,293.4,55382.0,34,0.2,5.16,5.97,geometric,2.82,56.0,pyramid
0.00015,94.5751,294.0161,80.1598,100.0,94575141359.9009,7079,337.4,267831.0,31,0.25,3.18,9.85,back_heavy,15.96,49.64,pyramid
0.000149,108.2057,181.3038,61.615,100.0,108205656772.2649,7612,314.0,267798.0,32,0.35,2.49,7.82,geometric,6.21,56.29,linear_increase
0.000144,7.5521,62.974,70.5513,100.0,7552094572.3344,9881,241.7,55386.0,29,0.2,3.79,6.08,linear,3.2,65.77,linear_increase
0.000139,159.118,428.9625,87.1519,100.0,159117985720.0666,9527,250.7,267827.0,29,0.25,1.78,4.54,linear,18.27,50.69,linear_increase
0.000138,157.7901,386.827,57.0066,100.0,157790144919.7656,9549,250.2,267852.0,31,0.3,2.26,7.93,back_heavy,9.83,56.18,pyramid
0.000135,655.234,802.2081,47.8014,100.0,655234028133.6589,3175,724.5,1596626.0,32,0.5,0.78,4.24,back_heavy,31.25,31.25,flat
0.00013,204.3635,396.1802,51.3915,100.0,204363500064.924,11204,213.3,267835.0,33,0.35,1.65,5.28,linear,6.6,55.49,pyramid
0.000128,28.9711,327.0498,138.6586,100.0,28971133998.1817,4236,563.9,267828.0,31,0.2,4.76,9.0,random,32.26,32.26,flat
0.000124,32.4879,388.8598,121.4923,100.0,32487934163.345,4557,524.2,267806.0,30,0.2,3.73,6.36,random,33.33,33.33,flat
0.000123,569.0067,536.3679,38.0213,100.0,569006681287.4092,19169,124.7,267626.0,30,0.6,0.73,3.85,geometric,1.28,65.39,linear_increase
0.000123,52.0843,189.1052,125.3422,100.0,52084277027.4542,2944,811.4,527044.0,33,0.25,4.71,9.73,random,23.8,37.22,pyramid
0.000123,1662.0498,589.1556,70.5558,100.0,1662049758180.4746,32824,72.8,268046.0,33,0.55,0.27,4.5,geometric,0.93,59.68,linear_increase
0.000122,25.1007,288.7858,132.4436,100.0,25100681022.4351,4042,591.0,267834.0,34,0.2,5.97,9.18,back_heavy,29.41,29.41,flat
0.000121,137.0216,426.8508,50.6503,100.0,137021564540.8246,9487,251.8,267828.0,32,0.3,2.35,3.02,linear,8.61,53.89,pyramid
0.000119,28.1231,107.8734,70.022,100.0,28123149061.5539,7205,331.5,161304.0,34,0.25,3.8,5.81,linear,4.69,54.13,linear_increase
0.000116,60.9227,167.4774,60.2785,100.0,60922680923.1,6465,369.5,267788.0,33,0.3,3.82,9.46,geometric,6.38,55.73,pyramid
0.000115,52.8432,143.5745,90.5352,100.0,52843186877.8525,6057,394.4,267830.0,30,0.25,3.73,9.77,geometric,10.81,55.86,linear_increase
0.000112,40.2078,445.2943,109.7278,100.0,40207787199.007,5335,447.7,267852.0,33,0.2,4.13,8.32,linear,2.23,67.13,random
0.000112,1262.0251,829.074,60.4639,100.0,1262025080149.8083,4836,475.7,1597017.0,30,0.55,0.2,3.86,geometric,10.9,55.77,linear_increase
0.000111,24.689,278.7861,132.194,100.0,24689039656.9126,4198,569.0,267832.0,36,0.2,5.67,7.81,geometric,27.78,27.78,flat
0.000108,8.9444,89.2726,147.0645,100.0,8944405784.122,2998,729.0,209631.0,30,0.2,4.57,9.48,front_heavy,14.53,63.27,geometric_increase
0.000108,13.491,105.3464,72.1654,100.0,13490963581.1317,15487,154.3,54429.0,34,0.2,1.69,3.49,geometric,3.26,102.01,geometric_increase
0.000107,126.29,407.2404,74.098,100.0,126290029744.6482,16070,148.7,161306.0,33,0.25,1.03,3.28,linear,7.19,78.75,geometric_increase
0.000102,115.3321,329.2081,55.5836,100.0,115332064739.8627,9473,252.3,267791.0,32,0.3,2.37,5.17,linear,7.35,55.15,pyramid
0.0001,139.5364,454.5373,72.2412,100.0,139536386091.5411,17505,136.5,161140.0,35,0.25,1.02,3.07,geometric,7.11,72.75,geometric_increase
9.7e-05,281.932,530.5837,59.7607,100.0,281932023092.1181,3300,723.8,1234772.0,32,0.4,2.12,7.03,back_heavy,8.26,60.82,random
9.7e-05,35.476,400.2934,123.5656,100.0,35475955702.3251,5384,443.7,267831.0,33,0.2,4.23,6.62,geometric,30.3,30.3,flat
9.6e-05,36.686,425.1103,114.9176,100.0,36685951390.8813,5514,433.2,267832.0,33,0.2,3.9,5.45,linear,30.3,30.3,flat
9.5e-05,1.8884,12.7309,57.0507,100.0,1888372200.803,5599,426.6,60006.0,30,0.2,8.33,8.87,geometric,1.49,65.17,pyramid
9.3e-05,20.7222,241.2523,126.1319,100.0,20722178152.9148,4194,569.6,268570.0,30,0.2,5.73,8.13,random,23.39,47.29,random
9.3e-05,32.8974,384.3017,115.4433,100.0,32897391439.0023,5314,449.5,267832.0,35,0.2,3.3,5.2,random,28.57,28.57,flat
9.3e-05,334.5183,593.4877,54.2272,100.0,334518317387.8397,3671,650.7,1235919.0,35,0.4,1.62,7.59,back_heavy,28.57,28.57,flat
9.1e-05,114.9533,256.1425,48.3245,100.0,114953337933.1376,10012,238.6,267827.0,32,0.35,2.02,7.06,back_heavy,4.39,58.11,linear_increase
8.8e-05,815.8879,581.1405,68.6619,100.0,815887854140.4009,5882,406.1,1235439.0,35,0.6,0.21,8.93,linear,9.4,48.87,pyramid
8.1e-05,67.5431,241.3407,33.7699,100.0,67543112722.0934,13523,176.7,161328.0,31,0.35,1.82,6.49,geometric,1.52,63.0,linear_increase
8.1e-05,15.4467,166.1396,130.1647,100.0,15446701139.93,3893,613.6,268603.0,31,0.2,6.72,9.2,back_heavy,18.91,50.53,geometric_increase
8e-05,37.3323,421.1628,119.2028,100.0,37332256519.6258,6099,391.7,267835.0,36,0.2,3.82,6.15,back_heavy,27.78,27.78,flat
7.9e-05,259.3965,538.1068,61.2076,100.0,259396527238.6657,3493,683.9,1235469.0,29,0.35,1.33,8.46,linear,31.19,38.01,pyramid
7.7e-05,259.4068,595.5002,77.121,100.0,259406763305.4369,3410,674.3,1235944.0,31,0.3,2.09,6.66,geometric,13.59,52.47,random
7.5e-05,10.6013,148.0173,76.5343,100.0,10601325825.8801,10069,237.4,89367.0,33,0.2,2.81,3.28,back_heavy,4.43,95.51,geometric_increase
7.2e-05,53.9236,599.621,113.9909,100.0,53923595897.0212,7701,310.2,267852.0,33,0.2,2.61,5.82,geometric,30.3,30.3,flat
7e-05,49.7851,562.7001,108.8045,100.0,49785098864.3226,7519,317.9,267853.0,35,0.2,2.65,8.81,back_heavy,28.57,28.57,flat
6.4e-05,40.7848,491.4693,97.6557,100.0,40784772259.9197,7097,336.6,267831.0,33,0.2,3.04,4.44,linear,19.11,37.96,random
6.2e-05,68.277,238.8773,49.406,100.0,68276984176.9253,9384,254.7,267785.0,35,0.3,2.64,9.19,geometric,4.31,54.26,pyramid
6.2e-05,87.5733,439.9088,58.5726,100.0,87573300780.735,10637,224.7,267831.0,31,0.25,2.49,3.06,geometric,8.82,57.26,pyramid
5.9e-05,6.5039,61.215,107.1213,100.0,6503869437.0095,4878,489.7,162133.0,32,0.2,6.6,8.3,back_heavy,6.25,56.25,linear_increase
5.8e-05,65.9148,730.7044,109.1068,100.0,65914805983.5575,9476,252.1,267852.0,31,0.2,1.99,4.75,linear,25.19,38.22,random
5.6e-05,24.0559,278.4119,87.1137,100.0,24055859818.8497,9749,245.1,161351.0,30,0.2,2.73,4.57,geometric,10.36,56.31,linear_increase
5.5e-05,115.7222,388.3056,49.8819,100.0,115722187075.1843,12885,185.5,267831.0,30,0.3,2.06,9.37,back_heavy,4.71,61.96,pyramid
5.4e-05,733.8476,732.724,97.0609,100.0,733847603337.9188,6890,333.9,1235471.0,30,0.35,0.51,5.11,linear,33.33,33.33,flat
5.3e-05,221.6345,607.1701,67.3466,100.0,221634517713.5832,3942,606.3,1234986.0,30,0.3,1.68,7.67,geometric,29.98,37.54,random
4.9e-05,611.2589,816.4666,54.2947,100.0,611258924007.212,5098,451.2,1596906.0,34,0.4,0.49,3.5,geometric,9.4,50.94,random
4.7e-05,6.587,74.3583,92.7332,100.0,6586994678.0405,5574,428.5,159671.0,35,0.2,6.64,8.55,geometric,5.47,53.03,pyramid
4.6e-05,60.2041,702.2829,97.0316,100.0,60204082062.4133,10186,234.5,267832.0,30,0.2,2.01,3.6,geometric,6.53,57.5,random
4.6e-05,11.5264,117.7256,92.8904,100.0,11526447401.0356,7558,316.0,158822.0,30,0.2,3.59,4.77,geometric,6.75,92.46,geometric_increase
4.5e-05,62.3475,165.5412,78.1313,100.0,62347467999.7345,17474,136.8,161140.0,34,0.25,1.11,9.91,back_heavy,3.22,102.43,geometric_increase
4.4e-05,468.9596,816.4367,57.8292,100.0,468959556115.5785,4710,488.4,1596906.0,34,0.35,0.62,2.8,geometric,29.41,29.41,flat
4.2e-05,30.8827,360.6743,94.427,100.0,30882700366.8858,7694,310.5,267807.0,35,0.2,3.05,5.51,geometric,17.42,40.37,pyramid
4.1e-05,1.8239,28.4271,47.5937,100.0,1823864348.7799,7276,328.3,69009.0,32,0.2,7.11,7.6,linear,1.06,61.44,pyramid
4e-05,321.0239,789.8891,64.3225,100.0,321023857934.2539,5156,446.1,1269665.0,29,0.3,1.17,5.29,back_heavy,34.48,34.48,flat
3.9e-05,36.3534,411.2039,84.1498,100.0,36353391114.9123,14308,167.0,161351.0,29,0.2,1.58,5.72,back_heavy,9.52,83.4,geometric_increase
3.6e-05,229.9635,583.6513,68.4705,100.0,229963477646.2116,4687,490.8,1235435.0,34,0.3,1.31,5.82,linear,29.41,29.41,flat
3.6e-05,92.456,193.3745,92.9586,100.0,92456046438.4425,14383,166.1,267569.0,29,0.25,0.86,7.16,linear,5.99,101.56,geometric_increase
3.4e-05,15.0814,468.7432,42.9821,100.0,15081390133.97,29331,81.6,54420.0,31,0.2,0.64,2.68,random,1.34,63.17,linear_increase
3.4e-05,66.7218,233.3915,68.8127,100.0,66721786814.7478,12451,191.9,267831.0,30,0.25,1.81,9.25,geometric,5.42,61.24,linear_increase
3.3e-05,7.9391,72.1821,95.7844,100.0,7939098519.414,7429,321.5,158897.0,35,0.2,3.44,7.31,geometric,4.72,86.2,geometric_increase
3.2e-05,939.178,815.5406,88.9332,100.0,939178004271.9104,7864,292.5,1596901.0,30,0.4,0.2,6.6,back_heavy,8.34,58.33,pyramid
3.2e-05,6.8659,55.5558,118.6091,100.0,6865915764.5302,4092,583.7,268604.0,35,0.2,4.84,8.55,random,7.95,69.05,geometric_increase
3.1e-05,1223.0974,833.8016,61.0698,100.0,1223097400385.2415,9091,253.0,1597028.0,29,0.5,0.16,3.26,geometric,2.98,65.99,linear_increase
3e-05,20.6874,266.6962,79.9579,100.0,20687387979.5893,7427,321.6,267820.0,36,0.2,4.14,6.62,back_heavy,2.0,58.68,random
2.9e-05,85.804,438.1653,80.3346,100.0,85803961082.396,3338,715.6,1234612.0,31,0.25,3.55,6.91,geometric,32.26,32.26,flat
2.8e-05,360.2698,655.2526,76.3044,100.0,360269808980.4702,6361,347.0,1235919.0,35,0.3,0.79,9.89,geometric,28.57,28.57,flat
2.5e-05,743.8921,1250.4222,140.5882,100.0,743892072789.1149,46397,49.6,268051.0,33,0.25,0.36,2.78,geometric,8.79,51.82,linear_increase
2.1e-05,213.4536,563.5956,69.9508,100.0,213453618181.3462,28421,84.1,267966.0,29,0.25,0.79,4.38,linear,4.92,66.16,pyramid
2.1e-05,331.651,778.9131,59.8691,100.0,331650953135.2276,7117,323.2,1269663.0,31,0.3,1.03,5.62,back_heavy,3.41,52.19,random
2.1e-05,628.1413,801.8433,42.3674,100.0,628141288706.1652,7818,294.2,1596628.0,29,0.5,0.55,7.13,back_heavy,6.91,64.02,pyramid
1.7e-05,294.2691,740.4308,48.2692,100.0,294269120581.0924,8025,297.8,1235918.0,30,0.35,1.47,4.12,geometric,9.51,57.49,random
1.2e-05,5.9425,63.5842,79.9454,100.0,5942475519.1078,10586,225.6,161302.0,30,0.2,1.97,9.15,linear,2.27,132.93,geometric_increase
1.1e-05,12.2153,152.3995,69.7154,100.0,12215316758.6835,15548,153.6,161330.0,33,0.2,1.76,8.58,linear,2.84,57.76,linear_increase
1e-05,46.2202,636.8745,87.5442,100.0,46220164901.894,4007,574.1,1235470.0,35,0.2,1.59,8.34,back_heavy,8.71,47.98,random
8e-06,100.6429,915.1248,115.8333,100.0,100642871785.3467,32133,74.4,267624.0,32,0.2,0.55,4.24,geometric,8.53,76.13,geometric_increase
3e-06,81.0011,1057.4885,74.1571,100.0,81001115870.7566,7351,312.9,1596974.0,29,0.2,0.68,3.2,back_heavy,32.18,36.86,random
3e-06,213.0435,1481.3054,165.5136,100.0,213043473666.9483,72858,32.8,268045.0,35,0.2,0.29,3.53,linear,5.47,53.04,pyramid
1e-06,212.0515,1641.4855,202.5314,100.0,212051483382.929,29988,76.7,1235463.0,33,0.2,0.18,6.93,back_heavy,9.51,51.1,linear_increase
