score,total_pnl,max_drawdown,sharpe,win_rate,profit_factor,trade_count,avg_trade_minutes,max_trade_minutes,n_orders,tp_pct,step_min,step_max,step_mode,size_min,size_max,size_mode,steps_json,sizes_json,data_file,initial_capital,commission,min_contract,reinvest
0.735422,136.4129,62.4433,23.7284,100.0,136412933770.6013,7320,326.3,18172.0,33,0.7,2.73,3.93,back_heavy,1.38,61.03,pyramid,"[2.73, 2.73, 2.73, 2.74, 2.75, 2.76, 2.77, 2.79, 2.8, 2.82, 2.85, 2.87, 2.9, 2.93, 2.96, 2.99, 3.03, 3.07, 3.11, 3.15, 3.2, 3.25, 3.3, 3.35, 3.4, 3.46, 3.52, 3.58, 3.65, 3.72, 3.78, 3.86, 3.93]","[1.3847, 5.1131, 8.8394, 12.5678, 16.2962, 20.0225, 23.7509, 27.4793, 31.2077, 34.934, 38.6624, 42.3908, 46.1171, 49.8455, 53.574, 57.3003, 61.0287, 57.3003, 53.574, 49.8455, 46.1171, 42.3908, 38.6624, 34.934, 31.2077, 27.4793, 23.7509, 20.0225, 16.2962, 12.5678, 8.8394, 5.1131, 1.3847]",C:/Users/Madness/PycharmProjects/Crupto_Data_Joiner/Raw_Data_Spot/BYBIT_DOGEUSDT_SPOT_2021_2026.csv,1000.0,0.0018,0.1,False
0.40007,74.3298,55.2905,29.2302,100.0,74329784951.9083,10379,230.6,18188.0,32,0.45,2.75,7.47,back_heavy,1.27,61.23,pyramid,"[2.75, 2.75, 2.77, 2.79, 2.83, 2.87, 2.93, 2.99, 3.06, 3.15, 3.24, 3.34, 3.46, 3.58, 3.71, 3.86, 4.01, 4.17, 4.34, 4.52, 4.71, 4.92, 5.13, 5.35, 5.58, 5.82, 6.07, 6.33, 6.6, 6.88, 7.17, 7.47]","[1.2702, 5.0183, 8.7647, 12.5129, 16.2593, 20.0074, 23.7555, 27.502, 31.2501, 34.9982, 38.7447, 42.4928, 46.2392, 49.9873, 53.7355, 57.4819, 61.23, 57.4819, 53.7355, 49.9873, 46.2392, 42.4928, 38.7447, 34.9982, 31.2501, 27.502, 23.7555, 20.0074, 16.2593, 12.5129, 8.7647, 5.0183]",C:/Users/Madness/PycharmProjects/Crupto_Data_Joiner/Raw_Data_Spot/BYBIT_DOGEUSDT_SPOT_2021_2026.csv,1000.0,0.0018,0.1,False
0.291572,438.9132,266.5976,15.2856,100.0,438913241276.0577,2520,947.9,54430.0,33,1.95,2.54,3.96,geometric,1.79,60.59,pyramid,"[2.54, 2.58, 2.61, 2.65, 2.68, 2.72, 2.76, 2.8, 2.84, 2.88, 2.92, 2.96, 3.0, 3.04, 3.08, 3.13, 3.17, 3.22, 3.26, 3.31, 3.35, 3.4, 3.45, 3.5, 3.54, 3.59, 3.64, 3.69, 3.75, 3.8, 3.85, 3.91, 3.96]","[1.7948, 5.4706, 9.1445, 12.8203, 16.4942, 20.17, 23.8439, 27.5197, 31.1935, 34.8694, 38.5432, 42.2191, 45.8929, 49.5687, 53.2426, 56.9165, 60.5923, 56.9165, 53.2426, 49.5687, 45.8929, 42.2191, 38.5432, 34.8694, 31.1935, 27.5197, 23.8439, 20.17, 16.4942, 12.8203, 9.1445, 5.4706, 1.7948]",C:/Users/Madness/PycharmProjects/Crupto_Data_Joiner/Raw_Data_Spot/BYBIT_DOGEUSDT_SPOT_2021_2026.csv,1000.0,0.0018,0.1,False
0.219903,345.3877,187.0482,12.4723,100.0,345387736503.539,2261,1056.0,55629.0,35,2.0,1.4,3.1,front_heavy,1.79,56.93,pyramid,"[3.1, 3.05, 3.0, 2.95, 2.9, 2.85, 2.8, 2.75, 2.7, 2.65, 2.6, 2.55, 2.5, 2.45, 2.4, 2.35, 2.3, 2.25, 2.2, 2.15, 2.1, 2.05, 2.0, 1.95, 1.9, 1.85, 1.8, 1.75, 1.7, 1.65, 1.6, 1.55, 1.5, 1.45, 1.4]","[1.7888, 5.0317, 8.2768, 11.5197, 14.7627, 18.0056, 21.2507, 24.4937, 27.7366, 30.9817, 34.2246, 37.4676, 40.7127, 43.9556, 47.1986, 50.4415, 53.6866, 56.9296, 53.6866, 50.4415, 47.1986, 43.9556, 40.7127, 37.4676, 34.2246, 30.9817, 27.7366, 24.4937, 21.2507, 18.0056, 14.7627, 11.5197, 8.2768, 5.0317, 1.7888]",C:/Users/Madness/PycharmProjects/Crupto_Data_Joiner/Raw_Data_Spot/BYBIT_DOGEUSDT_SPOT_2021_2026.csv,1000.0,0.0018,0.1,False
0.166967,251.5924,118.051,15.2661,100.0,251592353812.7926,2229,1071.6,54458.0,30,1.8,2.87,5.19,random,1.81,64.86,pyramid,"[2.88, 3.9, 3.13, 4.09, 3.87, 4.57, 3.56, 4.19, 3.18, 4.45, 3.53, 4.76, 4.44, 3.27, 3.41, 3.84, 4.59, 4.82, 4.31, 3.59, 3.93, 4.03, 3.15, 4.99, 3.33, 3.48, 4.39, 3.19, 3.86, 5.18]","[1.8065, 6.0096, 10.2146, 14.4177, 18.6207, 22.8237, 27.0288, 31.2318, 35.4348, 39.6379, 43.8429, 48.046, 52.249, 56.452, 60.6571, 64.8601, 60.6571, 56.452, 52.249, 48.046, 43.8429, 39.6379, 35.4348, 31.2318, 27.0288, 22.8237, 18.6207, 14.4177, 10.2146, 6.0096]",C:/Users/Madness/PycharmProjects/Crupto_Data_Joiner/Raw_Data_Spot/BYBIT_DOGEUSDT_SPOT_2021_2026.csv,1000.0,0.0018,0.1,False
0.149564,776.4915,200.551,7.6915,100.0,776491501870.6752,354,6747.7,102317.0,32,7.5,1.53,3.99,front_heavy,1.93,60.57,pyramid,"[3.99, 3.91, 3.83, 3.75, 3.67, 3.59, 3.51, 3.43, 3.36, 3.28, 3.2, 3.12, 3.04, 2.96, 2.88, 2.8, 2.72, 2.64, 2.56, 2.48, 2.4, 2.32, 2.24, 2.16, 2.09, 2.01, 1.93, 1.85, 1.77, 1.69, 1.61, 1.53]","[1.9314, 5.5964, 9.2614, 12.9257, 16.5907, 20.2557, 23.92, 27.585, 31.25, 34.915, 38.58, 42.2443, 45.9093, 49.5743, 53.2386, 56.9036, 60.5686, 56.9036, 53.2386, 49.5743, 45.9093, 42.2443, 38.58, 34.915, 31.25, 27.585, 23.92, 20.2557, 16.5907, 12.9257, 9.2614, 5.5964]",C:/Users/Madness/PycharmProjects/Crupto_Data_Joiner/Raw_Data_Spot/BYBIT_DOGEUSDT_SPOT_2021_2026.csv,1000.0,0.0018,0.1,False
0.139779,210.624,147.0681,26.2623,100.0,210624046416.9945,5620,425.3,54458.0,31,0.85,2.36,3.65,back_heavy,2.5,62.02,linear_increase,"[2.36, 2.36, 2.37, 2.37, 2.38, 2.4, 2.41, 2.43, 2.45, 2.48, 2.5, 2.53, 2.57, 2.6, 2.64, 2.68, 2.73, 2.77, 2.82, 2.88, 2.93, 2.99, 3.05, 3.12, 3.19, 3.26, 3.33, 3.4, 3.48, 3.57, 3.65]","[2.4957, 4.4786, 6.465, 8.4479, 10.4308, 12.4171, 14.4, 16.3863, 18.3692, 20.3521, 22.3385, 24.3214, 26.3043, 28.2906, 30.2735, 32.2564, 34.2427, 36.2256, 38.212, 40.1949, 42.1778, 44.1641, 46.147, 48.1299, 50.1162, 52.0991, 54.0855, 56.0684, 58.0513, 60.0376, 62.0205]",C:/Users/Madness/PycharmProjects/Crupto_Data_Joiner/Raw_Data_Spot/BYBIT_DOGEUSDT_SPOT_2021_2026.csv,1000.0,0.0018,0.1,False
0.12702,331.6929,178.8246,16.7576,100.0,331692895616.937,1751,1364.2,72146.0,31,1.95,2.62,3.09,front_heavy,3.89,60.63,linear_increase,"[3.09, 3.07, 3.06, 3.04, 3.03, 3.01, 3.0, 2.98, 2.96, 2.95, 2.93, 2.92, 2.9, 2.89, 2.87, 2.86, 2.84, 2.82, 2.81, 2.79, 2.78, 2.76, 2.75, 2.73, 2.71, 2.7, 2.68, 2.67, 2.65, 2.64, 2.62]","[3.8898, 5.7801, 7.6724, 9.5627, 11.455, 13.3452, 15.2375, 17.1278, 19.0201, 20.9104, 22.8027, 24.6929, 26.5852, 28.4755, 30.3678, 32.2581, 34.1483, 36.0406, 37.9309, 39.8232, 41.7135, 43.6058, 45.496, 47.3883, 49.2786, 51.1709, 53.0612, 54.9535, 56.8437, 58.736, 60.6263]",C:/Users/Madness/PycharmProjects/Crupto_Data_Joiner/Raw_Data_Spot/BYBIT_DOGEUSDT_SPOT_2021_2026.csv,1000.0,0.0018,0.1,False
0.126651,197.6425,94.4043,28.5763,100.0,197642491907.1234,3226,740.2,55445.0,35,1.0,3.67,5.21,linear,4.29,54.28,pyramid,"[3.67, 3.72, 3.76, 3.81, 3.85, 3.9, 3.94, 3.99, 4.03, 4.08, 4.12, 4.17, 4.21, 4.26, 4.3, 4.35, 4.39, 4.44, 4.49, 4.53, 4.58, 4.62, 4.67, 4.71, 4.76, 4.8, 4.85, 4.89, 4.94, 4.98, 5.03, 5.07, 5.12, 5.16, 5.21]","[4.2896, 7.2302, 10.1708, 13.1114, 16.0521, 18.9927, 21.9333, 24.8739, 27.8145, 30.7567, 33.6973, 36.6379, 39.5785, 42.5191, 45.4598, 48.4004, 51.341, 54.2816, 51.341, 48.4004, 45.4598, 42.5191, 39.5785, 36.6379, 33.6973, 30.7567, 27.8145, 24.8739, 21.9333, 18.9927, 16.0521, 13.1114, 10.1708, 7.2302, 4.2896]",C:/Users/Madness/PycharmProjects/Crupto_Data_Joiner/Raw_Data_Spot/BYBIT_DOGEUSDT_SPOT_2021_2026.csv,1000.0,0.0018,0.1,False
0.124301,23.6124,31.6062,36.9507,100.0,23612375126.5609,11588,206.5,18407.0,30,0.3,3.44,7.89,linear,1.02,65.65,pyramid,"[3.44, 3.59, 3.75, 3.9, 4.05, 4.21, 4.36, 4.51, 4.67, 4.82, 4.97, 5.13, 5.28, 5.43, 5.59, 5.74, 5.9, 6.05, 6.2, 6.36, 6.51, 6.66, 6.82, 6.97, 7.12, 7.28, 7.43, 7.58, 7.74, 7.89]","[1.0187, 5.3279, 9.6353, 13.9446, 18.2538, 22.5612, 26.8704, 31.1796, 35.4871, 39.7963, 44.1055, 48.4129, 52.7221, 57.0313, 61.3388, 65.648, 61.3388, 57.0313, 52.7221, 48.4129, 44.1055, 39.7963, 35.4871, 31.1796, 26.8704, 22.5612, 18.2538, 13.9446, 9.6353, 5.3279]",C:/Users/Madness/PycharmProjects/Crupto_Data_Joiner/Raw_Data_Spot/BYBIT_DOGEUSDT_SPOT_2021_2026.csv,1000.0,0.0018,0.1,False
0.122188,192.3039,152.7847,28.4972,100.0,192303929152.2125,4936,483.9,55687.0,31,0.75,3.31,4.99,back_heavy,3.77,62.64,pyramid,"[3.31, 3.31, 3.32, 3.33, 3.34, 3.36, 3.38, 3.4, 3.43, 3.46, 3.5, 3.54, 3.58, 3.63, 3.68, 3.73, 3.79, 3.85, 3.91, 3.98, 4.06, 4.13, 4.21, 4.3, 4.39, 4.48, 4.57, 4.67, 4.77, 4.88, 4.99]","[3.7727, 7.6991, 11.6212, 15.5475, 19.4696, 23.396, 27.3223, 31.2444, 35.1708, 39.0928, 43.0192, 46.9456, 50.8676, 54.794, 58.7161, 62.6424, 58.7161, 54.794, 50.8676, 46.9456, 43.0192, 39.0928, 35.1708, 31.2444, 27.3223, 23.396, 19.4696, 15.5475, 11.6212, 7.6991, 3.7727]",C:/Users/Madness/PycharmProjects/Crupto_Data_Joiner/Raw_Data_Spot/BYBIT_DOGEUSDT_SPOT_2021_2026.csv,1000.0,0.0018,0.1,False
0.117627,179.2932,92.5156,21.3386,100.0,179293161784.5617,3028,788.9,54780.0,30,1.3,3.25,3.29,geometric,2.26,64.41,linear_increase,"[3.25, 3.25, 3.25, 3.25, 3.26, 3.26, 3.26, 3.26, 3.26, 3.26, 3.26, 3.27, 3.27, 3.27, 3.27, 3.27, 3.27, 3.27, 3.27, 3.28, 3.28, 3.28, 3.28, 3.28, 3.28, 3.28, 3.29, 3.29, 3.29, 3.29]","[2.2604, 4.4018, 6.547, 8.6884, 10.8335, 12.9749, 15.1164, 17.2615, 19.4029, 21.5481, 23.6895, 25.8346, 27.9761, 30.1175, 32.2626, 34.404, 36.5492, 38.6906, 40.832, 42.9772, 45.1186, 47.2637, 49.4052, 51.5503, 53.6917, 55.8331, 57.9783, 60.1197, 62.2649, 64.4063]",C:/Users/Madness/PycharmProjects/Crupto_Data_Joiner/Raw_Data_Spot/BYBIT_DOGEUSDT_SPOT_2021_2026.csv,1000.0,0.0018,0.1,False
0.110851,172.6507,134.0891,20.1181,100.0,172650676577.5072,2280,1047.6,55390.0,30,1.3,4.44,4.63,linear,3.39,63.28,pyramid,"[4.44, 4.45, 4.45, 4.46, 4.47, 4.47, 4.48, 4.49, 4.49, 4.5, 4.51, 4.51, 4.52, 4.53, 4.53, 4.54, 4.54, 4.55, 4.56, 4.56, 4.57, 4.58, 4.58, 4.59, 4.6, 4.6, 4.61, 4.62, 4.62, 4.63]","[3.3875, 7.3792, 11.3732, 15.3649, 19.3589, 23.3506, 27.3446, 31.3363, 35.3303, 39.322, 43.316, 47.3077, 51.3017, 55.2934, 59.2874, 63.2791, 59.2874, 55.2934, 51.3017, 47.3077, 43.316, 39.322, 35.3303, 31.3363, 27.3446, 23.3506, 19.3589, 15.3649, 11.3732, 7.3792]",C:/Users/Madness/PycharmProjects/Crupto_Data_Joiner/Raw_Data_Spot/BYBIT_DOGEUSDT_SPOT_2021_2026.csv,1000.0,0.0018,0.1,False
0.110191,165.9223,52.6709,16.2853,100.0,165922268540.2977,4521,528.2,54438.0,33,1.15,2.94,3.76,linear,0.91,61.54,pyramid,"[2.94, 2.97, 2.99, 3.02, 3.04, 3.07, 3.09, 3.12, 3.14, 3.17, 3.2, 3.22, 3.25, 3.27, 3.3, 3.32, 3.35, 3.38, 3.4, 3.43, 3.45, 3.48, 3.5, 3.53, 3.55, 3.58, 3.61, 3.63, 3.66, 3.68, 3.71, 3.73, 3.76]","[0.9054, 4.6955, 8.4834, 12.2735, 16.0636, 19.8537, 23.6416, 27.4317, 31.2218, 35.012, 38.7998, 42.59, 46.3801, 50.1702, 53.9603, 57.7482, 61.5383, 57.7482, 53.9603, 50.1702, 46.3801, 42.59, 38.7998, 35.012, 31.2218, 27.4317, 23.6416, 19.8537, 16.0636, 12.2735, 8.4834, 4.6955, 0.9054]",C:/Users/Madness/PycharmProjects/Crupto_Data_Joiner/Raw_Data_Spot/BYBIT_DOGEUSDT_SPOT_2021_2026.csv,1000.0,0.0018,0.1,False
0.107896,169.8698,96.6219,13.219,100.0,169869806242.4188,1137,2100.3,55697.0,33,2.6,4.74,4.85,front_heavy,1.87,60.52,pyramid,"[4.85, 4.85, 4.84, 4.84, 4.84, 4.83, 4.83, 4.83, 4.82, 4.82, 4.82, 4.81, 4.81, 4.81, 4.8, 4.8, 4.8, 4.79, 4.79, 4.78, 4.78, 4.78, 4.77, 4.77, 4.77, 4.76, 4.76, 4.76, 4.75, 4.75, 4.75, 4.74, 4.74]","[1.8656, 5.5319, 9.1965, 12.8628, 16.5291, 20.1936, 23.8599, 27.5262, 31.1925, 34.8571, 38.5234, 42.1897, 45.8542, 49.5205, 53.1868, 56.8514, 60.5177, 56.8514, 53.1868, 49.5205, 45.8542, 42.1897, 38.5234, 34.8571, 31.1925, 27.5262, 23.8599, 20.1936, 16.5291, 12.8628, 9.1965, 5.5319, 1.8656]",C:/Users/Madness/PycharmProjects/Crupto_Data_Joiner/Raw_Data_Spot/BYBIT_DOGEUSDT_SPOT_2021_2026.csv,1000.0,0.0018,0.1,False
0.101598,408.6996,108.8206,11.6526,100.0,408699603012.6056,893,2674.9,89892.0,33,3.5,0.51,6.19,random,3.04,59.27,pyramid,"[5.06, 1.75, 6.05, 2.93, 4.95, 4.34, 3.01, 2.29, 3.86, 3.59, 4.44, 4.3, 3.71, 0.94, 1.02, 2.45, 5.51, 0.71, 1.95, 1.92, 5.66, 2.65, 1.46, 4.03, 0.74, 0.67, 1.67, 4.79, 4.34, 3.39, 5.27, 4.05, 1.84]","[3.041, 6.5555, 10.0699, 13.5844, 17.0973, 20.6117, 24.1262, 27.6406, 31.1551, 34.6695, 38.184, 41.6984, 45.2113, 48.7258, 52.2402, 55.7547, 59.2691, 55.7547, 52.2402, 48.7258, 45.2113, 41.6984, 38.184, 34.6695, 31.1551, 27.6406, 24.1262, 20.6117, 17.0973, 13.5844, 10.0699, 6.5555, 3.041]",C:/Users/Madness/PycharmProjects/Crupto_Data_Joiner/Raw_Data_Spot/BYBIT_DOGEUSDT_SPOT_2021_2026.csv,1000.0,0.0018,0.1,False
0.096818,502.4941,184.8459,22.9456,100.0,502494104190.8349,1291,1850.3,102301.0,32,1.95,1.74,3.29,front_heavy,10.97,67.07,geometric_increase,"[3.29, 3.24, 3.19, 3.14, 3.09, 3.04, 2.99, 2.94, 2.89, 2.84, 2.79, 2.74, 2.69, 2.64, 2.59, 2.54, 2.49, 2.44, 2.39, 2.34, 2.29, 2.24, 2.19, 2.14, 2.09, 2.04, 1.99, 1.94, 1.89, 1.84, 1.79, 1.74]","[10.9742, 11.6346, 12.334, 13.0746, 13.8611, 14.6957, 15.5785, 16.5164, 17.5092, 18.5617, 19.6784, 20.8616, 22.1158, 23.4458, 24.8559, 26.351, 27.9354, 29.6139, 31.3955, 33.2827, 35.2844, 37.4077, 39.6572, 42.0419, 44.5687, 47.2492, 50.0902, 53.1032, 56.295, 59.6818, 63.2703, 67.0744]",C:/Users/Madness/PycharmProjects/Crupto_Data_Joiner/Raw_Data_Spot/BYBIT_DOGEUSDT_SPOT_2021_2026.csv,1000.0,0.0018,0.1,False
0.086297,1104.5999,364.2417,11.1988,100.0,1104599894380.143,479,4984.5,161477.0,32,5.0,2.22,2.42,back_heavy,6.8,55.7,linear_increase,"[2.22, 2.22, 2.22, 2.22, 2.22, 2.23, 2.23, 2.23, 2.23, 2.24, 2.24, 2.25, 2.25, 2.26, 2.26, 2.27, 2.27, 2.28, 2.29, 2.3, 2.3, 2.31, 2.32, 2.33, 2.34, 2.35, 2.36, 2.37, 2.38, 2.4, 2.41, 2.42]","[6.8049, 8.382, 9.9591, 11.5362, 13.1133, 14.6904, 16.2675, 17.8446, 19.4217, 20.9988, 22.5759, 24.153, 25.7301, 27.3072, 28.8843, 30.4614, 32.0386, 33.6157, 35.1928, 36.7699, 38.347, 39.9241, 41.5012, 43.0783, 44.6554, 46.2325, 47.8096, 49.3867, 50.9638, 52.5409, 54.118, 55.6951]",C:/Users/Madness/PycharmProjects/Crupto_Data_Joiner/Raw_Data_Spot/BYBIT_DOGEUSDT_SPOT_2021_2026.csv,1000.0,0.0018,0.1,False
0.084419,127.0382,486.5152,54.0045,100.0,127038174103.3849,23450,101.9,54421.0,32,0.25,0.99,1.56,linear,4.43,99.5,geometric_increase,"[0.99, 1.01, 1.03, 1.05, 1.06, 1.08, 1.1, 1.12, 1.14, 1.16, 1.17, 1.19, 1.21, 1.23, 1.25, 1.27, 1.28, 1.3, 1.32, 1.34, 1.36, 1.38, 1.39, 1.41, 1.43, 1.45, 1.47, 1.49, 1.5, 1.52, 1.54, 1.56]","[4.4326, 4.9001, 5.4181, 5.9896, 6.6222, 7.322, 8.0936, 8.9492, 9.8935, 10.9371, 12.0922, 13.3696, 14.7799, 16.3399, 18.065, 19.9734, 22.082, 24.4121, 26.9898, 29.8394, 32.9885, 36.4723, 40.3212, 44.5781, 49.2842, 54.4884, 60.2396, 66.5989, 73.6306, 81.4033, 89.9965, 99.4973]",C:/Users/Madness/PycharmProjects/Crupto_Data_Joiner/Raw_Data_Spot/BYBIT_DOGEUSDT_SPOT_2021_2026.csv,1000.0,0.0018,0.1,False
0.082601,1069.453,296.9147,7.5439,100.0,1069452996136.4489,256,9328.1,162412.0,29,9.5,2.62,2.92,random,1.1,67.87,linear_increase,"[2.66, 2.71, 2.81, 2.76, 2.77, 2.71, 2.66, 2.7, 2.68, 2.72, 2.84, 2.75, 2.74, 2.64, 2.85, 2.66, 2.75, 2.75, 2.81, 2.8, 2.86, 2.64, 2.68, 2.83, 2.87, 2.81, 2.69, 2.92, 2.69]","[1.0969, 3.4813, 5.8657, 8.2501, 10.6366, 13.021, 15.4054, 17.7898, 20.1742, 22.5586, 24.9431, 27.3295, 29.7139, 32.0983, 34.4828, 36.8672, 39.2516, 41.636, 44.0225, 46.4069, 48.7913, 51.1757, 53.5601, 55.9445, 58.3289, 60.7154, 63.0998, 65.4842, 67.8686]",C:/Users/Madness/PycharmProjects/Crupto_Data_Joiner/Raw_Data_Spot/BYBIT_DOGEUSDT_SPOT_2021_2026.csv,1000.0,0.0018,0.1,False
0.078436,123.3374,92.246,15.0869,100.0,123337429590.5036,1700,1404.4,55662.0,32,1.9,4.5,7.5,linear,1.36,61.14,pyramid,"[4.5, 4.6, 4.69, 4.79, 4.89, 4.98, 5.08, 5.18, 5.27, 5.37, 5.47, 5.56, 5.66, 5.76, 5.85, 5.95, 6.05, 6.15, 6.24, 6.34, 6.44, 6.53, 6.63, 6.73, 6.82, 6.92, 7.02, 7.11, 7.21, 7.31, 7.4, 7.5]","[1.3623, 5.0985, 8.834, 12.5703, 16.3058, 20.042, 23.7783, 27.5138, 31.25, 34.9863, 38.7218, 42.4581, 46.1936, 49.9298, 53.6661, 57.4016, 61.1378, 57.4016, 53.6661, 49.9298, 46.1936, 42.4581, 38.7218, 34.9863, 31.25, 27.5138, 23.7783, 20.042, 16.3058, 12.5703, 8.834, 5.0985]",C:/Users/Madness/PycharmProjects/Crupto_Data_Joiner/Raw_Data_Spot/BYBIT_DOGEUSDT_SPOT_2021_2026.csv,1000.0,0.0018,0.1,False
0.07727,403.1535,152.4138,15.6691,100.0,403153479156.4972,934,2557.5,102574.0,31,2.8,4.19,6.95,back_heavy,6.01,60.25,pyramid,"[4.19, 4.19, 4.2, 4.22, 4.24, 4.27, 4.3, 4.34, 4.39, 4.44, 4.5, 4.56, 4.63, 4.71, 4.79, 4.88, 4.98, 5.08, 5.18, 5.3, 5.42, 5.54, 5.67, 5.81, 5.96, 6.11, 6.26, 6.43, 6.59, 6.77, 6.95]","[6.0146, 9.6316, 13.2449, 16.8619, 20.4789, 24.0922, 27.7092, 31.3262, 34.9395, 38.5565, 42.1735, 45.7868, 49.4038, 53.0208, 56.6341, 60.2511, 56.6341, 53.0208, 49.4038, 45.7868, 42.1735, 38.5565, 34.9395, 31.3262, 27.7092, 24.0922, 20.4789, 16.8619, 13.2449, 9.6316, 6.0146]",C:/Users/Madness/PycharmProjects/Crupto_Data_Joiner/Raw_Data_Spot/BYBIT_DOGEUSDT_SPOT_2021_2026.csv,1000.0,0.0018,0.1,False
0.074102,307.9317,71.3697,11.9689,100.0,307931679158.9132,725,3282.0,91387.0,34,4.0,1.86,4.74,front_heavy,2.73,56.09,pyramid,"[4.74, 4.65, 4.57, 4.48, 4.39, 4.3, 4.22, 4.13, 4.04, 3.95, 3.87, 3.78, 3.69, 3.61, 3.52, 3.43, 3.34, 3.26, 3.17, 3.08, 2.99, 2.91, 2.82, 2.73, 2.65, 2.56, 2.47, 2.38, 2.3, 2.21, 2.12, 2.03, 1.95, 1.86]","[2.7338, 5.8731, 9.0109, 12.1502, 15.2879, 18.4273, 21.565, 24.7043, 27.8421, 30.9814, 34.1192, 37.2585, 40.3963, 43.5356, 46.6733, 49.8127, 52.9504, 56.0897, 52.9504, 49.8127, 46.6733, 43.5356, 40.3963, 37.2585, 34.1192, 30.9814, 27.8421, 24.7043, 21.565, 18.4273, 15.2879, 12.1502, 9.0109, 5.8731]",C:/Users/Madness/PycharmProjects/Crupto_Data_Joiner/Raw_Data_Spot/BYBIT_DOGEUSDT_SPOT_2021_2026.csv,1000.0,0.0018,0.1,False
0.073175,2567.2132,587.8242,34.0219,100.0,2567213247843.498,4004,574.5,268280.0,32,1.45,0.51,7.23,geometric,4.3,58.2,pyramid,"[0.51, 0.56, 0.61, 0.66, 0.72, 0.78, 0.85, 0.93, 1.01, 1.1, 1.2, 1.31, 1.42, 1.55, 1.69, 1.84, 2.0, 2.18, 2.38, 2.59, 2.82, 3.07, 3.35, 3.65, 3.97, 4.33, 4.71, 5.14, 5.59, 6.09, 6.64, 7.23]","[4.2989, 7.6676, 11.0363, 14.406, 17.7747, 21.1434, 24.5121, 27.8808, 31.2495, 34.6193, 37.988, 41.3567, 44.7254, 48.0941, 51.4638, 54.8325, 58.2012, 54.8325, 51.4638, 48.0941, 44.7254, 41.3567, 37.988, 34.6193, 31.2495, 27.8808, 24.5121, 21.1434, 17.7747, 14.406, 11.0363, 7.6676]",C:/Users/Madness/PycharmProjects/Crupto_Data_Joiner/Raw_Data_Spot/BYBIT_DOGEUSDT_SPOT_2021_2026.csv,1000.0,0.0018,0.1,False
0.072859,2556.2356,651.2496,21.3555,100.0,2556235566500.171,3340,647.3,268286.0,31,1.9,0.92,1.04,back_heavy,2.0,64.54,pyramid,"[0.92, 0.92, 0.92, 0.92, 0.92, 0.92, 0.92, 0.93, 0.93, 0.93, 0.93, 0.94, 0.94, 0.94, 0.95, 0.95, 0.95, 0.96, 0.96, 0.97, 0.97, 0.98, 0.98, 0.99, 1.0, 1.0, 1.01, 1.02, 1.02, 1.03, 1.04]","[1.9956, 6.1651, 10.3346, 14.5041, 18.6736, 22.8431, 27.0126, 31.1821, 35.3516, 39.5211, 43.6906, 47.8601, 52.0296, 56.1991, 60.3686, 64.5381, 60.3686, 56.1991, 52.0296, 47.8601, 43.6906, 39.5211, 35.3516, 31.1821, 27.0126, 22.8431, 18.6736, 14.5041, 10.3346, 6.1651, 1.9956]",C:/Users/Madness/PycharmProjects/Crupto_Data_Joiner/Raw_Data_Spot/BYBIT_DOGEUSDT_SPOT_2021_2026.csv,1000.0,0.0018,0.1,False
0.072309,923.9159,313.1372,12.5121,100.0,923915932598.5148,539,4430.4,161333.0,34,4.5,2.26,2.42,front_heavy,7.6,51.22,linear_increase,"[2.42, 2.42, 2.41, 2.41, 2.4, 2.4, 2.39, 2.39, 2.38, 2.38, 2.37, 2.37, 2.36, 2.36, 2.35, 2.35, 2.34, 2.34, 2.33, 2.33, 2.32, 2.32, 2.31, 2.31, 2.3, 2.3, 2.29, 2.29, 2.28, 2.28, 2.27, 2.27, 2.26, 2.26]","[7.6009, 8.9218, 10.245, 11.5659, 12.8891, 14.21, 15.5332, 16.8541, 18.1749, 19.4982, 20.819, 22.1423, 23.4631, 24.7864, 26.1072, 27.4281, 28.7513, 30.0722, 31.3954, 32.7163, 34.0372, 35.3604, 36.6813, 38.0045, 39.3254, 40.6486, 41.9695, 43.2903, 44.6136, 45.9344, 47.2577, 48.5785, 49.9018, 51.2226]",C:/Users/Madness/PycharmProjects/Crupto_Data_Joiner/Raw_Data_Spot/BYBIT_DOGEUSDT_SPOT_2021_2026.csv,1000.0,0.0018,0.1,False
0.070304,901.6491,336.9725,28.8694,100.0,901649107094.5494,1090,2190.8,161637.0,35,1.7,0.96,3.58,front_heavy,8.56,47.33,random,"[3.58, 3.5, 3.43, 3.35, 3.27, 3.19, 3.12, 3.04, 2.96, 2.89, 2.81, 2.73, 2.66, 2.58, 2.5, 2.42, 2.35, 2.27, 2.19, 2.12, 2.04, 1.96, 1.88, 1.81, 1.73, 1.65, 1.58, 1.5, 1.42, 1.35, 1.27, 1.19, 1.11, 1.04, 0.96]","[34.7056, 13.2921, 43.0848, 8.5607, 45.0431, 8.9473, 35.9615, 47.328, 43.8453, 41.2809, 29.9162, 11.1251, 23.0651, 28.9144, 27.2556, 18.9054, 36.6094, 36.2265, 10.0779, 13.263, 37.2065, 21.4735, 27.0886, 29.849, 46.0703, 10.0834, 32.3771, 37.7637, 14.6278, 21.4916, 43.5748, 36.3099, 39.3027, 22.1486, 23.2248]",C:/Users/Madness/PycharmProjects/Crupto_Data_Joiner/Raw_Data_Spot/BYBIT_DOGEUSDT_SPOT_2021_2026.csv,1000.0,0.0018,0.1,False
0.070115,366.0806,121.4269,16.5457,100.0,366080596610.0252,751,3180.7,102611.0,32,3.0,4.25,4.81,front_heavy,7.45,55.05,pyramid,"[4.81, 4.79, 4.77, 4.76, 4.74, 4.72, 4.7, 4.68, 4.67, 4.65, 4.63, 4.61, 4.59, 4.58, 4.56, 4.54, 4.52, 4.5, 4.48, 4.47, 4.45, 4.43, 4.41, 4.39, 4.38, 4.36, 4.34, 4.32, 4.3, 4.29, 4.27, 4.25]","[7.4516, 10.4261, 13.4014, 16.3759, 19.3504, 22.3257, 25.3002, 28.2756, 31.2501, 34.2245, 37.1999, 40.1744, 43.1489, 46.1242, 49.0987, 52.074, 55.0485, 52.074, 49.0987, 46.1242, 43.1489, 40.1744, 37.1999, 34.2245, 31.2501, 28.2756, 25.3002, 22.3257, 19.3504, 16.3759, 13.4014, 10.4261]",C:/Users/Madness/PycharmProjects/Crupto_Data_Joiner/Raw_Data_Spot/BYBIT_DOGEUSDT_SPOT_2021_2026.csv,1000.0,0.0018,0.1,False
0.069933,2453.5827,638.0992,29.7927,100.0,2453582727025.3745,2493,922.7,268286.0,30,1.5,0.37,1.42,random,18.12,48.54,linear_increase,"[0.6, 1.08, 1.08, 1.27, 1.06, 0.76, 0.76, 0.84, 1.28, 1.1, 0.98, 0.97, 0.62, 0.99, 1.41, 0.99, 1.26, 1.25, 0.75, 1.4, 0.4, 0.42, 1.34, 0.96, 1.13, 0.99, 1.2, 1.24, 0.87, 0.5]","[18.122, 19.169, 20.222, 21.269, 22.316, 23.3689, 24.4159, 25.4629, 26.5159, 27.5629, 28.6099, 29.6629, 30.7099, 31.7569, 32.8098, 33.8568, 34.9098, 35.9568, 37.0038, 38.0568, 39.1038, 40.1508, 41.2037, 42.2507, 43.2977, 44.3507, 45.3977, 46.4447, 47.4977, 48.5447]",C:/Users/Madness/PycharmProjects/Crupto_Data_Joiner/Raw_Data_Spot/BYBIT_DOGEUSDT_SPOT_2021_2026.csv,1000.0,0.0018,0.1,False
0.068681,880.8242,443.5894,23.2148,100.0,880824166852.3407,1945,1227.8,161636.0,30,1.7,1.73,2.76,random,11.96,54.7,linear_increase,"[2.42, 2.14, 2.05, 2.15, 2.24, 1.77, 2.07, 1.77, 2.3, 2.0, 2.47, 2.36, 2.5, 2.57, 2.65, 2.72, 1.87, 1.89, 2.01, 2.27, 2.62, 1.94, 2.36, 2.46, 1.93, 2.61, 2.64, 1.75, 1.8, 2.25]","[11.9631, 13.4366, 14.9101, 16.3836, 17.8571, 19.3336, 20.8071, 22.2806, 23.7541, 25.2276, 26.7011, 28.1746, 29.6481, 31.1216, 32.5951, 34.0715, 35.5451, 37.0186, 38.4921, 39.9656, 41.4391, 42.9126, 44.3861, 45.8596, 47.3331, 48.8095, 50.283, 51.7565, 53.23, 54.7035]",C:/Users/Madness/PycharmProjects/Crupto_Data_Joiner/Raw_Data_Spot/BYBIT_DOGEUSDT_SPOT_2021_2026.csv,1000.0,0.0018,0.1,False
0.068675,877.5058,248.507,29.5677,100.0,877505753926.3237,1741,1371.9,161335.0,32,1.85,0.19,9.18,back_heavy,1.95,127.91,geometric_increase,"[0.19, 0.2, 0.23, 0.27, 0.34, 0.42, 0.53, 0.65, 0.79, 0.95, 1.13, 1.32, 1.54, 1.77, 2.02, 2.29, 2.58, 2.89, 3.22, 3.57, 3.93, 4.32, 4.72, 5.14, 5.58, 6.04, 6.51, 7.01, 7.52, 8.06, 8.61, 9.18]","[1.9529, 2.2349, 2.5571, 2.9274, 3.3494, 3.8328, 4.3872, 5.0203, 5.7454, 6.576, 7.5256, 8.6133, 9.8564, 11.2798, 12.9085, 14.7731, 16.9082, 19.3483, 22.1433, 25.3412, 29.0014, 33.191, 37.9849, 43.4694, 49.7481, 56.9342, 65.1562, 74.5656, 85.3351, 97.6604, 111.7659, 127.9068]",C:/Users/Madness/PycharmProjects/Crupto_Data_Joiner/Raw_Data_Spot/BYBIT_DOGEUSDT_SPOT_2021_2026.csv,1000.0,0.0018,0.1,False
0.067856,177.2446,56.0457,12.8388,100.0,177244646329.8177,1188,2006.4,72156.0,29,2.8,3.97,9.96,back_heavy,1.36,67.6,linear_increase,"[3.97, 3.98, 4.0, 4.04, 4.09, 4.16, 4.25, 4.34, 4.46, 4.59, 4.73, 4.89, 5.07, 5.26, 5.47, 5.69, 5.93, 6.18, 6.45, 6.73, 7.03, 7.34, 7.67, 8.01, 8.37, 8.75, 9.13, 9.54, 9.96]","[1.3636, 3.7292, 6.0947, 8.4603, 10.8258, 13.1914, 15.5569, 17.9225, 20.288, 22.6536, 25.0192, 27.3847, 29.7503, 32.1158, 34.4841, 36.8496, 39.2152, 41.5807, 43.9463, 46.3118, 48.6774, 51.0429, 53.4085, 55.774, 58.1396, 60.5052, 62.8707, 65.2363, 67.6018]",C:/Users/Madness/PycharmProjects/Crupto_Data_Joiner/Raw_Data_Spot/BYBIT_DOGEUSDT_SPOT_2021_2026.csv,1000.0,0.0018,0.1,False
0.067469,867.2306,319.6438,8.7402,100.0,867230648739.9318,421,5661.4,161819.0,28,6.0,3.35,4.88,back_heavy,2.85,68.58,pyramid,"[3.35, 3.35, 3.36, 3.37, 3.38, 3.4, 3.43, 3.45, 3.48, 3.52, 3.56, 3.6, 3.65, 3.7, 3.76, 3.82, 3.89, 3.96, 4.03, 4.11, 4.19, 4.28, 4.37, 4.46, 4.56, 4.66, 4.77, 4.88]","[2.8479, 7.5431, 12.2383, 16.9335, 21.6287, 26.3239, 31.0191, 35.7143, 40.4095, 45.1047, 49.7999, 54.4951, 59.1902, 63.8854, 68.5806, 63.8854, 59.1902, 54.4951, 49.7999, 45.1047, 40.4095, 35.7143, 31.0191, 26.3239, 21.6287, 16.9335, 12.2383, 7.5431]",C:/Users/Madness/PycharmProjects/Crupto_Data_Joiner/Raw_Data_Spot/BYBIT_DOGEUSDT_SPOT_2021_2026.csv,1000.0,0.0018,0.1,False
0.065794,1416.4785,333.9996,8.1445,100.0,1416478537641.9763,174,12559.7,209847.0,31,10.0,1.78,2.7,front_heavy,9.45,75.92,geometric_increase,"[2.7, 2.67, 2.64, 2.61, 2.58, 2.55, 2.52, 2.49, 2.45, 2.42, 2.39, 2.36, 2.33, 2.3, 2.27, 2.24, 2.21, 2.18, 2.15, 2.12, 2.09, 2.06, 2.03, 1.99, 1.96, 1.93, 1.9, 1.87, 1.84, 1.81, 1.78]","[9.4464, 10.1269, 10.8556, 11.6352, 12.4711, 13.3686, 14.3304, 15.3618, 16.4683, 17.6524, 18.9223, 20.2833, 21.7434, 23.308, 24.9824, 26.78, 28.7063, 30.7719, 32.9875, 35.3584, 37.9036, 40.6309, 43.5537, 46.6856, 50.0451, 53.6458, 57.5037, 61.6402, 66.0767, 70.8294, 75.925]",C:/Users/Madness/PycharmProjects/Crupto_Data_Joiner/Raw_Data_Spot/BYBIT_DOGEUSDT_SPOT_2021_2026.csv,1000.0,0.0018,0.1,False
0.065282,837.2083,385.4086,7.8547,100.0,837208316748.4087,481,4966.1,161633.0,29,6.5,1.85,3.87,front_heavy,1.5,69.82,pyramid,"[3.87, 3.8, 3.73, 3.65, 3.58, 3.51, 3.44, 3.36, 3.29, 3.22, 3.15, 3.08, 3.0, 2.93, 2.86, 2.79, 2.72, 2.64, 2.57, 2.5, 2.43, 2.36, 2.28, 2.21, 2.14, 2.07, 1.99, 1.92, 1.85]","[1.503, 6.3832, 11.2615, 16.1417, 21.0219, 25.9021, 30.7804, 35.6606, 40.5408, 45.4191, 50.2993, 55.1795, 60.0598, 64.938, 69.8182, 64.938, 60.0598, 55.1795, 50.2993, 45.4191, 40.5408, 35.6606, 30.7804, 25.9021, 21.0219, 16.1417, 11.2615, 6.3832, 1.503]",C:/Users/Madness/PycharmProjects/Crupto_Data_Joiner/Raw_Data_Spot/BYBIT_DOGEUSDT_SPOT_2021_2026.csv,1000.0,0.0018,0.1,False
0.06475,2271.7251,621.212,37.9685,100.0,2271725079500.5283,3881,592.7,268284.0,30,1.15,0.96,2.9,back_heavy,17.74,48.92,pyramid,"[0.96, 0.96, 0.97, 0.98, 1.0, 1.02, 1.04, 1.07, 1.11, 1.15, 1.19, 1.24, 1.29, 1.35, 1.41, 1.48, 1.55, 1.63, 1.71, 1.79, 1.88, 1.98, 2.08, 2.18, 2.29, 2.4, 2.52, 2.64, 2.77, 2.9]","[17.7421, 19.8202, 21.8983, 23.9801, 26.0582, 28.1363, 30.2143, 32.2924, 34.3742, 36.4523, 38.5304, 40.6085, 42.6866, 44.7684, 46.8464, 48.9245, 46.8464, 44.7684, 42.6866, 40.6085, 38.5304, 36.4523, 34.3742, 32.2924, 30.2143, 28.1363, 26.0582, 23.9801, 21.8983, 19.8202]",C:/Users/Madness/PycharmProjects/Crupto_Data_Joiner/Raw_Data_Spot/BYBIT_DOGEUSDT_SPOT_2021_2026.csv,1000.0,0.0018,0.1,False
0.063599,812.8595,317.7489,27.1835,100.0,812859455590.0563,984,2426.8,161356.0,30,1.75,0.92,4.4,front_heavy,33.33,33.33,flat,"[4.4, 4.28, 4.16, 4.04, 3.92, 3.8, 3.68, 3.56, 3.44, 3.32, 3.2, 3.08, 2.96, 2.84, 2.72, 2.6, 2.48, 2.36, 2.24, 2.12, 2.0, 1.88, 1.76, 1.64, 1.52, 1.4, 1.28, 1.16, 1.04, 0.92]","[33.3333, 33.3333, 33.3333, 33.3333, 33.3333, 33.3333, 33.3333, 33.3333, 33.3333, 33.3333, 33.3333, 33.3333, 33.3333, 33.3333, 33.3333, 33.3333, 33.3333, 33.3333, 33.3333, 33.3333, 33.3333, 33.3333, 33.3333, 33.3333, 33.3333, 33.3333, 33.3333, 33.3333, 33.3333, 33.3333]",C:/Users/Madness/PycharmProjects/Crupto_Data_Joiner/Raw_Data_Spot/BYBIT_DOGEUSDT_SPOT_2021_2026.csv,1000.0,0.0018,0.1,False
0.0605,780.8304,187.5428,9.481,100.0,780830403960.9192,226,10378.2,162153.0,29,8.5,4.36,5.44,random,7.65,63.24,pyramid,"[5.01, 4.77, 4.62, 4.94, 4.64, 4.9, 4.39, 4.89, 4.9, 4.64, 5.31, 5.1, 4.68, 5.12, 4.41, 5.01, 4.61, 4.73, 4.78, 4.39, 4.78, 5.12, 5.16, 4.88, 4.96, 5.09, 4.83, 4.79, 5.04]","[7.6454, 11.6163, 15.5871, 19.5579, 23.5287, 27.4996, 31.4704, 35.4412, 39.4121, 43.3829, 47.3537, 51.3246, 55.2954, 59.2662, 63.237, 59.2662, 55.2954, 51.3246, 47.3537, 43.3829, 39.4121, 35.4412, 31.4704, 27.4996, 23.5287, 19.5579, 15.5871, 11.6163, 7.6454]",C:/Users/Madness/PycharmProjects/Crupto_Data_Joiner/Raw_Data_Spot/BYBIT_DOGEUSDT_SPOT_2021_2026.csv,1000.0,0.0018,0.1,False
0.060268,93.951,22.9003,20.2375,100.0,93951011830.0062,2825,845.5,55415.0,31,1.15,4.78,9.27,back_heavy,1.57,64.99,pyramid,"[4.78, 4.78, 4.8, 4.82, 4.86, 4.9, 4.96, 5.02, 5.1, 5.18, 5.28, 5.38, 5.5, 5.62, 5.76, 5.9, 6.06, 6.22, 6.4, 6.58, 6.78, 6.98, 7.19, 7.42, 7.65, 7.9, 8.15, 8.42, 8.69, 8.98, 9.27]","[1.574, 5.8018, 10.0289, 14.2567, 18.4846, 22.7116, 26.9395, 31.1673, 35.3944, 39.6222, 43.8501, 48.0771, 52.305, 56.5328, 60.7599, 64.9877, 60.7599, 56.5328, 52.305, 48.0771, 43.8501, 39.6222, 35.3944, 31.1673, 26.9395, 22.7116, 18.4846, 14.2567, 10.0289, 5.8018, 1.574]",C:/Users/Madness/PycharmProjects/Crupto_Data_Joiner/Raw_Data_Spot/BYBIT_DOGEUSDT_SPOT_2021_2026.csv,1000.0,0.0018,0.1,False
0.05971,2094.797,582.96,26.6625,100.0,2094797038967.139,1868,1278.7,268278.0,31,1.85,1.06,2.8,back_heavy,15.77,48.75,linear_increase,"[1.06, 1.06, 1.07, 1.08, 1.09, 1.11, 1.13, 1.15, 1.18, 1.22, 1.25, 1.29, 1.34, 1.39, 1.44, 1.5, 1.55, 1.62, 1.69, 1.76, 1.83, 1.91, 2.0, 2.08, 2.17, 2.27, 2.37, 2.47, 2.58, 2.69, 2.8]","[15.7681, 16.8651, 17.9679, 19.0649, 20.1677, 21.2647, 22.3618, 23.4645, 24.5616, 25.6643, 26.7614, 27.8585, 28.9612, 30.0583, 31.161, 32.2581, 33.3551, 34.4579, 35.5549, 36.6577, 37.7547, 38.8518, 39.9545, 41.0516, 42.1543, 43.2514, 44.3484, 45.4512, 46.5482, 47.651, 48.748]",C:/Users/Madness/PycharmProjects/Crupto_Data_Joiner/Raw_Data_Spot/BYBIT_DOGEUSDT_SPOT_2021_2026.csv,1000.0,0.0018,0.1,False
0.05938,758.4673,216.3281,15.8802,100.0,758467319043.5907,484,4730.8,161306.0,28,4.0,0.13,9.02,random,11.26,60.17,pyramid,"[4.31, 0.49, 2.38, 4.61, 5.83, 5.67, 6.59, 5.7, 4.18, 8.46, 7.34, 0.16, 1.41, 5.49, 6.12, 8.19, 5.73, 2.02, 5.62, 2.49, 8.6, 4.05, 0.86, 3.18, 3.83, 1.65, 5.36, 3.2]","[11.2581, 14.7519, 18.2456, 21.7393, 25.2331, 28.7268, 32.2205, 35.7143, 39.208, 42.7018, 46.1955, 49.6892, 53.183, 56.6767, 60.1705, 56.6767, 53.183, 49.6892, 46.1955, 42.7018, 39.208, 35.7143, 32.2205, 28.7268, 25.2331, 21.7393, 18.2456, 14.7519]",C:/Users/Madness/PycharmProjects/Crupto_Data_Joiner/Raw_Data_Spot/BYBIT_DOGEUSDT_SPOT_2021_2026.csv,1000.0,0.0018,0.1,False
0.058646,294.6508,108.9039,24.7981,100.0,294650825637.26,2410,990.9,100630.0,35,1.35,1.52,3.2,front_heavy,5.39,51.76,linear_increase,"[3.2, 3.15, 3.1, 3.05, 3.0, 2.95, 2.9, 2.85, 2.8, 2.76, 2.71, 2.66, 2.61, 2.56, 2.51, 2.46, 2.41, 2.36, 2.31, 2.26, 2.21, 2.16, 2.11, 2.06, 2.01, 1.96, 1.92, 1.87, 1.82, 1.77, 1.72, 1.67, 1.62, 1.57, 1.52]","[5.3861, 6.7501, 8.114, 9.4779, 10.8418, 12.2058, 13.5697, 14.9336, 16.2975, 17.66, 19.0239, 20.3879, 21.7518, 23.1157, 24.4796, 25.8436, 27.2075, 28.5714, 29.9354, 31.2993, 32.6632, 34.0271, 35.3911, 36.755, 38.1189, 39.4828, 40.8453, 42.2092, 43.5732, 44.9371, 46.301, 47.6649, 49.0289, 50.3928, 51.7567]",C:/Users/Madness/PycharmProjects/Crupto_Data_Joiner/Raw_Data_Spot/BYBIT_DOGEUSDT_SPOT_2021_2026.csv,1000.0,0.0018,0.1,False
0.058223,2035.9246,440.1161,14.0442,100.0,2035924645809.3313,309,7590.9,267834.0,29,6.0,2.34,2.55,linear,21.92,47.05,linear_increase,"[2.34, 2.35, 2.36, 2.36, 2.37, 2.38, 2.38, 2.39, 2.4, 2.41, 2.42, 2.42, 2.43, 2.44, 2.44, 2.45, 2.46, 2.47, 2.47, 2.48, 2.49, 2.5, 2.5, 2.51, 2.52, 2.53, 2.53, 2.54, 2.55]","[21.9184, 22.8149, 23.7115, 24.6131, 25.5096, 26.4062, 27.3028, 28.1993, 29.0959, 29.9975, 30.8941, 31.7906, 32.6872, 33.5838, 34.4803, 35.3819, 36.2785, 37.1751, 38.0716, 38.9682, 39.8698, 40.7663, 41.6629, 42.5595, 43.456, 44.3526, 45.2542, 46.1508, 47.0473]",C:/Users/Madness/PycharmProjects/Crupto_Data_Joiner/Raw_Data_Spot/BYBIT_DOGEUSDT_SPOT_2021_2026.csv,1000.0,0.0018,0.1,False
0.058027,36.9571,13.2273,17.4744,100.0,36957074977.5661,2880,829.4,34901.0,29,1.1,5.1,5.49,geometric,0.61,68.36,linear_increase,"[5.1, 5.11, 5.13, 5.14, 5.15, 5.17, 5.18, 5.19, 5.21, 5.22, 5.24, 5.25, 5.26, 5.28, 5.29, 5.31, 5.32, 5.33, 5.35, 5.36, 5.38, 5.39, 5.4, 5.42, 5.43, 5.45, 5.46, 5.48, 5.49]","[0.6109, 3.0298, 5.4487, 7.8697, 10.2886, 12.7076, 15.1265, 17.5475, 19.9664, 22.3853, 24.8042, 27.2252, 29.6441, 32.0631, 34.482, 36.903, 39.3219, 41.7408, 44.1597, 46.5807, 48.9996, 51.4185, 53.8375, 56.2584, 58.6774, 61.0963, 63.5152, 65.9362, 68.3551]",C:/Users/Madness/PycharmProjects/Crupto_Data_Joiner/Raw_Data_Spot/BYBIT_DOGEUSDT_SPOT_2021_2026.csv,1000.0,0.0018,0.1,False
0.057029,1994.4768,479.8591,12.8382,100.0,1994476794080.5857,369,6471.5,267856.0,29,6.0,1.28,2.94,linear,9.04,85.41,geometric_increase,"[1.28, 1.34, 1.4, 1.46, 1.52, 1.58, 1.64, 1.7, 1.75, 1.81, 1.87, 1.93, 1.99, 2.05, 2.11, 2.17, 2.23, 2.29, 2.35, 2.41, 2.47, 2.52, 2.58, 2.64, 2.7, 2.76, 2.82, 2.88, 2.94]","[9.0434, 9.798, 10.6167, 11.5033, 12.4654, 13.5029, 14.631, 15.8534, 17.1776, 18.6113, 20.1657, 21.8484, 23.6744, 25.6514, 27.7906, 30.1108, 32.6273, 35.3513, 38.3016, 41.501, 44.9644, 48.7221, 52.7892, 57.1959, 61.9723, 67.1448, 72.7512, 78.8254, 85.409]",C:/Users/Madness/PycharmProjects/Crupto_Data_Joiner/Raw_Data_Spot/BYBIT_DOGEUSDT_SPOT_2021_2026.csv,1000.0,0.0018,0.1,False
0.054304,81.7694,105.1821,38.5947,100.0,81769384783.1634,20360,117.5,54438.0,31,0.35,1.5,4.23,geometric,0.95,63.56,linear_increase,"[1.5, 1.55, 1.61, 1.66, 1.72, 1.78, 1.85, 1.91, 1.98, 2.05, 2.12, 2.19, 2.27, 2.35, 2.43, 2.52, 2.61, 2.7, 2.79, 2.89, 2.99, 3.1, 3.21, 3.32, 3.44, 3.56, 3.68, 3.81, 3.95, 4.09, 4.23]","[0.9536, 3.0407, 5.1278, 7.214, 9.3012, 11.3883, 13.4754, 15.5625, 17.6497, 19.7359, 21.823, 23.9101, 25.9972, 28.0844, 30.1715, 32.2577, 34.3448, 36.4319, 38.519, 40.6062, 42.6933, 44.7795, 46.8666, 48.9537, 51.0409, 53.128, 55.2151, 57.3013, 59.3884, 61.4756, 63.5627]",C:/Users/Madness/PycharmProjects/Crupto_Data_Joiner/Raw_Data_Spot/BYBIT_DOGEUSDT_SPOT_2021_2026.csv,1000.0,0.0018,0.1,False
0.054186,129.7069,46.1778,26.0641,100.0,129706864000.5779,2640,904.7,69013.0,30,1.0,3.49,5.12,front_heavy,3.68,62.98,pyramid,"[5.12, 5.06, 5.01, 4.95, 4.9, 4.84, 4.78, 4.73, 4.67, 4.61, 4.56, 4.5, 4.45, 4.39, 4.33, 4.28, 4.22, 4.16, 4.11, 4.05, 4.0, 3.94, 3.88, 3.83, 3.77, 3.71, 3.66, 3.6, 3.55, 3.49]","[3.6831, 7.6367, 11.5902, 15.5438, 19.4974, 23.4509, 27.4045, 31.3581, 35.3086, 39.2622, 43.2157, 47.1693, 51.1229, 55.0764, 59.03, 62.9836, 59.03, 55.0764, 51.1229, 47.1693, 43.2157, 39.2622, 35.3086, 31.3581, 27.4045, 23.4509, 19.4974, 15.5438, 11.5902, 7.6367]",C:/Users/Madness/PycharmProjects/Crupto_Data_Joiner/Raw_Data_Spot/BYBIT_DOGEUSDT_SPOT_2021_2026.csv,1000.0,0.0018,0.1,False
0.053408,1874.9769,545.1039,13.9038,100.0,1874976941499.9744,581,4109.3,268370.0,30,4.0,1.37,2.29,front_heavy,17.3,49.37,pyramid,"[2.29, 2.26, 2.23, 2.19, 2.16, 2.13, 2.1, 2.07, 2.04, 2.0, 1.97, 1.94, 1.91, 1.88, 1.85, 1.81, 1.78, 1.75, 1.72, 1.69, 1.66, 1.62, 1.59, 1.56, 1.53, 1.5, 1.47, 1.43, 1.4, 1.37]","[17.297, 19.4338, 21.5741, 23.7108, 25.8511, 27.9879, 30.1246, 32.265, 34.4017, 36.542, 38.6788, 40.8155, 42.9558, 45.0926, 47.2329, 49.3697, 47.2329, 45.0926, 42.9558, 40.8155, 38.6788, 36.542, 34.4017, 32.265, 30.1246, 27.9879, 25.8511, 23.7108, 21.5741, 19.4338]",C:/Users/Madness/PycharmProjects/Crupto_Data_Joiner/Raw_Data_Spot/BYBIT_DOGEUSDT_SPOT_2021_2026.csv,1000.0,0.0018,0.1,False
0.053261,687.2546,185.9198,8.6126,100.0,687254557600.6447,233,10211.8,162135.0,29,8.5,4.69,4.91,random,5.33,65.71,pyramid,"[4.89, 4.74, 4.87, 4.83, 4.87, 4.77, 4.69, 4.69, 4.9, 4.71, 4.88, 4.76, 4.88, 4.84, 4.85, 4.89, 4.85, 4.74, 4.79, 4.75, 4.88, 4.83, 4.77, 4.87, 4.8, 4.8, 4.82, 4.72, 4.91]","[5.3334, 9.6472, 13.9593, 18.2714, 22.5852, 26.8973, 31.2112, 35.5232, 39.8371, 44.1492, 48.463, 52.7751, 57.0889, 61.401, 65.7148, 61.401, 57.0889, 52.7751, 48.463, 44.1492, 39.8371, 35.5232, 31.2112, 26.8973, 22.5852, 18.2714, 13.9593, 9.6472, 5.3334]",C:/Users/Madness/PycharmProjects/Crupto_Data_Joiner/Raw_Data_Spot/BYBIT_DOGEUSDT_SPOT_2021_2026.csv,1000.0,0.0018,0.1,False
0.053211,1860.9609,499.0311,25.0783,100.0,1860960891916.242,1010,2363.9,267856.0,34,2.3,0.15,3.67,random,29.41,29.41,flat,"[1.64, 3.21, 0.28, 0.3, 2.38, 2.28, 2.12, 1.65, 2.96, 3.5, 2.42, 0.53, 2.67, 2.49, 1.04, 2.46, 2.6, 1.17, 3.51, 3.59, 0.42, 0.45, 0.29, 2.75, 1.85, 2.51, 2.44, 3.65, 1.69, 1.32, 1.49, 2.14, 1.37, 1.56]","[29.4118, 29.4118, 29.4118, 29.4118, 29.4118, 29.4118, 29.4118, 29.4118, 29.4118, 29.4118, 29.4118, 29.4118, 29.4118, 29.4118, 29.4118, 29.4118, 29.4118, 29.4118, 29.4118, 29.4118, 29.4118, 29.4118, 29.4118, 29.4118, 29.4118, 29.4118, 29.4118, 29.4118, 29.4118, 29.4118, 29.4118, 29.4118, 29.4118, 29.4118]",C:/Users/Madness/PycharmProjects/Crupto_Data_Joiner/Raw_Data_Spot/BYBIT_DOGEUSDT_SPOT_2021_2026.csv,1000.0,0.0018,0.1,False
0.052289,668.6086,200.2987,13.0245,100.0,668608576319.8707,403,5924.3,161393.0,35,5.0,2.83,4.31,front_heavy,10.96,47.22,pyramid,"[4.31, 4.27, 4.22, 4.18, 4.14, 4.09, 4.05, 4.01, 3.96, 3.92, 3.87, 3.83, 3.79, 3.74, 3.7, 3.66, 3.61, 3.57, 3.53, 3.48, 3.44, 3.4, 3.35, 3.31, 3.27, 3.22, 3.18, 3.13, 3.09, 3.05, 3.0, 2.96, 2.92, 2.87, 2.83]","[10.9572, 13.0897, 15.2247, 17.3571, 19.4896, 21.6221, 23.7571, 25.8895, 28.022, 30.157, 32.2894, 34.4219, 36.5569, 38.6894, 40.8218, 42.9543, 45.0893, 47.2218, 45.0893, 42.9543, 40.8218, 38.6894, 36.5569, 34.4219, 32.2894, 30.157, 28.022, 25.8895, 23.7571, 21.6221, 19.4896, 17.3571, 15.2247, 13.0897, 10.9572]",C:/Users/Madness/PycharmProjects/Crupto_Data_Joiner/Raw_Data_Spot/BYBIT_DOGEUSDT_SPOT_2021_2026.csv,1000.0,0.0018,0.1,False
0.051868,1819.5264,579.9292,22.4769,100.0,1819526433745.6624,1604,1489.2,268267.0,28,2.1,1.49,2.15,back_heavy,15.71,55.72,linear_increase,"[1.49, 1.49, 1.49, 1.5, 1.5, 1.51, 1.52, 1.53, 1.55, 1.56, 1.58, 1.6, 1.62, 1.64, 1.67, 1.69, 1.72, 1.75, 1.78, 1.82, 1.85, 1.89, 1.93, 1.97, 2.01, 2.06, 2.1, 2.15]","[15.7092, 17.1908, 18.6724, 20.154, 21.6356, 23.1172, 24.5988, 26.0839, 27.5655, 29.0471, 30.5287, 32.0103, 33.4919, 34.9735, 36.4551, 37.9367, 39.4183, 40.8999, 42.3815, 43.8631, 45.3447, 46.8298, 48.3114, 49.793, 51.2746, 52.7562, 54.2378, 55.7194]",C:/Users/Madness/PycharmProjects/Crupto_Data_Joiner/Raw_Data_Spot/BYBIT_DOGEUSDT_SPOT_2021_2026.csv,1000.0,0.0018,0.1,False
0.051229,654.3434,279.8496,23.6036,100.0,654343397982.4585,1461,1635.0,161305.0,33,1.85,1.81,3.27,random,12.01,60.87,geometric_increase,"[1.82, 2.75, 2.72, 2.86, 2.92, 1.84, 2.38, 2.92, 2.66, 3.25, 2.52, 3.01, 2.22, 2.46, 2.48, 1.9, 1.99, 1.89, 2.84, 2.47, 3.18, 3.11, 2.6, 3.09, 2.12, 3.18, 1.99, 2.7, 2.13, 2.96, 2.92, 2.06, 2.98]","[12.0091, 12.6347, 13.291, 13.9837, 14.7098, 15.475, 16.2821, 17.1284, 18.0193, 18.9577, 19.9435, 20.9797, 22.0717, 23.2223, 24.4288, 25.6995, 27.0373, 28.4449, 29.9251, 31.4807, 33.1201, 34.8432, 36.6558, 38.5633, 40.5685, 42.6799, 44.9002, 47.2378, 49.6954, 52.2788, 54.999, 57.8616, 60.8723]",C:/Users/Madness/PycharmProjects/Crupto_Data_Joiner/Raw_Data_Spot/BYBIT_DOGEUSDT_SPOT_2021_2026.csv,1000.0,0.0018,0.1,False
0.051185,1795.4734,578.3584,33.5257,100.0,1795473372283.5393,2220,1075.9,268259.0,35,1.4,0.68,2.22,random,28.57,28.57,flat,"[1.21, 1.92, 2.09, 0.76, 1.8, 2.22, 1.52, 1.83, 1.92, 1.51, 1.03, 1.72, 1.82, 2.17, 1.07, 1.79, 1.02, 0.92, 1.27, 1.47, 1.71, 1.16, 0.78, 1.14, 1.71, 1.67, 0.89, 1.14, 0.81, 0.93, 2.02, 0.69, 0.81, 1.83, 1.7]","[28.5714, 28.5714, 28.5714, 28.5714, 28.5714, 28.5714, 28.5714, 28.5714, 28.5714, 28.5714, 28.5714, 28.5714, 28.5714, 28.5714, 28.5714, 28.5714, 28.5714, 28.5714, 28.5714, 28.5714, 28.5714, 28.5714, 28.5714, 28.5714, 28.5714, 28.5714, 28.5714, 28.5714, 28.5714, 28.5714, 28.5714, 28.5714, 28.5714, 28.5714, 28.5714]",C:/Users/Madness/PycharmProjects/Crupto_Data_Joiner/Raw_Data_Spot/BYBIT_DOGEUSDT_SPOT_2021_2026.csv,1000.0,0.0018,0.1,False
0.050849,1788.3187,449.6509,8.6355,100.0,1788318653504.712,213,10260.7,268609.0,28,9.5,1.7,3.42,front_heavy,9.35,62.08,pyramid,"[3.42, 3.36, 3.29, 3.23, 3.17, 3.1, 3.04, 2.97, 2.91, 2.85, 2.78, 2.72, 2.66, 2.59, 2.53, 2.46, 2.4, 2.34, 2.27, 2.21, 2.15, 2.08, 2.02, 1.95, 1.89, 1.83, 1.76, 1.7]","[9.3505, 13.1178, 16.8851, 20.6477, 24.415, 28.1822, 31.9495, 35.7121, 39.4794, 43.2467, 47.014, 50.7812, 54.5438, 58.3111, 62.0784, 58.3111, 54.5438, 50.7812, 47.014, 43.2467, 39.4794, 35.7121, 31.9495, 28.1822, 24.415, 20.6477, 16.8851, 13.1178]",C:/Users/Madness/PycharmProjects/Crupto_Data_Joiner/Raw_Data_Spot/BYBIT_DOGEUSDT_SPOT_2021_2026.csv,1000.0,0.0018,0.1,False
0.050768,78.1454,43.9503,19.6648,100.0,78145397890.7667,5751,416.1,55056.0,33,0.65,0.69,3.89,front_heavy,1.43,60.98,pyramid,"[3.89, 3.79, 3.69, 3.59, 3.49, 3.39, 3.29, 3.19, 3.09, 2.99, 2.89, 2.79, 2.69, 2.59, 2.49, 2.39, 2.29, 2.19, 2.09, 1.99, 1.89, 1.79, 1.69, 1.59, 1.49, 1.39, 1.29, 1.19, 1.09, 0.99, 0.89, 0.79, 0.69]","[1.4271, 5.1487, 8.8732, 12.5947, 16.3163, 20.0378, 23.7593, 27.4839, 31.2054, 34.9269, 38.6515, 42.373, 46.0945, 49.8161, 53.5376, 57.2621, 60.9837, 57.2621, 53.5376, 49.8161, 46.0945, 42.373, 38.6515, 34.9269, 31.2054, 27.4839, 23.7593, 20.0378, 16.3163, 12.5947, 8.8732, 5.1487, 1.4271]",C:/Users/Madness/PycharmProjects/Crupto_Data_Joiner/Raw_Data_Spot/BYBIT_DOGEUSDT_SPOT_2021_2026.csv,1000.0,0.0018,0.1,False
0.050638,1776.2783,577.1235,26.4687,100.0,1776278255322.9766,3470,688.3,268259.0,34,1.6,0.97,3.35,geometric,5.98,52.84,pyramid,"[0.97, 1.01, 1.05, 1.09, 1.13, 1.17, 1.22, 1.26, 1.31, 1.36, 1.41, 1.47, 1.52, 1.58, 1.64, 1.7, 1.77, 1.84, 1.91, 1.98, 2.06, 2.13, 2.22, 2.3, 2.39, 2.48, 2.58, 2.67, 2.78, 2.88, 2.99, 3.11, 3.23, 3.35]","[5.981, 8.7368, 11.4942, 14.2501, 17.0074, 19.7633, 22.5206, 25.2765, 28.0338, 30.7897, 33.5471, 36.3029, 39.0603, 41.8161, 44.5735, 47.3293, 50.0867, 52.8425, 50.0867, 47.3293, 44.5735, 41.8161, 39.0603, 36.3029, 33.5471, 30.7897, 28.0338, 25.2765, 22.5206, 19.7633, 17.0074, 14.2501, 11.4942, 8.7368]",C:/Users/Madness/PycharmProjects/Crupto_Data_Joiner/Raw_Data_Spot/BYBIT_DOGEUSDT_SPOT_2021_2026.csv,1000.0,0.0018,0.1,False
0.050046,620.5406,331.4797,13.7295,100.0,620540641671.048,1206,1980.6,158908.0,30,2.8,2.49,2.58,linear,4.66,62.01,linear_increase,"[2.49, 2.49, 2.5, 2.5, 2.5, 2.51, 2.51, 2.51, 2.51, 2.52, 2.52, 2.52, 2.53, 2.53, 2.53, 2.54, 2.54, 2.54, 2.55, 2.55, 2.55, 2.56, 2.56, 2.56, 2.56, 2.57, 2.57, 2.57, 2.58, 2.58]","[4.6596, 6.6375, 8.6139, 10.5919, 12.5698, 14.5477, 16.5241, 18.502, 20.4799, 22.4578, 24.4342, 26.4121, 28.3901, 30.3665, 32.3444, 34.3223, 36.3002, 38.2766, 40.2545, 42.2324, 44.2088, 46.1867, 48.1647, 50.1426, 52.119, 54.0969, 56.0748, 58.0527, 60.0291, 62.007]",C:/Users/Madness/PycharmProjects/Crupto_Data_Joiner/Raw_Data_Spot/BYBIT_DOGEUSDT_SPOT_2021_2026.csv,1000.0,0.0018,0.1,False
0.049875,222.1996,104.2626,24.9996,100.0,222199574356.0806,1320,1809.6,94675.0,35,1.6,0.98,5.69,front_heavy,7.58,50.8,pyramid,"[5.69, 5.55, 5.41, 5.27, 5.14, 5.0, 4.86, 4.72, 4.58, 4.44, 4.3, 4.17, 4.03, 3.89, 3.75, 3.61, 3.47, 3.34, 3.2, 3.06, 2.92, 2.78, 2.64, 2.5, 2.37, 2.23, 2.09, 1.95, 1.81, 1.67, 1.53, 1.4, 1.26, 1.12, 0.98]","[7.5823, 10.1242, 12.6662, 15.2081, 17.75, 20.292, 22.8339, 25.3758, 27.9178, 30.4597, 33.0017, 35.5436, 38.0855, 40.6275, 43.1694, 45.7114, 48.2533, 50.7952, 48.2533, 45.7114, 43.1694, 40.6275, 38.0855, 35.5436, 33.0017, 30.4597, 27.9178, 25.3758, 22.8339, 20.292, 17.75, 15.2081, 12.6662, 10.1242, 7.5823]",C:/Users/Madness/PycharmProjects/Crupto_Data_Joiner/Raw_Data_Spot/BYBIT_DOGEUSDT_SPOT_2021_2026.csv,1000.0,0.0018,0.1,False
0.049442,1729.7452,496.0463,21.2612,100.0,1729745181000.9392,1457,1639.4,267903.0,28,2.4,1.44,6.0,geometric,11.22,60.21,pyramid,"[1.44, 1.52, 1.6, 1.69, 1.78, 1.88, 1.98, 2.08, 2.2, 2.32, 2.44, 2.58, 2.72, 2.86, 3.02, 3.18, 3.35, 3.54, 3.73, 3.93, 4.14, 4.37, 4.61, 4.86, 5.12, 5.4, 5.69, 6.0]","[11.2159, 14.715, 18.2165, 21.7156, 25.2147, 28.7137, 32.2152, 35.7143, 39.2134, 42.7148, 46.2139, 49.713, 53.2121, 56.7135, 60.2126, 56.7135, 53.2121, 49.713, 46.2139, 42.7148, 39.2134, 35.7143, 32.2152, 28.7137, 25.2147, 21.7156, 18.2165, 14.715]",C:/Users/Madness/PycharmProjects/Crupto_Data_Joiner/Raw_Data_Spot/BYBIT_DOGEUSDT_SPOT_2021_2026.csv,1000.0,0.0018,0.1,False
0.048986,1712.9246,464.0128,34.3054,100.0,1712924625313.1768,2340,1020.7,267835.0,29,1.6,0.34,4.69,linear,7.22,61.74,linear_increase,"[0.34, 0.5, 0.65, 0.81, 0.96, 1.12, 1.27, 1.43, 1.58, 1.74, 1.89, 2.05, 2.2, 2.36, 2.52, 2.67, 2.83, 2.98, 3.14, 3.29, 3.45, 3.6, 3.76, 3.91, 4.07, 4.22, 4.38, 4.53, 4.69]","[7.2218, 9.1681, 11.1164, 13.0627, 15.0109, 16.9572, 18.9055, 20.8518, 22.8001, 24.7464, 26.6946, 28.6409, 30.5892, 32.5355, 34.4818, 36.4301, 38.3764, 40.3246, 42.2709, 44.2192, 46.1655, 48.1138, 50.0601, 52.0084, 53.9547, 55.9029, 57.8492, 59.7975, 61.7438]",C:/Users/Madness/PycharmProjects/Crupto_Data_Joiner/Raw_Data_Spot/BYBIT_DOGEUSDT_SPOT_2021_2026.csv,1000.0,0.0018,0.1,False
0.048866,250.1448,98.1891,19.7896,100.0,250144836768.9529,2008,1189.2,101588.0,30,1.6,3.81,6.4,linear,3.73,62.94,pyramid,"[3.81, 3.9, 3.99, 4.08, 4.17, 4.26, 4.35, 4.44, 4.52, 4.61, 4.7, 4.79, 4.88, 4.97, 5.06, 5.15, 5.24, 5.33, 5.42, 5.51, 5.6, 5.69, 5.77, 5.86, 5.95, 6.04, 6.13, 6.22, 6.31, 6.4]","[3.7301, 7.677, 11.624, 15.5717, 19.5186, 23.4656, 27.4125, 31.3595, 35.3072, 39.2541, 43.2011, 47.148, 51.095, 55.0427, 58.9896, 62.9366, 58.9896, 55.0427, 51.095, 47.148, 43.2011, 39.2541, 35.3072, 31.3595, 27.4125, 23.4656, 19.5186, 15.5717, 11.624, 7.677]",C:/Users/Madness/PycharmProjects/Crupto_Data_Joiner/Raw_Data_Spot/BYBIT_DOGEUSDT_SPOT_2021_2026.csv,1000.0,0.0018,0.1,False
0.048696,246.608,267.2234,59.9818,100.0,246608019018.8174,7524,317.5,101035.0,33,0.35,0.6,2.73,front_heavy,14.8,45.81,linear_increase,"[2.73, 2.66, 2.6, 2.53, 2.46, 2.4, 2.33, 2.26, 2.2, 2.13, 2.06, 2.0, 1.93, 1.86, 1.8, 1.73, 1.66, 1.6, 1.53, 1.47, 1.4, 1.33, 1.27, 1.2, 1.13, 1.07, 1.0, 0.93, 0.87, 0.8, 0.73, 0.67, 0.6]","[14.8007, 15.7689, 16.739, 17.7073, 18.6756, 19.6456, 20.6139, 21.5822, 22.5523, 23.5206, 24.4888, 25.4589, 26.4272, 27.3955, 28.3655, 29.3338, 30.3039, 31.2722, 32.2405, 33.2105, 34.1788, 35.1471, 36.1172, 37.0854, 38.0537, 39.0238, 39.9921, 40.9604, 41.9304, 42.8987, 43.867, 44.8371, 45.8054]",C:/Users/Madness/PycharmProjects/Crupto_Data_Joiner/Raw_Data_Spot/BYBIT_DOGEUSDT_SPOT_2021_2026.csv,1000.0,0.0018,0.1,False
0.048583,1704.3424,580.7397,24.2006,100.0,1704342366495.3179,1401,1704.9,268270.0,32,1.85,0.59,2.21,front_heavy,30.67,31.83,geometric_increase,"[2.21, 2.16, 2.11, 2.05, 2.0, 1.95, 1.9, 1.84, 1.79, 1.74, 1.69, 1.64, 1.58, 1.53, 1.48, 1.43, 1.37, 1.32, 1.27, 1.22, 1.16, 1.11, 1.06, 1.01, 0.96, 0.9, 0.85, 0.8, 0.75, 0.69, 0.64, 0.59]","[30.674, 30.7102, 30.7464, 30.7826, 30.8188, 30.855, 30.8912, 30.9275, 30.9637, 31.012, 31.0482, 31.0844, 31.1206, 31.1568, 31.193, 31.2293, 31.2655, 31.3017, 31.3379, 31.3741, 31.4224, 31.4586, 31.4948, 31.531, 31.5673, 31.6035, 31.6397, 31.6759, 31.7242, 31.7604, 31.7966, 31.8328]",C:/Users/Madness/PycharmProjects/Crupto_Data_Joiner/Raw_Data_Spot/BYBIT_DOGEUSDT_SPOT_2021_2026.csv,1000.0,0.0018,0.1,False
0.04852,116.1443,53.161,19.8277,100.0,116144305415.4088,1959,1219.3,69013.0,35,1.45,5.01,5.52,back_heavy,2.36,56.32,pyramid,"[5.01, 5.01, 5.01, 5.01, 5.02, 5.02, 5.03, 5.03, 5.04, 5.05, 5.05, 5.06, 5.07, 5.08, 5.1, 5.11, 5.12, 5.14, 5.15, 5.17, 5.19, 5.2, 5.22, 5.24, 5.26, 5.29, 5.31, 5.33, 5.36, 5.38, 5.41, 5.43, 5.46, 5.49, 5.52]","[2.3624, 5.5373, 8.7122, 11.8871, 15.062, 18.2301, 21.405, 24.5799, 27.7548, 30.9297, 34.1046, 37.2795, 40.4545, 43.6225, 46.7974, 49.9723, 53.1473, 56.3222, 53.1473, 49.9723, 46.7974, 43.6225, 40.4545, 37.2795, 34.1046, 30.9297, 27.7548, 24.5799, 21.405, 18.2301, 15.062, 11.8871, 8.7122, 5.5373, 2.3624]",C:/Users/Madness/PycharmProjects/Crupto_Data_Joiner/Raw_Data_Spot/BYBIT_DOGEUSDT_SPOT_2021_2026.csv,1000.0,0.0018,0.1,False
0.048255,622.6284,175.8847,11.2263,100.0,622628406256.4928,332,7179.2,162130.0,29,6.0,3.8,4.4,back_heavy,7.41,61.56,linear_increase,"[3.8, 3.8, 3.8, 3.81, 3.81, 3.82, 3.83, 3.84, 3.85, 3.86, 3.88, 3.89, 3.91, 3.93, 3.95, 3.97, 4.0, 4.02, 4.05, 4.08, 4.11, 4.14, 4.17, 4.2, 4.24, 4.28, 4.32, 4.36, 4.4]","[7.4103, 9.3446, 11.2789, 13.2102, 15.1445, 17.0788, 19.013, 20.9473, 22.8816, 24.8129, 26.7472, 28.6815, 30.6157, 32.55, 34.4814, 36.4156, 38.3499, 40.2842, 42.2184, 44.1527, 46.0841, 48.0183, 49.9526, 51.8869, 53.8211, 55.7554, 57.6868, 59.621, 61.5553]",C:/Users/Madness/PycharmProjects/Crupto_Data_Joiner/Raw_Data_Spot/BYBIT_DOGEUSDT_SPOT_2021_2026.csv,1000.0,0.0018,0.1,False
0.048184,1690.028,592.4882,55.9906,100.0,1690028014188.647,10814,212.7,268245.0,31,0.7,0.73,5.11,geometric,9.77,56.25,pyramid,"[0.73, 0.78, 0.83, 0.89, 0.95, 1.01, 1.08, 1.15, 1.23, 1.31, 1.4, 1.49, 1.59, 1.7, 1.81, 1.93, 2.06, 2.2, 2.35, 2.5, 2.67, 2.85, 3.04, 3.25, 3.46, 3.69, 3.94, 4.21, 4.49, 4.79, 5.11]","[9.7678, 12.8676, 15.9645, 19.0644, 22.1612, 25.2611, 28.3609, 31.4578, 34.5577, 37.6545, 40.7544, 43.8542, 46.9511, 50.051, 53.1479, 56.2477, 53.1479, 50.051, 46.9511, 43.8542, 40.7544, 37.6545, 34.5577, 31.4578, 28.3609, 25.2611, 22.1612, 19.0644, 15.9645, 12.8676, 9.7678]",C:/Users/Madness/PycharmProjects/Crupto_Data_Joiner/Raw_Data_Spot/BYBIT_DOGEUSDT_SPOT_2021_2026.csv,1000.0,0.0018,0.1,False
0.048152,1683.763,373.0713,11.1073,100.0,1683762952863.367,276,8650.3,267835.0,35,7.5,2.53,3.68,back_heavy,9.81,48.44,pyramid,"[2.53, 2.53, 2.53, 2.54, 2.55, 2.55, 2.57, 2.58, 2.59, 2.61, 2.63, 2.65, 2.67, 2.7, 2.72, 2.75, 2.78, 2.82, 2.85, 2.89, 2.93, 2.97, 3.01, 3.06, 3.1, 3.15, 3.2, 3.26, 3.31, 3.37, 3.43, 3.49, 3.55, 3.61, 3.68]","[9.8102, 12.0822, 14.3543, 16.6264, 18.8984, 21.1705, 23.4425, 25.7146, 27.9867, 30.2598, 32.5319, 34.8039, 37.076, 39.348, 41.6201, 43.8922, 46.1642, 48.4363, 46.1642, 43.8922, 41.6201, 39.348, 37.076, 34.8039, 32.5319, 30.2598, 27.9867, 25.7146, 23.4425, 21.1705, 18.8984, 16.6264, 14.3543, 12.0822, 9.8102]",C:/Users/Madness/PycharmProjects/Crupto_Data_Joiner/Raw_Data_Spot/BYBIT_DOGEUSDT_SPOT_2021_2026.csv,1000.0,0.0018,0.1,False
0.047575,248.3076,100.4876,28.3474,100.0,248307577140.8223,1889,1264.5,102592.0,29,1.45,2.53,5.01,random,5.77,103.05,geometric_increase,"[2.69, 3.34, 3.07, 4.49, 2.83, 2.67, 4.01, 4.36, 3.63, 4.5, 3.0, 2.56, 4.8, 2.65, 4.58, 2.71, 3.84, 3.42, 3.59, 3.81, 4.69, 3.47, 4.2, 3.37, 3.67, 2.97, 4.26, 4.38, 3.32]","[5.7655, 6.391, 7.0845, 7.8515, 8.7035, 9.6488, 10.696, 11.8537, 13.1415, 14.5652, 16.1446, 17.8966, 19.8382, 21.9893, 24.3753, 27.0189, 29.9512, 33.1977, 36.8008, 40.7916, 45.2155, 50.1206, 55.5549, 61.5808, 68.2606, 75.6649, 83.873, 92.9699, 103.0546]",C:/Users/Madness/PycharmProjects/Crupto_Data_Joiner/Raw_Data_Spot/BYBIT_DOGEUSDT_SPOT_2021_2026.csv,1000.0,0.0018,0.1,False
0.047368,74.3985,84.3432,13.2436,100.0,74398455564.6904,2049,1165.2,55629.0,35,1.55,4.91,7.61,back_heavy,0.84,57.94,pyramid,"[4.91, 4.91, 4.92, 4.93, 4.95, 4.97, 4.99, 5.02, 5.06, 5.1, 5.14, 5.19, 5.25, 5.3, 5.37, 5.44, 5.51, 5.58, 5.67, 5.75, 5.84, 5.94, 6.04, 6.15, 6.26, 6.37, 6.49, 6.61, 6.74, 6.87, 7.01, 7.15, 7.3, 7.45, 7.61]","[0.8389, 4.1974, 7.5558, 10.9152, 14.2736, 17.6321, 20.9905, 24.349, 27.7074, 31.0668, 34.4252, 37.7837, 41.1421, 44.5006, 47.859, 51.2183, 54.5768, 57.9352, 54.5768, 51.2183, 47.859, 44.5006, 41.1421, 37.7837, 34.4252, 31.0668, 27.7074, 24.349, 20.9905, 17.6321, 14.2736, 10.9152, 7.5558, 4.1974, 0.8389]",C:/Users/Madness/PycharmProjects/Crupto_Data_Joiner/Raw_Data_Spot/BYBIT_DOGEUSDT_SPOT_2021_2026.csv,1000.0,0.0018,0.1,False
0.046898,600.5957,222.5125,14.6093,100.0,600595706113.436,595,4005.9,161518.0,31,3.5,4.08,4.39,linear,11.42,54.49,pyramid,"[4.08, 4.09, 4.1, 4.11, 4.12, 4.13, 4.14, 4.15, 4.16, 4.17, 4.18, 4.19, 4.2, 4.21, 4.22, 4.23, 4.25, 4.26, 4.27, 4.28, 4.29, 4.3, 4.31, 4.32, 4.33, 4.34, 4.35, 4.36, 4.37, 4.38, 4.39]","[11.4177, 14.2888, 17.16, 20.0312, 22.9024, 25.7736, 28.6447, 31.5159, 34.3896, 37.2608, 40.1319, 43.0031, 45.8743, 48.7455, 51.6167, 54.4878, 51.6167, 48.7455, 45.8743, 43.0031, 40.1319, 37.2608, 34.3896, 31.5159, 28.6447, 25.7736, 22.9024, 20.0312, 17.16, 14.2888, 11.4177]",C:/Users/Madness/PycharmProjects/Crupto_Data_Joiner/Raw_Data_Spot/BYBIT_DOGEUSDT_SPOT_2021_2026.csv,1000.0,0.0018,0.1,False
0.046606,1634.1132,524.6352,17.6097,100.0,1634113233918.559,1756,1360.2,268199.0,32,2.5,1.07,5.7,geometric,2.81,59.69,pyramid,"[1.07, 1.13, 1.19, 1.26, 1.33, 1.4, 1.48, 1.56, 1.65, 1.74, 1.84, 1.94, 2.04, 2.16, 2.28, 2.4, 2.54, 2.68, 2.83, 2.98, 3.15, 3.32, 3.51, 3.7, 3.91, 4.12, 4.35, 4.59, 4.85, 5.12, 5.4, 5.7]","[2.8053, 6.3605, 9.9157, 13.473, 17.0282, 20.5834, 24.1386, 27.6938, 31.249, 34.8063, 38.3615, 41.9167, 45.4719, 49.0271, 52.5844, 56.1396, 59.6948, 56.1396, 52.5844, 49.0271, 45.4719, 41.9167, 38.3615, 34.8063, 31.249, 27.6938, 24.1386, 20.5834, 17.0282, 13.473, 9.9157, 6.3605]",C:/Users/Madness/PycharmProjects/Crupto_Data_Joiner/Raw_Data_Spot/BYBIT_DOGEUSDT_SPOT_2021_2026.csv,1000.0,0.0018,0.1,False
0.046547,142.9452,35.726,13.83,100.0,142945159178.8808,1533,1557.7,78360.0,33,2.2,4.57,4.94,back_heavy,1.2,61.23,pyramid,"[4.57, 4.57, 4.57, 4.57, 4.58, 4.58, 4.58, 4.59, 4.59, 4.6, 4.61, 4.61, 4.62, 4.63, 4.64, 4.65, 4.66, 4.67, 4.69, 4.7, 4.71, 4.73, 4.74, 4.76, 4.78, 4.8, 4.81, 4.83, 4.85, 4.87, 4.9, 4.92, 4.94]","[1.1957, 4.9471, 8.7012, 12.4526, 16.2041, 19.9555, 23.7096, 27.461, 31.2125, 34.9639, 38.7154, 42.4694, 46.2209, 49.9723, 53.7264, 57.4778, 61.2293, 57.4778, 53.7264, 49.9723, 46.2209, 42.4694, 38.7154, 34.9639, 31.2125, 27.461, 23.7096, 19.9555, 16.2041, 12.4526, 8.7012, 4.9471, 1.1957]",C:/Users/Madness/PycharmProjects/Crupto_Data_Joiner/Raw_Data_Spot/BYBIT_DOGEUSDT_SPOT_2021_2026.csv,1000.0,0.0018,0.1,False
0.046198,590.1017,243.5376,22.3787,100.0,590101652398.9967,1086,2198.4,161307.0,30,2.0,2.04,4.08,random,15.21,61.56,geometric_increase,"[3.51, 3.94, 2.94, 2.22, 2.88, 3.7, 2.36, 3.76, 2.47, 2.23, 3.65, 3.6, 3.6, 4.04, 2.89, 2.16, 3.22, 3.85, 3.41, 2.25, 3.96, 2.86, 3.96, 2.32, 2.5, 2.74, 3.69, 3.41, 2.5, 3.25]","[15.2091, 15.9582, 16.7508, 17.5773, 18.4424, 19.3558, 20.3127, 21.3131, 22.3667, 23.4734, 24.6333, 25.8464, 27.1222, 28.4658, 29.8722, 31.3462, 32.8927, 34.5166, 36.2226, 38.0108, 39.8908, 41.8626, 43.9262, 46.0962, 48.3725, 50.7648, 53.2731, 55.9022, 58.6618, 61.5615]",C:/Users/Madness/PycharmProjects/Crupto_Data_Joiner/Raw_Data_Spot/BYBIT_DOGEUSDT_SPOT_2021_2026.csv,1000.0,0.0018,0.1,False
0.04546,580.6534,259.1517,27.7096,100.0,580653391890.5908,1318,1812.4,161304.0,31,1.55,1.99,3.82,front_heavy,19.59,44.93,linear_increase,"[3.82, 3.76, 3.7, 3.64, 3.58, 3.51, 3.45, 3.39, 3.33, 3.27, 3.21, 3.15, 3.09, 3.03, 2.97, 2.9, 2.84, 2.78, 2.72, 2.66, 2.6, 2.54, 2.48, 2.42, 2.36, 2.3, 2.23, 2.17, 2.11, 2.05, 1.99]","[19.5897, 20.4336, 21.2776, 22.1215, 22.9701, 23.814, 24.6579, 25.5019, 26.3458, 27.1898, 28.0337, 28.8777, 29.7262, 30.5702, 31.4141, 32.2581, 33.102, 33.946, 34.7899, 35.6384, 36.4824, 37.3263, 38.1703, 39.0142, 39.8582, 40.7021, 41.5461, 42.3946, 43.2386, 44.0825, 44.9265]",C:/Users/Madness/PycharmProjects/Crupto_Data_Joiner/Raw_Data_Spot/BYBIT_DOGEUSDT_SPOT_2021_2026.csv,1000.0,0.0018,0.1,False
0.045126,70.4183,88.0219,55.7231,100.0,70418296516.4255,6996,341.4,55444.0,32,0.35,2.29,3.63,front_heavy,4.62,57.88,linear_increase,"[3.63, 3.59, 3.54, 3.5, 3.46, 3.41, 3.37, 3.33, 3.28, 3.24, 3.2, 3.15, 3.11, 3.07, 3.02, 2.98, 2.94, 2.9, 2.85, 2.81, 2.77, 2.72, 2.68, 2.64, 2.59, 2.55, 2.51, 2.46, 2.42, 2.38, 2.33, 2.29]","[4.6229, 6.3414, 8.0584, 9.7769, 11.4939, 13.2124, 14.9294, 16.648, 18.3665, 20.0835, 21.802, 23.519, 25.2375, 26.956, 28.673, 30.3915, 32.1085, 33.827, 35.544, 37.2625, 38.981, 40.698, 42.4165, 44.1335, 45.852, 47.5706, 49.2876, 51.0061, 52.7231, 54.4416, 56.1586, 57.8771]",C:/Users/Madness/PycharmProjects/Crupto_Data_Joiner/Raw_Data_Spot/BYBIT_DOGEUSDT_SPOT_2021_2026.csv,1000.0,0.0018,0.1,False
0.045011,1574.1846,351.2982,10.6707,100.0,1574184640578.0298,316,7559.2,267856.0,33,7.5,1.91,8.37,geometric,2.49,59.86,pyramid,"[1.91, 2.0, 2.09, 2.19, 2.3, 2.41, 2.52, 2.64, 2.76, 2.89, 3.03, 3.17, 3.32, 3.48, 3.65, 3.82, 4.0, 4.19, 4.39, 4.59, 4.81, 5.04, 5.27, 5.52, 5.78, 6.06, 6.34, 6.64, 6.96, 7.29, 7.63, 7.99, 8.37]","[2.4894, 6.0751, 9.6607, 13.2463, 16.8298, 20.4154, 24.0011, 27.5867, 31.1723, 34.758, 38.3436, 41.9293, 45.5127, 49.0983, 52.684, 56.2696, 59.8553, 56.2696, 52.684, 49.0983, 45.5127, 41.9293, 38.3436, 34.758, 31.1723, 27.5867, 24.0011, 20.4154, 16.8298, 13.2463, 9.6607, 6.0751, 2.4894]",C:/Users/Madness/PycharmProjects/Crupto_Data_Joiner/Raw_Data_Spot/BYBIT_DOGEUSDT_SPOT_2021_2026.csv,1000.0,0.0018,0.1,False
0.044921,1571.0419,499.6612,32.4706,100.0,1571041906190.2163,3018,791.4,267856.0,31,1.55,0.67,4.54,geometric,7.52,84.36,geometric_increase,"[0.67, 0.71, 0.76, 0.81, 0.86, 0.92, 0.98, 1.05, 1.12, 1.19, 1.27, 1.35, 1.44, 1.54, 1.64, 1.74, 1.86, 1.98, 2.11, 2.25, 2.4, 2.56, 2.73, 2.91, 3.1, 3.3, 3.52, 3.75, 4.0, 4.26, 4.54]","[7.5191, 8.151, 8.8346, 9.5756, 10.3797, 11.25, 12.1949, 13.2174, 14.326, 15.5294, 16.8333, 18.2464, 19.7772, 21.4373, 23.2352, 25.1854, 27.2993, 29.5912, 32.0755, 34.7667, 37.6847, 40.8469, 44.2762, 47.9927, 52.0194, 56.385, 61.1182, 66.2477, 71.8052, 77.8338, 84.3649]",C:/Users/Madness/PycharmProjects/Crupto_Data_Joiner/Raw_Data_Spot/BYBIT_DOGEUSDT_SPOT_2021_2026.csv,1000.0,0.0018,0.1,False
0.043951,544.9079,281.7083,26.1044,100.0,544907932129.0352,2740,871.8,158900.0,34,1.45,1.37,3.51,linear,5.48,84.62,geometric_increase,"[1.37, 1.43, 1.5, 1.56, 1.63, 1.69, 1.76, 1.82, 1.89, 1.95, 2.02, 2.08, 2.15, 2.21, 2.28, 2.34, 2.41, 2.47, 2.54, 2.6, 2.67, 2.73, 2.8, 2.86, 2.93, 2.99, 3.06, 3.12, 3.19, 3.25, 3.32, 3.38, 3.45, 3.51]","[5.4844, 5.957, 6.4733, 7.0331, 7.6399, 8.3003, 9.021, 9.7988, 10.6469, 11.5654, 12.5678, 13.6539, 14.8339, 16.1178, 17.509, 19.0243, 20.6669, 22.4537, 24.3947, 26.5066, 28.7962, 31.287, 33.9923, 36.9289, 40.1236, 43.5899, 47.3579, 51.4544, 55.9029, 60.7335, 65.9866, 71.6889, 77.8872, 84.622]",C:/Users/Madness/PycharmProjects/Crupto_Data_Joiner/Raw_Data_Spot/BYBIT_DOGEUSDT_SPOT_2021_2026.csv,1000.0,0.0018,0.1,False
0.043935,944.4261,224.7049,11.6361,100.0,944426144482.742,273,8005.7,209686.0,32,7.0,2.54,2.93,random,9.13,73.66,geometric_increase,"[2.76, 2.54, 2.58, 2.73, 2.79, 2.83, 2.66, 2.71, 2.87, 2.85, 2.63, 2.8, 2.88, 2.92, 2.74, 2.93, 2.65, 2.56, 2.75, 2.86, 2.65, 2.55, 2.55, 2.86, 2.74, 2.8, 2.81, 2.64, 2.81, 2.66, 2.87, 2.68]","[9.1332, 9.7692, 10.4495, 11.1783, 11.9566, 12.7895, 13.6801, 14.6337, 15.6532, 16.7427, 17.9096, 19.1569, 20.4919, 21.9185, 23.4462, 25.0791, 26.8263, 28.6942, 30.694, 32.8319, 35.1183, 37.5655, 40.1818, 42.9815, 45.975, 49.1778, 52.6033, 56.2679, 60.1871, 64.3805, 68.8646, 73.6621]",C:/Users/Madness/PycharmProjects/Crupto_Data_Joiner/Raw_Data_Spot/BYBIT_DOGEUSDT_SPOT_2021_2026.csv,1000.0,0.0018,0.1,False
0.043401,1517.657,482.1815,18.9924,100.0,1517657003548.5251,1078,2215.7,267837.0,29,2.8,1.39,3.78,back_heavy,11.09,77.36,geometric_increase,"[1.39, 1.39, 1.4, 1.42, 1.44, 1.47, 1.5, 1.54, 1.59, 1.64, 1.69, 1.76, 1.83, 1.91, 1.99, 2.08, 2.17, 2.27, 2.38, 2.49, 2.61, 2.73, 2.87, 3.0, 3.15, 3.3, 3.45, 3.61, 3.78]","[11.0929, 11.8882, 12.7423, 13.6587, 14.6407, 15.6919, 16.8192, 18.026, 19.3227, 20.7093, 22.1962, 23.7903, 25.4985, 27.3311, 29.2952, 31.3976, 33.6556, 36.0727, 38.6626, 41.4393, 44.4166, 47.6047, 51.0246, 54.6899, 58.6181, 62.8298, 67.3423, 72.1799, 77.3633]",C:/Users/Madness/PycharmProjects/Crupto_Data_Joiner/Raw_Data_Spot/BYBIT_DOGEUSDT_SPOT_2021_2026.csv,1000.0,0.0018,0.1,False
0.043124,223.7241,72.533,14.2955,100.0,223724130331.6227,683,3496.3,102279.0,31,3.5,4.47,5.3,geometric,3.29,61.22,linear_increase,"[4.47, 4.5, 4.52, 4.55, 4.57, 4.6, 4.62, 4.65, 4.68, 4.7, 4.73, 4.76, 4.79, 4.81, 4.84, 4.87, 4.9, 4.92, 4.95, 4.98, 5.01, 5.04, 5.06, 5.09, 5.12, 5.15, 5.18, 5.21, 5.24, 5.27, 5.3]","[3.2942, 5.225, 7.1559, 9.0868, 11.0177, 12.9486, 14.8795, 16.8104, 18.7412, 20.6721, 22.603, 24.5339, 26.4648, 28.3957, 30.3266, 32.2575, 34.1896, 36.1205, 38.0514, 39.9823, 41.9131, 43.844, 45.7749, 47.7058, 49.6367, 51.5676, 53.4985, 55.4293, 57.3602, 59.2911, 61.222]",C:/Users/Madness/PycharmProjects/Crupto_Data_Joiner/Raw_Data_Spot/BYBIT_DOGEUSDT_SPOT_2021_2026.csv,1000.0,0.0018,0.1,False
0.043109,1507.0066,472.0274,66.1821,100.0,1507006566121.2375,7749,308.3,267799.0,32,0.75,0.33,4.22,linear,8.44,54.06,linear_increase,"[0.33, 0.46, 0.58, 0.71, 0.83, 0.96, 1.08, 1.21, 1.33, 1.46, 1.58, 1.71, 1.84, 1.96, 2.09, 2.21, 2.34, 2.46, 2.59, 2.71, 2.84, 2.97, 3.09, 3.22, 3.34, 3.47, 3.59, 3.72, 3.84, 3.97, 4.09, 4.22]","[8.4388, 9.9102, 11.3816, 12.8529, 14.3243, 15.7957, 17.2671, 18.7385, 20.2146, 21.686, 23.1574, 24.6288, 26.1002, 27.5715, 29.0429, 30.5143, 31.9857, 33.4571, 34.9285, 36.3998, 37.8712, 39.3426, 40.814, 42.2854, 43.7615, 45.2329, 46.7043, 48.1757, 49.6471, 51.1184, 52.5898, 54.0612]",C:/Users/Madness/PycharmProjects/Crupto_Data_Joiner/Raw_Data_Spot/BYBIT_DOGEUSDT_SPOT_2021_2026.csv,1000.0,0.0018,0.1,False
0.04289,1500.0149,402.7818,25.7324,100.0,1500014917825.2588,1195,1924.0,267857.0,32,2.1,1.34,5.56,linear,6.87,53.26,random,"[1.34, 1.48, 1.61, 1.75, 1.88, 2.02, 2.16, 2.29, 2.43, 2.57, 2.7, 2.84, 2.97, 3.11, 3.25, 3.38, 3.52, 3.65, 3.79, 3.93, 4.06, 4.2, 4.33, 4.47, 4.61, 4.74, 4.88, 5.02, 5.15, 5.29, 5.42, 5.56]","[22.2181, 15.5743, 24.6194, 30.5559, 19.31, 8.511, 38.6645, 53.2594, 42.1754, 51.6171, 23.292, 51.9149, 35.0462, 40.8738, 50.4759, 13.7802, 49.9103, 12.7063, 11.2372, 22.3141, 51.4839, 41.7702, 45.2238, 40.9225, 6.8744, 44.6969, 7.8652, 42.983, 46.995, 31.6441, 10.5313, 10.9537]",C:/Users/Madness/PycharmProjects/Crupto_Data_Joiner/Raw_Data_Spot/BYBIT_DOGEUSDT_SPOT_2021_2026.csv,1000.0,0.0018,0.1,False
0.042756,190.4702,145.598,49.1555,100.0,190470215978.7722,3020,791.0,94672.0,29,0.6,2.8,5.54,front_heavy,12.18,58.37,pyramid,"[5.54, 5.44, 5.34, 5.25, 5.15, 5.05, 4.95, 4.86, 4.76, 4.66, 4.56, 4.46, 4.37, 4.27, 4.17, 4.07, 3.97, 3.88, 3.78, 3.68, 3.58, 3.48, 3.39, 3.29, 3.19, 3.09, 3.0, 2.9, 2.8]","[12.1848, 15.4814, 18.7779, 22.0866, 25.3831, 28.6796, 31.9761, 35.2848, 38.5813, 41.8778, 45.1743, 48.4708, 51.7795, 55.076, 58.3725, 55.076, 51.7795, 48.4708, 45.1743, 41.8778, 38.5813, 35.2848, 31.9761, 28.6796, 25.3831, 22.0866, 18.7779, 15.4814, 12.1848]",C:/Users/Madness/PycharmProjects/Crupto_Data_Joiner/Raw_Data_Spot/BYBIT_DOGEUSDT_SPOT_2021_2026.csv,1000.0,0.0018,0.1,False
0.042286,542.3235,220.9899,33.1364,100.0,542323458093.121,2346,1017.9,161637.0,34,1.3,1.99,5.57,geometric,10.21,63.56,geometric_increase,"[1.99, 2.05, 2.12, 2.19, 2.25, 2.33, 2.4, 2.48, 2.55, 2.63, 2.72, 2.8, 2.89, 2.99, 3.08, 3.18, 3.28, 3.38, 3.49, 3.6, 3.71, 3.83, 3.95, 4.08, 4.21, 4.34, 4.48, 4.62, 4.77, 4.92, 5.07, 5.23, 5.4, 5.57]","[10.2124, 10.795, 11.4087, 12.0584, 12.7468, 13.4713, 14.2396, 15.0517, 15.9077, 16.8152, 17.7717, 18.785, 19.8549, 20.9868, 22.1831, 23.4464, 24.7819, 26.1922, 27.685, 29.2629, 30.931, 32.692, 34.5534, 36.5232, 38.6038, 40.8031, 43.1286, 45.5831, 48.182, 50.9252, 53.8283, 56.8938, 60.1346, 63.5611]",C:/Users/Madness/PycharmProjects/Crupto_Data_Joiner/Raw_Data_Spot/BYBIT_DOGEUSDT_SPOT_2021_2026.csv,1000.0,0.0018,0.1,False
0.042258,1482.5363,616.1822,42.0329,100.0,1482536262141.742,6933,344.8,268280.0,28,0.85,0.94,1.61,linear,11.76,79.14,geometric_increase,"[0.94, 0.96, 0.99, 1.01, 1.04, 1.06, 1.09, 1.11, 1.14, 1.16, 1.19, 1.21, 1.24, 1.26, 1.29, 1.31, 1.34, 1.36, 1.39, 1.41, 1.44, 1.46, 1.49, 1.51, 1.54, 1.56, 1.59, 1.61]","[11.7568, 12.6184, 13.5393, 14.5308, 15.5929, 16.7366, 17.962, 19.2729, 20.684, 22.1991, 23.8219, 25.5672, 27.4388, 29.4441, 31.5979, 33.9114, 36.392, 39.0583, 41.9139, 44.9812, 48.2751, 51.8066, 55.5981, 59.6643, 64.0313, 68.7177, 73.7458, 79.1414]",C:/Users/Madness/PycharmProjects/Crupto_Data_Joiner/Raw_Data_Spot/BYBIT_DOGEUSDT_SPOT_2021_2026.csv,1000.0,0.0018,0.1,False
0.042135,538.2066,241.4351,10.6034,100.0,538206601721.5222,659,3622.6,161308.0,29,4.5,1.64,4.61,random,2.89,66.08,linear_increase,"[3.15, 2.64, 2.68, 4.02, 4.56, 2.72, 4.24, 1.94, 1.96, 2.71, 2.53, 2.37, 2.36, 3.94, 3.63, 2.68, 1.89, 2.87, 3.99, 4.37, 2.25, 1.94, 4.46, 3.0, 4.35, 2.55, 3.65, 1.8, 3.37]","[2.8873, 5.144, 7.4008, 9.6575, 11.9142, 14.171, 16.4277, 18.6845, 20.9412, 23.1979, 25.4547, 27.7114, 29.9681, 32.2249, 34.4838, 36.7406, 38.9973, 41.254, 43.5108, 45.7675, 48.0242, 50.281, 52.5377, 54.7945, 57.0512, 59.3079, 61.5647, 63.8214, 66.0781]",C:/Users/Madness/PycharmProjects/Crupto_Data_Joiner/Raw_Data_Spot/BYBIT_DOGEUSDT_SPOT_2021_2026.csv,1000.0,0.0018,0.1,False
0.042127,538.4122,306.8386,39.3691,100.0,538412169549.6745,5581,428.3,161355.0,33,0.85,1.16,5.98,back_heavy,5.98,85.15,geometric_increase,"[1.16, 1.16, 1.18, 1.2, 1.24, 1.28, 1.33, 1.39, 1.46, 1.54, 1.63, 1.73, 1.84, 1.96, 2.08, 2.22, 2.37, 2.52, 2.69, 2.86, 3.04, 3.24, 3.44, 3.65, 3.87, 4.1, 4.34, 4.59, 4.85, 5.12, 5.4, 5.68, 5.98]","[5.9799, 6.4978, 7.0603, 7.6697, 8.3348, 9.0558, 9.8393, 10.692, 11.6161, 12.6228, 13.7143, 14.9018, 16.1898, 17.5916, 19.1139, 20.7679, 22.5648, 24.5179, 26.6407, 28.9465, 31.451, 34.1742, 37.1318, 40.3438, 43.8349, 47.6296, 51.7523, 56.23, 61.0961, 66.3841, 72.1296, 78.3707, 85.1542]",C:/Users/Madness/PycharmProjects/Crupto_Data_Joiner/Raw_Data_Spot/BYBIT_DOGEUSDT_SPOT_2021_2026.csv,1000.0,0.0018,0.1,False
0.041921,169.0772,47.8546,24.6448,100.0,169077184000.1969,2095,1139.9,90011.0,33,1.65,2.43,4.52,geometric,2.43,115.99,geometric_increase,"[2.43, 2.48, 2.53, 2.58, 2.63, 2.68, 2.73, 2.78, 2.84, 2.89, 2.95, 3.01, 3.07, 3.13, 3.19, 3.25, 3.31, 3.38, 3.45, 3.51, 3.58, 3.65, 3.72, 3.8, 3.87, 3.95, 4.02, 4.1, 4.18, 4.26, 4.35, 4.43, 4.52]","[2.4255, 2.735, 3.0902, 3.486, 3.9325, 4.4399, 5.0082, 5.6527, 6.3783, 7.1952, 8.1238, 9.164, 10.3412, 11.6707, 13.1727, 14.8624, 16.7753, 18.9268, 21.3574, 24.1025, 27.1978, 30.6939, 34.6366, 39.0866, 44.1101, 49.7729, 56.1664, 63.387, 71.5261, 80.7155, 91.0871, 102.7883, 115.9914]",C:/Users/Madness/PycharmProjects/Crupto_Data_Joiner/Raw_Data_Spot/BYBIT_DOGEUSDT_SPOT_2021_2026.csv,1000.0,0.0018,0.1,False
0.041713,1463.4287,584.731,21.0278,100.0,1463428676312.404,2358,1012.9,268280.0,31,1.85,1.04,1.59,linear,7.54,84.26,geometric_increase,"[1.04, 1.06, 1.08, 1.1, 1.11, 1.13, 1.15, 1.17, 1.19, 1.2, 1.22, 1.24, 1.26, 1.28, 1.3, 1.32, 1.33, 1.35, 1.37, 1.39, 1.41, 1.42, 1.44, 1.46, 1.48, 1.5, 1.52, 1.54, 1.55, 1.57, 1.59]","[7.54, 8.1733, 8.8561, 9.5982, 10.4047, 11.2754, 12.2204, 13.2445, 14.3528, 15.555, 16.8562, 18.2712, 19.8, 21.4574, 23.2583, 25.2077, 27.3153, 29.606, 32.0847, 34.7762, 37.6903, 40.8468, 44.2705, 47.9762, 51.9986, 56.3524, 61.0723, 66.193, 71.7392, 77.7455, 84.2614]",C:/Users/Madness/PycharmProjects/Crupto_Data_Joiner/Raw_Data_Spot/BYBIT_DOGEUSDT_SPOT_2021_2026.csv,1000.0,0.0018,0.1,False
0.041701,1458.1447,392.4641,9.5483,100.0,1458144710765.939,298,8015.8,267831.0,35,7.5,1.36,3.63,random,5.28,53.23,pyramid,"[2.59, 1.55, 3.29, 2.7, 3.09, 1.77, 1.52, 3.58, 3.0, 2.73, 3.1, 2.81, 2.9, 2.3, 3.43, 2.68, 2.44, 3.38, 2.06, 1.52, 1.52, 2.19, 2.61, 2.14, 1.92, 3.2, 2.49, 2.43, 2.77, 1.4, 3.01, 1.45, 1.87, 2.4, 2.1]","[5.2845, 8.1047, 10.925, 13.7452, 16.5655, 19.3858, 22.206, 25.0263, 27.8466, 30.6661, 33.4864, 36.3066, 39.1269, 41.9472, 44.7674, 47.5877, 50.408, 53.2282, 50.408, 47.5877, 44.7674, 41.9472, 39.1269, 36.3066, 33.4864, 30.6661, 27.8466, 25.0263, 22.206, 19.3858, 16.5655, 13.7452, 10.925, 8.1047, 5.2845]",C:/Users/Madness/PycharmProjects/Crupto_Data_Joiner/Raw_Data_Spot/BYBIT_DOGEUSDT_SPOT_2021_2026.csv,1000.0,0.0018,0.1,False
0.041542,99.4409,30.2357,30.2583,100.0,99440861690.927,3913,610.4,69013.0,30,0.7,1.33,4.92,front_heavy,3.22,63.44,pyramid,"[4.92, 4.8, 4.67, 4.55, 4.42, 4.3, 4.18, 4.05, 3.93, 3.81, 3.68, 3.56, 3.43, 3.31, 3.19, 3.06, 2.94, 2.82, 2.69, 2.57, 2.44, 2.32, 2.2, 2.07, 1.95, 1.83, 1.7, 1.58, 1.45, 1.33]","[3.2246, 7.2394, 11.2543, 15.2674, 19.2822, 23.2971, 27.3119, 31.3268, 35.3399, 39.3547, 43.3696, 47.3844, 51.3993, 55.4124, 59.4273, 63.4421, 59.4273, 55.4124, 51.3993, 47.3844, 43.3696, 39.3547, 35.3399, 31.3268, 27.3119, 23.2971, 19.2822, 15.2674, 11.2543, 7.2394]",C:/Users/Madness/PycharmProjects/Crupto_Data_Joiner/Raw_Data_Spot/BYBIT_DOGEUSDT_SPOT_2021_2026.csv,1000.0,0.0018,0.1,False
0.041395,1448.234,496.8806,17.8837,100.0,1448234043755.8481,1264,1888.8,267906.0,32,2.6,1.56,5.08,back_heavy,8.67,53.83,pyramid,"[1.56, 1.56, 1.57, 1.59, 1.62, 1.65, 1.69, 1.74, 1.79, 1.86, 1.93, 2.0, 2.09, 2.18, 2.28, 2.38, 2.5, 2.62, 2.75, 2.88, 3.03, 3.18, 3.33, 3.5, 3.67, 3.85, 4.04, 4.23, 4.43, 4.64, 4.86, 5.08]","[8.6652, 11.4896, 14.314, 17.1331, 19.9576, 22.782, 25.6011, 28.4256, 31.25, 34.0744, 36.8989, 39.718, 42.5424, 45.3669, 48.186, 51.0104, 53.8348, 51.0104, 48.186, 45.3669, 42.5424, 39.718, 36.8989, 34.0744, 31.25, 28.4256, 25.6011, 22.782, 19.9576, 17.1331, 14.314, 11.4896]",C:/Users/Madness/PycharmProjects/Crupto_Data_Joiner/Raw_Data_Spot/BYBIT_DOGEUSDT_SPOT_2021_2026.csv,1000.0,0.0018,0.1,False
0.040954,1436.5702,575.9674,21.2541,100.0,1436570224701.3604,2859,835.3,268258.0,28,1.85,1.52,2.93,geometric,5.68,65.75,pyramid,"[1.52, 1.56, 1.6, 1.63, 1.68, 1.72, 1.76, 1.8, 1.85, 1.89, 1.94, 1.99, 2.03, 2.08, 2.14, 2.19, 2.24, 2.3, 2.35, 2.41, 2.47, 2.53, 2.59, 2.66, 2.72, 2.79, 2.86, 2.93]","[5.6824, 9.9726, 14.2629, 18.5532, 22.8435, 27.1337, 31.424, 35.7143, 40.0046, 44.2948, 48.5851, 52.8754, 57.1657, 61.4559, 65.7462, 61.4559, 57.1657, 52.8754, 48.5851, 44.2948, 40.0046, 35.7143, 31.424, 27.1337, 22.8435, 18.5532, 14.2629, 9.9726]",C:/Users/Madness/PycharmProjects/Crupto_Data_Joiner/Raw_Data_Spot/BYBIT_DOGEUSDT_SPOT_2021_2026.csv,1000.0,0.0018,0.1,False
0.040785,1430.8922,619.04,40.4381,100.0,1430892209652.4407,7153,321.6,268283.0,29,0.85,0.87,1.55,geometric,10.22,80.58,geometric_increase,"[0.87, 0.89, 0.91, 0.93, 0.94, 0.96, 0.98, 1.01, 1.03, 1.05, 1.07, 1.09, 1.11, 1.14, 1.16, 1.19, 1.21, 1.24, 1.26, 1.29, 1.31, 1.34, 1.37, 1.4, 1.43, 1.46, 1.49, 1.52, 1.55]","[10.2219, 11.0031, 11.8457, 12.7522, 13.7299, 14.7789, 15.9113, 17.1274, 18.4392, 19.8493, 21.3699, 23.0035, 24.7649, 26.6614, 28.7004, 30.8966, 33.2623, 35.8073, 38.5464, 41.4968, 44.6731, 48.0902, 51.7727, 55.7327, 59.9998, 64.5912, 69.5338, 74.8548, 80.5836]",C:/Users/Madness/PycharmProjects/Crupto_Data_Joiner/Raw_Data_Spot/BYBIT_DOGEUSDT_SPOT_2021_2026.csv,1000.0,0.0018,0.1,False
0.040232,63.2634,26.0661,19.8278,100.0,63263430147.2042,4722,505.9,55662.0,34,1.0,0.73,6.23,random,0.57,58.25,linear_increase,"[2.99, 2.92, 3.11, 4.53, 4.85, 4.94, 2.27, 6.07, 3.24, 3.24, 1.69, 2.83, 2.93, 4.06, 0.8, 4.12, 0.98, 4.84, 2.11, 5.93, 5.78, 2.99, 4.65, 3.89, 5.8, 5.28, 5.37, 5.92, 4.51, 5.68, 3.2, 1.42, 3.5, 5.5]","[0.575, 2.3227, 4.0703, 5.818, 7.5656, 9.3133, 11.061, 12.8086, 14.5563, 16.3039, 18.0516, 19.7993, 21.5469, 23.2946, 25.0422, 26.7899, 28.5376, 30.286, 32.0336, 33.7813, 35.529, 37.2766, 39.0243, 40.7719, 42.5196, 44.2673, 46.0149, 47.7626, 49.5102, 51.2579, 53.0056, 54.7532, 56.5009, 58.2485]",C:/Users/Madness/PycharmProjects/Crupto_Data_Joiner/Raw_Data_Spot/BYBIT_DOGEUSDT_SPOT_2021_2026.csv,1000.0,0.0018,0.1,False
0.040065,1401.2054,407.9182,22.3857,100.0,1401205381113.6108,1704,1401.7,267858.0,35,2.3,0.74,6.68,linear,4.16,54.42,pyramid,"[0.74, 0.91, 1.09, 1.26, 1.44, 1.61, 1.79, 1.96, 2.14, 2.31, 2.49, 2.66, 2.84, 3.01, 3.19, 3.36, 3.54, 3.71, 3.88, 4.06, 4.23, 4.41, 4.58, 4.76, 4.93, 5.11, 5.28, 5.46, 5.63, 5.81, 5.98, 6.16, 6.33, 6.51, 6.68]","[4.1595, 7.1157, 10.072, 13.0292, 15.9854, 18.9416, 21.8979, 24.8551, 27.8113, 30.7675, 33.7238, 36.681, 39.6372, 42.5934, 45.5497, 48.5069, 51.4631, 54.4194, 51.4631, 48.5069, 45.5497, 42.5934, 39.6372, 36.681, 33.7238, 30.7675, 27.8113, 24.8551, 21.8979, 18.9416, 15.9854, 13.0292, 10.072, 7.1157, 4.1595]",C:/Users/Madness/PycharmProjects/Crupto_Data_Joiner/Raw_Data_Spot/BYBIT_DOGEUSDT_SPOT_2021_2026.csv,1000.0,0.0018,0.1,False
0.040061,1401.0563,508.6456,20.5182,100.0,1401056327388.9055,1240,1925.4,267856.0,34,2.4,1.71,1.72,random,14.87,50.96,geometric_increase,"[1.71, 1.71, 1.72, 1.72, 1.71, 1.71, 1.71, 1.72, 1.72, 1.72, 1.72, 1.71, 1.72, 1.71, 1.72, 1.72, 1.72, 1.72, 1.72, 1.72, 1.72, 1.72, 1.71, 1.72, 1.71, 1.71, 1.72, 1.71, 1.72, 1.71, 1.72, 1.72, 1.72, 1.72]","[14.8692, 15.4343, 16.0234, 16.6323, 17.2651, 17.9218, 18.6024, 19.3108, 20.0431, 20.8073, 21.5993, 22.4192, 23.2709, 24.1584, 25.0738, 26.029, 27.02, 28.0469, 29.1135, 30.2199, 31.3701, 32.5641, 33.8019, 35.0874, 36.4207, 37.8058, 39.2465, 40.739, 42.2872, 43.8951, 45.5627, 47.298, 49.0969, 50.9636]",C:/Users/Madness/PycharmProjects/Crupto_Data_Joiner/Raw_Data_Spot/BYBIT_DOGEUSDT_SPOT_2021_2026.csv,1000.0,0.0018,0.1,False
0.03995,1397.1682,486.3313,35.0934,100.0,1397168173430.083,5619,425.4,267855.0,35,1.25,0.61,4.77,geometric,3.37,53.77,linear_increase,"[0.61, 0.65, 0.69, 0.73, 0.78, 0.83, 0.88, 0.93, 0.99, 1.05, 1.12, 1.19, 1.26, 1.34, 1.42, 1.51, 1.61, 1.71, 1.81, 1.93, 2.05, 2.17, 2.31, 2.45, 2.61, 2.77, 2.94, 3.12, 3.32, 3.53, 3.74, 3.98, 4.23, 4.49, 4.77]","[3.37, 4.8517, 6.3356, 7.8173, 9.2991, 10.783, 12.2647, 13.7464, 15.2304, 16.7121, 18.1938, 19.6777, 21.1595, 22.6412, 24.1251, 25.6068, 27.0886, 28.5725, 30.0542, 31.536, 33.0177, 34.5016, 35.9833, 37.4651, 38.949, 40.4307, 41.9124, 43.3964, 44.8781, 46.3598, 47.8437, 49.3255, 50.8072, 52.2911, 53.7728]",C:/Users/Madness/PycharmProjects/Crupto_Data_Joiner/Raw_Data_Spot/BYBIT_DOGEUSDT_SPOT_2021_2026.csv,1000.0,0.0018,0.1,False
0.039892,1395.1476,459.0328,32.3256,100.0,1395147591114.7842,1135,2104.4,267856.0,29,1.55,2.13,3.47,geometric,5.54,60.31,random,"[2.13, 2.17, 2.21, 2.24, 2.28, 2.32, 2.36, 2.41, 2.45, 2.49, 2.54, 2.58, 2.63, 2.67, 2.72, 2.77, 2.82, 2.86, 2.91, 2.97, 3.02, 3.07, 3.13, 3.18, 3.24, 3.29, 3.35, 3.41, 3.47]","[53.7464, 28.8589, 13.5361, 16.9594, 60.3146, 12.4781, 44.4403, 54.8423, 54.3685, 45.5036, 57.5495, 5.5428, 51.1351, 6.7075, 18.4749, 26.1625, 39.1669, 54.3052, 17.5273, 54.4354, 8.7474, 47.6737, 13.2521, 59.5135, 36.3512, 11.6282, 42.0712, 34.7471, 29.9602]",C:/Users/Madness/PycharmProjects/Crupto_Data_Joiner/Raw_Data_Spot/BYBIT_DOGEUSDT_SPOT_2021_2026.csv,1000.0,0.0018,0.1,False
0.03982,509.1814,162.8844,21.4115,100.0,509181442355.7054,742,3212.3,161396.0,29,2.5,1.84,7.78,random,15.32,53.64,linear_increase,"[2.4, 6.33, 3.63, 2.78, 4.24, 6.34, 3.61, 4.78, 4.14, 7.06, 4.31, 2.19, 6.89, 6.57, 4.51, 6.55, 3.87, 5.0, 6.47, 2.99, 2.47, 2.43, 7.61, 4.02, 6.7, 6.67, 5.81, 2.24, 5.28]","[15.321, 16.6882, 18.0592, 19.4264, 20.7974, 22.1646, 23.5318, 24.9029, 26.2701, 27.6411, 29.0083, 30.3755, 31.7465, 33.1137, 34.4809, 35.8519, 37.2191, 38.5902, 39.9574, 41.3245, 42.6956, 44.0628, 45.4338, 46.801, 48.1682, 49.5393, 50.9064, 52.2775, 53.6447]",C:/Users/Madness/PycharmProjects/Crupto_Data_Joiner/Raw_Data_Spot/BYBIT_DOGEUSDT_SPOT_2021_2026.csv,1000.0,0.0018,0.1,False
0.039421,62.0803,24.0368,17.2004,100.0,62080320383.8865,3089,773.3,55705.0,31,1.2,4.05,7.05,back_heavy,0.74,63.78,linear_increase,"[4.05, 4.05, 4.06, 4.08, 4.1, 4.13, 4.17, 4.21, 4.26, 4.32, 4.38, 4.45, 4.53, 4.61, 4.7, 4.8, 4.9, 5.01, 5.13, 5.25, 5.38, 5.52, 5.66, 5.81, 5.97, 6.13, 6.3, 6.48, 6.66, 6.85, 7.05]","[0.7397, 2.84, 4.9422, 7.0424, 9.1446, 11.2449, 13.3471, 15.4493, 17.5495, 19.6498, 21.752, 23.8542, 25.9545, 28.0547, 30.1569, 32.2591, 34.3594, 36.4597, 38.5618, 40.664, 42.7643, 44.8646, 46.9668, 49.069, 51.1692, 53.2695, 55.3717, 57.4739, 59.5742, 61.6744, 63.7766]",C:/Users/Madness/PycharmProjects/Crupto_Data_Joiner/Raw_Data_Spot/BYBIT_DOGEUSDT_SPOT_2021_2026.csv,1000.0,0.0018,0.1,False
0.039201,1378.661,361.4163,7.705,100.0,1378661040012.719,215,10129.2,268609.0,29,10.0,3.29,3.38,front_heavy,3.54,67.63,pyramid,"[3.38, 3.38, 3.37, 3.37, 3.37, 3.36, 3.36, 3.36, 3.35, 3.35, 3.35, 3.34, 3.34, 3.34, 3.34, 3.33, 3.33, 3.33, 3.32, 3.32, 3.32, 3.31, 3.31, 3.31, 3.3, 3.3, 3.3, 3.29, 3.29]","[3.5412, 8.1201, 12.699, 17.274, 21.8529, 26.4318, 31.0107, 35.5896, 40.1646, 44.7435, 49.3224, 53.9013, 58.4764, 63.0552, 67.6341, 63.0552, 58.4764, 53.9013, 49.3224, 44.7435, 40.1646, 35.5896, 31.0107, 26.4318, 21.8529, 17.274, 12.699, 8.1201, 3.5412]",C:/Users/Madness/PycharmProjects/Crupto_Data_Joiner/Raw_Data_Spot/BYBIT_DOGEUSDT_SPOT_2021_2026.csv,1000.0,0.0018,0.1,False
0.039055,498.8434,390.7565,36.8916,100.0,498843366917.8884,3892,613.7,161304.0,29,0.8,0.71,3.96,random,12.66,72.16,geometric_increase,"[2.45, 2.35, 3.77, 1.0, 1.79, 1.27, 1.74, 3.37, 3.45, 2.07, 1.0, 1.67, 2.43, 3.82, 1.44, 3.9, 2.66, 1.01, 3.44, 3.06, 1.05, 1.72, 3.31, 3.19, 2.3, 3.85, 2.62, 3.36, 2.23]","[12.663, 13.476, 14.3383, 15.258, 16.238, 17.2782, 18.3868, 19.5639, 20.8203, 22.1534, 23.5741, 25.0851, 26.6947, 28.4055, 30.2286, 32.1667, 34.2279, 36.4233, 38.7582, 41.2437, 43.888, 46.702, 49.6967, 52.883, 56.2746, 59.8824, 63.7229, 67.8098, 72.1567]",C:/Users/Madness/PycharmProjects/Crupto_Data_Joiner/Raw_Data_Spot/BYBIT_DOGEUSDT_SPOT_2021_2026.csv,1000.0,0.0018,0.1,False
0.03894,61.2679,65.3236,15.5545,100.0,61267914848.1304,4702,508.0,55679.0,32,1.0,3.16,5.1,geometric,0.43,62.07,linear_increase,"[3.16, 3.21, 3.26, 3.31, 3.36, 3.41, 3.47, 3.52, 3.58, 3.63, 3.69, 3.75, 3.8, 3.86, 3.92, 3.98, 4.05, 4.11, 4.17, 4.24, 4.3, 4.37, 4.44, 4.51, 4.58, 4.65, 4.72, 4.79, 4.87, 4.94, 5.02, 5.1]","[0.4302, 2.4185, 4.4068, 6.3951, 8.384, 10.3723, 12.3606, 14.3489, 16.3372, 18.3255, 20.3137, 22.302, 24.291, 26.2793, 28.2676, 30.2559, 32.2441, 34.2324, 36.2207, 38.209, 40.198, 42.1863, 44.1745, 46.1628, 48.1511, 50.1394, 52.1277, 54.116, 56.1049, 58.0932, 60.0815, 62.0698]",C:/Users/Madness/PycharmProjects/Crupto_Data_Joiner/Raw_Data_Spot/BYBIT_DOGEUSDT_SPOT_2021_2026.csv,1000.0,0.0018,0.1,False
0.038892,197.0131,137.2264,63.9876,100.0,197013111744.7712,9007,265.2,101049.0,34,0.4,0.75,3.92,random,6.54,78.67,geometric_increase,"[0.83, 2.21, 1.24, 2.71, 1.66, 3.69, 3.67, 1.06, 1.69, 1.96, 2.76, 1.48, 1.41, 2.85, 1.21, 3.61, 3.65, 0.83, 3.75, 1.51, 2.86, 0.84, 3.39, 3.07, 2.8, 1.74, 1.12, 2.43, 2.95, 2.49, 2.65, 0.77, 1.39, 2.05]","[6.5404, 7.0538, 7.6032, 8.1998, 8.8408, 9.5345, 10.281, 11.0857, 11.9514, 12.8894, 13.8966, 14.9844, 16.1582, 17.4235, 18.786, 20.2567, 21.8439, 23.5532, 25.3985, 27.3854, 29.5304, 31.8418, 34.3337, 37.0225, 39.9195, 43.0441, 46.4155, 50.0479, 53.966, 58.1894, 62.7458, 67.6573, 72.9546, 78.6653]",C:/Users/Madness/PycharmProjects/Crupto_Data_Joiner/Raw_Data_Spot/BYBIT_DOGEUSDT_SPOT_2021_2026.csv,1000.0,0.0018,0.1,False
0.038823,126.8097,60.5164,17.4685,100.0,126809748746.34,1017,2348.6,80859.0,34,2.0,6.1,9.92,back_heavy,3.69,55.13,pyramid,"[6.1, 6.1, 6.11, 6.13, 6.16, 6.19, 6.23, 6.27, 6.32, 6.38, 6.45, 6.52, 6.61, 6.69, 6.79, 6.89, 7.0, 7.11, 7.24, 7.37, 7.5, 7.65, 7.8, 7.96, 8.12, 8.29, 8.47, 8.66, 8.85, 9.05, 9.26, 9.47, 9.69, 9.92]","[3.6948, 6.7206, 9.7458, 12.7716, 15.7968, 18.8226, 21.8478, 24.8737, 27.8988, 30.9247, 33.9499, 36.9757, 40.0009, 43.0267, 46.0519, 49.0777, 52.1029, 55.1287, 52.1029, 49.0777, 46.0519, 43.0267, 40.0009, 36.9757, 33.9499, 30.9247, 27.8988, 24.8737, 21.8478, 18.8226, 15.7968, 12.7716, 9.7458, 6.7206]",C:/Users/Madness/PycharmProjects/Crupto_Data_Joiner/Raw_Data_Spot/BYBIT_DOGEUSDT_SPOT_2021_2026.csv,1000.0,0.0018,0.1,False
0.038769,200.1027,76.4413,34.7057,100.0,200102742309.8637,2474,965.5,102014.0,30,0.95,0.84,4.1,front_heavy,7.3,89.48,geometric_increase,"[4.1, 3.99, 3.88, 3.76, 3.65, 3.54, 3.43, 3.31, 3.2, 3.09, 2.98, 2.86, 2.75, 2.64, 2.53, 2.41, 2.3, 2.19, 2.08, 1.96, 1.85, 1.74, 1.63, 1.51, 1.4, 1.29, 1.18, 1.06, 0.95, 0.84]","[7.3017, 7.9604, 8.6795, 9.4633, 10.3158, 11.2475, 12.2626, 13.3695, 14.5763, 15.8916, 17.3257, 18.889, 20.5941, 22.4534, 24.4794, 26.6889, 29.0985, 31.7249, 34.5868, 37.7092, 41.1131, 44.8233, 48.8692, 53.2798, 58.0886, 63.3309, 69.0464, 75.2788, 82.0719, 89.4799]",C:/Users/Madness/PycharmProjects/Crupto_Data_Joiner/Raw_Data_Spot/BYBIT_DOGEUSDT_SPOT_2021_2026.csv,1000.0,0.0018,0.1,False
0.038733,495.2807,146.5699,23.4974,100.0,495280690462.043,636,3747.7,161395.0,30,2.6,4.98,5.04,back_heavy,18.82,53.6,geometric_increase,"[4.98, 4.98, 4.98, 4.98, 4.98, 4.98, 4.98, 4.98, 4.98, 4.99, 4.99, 4.99, 4.99, 4.99, 4.99, 5.0, 5.0, 5.0, 5.0, 5.01, 5.01, 5.01, 5.01, 5.02, 5.02, 5.02, 5.03, 5.03, 5.04, 5.04]","[18.8206, 19.5081, 20.23, 20.969, 21.7425, 22.5417, 23.3667, 24.2261, 25.1199, 26.0394, 27.0019, 27.9902, 29.0215, 30.0871, 31.1958, 32.3387, 33.5247, 34.7622, 36.0341, 37.3662, 38.7326, 40.1592, 41.6373, 43.167, 44.7483, 46.3983, 48.0999, 49.8702, 51.7007, 53.6]",C:/Users/Madness/PycharmProjects/Crupto_Data_Joiner/Raw_Data_Spot/BYBIT_DOGEUSDT_SPOT_2021_2026.csv,1000.0,0.0018,0.1,False
0.038636,493.4756,249.4382,35.6565,100.0,493475619599.5282,2402,994.4,161302.0,34,1.1,1.65,4.09,random,13.13,45.69,linear_increase,"[2.12, 3.02, 2.25, 3.36, 2.69, 2.55, 4.03, 3.04, 3.76, 2.43, 4.02, 2.92, 3.15, 2.16, 3.89, 2.61, 3.38, 1.66, 3.35, 1.88, 3.82, 2.25, 2.11, 3.7, 1.84, 3.7, 3.52, 2.94, 3.73, 2.7, 3.74, 4.01, 3.32, 1.85]","[13.1341, 14.1213, 15.1084, 16.0956, 17.0828, 18.0699, 19.0501, 20.0372, 21.0244, 22.0116, 22.9987, 23.9859, 24.973, 25.9602, 26.9474, 27.9345, 28.9217, 29.9018, 30.889, 31.8762, 32.8633, 33.8505, 34.8376, 35.8248, 36.812, 37.7991, 38.7863, 39.7734, 40.7536, 41.7408, 42.7279, 43.7151, 44.7022, 45.6894]",C:/Users/Madness/PycharmProjects/Crupto_Data_Joiner/Raw_Data_Spot/BYBIT_DOGEUSDT_SPOT_2021_2026.csv,1000.0,0.0018,0.1,False
0.038231,1337.5358,441.6213,45.6014,100.0,1337535789056.9849,2692,854.5,267905.0,30,1.0,1.42,5.99,geometric,30.83,35.84,linear_increase,"[1.42, 1.49, 1.57, 1.65, 1.73, 1.82, 1.91, 2.01, 2.11, 2.22, 2.33, 2.45, 2.58, 2.71, 2.84, 2.99, 3.14, 3.3, 3.47, 3.65, 3.83, 4.03, 4.23, 4.45, 4.67, 4.91, 5.16, 5.42, 5.7, 5.99]","[30.8255, 31.004, 31.1647, 31.3432, 31.5216, 31.6823, 31.8608, 32.0393, 32.2178, 32.3784, 32.5569, 32.7354, 32.896, 33.0745, 33.253, 33.4137, 33.5921, 33.7706, 33.9313, 34.1098, 34.2883, 34.4489, 34.6274, 34.8059, 34.9844, 35.145, 35.3235, 35.502, 35.6627, 35.8411]",C:/Users/Madness/PycharmProjects/Crupto_Data_Joiner/Raw_Data_Spot/BYBIT_DOGEUSDT_SPOT_2021_2026.csv,1000.0,0.0018,0.1,False
0.037895,484.4342,272.9122,21.7872,100.0,484434210951.3221,1589,1503.2,161372.0,29,1.65,2.89,3.36,geometric,9.75,59.21,linear_increase,"[2.89, 2.91, 2.92, 2.94, 2.95, 2.97, 2.98, 3.0, 3.02, 3.03, 3.05, 3.07, 3.08, 3.1, 3.12, 3.13, 3.15, 3.17, 3.18, 3.2, 3.22, 3.24, 3.25, 3.27, 3.29, 3.31, 3.32, 3.34, 3.36]","[9.754, 11.519, 13.2841, 15.0542, 16.8193, 18.5843, 20.3544, 22.1195, 23.8845, 25.6495, 27.4197, 29.1847, 30.9497, 32.7147, 34.4849, 36.2499, 38.0149, 39.7799, 41.5501, 43.3151, 45.0801, 46.8452, 48.6153, 50.3804, 52.1454, 53.9104, 55.6806, 57.4456, 59.2106]",C:/Users/Madness/PycharmProjects/Crupto_Data_Joiner/Raw_Data_Spot/BYBIT_DOGEUSDT_SPOT_2021_2026.csv,1000.0,0.0018,0.1,False
0.037849,483.6158,437.8276,38.6094,100.0,483615792611.7211,5202,459.2,161335.0,32,0.75,1.76,2.28,linear,8.96,74.33,geometric_increase,"[1.76, 1.78, 1.79, 1.81, 1.83, 1.84, 1.86, 1.88, 1.89, 1.91, 1.93, 1.94, 1.96, 1.98, 1.99, 2.01, 2.03, 2.05, 2.06, 2.08, 2.1, 2.11, 2.13, 2.15, 2.16, 2.18, 2.2, 2.21, 2.23, 2.25, 2.26, 2.28]","[8.964, 9.5967, 10.2757, 11.001, 11.7764, 12.6098, 13.499, 14.4519, 15.4724, 16.5661, 17.7351, 18.9889, 20.3295, 21.7647, 23.3021, 24.9475, 26.7087, 28.5952, 30.6149, 32.7773, 35.0921, 37.5689, 40.2231, 43.0626, 46.1046, 49.3607, 52.8464, 56.5771, 60.5739, 64.8505, 69.4299, 74.3333]",C:/Users/Madness/PycharmProjects/Crupto_Data_Joiner/Raw_Data_Spot/BYBIT_DOGEUSDT_SPOT_2021_2026.csv,1000.0,0.0018,0.1,False
0.037496,1311.3433,279.3583,12.5159,100.0,1311343313581.8843,330,7238.5,267856.0,33,6.5,1.38,9.94,linear,3.7,58.57,pyramid,"[1.38, 1.65, 1.91, 2.18, 2.45, 2.72, 2.98, 3.25, 3.52, 3.79, 4.05, 4.32, 4.59, 4.86, 5.12, 5.39, 5.66, 5.93, 6.19, 6.46, 6.73, 7.0, 7.26, 7.53, 7.8, 8.07, 8.33, 8.6, 8.87, 9.14, 9.4, 9.67, 9.94]","[3.6985, 7.128, 10.5574, 13.9868, 17.4162, 20.8457, 24.2751, 27.7045, 31.134, 34.5644, 37.9938, 41.4232, 44.8527, 48.2821, 51.7115, 55.141, 58.5704, 55.141, 51.7115, 48.2821, 44.8527, 41.4232, 37.9938, 34.5644, 31.134, 27.7045, 24.2751, 20.8457, 17.4162, 13.9868, 10.5574, 7.128, 3.6985]",C:/Users/Madness/PycharmProjects/Crupto_Data_Joiner/Raw_Data_Spot/BYBIT_DOGEUSDT_SPOT_2021_2026.csv,1000.0,0.0018,0.1,False
0.037467,1310.3295,338.7709,23.4028,100.0,1310329480225.7463,617,3709.2,267855.0,30,2.8,0.22,7.28,random,33.33,33.33,flat,"[0.71, 2.13, 6.69, 4.26, 5.0, 1.71, 3.66, 1.12, 0.36, 4.91, 2.24, 3.83, 4.27, 5.03, 3.26, 0.23, 5.51, 6.71, 1.12, 5.78, 4.82, 7.26, 1.76, 6.17, 2.75, 0.5, 6.96, 6.69, 1.18, 0.48]","[33.3333, 33.3333, 33.3333, 33.3333, 33.3333, 33.3333, 33.3333, 33.3333, 33.3333, 33.3333, 33.3333, 33.3333, 33.3333, 33.3333, 33.3333, 33.3333, 33.3333, 33.3333, 33.3333, 33.3333, 33.3333, 33.3333, 33.3333, 33.3333, 33.3333, 33.3333, 33.3333, 33.3333, 33.3333, 33.3333]",C:/Users/Madness/PycharmProjects/Crupto_Data_Joiner/Raw_Data_Spot/BYBIT_DOGEUSDT_SPOT_2021_2026.csv,1000.0,0.0018,0.1,False
0.037463,58.9111,22.2361,23.9403,100.0,58911070360.9614,2859,835.4,55663.0,34,0.9,0.89,5.82,front_heavy,1.75,57.07,pyramid,"[5.82, 5.67, 5.52, 5.37, 5.22, 5.07, 4.92, 4.77, 4.62, 4.48, 4.33, 4.18, 4.03, 3.88, 3.73, 3.58, 3.43, 3.28, 3.13, 2.98, 2.83, 2.68, 2.53, 2.38, 2.23, 2.09, 1.94, 1.79, 1.64, 1.49, 1.34, 1.19, 1.04, 0.89]","[1.7531, 5.0074, 8.2618, 11.5145, 14.7688, 18.0232, 21.2775, 24.5303, 27.7846, 31.0389, 34.2933, 37.546, 40.8004, 44.0547, 47.309, 50.5618, 53.8161, 57.0705, 53.8161, 50.5618, 47.309, 44.0547, 40.8004, 37.546, 34.2933, 31.0389, 27.7846, 24.5303, 21.2775, 18.0232, 14.7688, 11.5145, 8.2618, 5.0074]",C:/Users/Madness/PycharmProjects/Crupto_Data_Joiner/Raw_Data_Spot/BYBIT_DOGEUSDT_SPOT_2021_2026.csv,1000.0,0.0018,0.1,False
0.036832,1287.9266,470.2589,42.1998,100.0,1287926645376.7773,4507,530.0,267836.0,33,1.0,0.95,4.36,geometric,12.52,48.09,linear_increase,"[0.95, 1.0, 1.04, 1.1, 1.15, 1.21, 1.26, 1.33, 1.39, 1.46, 1.53, 1.6, 1.68, 1.76, 1.85, 1.94, 2.04, 2.13, 2.24, 2.35, 2.46, 2.58, 2.71, 2.84, 2.98, 3.12, 3.28, 3.44, 3.6, 3.78, 3.96, 4.16, 4.36]","[12.5192, 13.6295, 14.7427, 15.853, 16.9662, 18.0765, 19.1869, 20.3, 21.4104, 22.5235, 23.6339, 24.7443, 25.8574, 26.9677, 28.0809, 29.1912, 30.3044, 31.4147, 32.5251, 33.6382, 34.7486, 35.8617, 36.9721, 38.0825, 39.1956, 40.306, 41.4191, 42.5294, 43.6398, 44.7529, 45.8633, 46.9764, 48.0868]",C:/Users/Madness/PycharmProjects/Crupto_Data_Joiner/Raw_Data_Spot/BYBIT_DOGEUSDT_SPOT_2021_2026.csv,1000.0,0.0018,0.1,False
0.036711,190.492,58.0849,22.3739,100.0,190492002342.4916,1543,1547.3,102290.0,33,1.75,1.17,3.58,front_heavy,4.08,98.33,geometric_increase,"[3.58, 3.5, 3.43, 3.35, 3.28, 3.2, 3.13, 3.05, 2.98, 2.9, 2.83, 2.75, 2.68, 2.6, 2.53, 2.45, 2.38, 2.3, 2.22, 2.15, 2.07, 2.0, 1.92, 1.85, 1.77, 1.7, 1.62, 1.55, 1.47, 1.4, 1.32, 1.25, 1.17]","[4.0838, 4.5114, 4.9832, 5.5021, 6.0771, 6.714, 7.4158, 8.1913, 9.0464, 9.9929, 11.0367, 12.1896, 13.4634, 14.8729, 16.4268, 18.1429, 20.0389, 22.1324, 24.4471, 27.0035, 29.8254, 32.9421, 36.386, 40.1898, 44.3886, 49.0298, 54.1545, 59.8158, 66.0669, 72.9726, 80.6007, 89.0249, 98.3308]",C:/Users/Madness/PycharmProjects/Crupto_Data_Joiner/Raw_Data_Spot/BYBIT_DOGEUSDT_SPOT_2021_2026.csv,1000.0,0.0018,0.1,False
0.03647,55.0031,196.5116,62.3438,100.0,55003117567.81,9762,244.7,54483.0,32,0.25,3.19,4.58,linear,6.36,56.14,pyramid,"[3.19, 3.23, 3.28, 3.32, 3.37, 3.41, 3.46, 3.5, 3.55, 3.59, 3.64, 3.68, 3.73, 3.77, 3.82, 3.86, 3.91, 3.95, 4.0, 4.04, 4.09, 4.13, 4.18, 4.22, 4.27, 4.31, 4.36, 4.4, 4.45, 4.49, 4.54, 4.58]","[6.3611, 9.472, 12.5829, 15.6938, 18.8047, 21.9156, 25.0265, 28.1374, 31.2515, 34.3624, 37.4733, 40.5842, 43.6951, 46.806, 49.9169, 53.0278, 56.1387, 53.0278, 49.9169, 46.806, 43.6951, 40.5842, 37.4733, 34.3624, 31.2515, 28.1374, 25.0265, 21.9156, 18.8047, 15.6938, 12.5829, 9.472]",C:/Users/Madness/PycharmProjects/Crupto_Data_Joiner/Raw_Data_Spot/BYBIT_DOGEUSDT_SPOT_2021_2026.csv,1000.0,0.0018,0.1,False
0.036462,33.8388,61.7137,22.7949,100.0,33838791720.1809,4508,530.5,42428.0,29,0.7,3.42,9.55,random,0.73,70.65,pyramid,"[5.52, 4.48, 7.5, 7.16, 6.09, 4.18, 8.51, 9.25, 7.87, 9.16, 6.93, 8.66, 7.16, 9.26, 3.77, 8.91, 4.43, 5.94, 6.16, 4.59, 4.79, 6.27, 7.59, 3.72, 4.08, 6.73, 5.85, 6.05, 8.63]","[0.7283, 5.7224, 10.7166, 15.7107, 20.7048, 25.6989, 30.6931, 35.6872, 40.6836, 45.6778, 50.6719, 55.666, 60.6601, 65.6543, 70.6484, 65.6543, 60.6601, 55.666, 50.6719, 45.6778, 40.6836, 35.6872, 30.6931, 25.6989, 20.7048, 15.7107, 10.7166, 5.7224, 0.7283]",C:/Users/Madness/PycharmProjects/Crupto_Data_Joiner/Raw_Data_Spot/BYBIT_DOGEUSDT_SPOT_2021_2026.csv,1000.0,0.0018,0.1,False
0.036432,465.4712,221.3209,30.2562,100.0,465471245159.0995,1564,1527.3,161328.0,30,1.3,2.57,4.37,random,16.85,49.81,linear_increase,"[3.4, 3.67, 3.95, 3.15, 4.06, 4.29, 3.84, 3.02, 3.74, 3.76, 2.89, 4.34, 4.19, 3.77, 4.2, 2.78, 4.37, 3.8, 2.96, 3.97, 3.78, 2.75, 2.87, 3.29, 3.97, 3.2, 4.26, 2.93, 3.05, 2.86]","[16.853, 17.9878, 19.1226, 20.2575, 21.3923, 22.544, 23.6789, 24.8137, 25.9485, 27.0833, 28.2182, 29.353, 30.4878, 31.6226, 32.7575, 33.9092, 35.044, 36.1789, 37.3137, 38.4485, 39.5833, 40.7182, 41.853, 42.9878, 44.1226, 45.2744, 46.4092, 47.544, 48.6789, 49.8137]",C:/Users/Madness/PycharmProjects/Crupto_Data_Joiner/Raw_Data_Spot/BYBIT_DOGEUSDT_SPOT_2021_2026.csv,1000.0,0.0018,0.1,False
0.036211,2014.9001,585.5893,19.8903,100.0,2014900068112.896,1293,1847.3,338239.0,35,2.5,1.1,2.57,geometric,10.16,48.06,pyramid,"[1.1, 1.13, 1.16, 1.19, 1.22, 1.25, 1.28, 1.31, 1.34, 1.38, 1.41, 1.45, 1.48, 1.52, 1.56, 1.6, 1.64, 1.68, 1.72, 1.77, 1.81, 1.86, 1.9, 1.95, 2.0, 2.05, 2.1, 2.16, 2.21, 2.27, 2.33, 2.38, 2.44, 2.51, 2.57]","[10.1632, 12.3924, 14.6217, 16.8509, 19.0801, 21.3094, 23.5386, 25.7678, 27.9971, 30.2286, 32.4579, 34.6871, 36.9163, 39.1456, 41.3748, 43.604, 45.8332, 48.0625, 45.8332, 43.604, 41.3748, 39.1456, 36.9163, 34.6871, 32.4579, 30.2286, 27.9971, 25.7678, 23.5386, 21.3094, 19.0801, 16.8509, 14.6217, 12.3924, 10.1632]",C:/Users/Madness/PycharmProjects/Crupto_Data_Joiner/Raw_Data_Spot/BYBIT_DOGEUSDT_SPOT_2021_2026.csv,1000.0,0.0018,0.1,False
0.035992,184.2518,68.4132,41.1568,100.0,184251789541.5887,5006,477.2,101590.0,31,0.6,3.47,4.09,random,5.97,60.3,pyramid,"[3.65, 3.6, 3.59, 3.91, 3.74, 3.69, 3.7, 3.73, 4.07, 3.87, 3.51, 3.78, 3.73, 3.95, 3.56, 3.59, 4.09, 3.97, 3.61, 3.62, 4.02, 3.68, 3.7, 3.47, 3.95, 3.71, 3.63, 4.0, 3.61, 3.7, 3.73]","[5.9697, 9.5916, 13.2135, 16.8354, 20.4574, 24.0793, 27.7012, 31.3231, 34.9456, 38.5675, 42.1894, 45.8113, 49.4332, 53.0551, 56.6771, 60.299, 56.6771, 53.0551, 49.4332, 45.8113, 42.1894, 38.5675, 34.9456, 31.3231, 27.7012, 24.0793, 20.4574, 16.8354, 13.2135, 9.5916, 5.9697]",C:/Users/Madness/PycharmProjects/Crupto_Data_Joiner/Raw_Data_Spot/BYBIT_DOGEUSDT_SPOT_2021_2026.csv,1000.0,0.0018,0.1,False
0.035921,1257.7714,422.0256,16.1532,100.0,1257771364019.0535,1128,2117.5,268018.0,32,3.0,1.78,5.0,geometric,6.9,55.6,pyramid,"[1.78, 1.84, 1.9, 1.97, 2.03, 2.1, 2.17, 2.25, 2.32, 2.4, 2.48, 2.57, 2.65, 2.74, 2.84, 2.93, 3.03, 3.14, 3.24, 3.35, 3.47, 3.58, 3.7, 3.83, 3.96, 4.09, 4.23, 4.38, 4.52, 4.68, 4.84, 5.0]","[6.8975, 9.9416, 12.9856, 16.0297, 19.0737, 22.1178, 25.1619, 28.2059, 31.25, 34.2941, 37.3381, 40.3822, 43.4263, 46.4703, 49.5144, 52.5584, 55.6025, 52.5584, 49.5144, 46.4703, 43.4263, 40.3822, 37.3381, 34.2941, 31.25, 28.2059, 25.1619, 22.1178, 19.0737, 16.0297, 12.9856, 9.9416]",C:/Users/Madness/PycharmProjects/Crupto_Data_Joiner/Raw_Data_Spot/BYBIT_DOGEUSDT_SPOT_2021_2026.csv,1000.0,0.0018,0.1,False
0.0358,1989.1601,602.6598,24.185,100.0,1989160128731.4795,1693,1410.8,337995.0,33,1.95,1.04,1.39,linear,14.89,53.48,geometric_increase,"[1.04, 1.05, 1.06, 1.07, 1.08, 1.09, 1.11, 1.12, 1.13, 1.14, 1.15, 1.16, 1.17, 1.18, 1.19, 1.2, 1.21, 1.23, 1.24, 1.25, 1.26, 1.27, 1.28, 1.29, 1.3, 1.31, 1.32, 1.34, 1.35, 1.36, 1.37, 1.38, 1.39]","[14.887, 15.4939, 16.1246, 16.7791, 17.4693, 18.1833, 18.9211, 19.6946, 20.4919, 21.325, 22.2056, 23.11, 24.0501, 25.0259, 26.0493, 27.1084, 28.2151, 29.3694, 30.5594, 31.8089, 33.106, 34.4508, 35.8669, 37.3187, 38.8419, 40.4246, 42.0787, 43.7923, 45.5773, 47.4337, 49.3735, 51.3846, 53.479]",C:/Users/Madness/PycharmProjects/Crupto_Data_Joiner/Raw_Data_Spot/BYBIT_DOGEUSDT_SPOT_2021_2026.csv,1000.0,0.0018,0.1,False
0.035723,1256.2945,338.0563,11.8549,100.0,1256294515245.7397,383,6233.8,268604.0,33,6.0,1.9,3.44,geometric,6.1,54.51,linear_increase,"[1.9, 1.94, 1.97, 2.01, 2.05, 2.08, 2.12, 2.16, 2.2, 2.25, 2.29, 2.33, 2.37, 2.42, 2.46, 2.51, 2.56, 2.6, 2.65, 2.7, 2.75, 2.81, 2.86, 2.91, 2.97, 3.02, 3.08, 3.14, 3.19, 3.25, 3.31, 3.38, 3.44]","[6.1003, 7.6133, 9.1262, 10.6392, 12.1522, 13.6651, 15.175, 16.688, 18.2009, 19.7139, 21.2269, 22.7398, 24.2528, 25.7657, 27.2787, 28.7916, 30.3016, 31.8145, 33.3275, 34.8404, 36.3534, 37.8663, 39.3793, 40.8922, 42.4052, 43.9182, 45.4311, 46.941, 48.454, 49.967, 51.4799, 52.9929, 54.5058]",C:/Users/Madness/PycharmProjects/Crupto_Data_Joiner/Raw_Data_Spot/BYBIT_DOGEUSDT_SPOT_2021_2026.csv,1000.0,0.0018,0.1,False
0.034196,441.4212,138.77,6.9879,100.0,441421150521.6954,227,10482.1,162168.0,29,9.5,4.84,7.01,random,1.49,69.84,pyramid,"[5.33, 5.46, 5.2, 6.46, 5.88, 5.23, 5.51, 5.3, 5.4, 6.45, 4.9, 6.44, 6.82, 6.99, 6.61, 6.55, 6.37, 6.84, 5.16, 5.18, 5.9, 6.6, 5.48, 6.68, 5.49, 6.11, 5.62, 4.87, 6.97]","[1.4866, 6.3684, 11.2501, 16.1319, 21.0159, 25.8977, 30.7794, 35.6612, 40.5429, 45.4247, 50.3064, 55.1905, 60.0722, 64.954, 69.8357, 64.954, 60.0722, 55.1905, 50.3064, 45.4247, 40.5429, 35.6612, 30.7794, 25.8977, 21.0159, 16.1319, 11.2501, 6.3684, 1.4866]",C:/Users/Madness/PycharmProjects/Crupto_Data_Joiner/Raw_Data_Spot/BYBIT_DOGEUSDT_SPOT_2021_2026.csv,1000.0,0.0018,0.1,False
0.034171,1194.7816,257.975,12.2249,100.0,1194781555046.533,268,8154.4,267824.0,31,7.0,1.89,6.04,back_heavy,8.25,80.94,geometric_increase,"[1.89, 1.89, 1.91, 1.93, 1.96, 2.01, 2.06, 2.12, 2.19, 2.26, 2.35, 2.45, 2.55, 2.67, 2.79, 2.93, 3.07, 3.22, 3.38, 3.55, 3.73, 3.92, 4.12, 4.33, 4.55, 4.77, 5.01, 5.25, 5.51, 5.77, 6.04]","[8.2497, 8.9014, 9.6056, 10.3671, 11.1858, 12.0714, 13.0263, 14.0551, 15.1675, 16.3658, 17.6596, 19.0584, 20.5646, 22.1902, 23.9471, 25.8401, 27.8834, 30.0891, 32.469, 35.0375, 37.8065, 40.7975, 44.0248, 47.5052, 51.2624, 55.318, 59.6912, 64.4128, 69.5068, 75.0042, 80.9361]",C:/Users/Madness/PycharmProjects/Crupto_Data_Joiner/Raw_Data_Spot/BYBIT_DOGEUSDT_SPOT_2021_2026.csv,1000.0,0.0018,0.1,False
0.034113,1193.0188,499.2641,37.4272,100.0,1193018819290.5603,2120,1126.7,267853.0,31,1.05,0.63,4.42,random,4.67,67.74,random,"[3.83, 2.34, 3.54, 1.25, 1.56, 0.81, 2.57, 1.53, 2.5, 1.7, 1.57, 3.76, 3.55, 1.67, 4.25, 1.77, 0.91, 2.04, 2.15, 1.7, 3.97, 3.15, 3.89, 0.85, 1.67, 3.72, 1.25, 2.2, 3.21, 1.36, 3.91]","[39.7399, 59.7855, 4.6746, 60.6467, 20.9112, 65.1586, 7.5011, 17.0933, 55.4601, 22.2105, 61.0914, 67.7357, 36.0002, 16.5142, 28.7073, 60.907, 12.2322, 27.7767, 36.0739, 7.0521, 44.9134, 11.0803, 44.139, 9.436, 27.1303, 21.1346, 32.3342, 37.1954, 16.5727, 5.6877, 43.1043]",C:/Users/Madness/PycharmProjects/Crupto_Data_Joiner/Raw_Data_Spot/BYBIT_DOGEUSDT_SPOT_2021_2026.csv,1000.0,0.0018,0.1,False
0.033713,430.7777,197.4703,30.4791,100.0,430777668649.2791,1561,1530.1,161335.0,30,1.35,3.56,3.68,random,14.87,62.42,geometric_increase,"[3.65, 3.6, 3.67, 3.65, 3.59, 3.57, 3.57, 3.6, 3.57, 3.67, 3.58, 3.6, 3.62, 3.59, 3.67, 3.6, 3.59, 3.67, 3.57, 3.66, 3.58, 3.67, 3.65, 3.62, 3.62, 3.68, 3.57, 3.62, 3.6, 3.57]","[14.8653, 15.6193, 16.414, 17.2444, 18.1206, 19.0376, 20.0055, 21.0193, 22.084, 23.2048, 24.3815, 25.6195, 26.9185, 28.2838, 29.7153, 31.2233, 32.8076, 34.4734, 36.2208, 38.0599, 39.9906, 42.0182, 44.1476, 46.3891, 48.7427, 51.2135, 53.8116, 56.5422, 59.4052, 62.421]",C:/Users/Madness/PycharmProjects/Crupto_Data_Joiner/Raw_Data_Spot/BYBIT_DOGEUSDT_SPOT_2021_2026.csv,1000.0,0.0018,0.1,False
0.033575,428.8489,183.5372,18.1911,100.0,428848866201.3262,1128,2116.6,161305.0,33,2.5,3.04,5.14,back_heavy,6.1,54.51,linear_increase,"[3.04, 3.04, 3.05, 3.06, 3.07, 3.09, 3.11, 3.14, 3.17, 3.21, 3.25, 3.29, 3.34, 3.39, 3.44, 3.5, 3.56, 3.63, 3.7, 3.78, 3.86, 3.94, 4.03, 4.12, 4.22, 4.32, 4.43, 4.54, 4.65, 4.76, 4.89, 5.01, 5.14]","[6.0954, 7.6079, 9.1219, 10.6344, 12.1469, 13.661, 15.1735, 16.6859, 18.2, 19.7125, 21.225, 22.7375, 24.2515, 25.764, 27.2765, 28.7905, 30.303, 31.8155, 33.3296, 34.8421, 36.3545, 37.8686, 39.3811, 40.8936, 42.4061, 43.9201, 45.4326, 46.9451, 48.4591, 49.9716, 51.4841, 52.9982, 54.5107]",C:/Users/Madness/PycharmProjects/Crupto_Data_Joiner/Raw_Data_Spot/BYBIT_DOGEUSDT_SPOT_2021_2026.csv,1000.0,0.0018,0.1,False
0.033417,428.579,160.8105,23.2199,100.0,428578986052.8524,959,2489.6,161638.0,34,2.1,3.56,3.68,linear,12.24,57.46,geometric_increase,"[3.56, 3.56, 3.57, 3.57, 3.57, 3.58, 3.58, 3.59, 3.59, 3.59, 3.6, 3.6, 3.6, 3.61, 3.61, 3.61, 3.62, 3.62, 3.63, 3.63, 3.63, 3.64, 3.64, 3.64, 3.65, 3.65, 3.65, 3.66, 3.66, 3.67, 3.67, 3.67, 3.68, 3.68]","[12.24, 12.8282, 13.4435, 14.086, 14.7647, 15.4705, 16.2125, 16.9907, 17.8081, 18.6617, 19.5575, 20.4956, 21.4789, 22.5074, 23.5873, 24.7184, 25.9038, 27.1495, 28.4495, 29.8159, 31.2456, 32.7447, 34.3161, 35.963, 37.6883, 39.4951, 41.3893, 43.374, 45.4552, 47.636, 49.9223, 52.3173, 54.8268, 57.457]",C:/Users/Madness/PycharmProjects/Crupto_Data_Joiner/Raw_Data_Spot/BYBIT_DOGEUSDT_SPOT_2021_2026.csv,1000.0,0.0018,0.1,False
0.033386,1858.2789,598.8425,15.8627,100.0,1858278877223.4065,1203,1985.0,338293.0,31,2.9,1.19,1.29,random,6.67,57.84,linear_increase,"[1.26, 1.21, 1.2, 1.19, 1.22, 1.25, 1.21, 1.28, 1.21, 1.25, 1.22, 1.27, 1.29, 1.22, 1.28, 1.21, 1.29, 1.21, 1.23, 1.27, 1.24, 1.24, 1.24, 1.21, 1.24, 1.2, 1.22, 1.24, 1.27, 1.29, 1.25]","[6.6742, 8.3785, 10.0863, 11.7906, 13.495, 15.2027, 16.907, 18.6148, 20.3191, 22.0235, 23.7312, 25.4355, 27.1399, 28.8476, 30.552, 32.2597, 33.9641, 35.6684, 37.3761, 39.0805, 40.7848, 42.4926, 44.1969, 45.9012, 47.609, 49.3133, 51.0211, 52.7254, 54.4297, 56.1375, 57.8418]",C:/Users/Madness/PycharmProjects/Crupto_Data_Joiner/Raw_Data_Spot/BYBIT_DOGEUSDT_SPOT_2021_2026.csv,1000.0,0.0018,0.1,False
0.03318,79.4265,73.8508,49.5883,100.0,79426499091.7142,2671,894.3,69014.0,33,0.55,0.76,9.15,random,6.8,55.27,pyramid,"[8.22, 7.81, 4.83, 4.94, 8.86, 1.85, 7.66, 6.5, 5.94, 5.21, 4.7, 8.25, 6.77, 6.58, 1.16, 5.79, 1.56, 5.22, 2.61, 7.46, 2.99, 1.27, 1.62, 1.6, 3.23, 5.77, 1.93, 4.3, 2.08, 3.04, 3.06, 2.38, 4.81]","[6.8004, 9.8306, 12.8595, 15.8898, 18.9186, 21.9489, 24.9777, 28.008, 31.0368, 34.0671, 37.0974, 40.1262, 43.1565, 46.1853, 49.2156, 52.2444, 55.2747, 52.2444, 49.2156, 46.1853, 43.1565, 40.1262, 37.0974, 34.0671, 31.0368, 28.008, 24.9777, 21.9489, 18.9186, 15.8898, 12.8595, 9.8306, 6.8004]",C:/Users/Madness/PycharmProjects/Crupto_Data_Joiner/Raw_Data_Spot/BYBIT_DOGEUSDT_SPOT_2021_2026.csv,1000.0,0.0018,0.1,False
0.032542,419.6766,121.1504,10.5974,100.0,419676622898.4216,308,7738.6,162089.0,28,6.0,5.42,9.82,geometric,6.51,64.92,pyramid,"[5.42, 5.54, 5.66, 5.79, 5.92, 6.05, 6.19, 6.32, 6.46, 6.61, 6.75, 6.9, 7.06, 7.22, 7.38, 7.54, 7.71, 7.88, 8.06, 8.23, 8.42, 8.61, 8.8, 8.99, 9.19, 9.4, 9.61, 9.82]","[6.5109, 10.6831, 14.8554, 19.0276, 23.1975, 27.3698, 31.542, 35.7143, 39.8865, 44.0588, 48.231, 52.4009, 56.5732, 60.7454, 64.9177, 60.7454, 56.5732, 52.4009, 48.231, 44.0588, 39.8865, 35.7143, 31.542, 27.3698, 23.1975, 19.0276, 14.8554, 10.6831]",C:/Users/Madness/PycharmProjects/Crupto_Data_Joiner/Raw_Data_Spot/BYBIT_DOGEUSDT_SPOT_2021_2026.csv,1000.0,0.0018,0.1,False
0.032435,406.017,142.4981,9.0745,100.0,406016964241.0518,310,7675.3,159673.0,35,6.5,3.52,4.98,front_heavy,4.25,54.32,pyramid,"[4.98, 4.94, 4.89, 4.85, 4.81, 4.77, 4.72, 4.68, 4.64, 4.59, 4.55, 4.51, 4.46, 4.42, 4.38, 4.34, 4.29, 4.25, 4.21, 4.16, 4.12, 4.08, 4.04, 3.99, 3.95, 3.91, 3.86, 3.82, 3.78, 3.73, 3.69, 3.65, 3.61, 3.56, 3.52]","[4.2535, 7.197, 10.1458, 13.0894, 16.0329, 18.9764, 21.9252, 24.8687, 27.8123, 30.7611, 33.7046, 36.6481, 39.5969, 42.5404, 45.484, 48.4275, 51.3763, 54.3198, 51.3763, 48.4275, 45.484, 42.5404, 39.5969, 36.6481, 33.7046, 30.7611, 27.8123, 24.8687, 21.9252, 18.9764, 16.0329, 13.0894, 10.1458, 7.197, 4.2535]",C:/Users/Madness/PycharmProjects/Crupto_Data_Joiner/Raw_Data_Spot/BYBIT_DOGEUSDT_SPOT_2021_2026.csv,1000.0,0.0018,0.1,False
0.032365,1135.5128,632.1759,65.9149,100.0,1135512828641.1726,7230,318.2,268284.0,28,0.45,1.08,1.52,random,35.71,35.71,flat,"[1.23, 1.48, 1.27, 1.41, 1.09, 1.48, 1.44, 1.24, 1.23, 1.48, 1.2, 1.16, 1.1, 1.24, 1.47, 1.15, 1.49, 1.25, 1.27, 1.5, 1.42, 1.43, 1.21, 1.29, 1.3, 1.09, 1.21, 1.14]","[35.7143, 35.7143, 35.7143, 35.7143, 35.7143, 35.7143, 35.7143, 35.7143, 35.7143, 35.7143, 35.7143, 35.7143, 35.7143, 35.7143, 35.7143, 35.7143, 35.7143, 35.7143, 35.7143, 35.7143, 35.7143, 35.7143, 35.7143, 35.7143, 35.7143, 35.7143, 35.7143, 35.7143]",C:/Users/Madness/PycharmProjects/Crupto_Data_Joiner/Raw_Data_Spot/BYBIT_DOGEUSDT_SPOT_2021_2026.csv,1000.0,0.0018,0.1,False
0.032292,1129.3653,510.1086,19.019,100.0,1129365293870.4563,1896,1259.3,267858.0,29,1.95,2.07,3.58,back_heavy,9.36,61.4,pyramid,"[2.07, 2.07, 2.08, 2.09, 2.1, 2.12, 2.14, 2.16, 2.19, 2.23, 2.26, 2.3, 2.35, 2.4, 2.45, 2.5, 2.56, 2.63, 2.69, 2.77, 2.84, 2.92, 3.0, 3.09, 3.18, 3.27, 3.37, 3.47, 3.58]","[9.3624, 13.083, 16.7959, 20.5088, 24.2294, 27.95, 31.6629, 35.3758, 39.0964, 42.817, 46.5299, 50.2428, 53.9634, 57.684, 61.3969, 57.684, 53.9634, 50.2428, 46.5299, 42.817, 39.0964, 35.3758, 31.6629, 27.95, 24.2294, 20.5088, 16.7959, 13.083, 9.3624]",C:/Users/Madness/PycharmProjects/Crupto_Data_Joiner/Raw_Data_Spot/BYBIT_DOGEUSDT_SPOT_2021_2026.csv,1000.0,0.0018,0.1,False
0.032276,1131.6454,539.0867,21.7882,100.0,1131645437480.3108,3632,657.6,268195.0,30,1.6,1.32,4.43,geometric,3.48,63.19,pyramid,"[1.32, 1.38, 1.43, 1.5, 1.56, 1.63, 1.7, 1.77, 1.84, 1.92, 2.0, 2.09, 2.18, 2.27, 2.37, 2.47, 2.57, 2.68, 2.8, 2.92, 3.04, 3.17, 3.31, 3.45, 3.6, 3.75, 3.91, 4.08, 4.25, 4.43]","[3.4792, 7.4596, 11.4406, 15.421, 19.4014, 23.3818, 27.3628, 31.3431, 35.3235, 39.3039, 43.2849, 47.2653, 51.2457, 55.226, 59.207, 63.1874, 59.207, 55.226, 51.2457, 47.2653, 43.2849, 39.3039, 35.3235, 31.3431, 27.3628, 23.3818, 19.4014, 15.421, 11.4406, 7.4596]",C:/Users/Madness/PycharmProjects/Crupto_Data_Joiner/Raw_Data_Spot/BYBIT_DOGEUSDT_SPOT_2021_2026.csv,1000.0,0.0018,0.1,False
0.032224,411.8589,260.6365,21.2596,100.0,411858853277.1405,2090,1142.8,161357.0,28,1.55,3.02,9.63,geometric,6.15,65.28,pyramid,"[3.02, 3.15, 3.29, 3.44, 3.59, 3.74, 3.91, 4.08, 4.26, 4.45, 4.64, 4.84, 5.06, 5.28, 5.51, 5.75, 6.0, 6.27, 6.54, 6.83, 7.13, 7.44, 7.77, 8.11, 8.47, 8.84, 9.23, 9.63]","[6.1451, 10.369, 14.593, 18.8169, 23.0425, 27.2664, 31.4904, 35.7143, 39.9382, 44.1621, 48.3861, 52.6117, 56.8356, 61.0595, 65.2835, 61.0595, 56.8356, 52.6117, 48.3861, 44.1621, 39.9382, 35.7143, 31.4904, 27.2664, 23.0425, 18.8169, 14.593, 10.369]",C:/Users/Madness/PycharmProjects/Crupto_Data_Joiner/Raw_Data_Spot/BYBIT_DOGEUSDT_SPOT_2021_2026.csv,1000.0,0.0018,0.1,False
0.032204,1126.0548,380.9778,17.5165,100.0,1126054845655.624,755,3163.8,267828.0,35,3.0,2.33,2.87,random,18.12,39.63,pyramid,"[2.87, 2.45, 2.66, 2.36, 2.77, 2.34, 2.79, 2.66, 2.67, 2.71, 2.6, 2.81, 2.59, 2.35, 2.38, 2.58, 2.58, 2.78, 2.53, 2.7, 2.44, 2.76, 2.5, 2.39, 2.39, 2.55, 2.67, 2.66, 2.42, 2.78, 2.33, 2.66, 2.48, 2.59, 2.37]","[18.1243, 19.3901, 20.654, 21.9198, 23.1855, 24.4513, 25.7152, 26.981, 28.2467, 29.5107, 30.7764, 32.0422, 33.3061, 34.5719, 35.8376, 37.1034, 38.3673, 39.6331, 38.3673, 37.1034, 35.8376, 34.5719, 33.3061, 32.0422, 30.7764, 29.5107, 28.2467, 26.981, 25.7152, 24.4513, 23.1855, 21.9198, 20.654, 19.3901, 18.1243]",C:/Users/Madness/PycharmProjects/Crupto_Data_Joiner/Raw_Data_Spot/BYBIT_DOGEUSDT_SPOT_2021_2026.csv,1000.0,0.0018,0.1,False
0.032132,1123.4813,532.29,45.7694,100.0,1123481256023.957,7976,299.5,267821.0,35,0.85,0.72,3.45,back_heavy,6.33,76.6,geometric_increase,"[0.72, 0.72, 0.73, 0.74, 0.76, 0.78, 0.81, 0.84, 0.87, 0.91, 0.96, 1.01, 1.06, 1.12, 1.18, 1.25, 1.32, 1.4, 1.49, 1.57, 1.66, 1.76, 1.86, 1.97, 2.08, 2.2, 2.32, 2.44, 2.57, 2.71, 2.85, 2.99, 3.14, 3.29, 3.45]","[6.3269, 6.8085, 7.325, 7.8843, 8.4824, 9.131, 9.8262, 10.5719, 11.3759, 12.242, 13.1741, 14.1762, 15.2559, 16.4172, 17.6678, 19.0116, 20.4564, 22.0139, 23.6917, 25.4938, 27.4319, 29.5214, 31.7663, 34.186, 36.7882, 39.5885, 42.5985, 45.8415, 49.3293, 53.085, 57.1242, 61.4703, 66.1504, 71.1839, 76.6019]",C:/Users/Madness/PycharmProjects/Crupto_Data_Joiner/Raw_Data_Spot/BYBIT_DOGEUSDT_SPOT_2021_2026.csv,1000.0,0.0018,0.1,False
0.032095,409.9454,196.3065,22.3826,100.0,409945412339.0537,989,2415.3,161305.0,29,1.85,4.68,5.02,random,14.91,55.45,pyramid,"[4.86, 4.94, 4.92, 4.84, 4.79, 4.93, 4.99, 4.74, 4.94, 4.87, 4.99, 4.75, 5.0, 4.96, 4.97, 4.92, 4.81, 4.69, 4.97, 4.98, 4.95, 4.72, 4.8, 4.75, 4.91, 4.84, 4.92, 4.94, 4.87]","[14.9109, 17.8082, 20.702, 23.5994, 26.4932, 29.3906, 32.2844, 35.1818, 38.0791, 40.9729, 43.8703, 46.7641, 49.6615, 52.5553, 55.4527, 52.5553, 49.6615, 46.7641, 43.8703, 40.9729, 38.0791, 35.1818, 32.2844, 29.3906, 26.4932, 23.5994, 20.702, 17.8082, 14.9109]",C:/Users/Madness/PycharmProjects/Crupto_Data_Joiner/Raw_Data_Spot/BYBIT_DOGEUSDT_SPOT_2021_2026.csv,1000.0,0.0018,0.1,False
0.03187,1120.5704,222.6248,12.5355,100.0,1120570428354.0974,280,8528.6,268577.0,31,7.0,2.84,8.8,linear,10.01,55.99,pyramid,"[2.84, 3.04, 3.24, 3.44, 3.63, 3.83, 4.03, 4.23, 4.43, 4.63, 4.83, 5.03, 5.22, 5.42, 5.62, 5.82, 6.02, 6.22, 6.42, 6.61, 6.81, 7.01, 7.21, 7.41, 7.61, 7.81, 8.01, 8.2, 8.4, 8.6, 8.8]","[10.0103, 13.0764, 16.1394, 19.2055, 22.2715, 25.3375, 28.4006, 31.4666, 34.5327, 37.5987, 40.6618, 43.7278, 46.7938, 49.8599, 52.9229, 55.989, 52.9229, 49.8599, 46.7938, 43.7278, 40.6618, 37.5987, 34.5327, 31.4666, 28.4006, 25.3375, 22.2715, 19.2055, 16.1394, 13.0764, 10.0103]",C:/Users/Madness/PycharmProjects/Crupto_Data_Joiner/Raw_Data_Spot/BYBIT_DOGEUSDT_SPOT_2021_2026.csv,1000.0,0.0018,0.1,False
0.031859,1120.492,300.8225,7.6636,100.0,1120491951744.8162,246,9709.6,268612.0,32,9.5,3.08,4.98,back_heavy,1.06,61.44,pyramid,"[3.08, 3.08, 3.09, 3.1, 3.11, 3.13, 3.15, 3.18, 3.21, 3.24, 3.28, 3.32, 3.36, 3.41, 3.47, 3.52, 3.59, 3.65, 3.72, 3.79, 3.87, 3.95, 4.04, 4.13, 4.22, 4.32, 4.42, 4.52, 4.63, 4.74, 4.86, 4.98]","[1.0625, 4.8358, 8.6091, 12.3825, 16.1558, 19.9292, 23.7025, 27.4758, 31.2492, 35.0243, 38.7976, 42.571, 46.3443, 50.1176, 53.891, 57.6643, 61.4376, 57.6643, 53.891, 50.1176, 46.3443, 42.571, 38.7976, 35.0243, 31.2492, 27.4758, 23.7025, 19.9292, 16.1558, 12.3825, 8.6091, 4.8358]",C:/Users/Madness/PycharmProjects/Crupto_Data_Joiner/Raw_Data_Spot/BYBIT_DOGEUSDT_SPOT_2021_2026.csv,1000.0,0.0018,0.1,False
0.031784,1114.9245,578.2487,25.0266,100.0,1114924453212.895,3817,625.8,268260.0,34,1.35,1.1,1.44,back_heavy,6.74,77.66,geometric_increase,"[1.1, 1.1, 1.1, 1.1, 1.1, 1.11, 1.11, 1.12, 1.12, 1.13, 1.13, 1.14, 1.14, 1.15, 1.16, 1.17, 1.18, 1.19, 1.2, 1.21, 1.22, 1.24, 1.25, 1.27, 1.28, 1.3, 1.31, 1.33, 1.34, 1.36, 1.38, 1.4, 1.42, 1.44]","[6.7375, 7.2554, 7.813, 8.4139, 9.0616, 9.7584, 10.5078, 11.3168, 12.1866, 13.123, 14.1331, 15.2192, 16.3895, 17.6497, 19.007, 20.4684, 22.042, 23.7372, 25.5621, 27.5285, 29.6446, 31.9243, 34.3794, 37.0227, 39.8694, 42.9348, 46.2363, 49.7915, 53.6203, 57.7436, 62.1838, 66.9654, 72.1141, 77.6591]",C:/Users/Madness/PycharmProjects/Crupto_Data_Joiner/Raw_Data_Spot/BYBIT_DOGEUSDT_SPOT_2021_2026.csv,1000.0,0.0018,0.1,False
0.031743,1109.9834,393.4076,28.2842,100.0,1109983359390.7437,1243,1921.6,267835.0,32,1.7,2.46,2.75,front_heavy,31.25,31.25,flat,"[2.75, 2.74, 2.73, 2.72, 2.71, 2.7, 2.69, 2.68, 2.68, 2.67, 2.66, 2.65, 2.64, 2.63, 2.62, 2.61, 2.6, 2.59, 2.58, 2.57, 2.56, 2.55, 2.54, 2.53, 2.53, 2.52, 2.51, 2.5, 2.49, 2.48, 2.47, 2.46]","[31.25, 31.25, 31.25, 31.25, 31.25, 31.25, 31.25, 31.25, 31.25, 31.25, 31.25, 31.25, 31.25, 31.25, 31.25, 31.25, 31.25, 31.25, 31.25, 31.25, 31.25, 31.25, 31.25, 31.25, 31.25, 31.25, 31.25, 31.25, 31.25, 31.25, 31.25, 31.25]",C:/Users/Madness/PycharmProjects/Crupto_Data_Joiner/Raw_Data_Spot/BYBIT_DOGEUSDT_SPOT_2021_2026.csv,1000.0,0.0018,0.1,False
0.031665,1107.3997,402.303,37.0383,100.0,1107399667111.923,2027,1178.4,267852.0,33,1.2,2.3,3.93,back_heavy,30.3,30.3,flat,"[2.3, 2.3, 2.31, 2.31, 2.33, 2.34, 2.36, 2.38, 2.4, 2.43, 2.46, 2.49, 2.53, 2.57, 2.61, 2.66, 2.71, 2.76, 2.82, 2.87, 2.94, 3.0, 3.07, 3.14, 3.22, 3.29, 3.38, 3.46, 3.55, 3.64, 3.73, 3.83, 3.93]","[30.303, 30.303, 30.303, 30.303, 30.303, 30.303, 30.303, 30.303, 30.303, 30.303, 30.303, 30.303, 30.303, 30.303, 30.303, 30.303, 30.303, 30.303, 30.303, 30.303, 30.303, 30.303, 30.303, 30.303, 30.303, 30.303, 30.303, 30.303, 30.303, 30.303, 30.303, 30.303, 30.303]",C:/Users/Madness/PycharmProjects/Crupto_Data_Joiner/Raw_Data_Spot/BYBIT_DOGEUSDT_SPOT_2021_2026.csv,1000.0,0.0018,0.1,False
0.031328,1095.4798,371.4379,33.8718,100.0,1095479836144.446,2505,953.5,267836.0,31,1.4,1.39,4.79,geometric,14.17,60.98,geometric_increase,"[1.39, 1.45, 1.51, 1.57, 1.64, 1.71, 1.78, 1.86, 1.93, 2.01, 2.1, 2.19, 2.28, 2.38, 2.48, 2.58, 2.69, 2.8, 2.92, 3.04, 3.17, 3.3, 3.44, 3.59, 3.74, 3.9, 4.06, 4.23, 4.41, 4.6, 4.79]","[14.172, 14.8783, 15.6194, 16.3982, 17.2161, 18.0732, 18.9753, 19.9209, 20.9129, 21.9556, 23.0506, 24.1992, 25.4043, 26.6719, 28.0003, 29.3969, 30.8617, 32.399, 34.0146, 35.7099, 37.4894, 39.3588, 41.3196, 43.3789, 45.5413, 47.811, 50.1952, 52.6969, 55.3234, 58.0803, 60.975]",C:/Users/Madness/PycharmProjects/Crupto_Data_Joiner/Raw_Data_Spot/BYBIT_DOGEUSDT_SPOT_2021_2026.csv,1000.0,0.0018,0.1,False
0.031045,1085.5769,352.577,27.9443,100.0,1085576881794.9257,907,2632.3,267836.0,32,1.85,2.83,3.36,random,18.76,44.04,random,"[3.27, 3.31, 3.2, 3.3, 3.22, 3.03, 2.93, 2.84, 2.84, 3.34, 2.97, 3.35, 3.35, 2.83, 3.18, 3.16, 3.34, 3.28, 3.32, 3.35, 3.08, 2.85, 3.1, 3.36, 3.21, 3.01, 3.07, 2.96, 3.24, 3.34, 2.97, 3.06]","[41.909, 34.8055, 35.2258, 39.1639, 41.4955, 29.0713, 33.1788, 38.886, 38.7775, 18.7618, 32.2231, 34.3243, 25.8246, 43.0003, 20.1581, 20.68, 28.7934, 34.6157, 24.8553, 31.7486, 44.0441, 24.7062, 26.0008, 20.4699, 31.2335, 34.792, 21.7509, 25.1603, 22.8219, 24.4012, 40.1467, 36.9745]",C:/Users/Madness/PycharmProjects/Crupto_Data_Joiner/Raw_Data_Spot/BYBIT_DOGEUSDT_SPOT_2021_2026.csv,1000.0,0.0018,0.1,False
0.030997,1083.8856,320.6711,16.3612,100.0,1083885555994.5406,636,3468.9,267836.0,32,3.5,2.52,3.94,random,6.85,55.31,random,"[2.73, 3.68, 2.63, 3.9, 2.6, 3.34, 3.34, 2.73, 3.26, 2.55, 2.77, 3.86, 2.68, 3.21, 3.88, 3.22, 3.67, 2.8, 3.37, 3.0, 3.47, 3.65, 3.83, 2.82, 2.66, 2.83, 3.68, 3.09, 3.63, 3.45, 3.11, 3.07]","[9.9054, 44.8312, 27.8119, 34.1642, 20.3868, 21.0653, 46.3758, 46.7373, 13.4314, 6.851, 13.4333, 43.6694, 30.787, 38.6394, 49.1981, 44.547, 34.6629, 31.7207, 43.2982, 13.0332, 55.3126, 16.7873, 21.8946, 52.3762, 9.2481, 21.3997, 44.8119, 38.9487, 44.201, 30.2225, 37.3539, 12.894]",C:/Users/Madness/PycharmProjects/Crupto_Data_Joiner/Raw_Data_Spot/BYBIT_DOGEUSDT_SPOT_2021_2026.csv,1000.0,0.0018,0.1,False
0.030925,1081.3914,375.0845,30.5192,100.0,1081391403710.2736,1320,1809.6,267835.0,31,1.6,2.78,2.9,front_heavy,32.26,32.26,flat,"[2.9, 2.9, 2.89, 2.89, 2.88, 2.88, 2.88, 2.87, 2.87, 2.86, 2.86, 2.86, 2.85, 2.85, 2.84, 2.84, 2.84, 2.83, 2.83, 2.82, 2.82, 2.82, 2.81, 2.81, 2.8, 2.8, 2.8, 2.79, 2.79, 2.78, 2.78]","[32.2581, 32.2581, 32.2581, 32.2581, 32.2581, 32.2581, 32.2581, 32.2581, 32.2581, 32.2581, 32.2581, 32.2581, 32.2581, 32.2581, 32.2581, 32.2581, 32.2581, 32.2581, 32.2581, 32.2581, 32.2581, 32.2581, 32.2581, 32.2581, 32.2581, 32.2581, 32.2581, 32.2581, 32.2581, 32.2581, 32.2581]",C:/Users/Madness/PycharmProjects/Crupto_Data_Joiner/Raw_Data_Spot/BYBIT_DOGEUSDT_SPOT_2021_2026.csv,1000.0,0.0018,0.1,False
0.030882,394.7123,156.2596,26.8627,100.0,394712338099.397,1051,2271.7,161358.0,33,1.7,4.25,6.0,back_heavy,15.44,45.17,linear_increase,"[4.25, 4.25, 4.26, 4.27, 4.28, 4.29, 4.31, 4.33, 4.36, 4.39, 4.42, 4.46, 4.5, 4.54, 4.58, 4.63, 4.69, 4.74, 4.8, 4.87, 4.93, 5.0, 5.08, 5.15, 5.23, 5.32, 5.41, 5.5, 5.59, 5.69, 5.79, 5.89, 6.0]","[15.4404, 16.3686, 17.2967, 18.2249, 19.1579, 20.086, 21.0142, 21.9424, 22.8705, 23.7987, 24.7317, 25.6599, 26.588, 27.5162, 28.4444, 29.3725, 30.3007, 31.2337, 32.1618, 33.09, 34.0182, 34.9463, 35.8745, 36.8075, 37.7357, 38.6638, 39.592, 40.5202, 41.4483, 42.3813, 43.3095, 44.2376, 45.1658]",C:/Users/Madness/PycharmProjects/Crupto_Data_Joiner/Raw_Data_Spot/BYBIT_DOGEUSDT_SPOT_2021_2026.csv,1000.0,0.0018,0.1,False
0.030702,1073.7265,326.8387,35.3919,100.0,1073726460828.1672,932,2516.7,267855.0,32,1.6,1.88,5.82,random,11.0,49.04,random,"[2.05, 2.69, 4.37, 2.9, 2.45, 2.23, 2.26, 3.62, 4.02, 4.55, 2.27, 5.49, 4.62, 4.28, 3.47, 3.74, 2.99, 2.51, 4.29, 4.13, 3.82, 4.29, 4.74, 2.34, 3.95, 5.11, 3.1, 4.95, 2.34, 4.7, 2.26, 1.95]","[48.9693, 49.0351, 40.9618, 23.6795, 11.0018, 13.3616, 22.246, 36.1733, 31.2695, 40.3618, 46.1784, 44.3617, 30.0708, 21.381, 29.9376, 32.2182, 22.029, 48.7134, 30.2698, 20.6493, 24.121, 43.3756, 35.3592, 37.3899, 44.9364, 17.9422, 18.472, 30.3177, 19.6392, 46.5465, 16.9486, 22.0829]",C:/Users/Madness/PycharmProjects/Crupto_Data_Joiner/Raw_Data_Spot/BYBIT_DOGEUSDT_SPOT_2021_2026.csv,1000.0,0.0018,0.1,False
0.030608,1070.269,303.8978,31.7964,100.0,1070269038440.3066,2462,970.2,267832.0,28,1.7,0.76,6.82,linear,6.15,65.28,linear_increase,"[0.76, 0.98, 1.21, 1.43, 1.66, 1.88, 2.11, 2.33, 2.56, 2.78, 3.0, 3.23, 3.45, 3.68, 3.9, 4.13, 4.35, 4.58, 4.8, 5.02, 5.25, 5.47, 5.7, 5.92, 6.15, 6.37, 6.6, 6.82]","[6.1514, 8.3425, 10.5302, 12.7213, 14.9125, 17.1001, 19.2912, 21.4789, 23.67, 25.8612, 28.0488, 30.2399, 32.4311, 34.6187, 36.8099, 38.9975, 41.1886, 43.3798, 45.5674, 47.7586, 49.9497, 52.1373, 54.3285, 56.5161, 58.7073, 60.8984, 63.086, 65.2772]",C:/Users/Madness/PycharmProjects/Crupto_Data_Joiner/Raw_Data_Spot/BYBIT_DOGEUSDT_SPOT_2021_2026.csv,1000.0,0.0018,0.1,False
0.030366,387.8668,230.5542,26.5563,100.0,387866780949.4185,2747,869.3,161305.0,31,1.3,2.0,5.3,back_heavy,5.65,94.88,geometric_increase,"[2.0, 2.0, 2.01, 2.03, 2.06, 2.09, 2.13, 2.18, 2.23, 2.3, 2.37, 2.44, 2.53, 2.62, 2.72, 2.82, 2.94, 3.06, 3.19, 3.32, 3.47, 3.62, 3.77, 3.94, 4.11, 4.29, 4.48, 4.67, 4.87, 5.08, 5.3]","[5.6523, 6.2091, 6.822, 7.4947, 8.2328, 9.0452, 9.9356, 10.9148, 11.992, 13.1743, 14.4727, 15.8998, 17.4666, 19.1875, 21.0807, 23.157, 25.4401, 27.948, 30.7043, 33.7309, 37.0548, 40.7088, 44.7219, 49.1302, 53.9738, 59.2943, 65.1388, 71.56, 78.6141, 86.3646, 94.8784]",C:/Users/Madness/PycharmProjects/Crupto_Data_Joiner/Raw_Data_Spot/BYBIT_DOGEUSDT_SPOT_2021_2026.csv,1000.0,0.0018,0.1,False
0.030359,1061.7523,492.1083,16.7624,100.0,1061752279942.9078,2090,1142.6,267856.0,32,2.3,1.73,3.47,geometric,3.77,58.73,pyramid,"[1.73, 1.77, 1.81, 1.85, 1.89, 1.94, 1.98, 2.02, 2.07, 2.12, 2.17, 2.21, 2.26, 2.32, 2.37, 2.42, 2.48, 2.53, 2.59, 2.65, 2.71, 2.77, 2.84, 2.9, 2.97, 3.03, 3.1, 3.17, 3.24, 3.32, 3.39, 3.47]","[3.7734, 7.2083, 10.6431, 14.0765, 17.5113, 20.9462, 24.3811, 27.8159, 31.2493, 34.6842, 38.119, 41.5539, 44.9888, 48.4236, 51.857, 55.2918, 58.7267, 55.2918, 51.857, 48.4236, 44.9888, 41.5539, 38.119, 34.6842, 31.2493, 27.8159, 24.3811, 20.9462, 17.5113, 14.0765, 10.6431, 7.2083]",C:/Users/Madness/PycharmProjects/Crupto_Data_Joiner/Raw_Data_Spot/BYBIT_DOGEUSDT_SPOT_2021_2026.csv,1000.0,0.0018,0.1,False
0.030289,11.4242,61.6253,38.0825,100.0,11424195811.0471,11046,216.3,26526.0,31,0.25,3.51,4.04,random,1.06,63.46,linear_increase,"[3.71, 3.72, 3.64, 4.02, 3.69, 3.96, 3.74, 3.94, 3.54, 3.8, 3.65, 3.58, 3.94, 3.86, 4.03, 3.62, 3.73, 3.53, 3.56, 3.54, 3.97, 3.78, 3.93, 3.55, 3.66, 3.74, 3.52, 3.74, 3.68, 3.55, 3.75]","[1.0571, 3.1373, 5.2174, 7.2976, 9.3777, 11.4579, 13.5381, 15.6182, 17.6984, 19.7785, 21.8587, 23.9388, 26.019, 28.0991, 30.1793, 32.2594, 34.3368, 36.4169, 38.4971, 40.5772, 42.6574, 44.7375, 46.8177, 48.8978, 50.978, 53.0581, 55.1383, 57.2184, 59.2986, 61.3788, 63.4589]",C:/Users/Madness/PycharmProjects/Crupto_Data_Joiner/Raw_Data_Spot/BYBIT_DOGEUSDT_SPOT_2021_2026.csv,1000.0,0.0018,0.1,False
0.02997,156.7286,57.7468,15.3009,100.0,156728576131.327,683,3496.3,102695.0,35,2.8,4.78,7.69,random,4.43,54.13,pyramid,"[6.64, 6.43, 6.8, 6.3, 5.17, 7.38, 5.31, 6.65, 6.51, 6.7, 4.85, 7.42, 5.09, 7.33, 6.56, 7.18, 6.7, 6.0, 7.35, 5.42, 7.43, 6.66, 7.36, 6.1, 4.98, 5.22, 7.05, 7.42, 6.29, 7.38, 7.62, 5.13, 5.67, 7.6, 7.59]","[4.4288, 7.3527, 10.2766, 13.2006, 16.1245, 19.0478, 21.9717, 24.8956, 27.8195, 30.7435, 33.6674, 36.5913, 39.5152, 42.4385, 45.3625, 48.2864, 51.2103, 54.1342, 51.2103, 48.2864, 45.3625, 42.4385, 39.5152, 36.5913, 33.6674, 30.7435, 27.8195, 24.8956, 21.9717, 19.0478, 16.1245, 13.2006, 10.2766, 7.3527, 4.4288]",C:/Users/Madness/PycharmProjects/Crupto_Data_Joiner/Raw_Data_Spot/BYBIT_DOGEUSDT_SPOT_2021_2026.csv,1000.0,0.0018,0.1,False
0.029811,367.523,158.4679,15.2134,100.0,367523005428.2294,741,3222.0,158448.0,34,3.0,2.12,3.35,front_heavy,6.83,77.18,geometric_increase,"[3.35, 3.31, 3.28, 3.24, 3.2, 3.16, 3.13, 3.09, 3.05, 3.01, 2.98, 2.94, 2.9, 2.87, 2.83, 2.79, 2.75, 2.72, 2.68, 2.64, 2.6, 2.57, 2.53, 2.49, 2.46, 2.42, 2.38, 2.34, 2.31, 2.27, 2.23, 2.19, 2.16, 2.12]","[6.8324, 7.3532, 7.914, 8.5172, 9.1667, 9.8657, 10.6174, 11.4272, 12.2982, 13.236, 14.2445, 15.3307, 16.4995, 17.7569, 19.111, 20.568, 22.1357, 23.8236, 25.6395, 27.5944, 29.6986, 31.9622, 34.3993, 37.0211, 39.8439, 42.8812, 46.1509, 49.6688, 53.4554, 57.5309, 61.9168, 66.6372, 71.7173, 77.1847]",C:/Users/Madness/PycharmProjects/Crupto_Data_Joiner/Raw_Data_Spot/BYBIT_DOGEUSDT_SPOT_2021_2026.csv,1000.0,0.0018,0.1,False
0.029775,1044.0038,557.3326,27.7568,100.0,1044003816207.8553,3312,721.0,268200.0,30,1.2,1.27,2.66,random,12.62,54.05,pyramid,"[2.46, 1.84, 1.63, 1.55, 1.82, 1.34, 2.43, 1.4, 1.32, 2.6, 1.57, 2.43, 1.4, 1.34, 1.89, 2.4, 1.73, 1.88, 2.23, 2.41, 2.29, 2.59, 2.59, 1.73, 2.43, 1.75, 2.15, 2.03, 2.18, 1.46]","[12.6166, 15.3776, 18.1412, 20.9023, 23.6659, 26.4269, 29.1905, 31.9515, 34.7151, 37.4762, 40.2398, 43.0008, 45.7644, 48.5254, 51.289, 54.0501, 51.289, 48.5254, 45.7644, 43.0008, 40.2398, 37.4762, 34.7151, 31.9515, 29.1905, 26.4269, 23.6659, 20.9023, 18.1412, 15.3776]",C:/Users/Madness/PycharmProjects/Crupto_Data_Joiner/Raw_Data_Spot/BYBIT_DOGEUSDT_SPOT_2021_2026.csv,1000.0,0.0018,0.1,False
0.029607,383.3544,93.7812,12.3314,100.0,383354413639.4004,180,13029.1,162417.0,31,6.5,4.49,8.11,front_heavy,16.05,49.54,pyramid,"[8.11, 7.99, 7.87, 7.75, 7.63, 7.51, 7.39, 7.27, 7.14, 7.02, 6.9, 6.78, 6.66, 6.54, 6.42, 6.3, 6.18, 6.06, 5.94, 5.82, 5.7, 5.58, 5.46, 5.33, 5.21, 5.09, 4.97, 4.85, 4.73, 4.61, 4.49]","[16.0519, 18.2837, 20.5194, 22.7512, 24.983, 27.2148, 29.4506, 31.6824, 33.9142, 36.146, 38.3817, 40.6135, 42.8453, 45.0771, 47.3129, 49.5447, 47.3129, 45.0771, 42.8453, 40.6135, 38.3817, 36.146, 33.9142, 31.6824, 29.4506, 27.2148, 24.983, 22.7512, 20.5194, 18.2837, 16.0519]",C:/Users/Madness/PycharmProjects/Crupto_Data_Joiner/Raw_Data_Spot/BYBIT_DOGEUSDT_SPOT_2021_2026.csv,1000.0,0.0018,0.1,False
0.029563,1039.649,233.6317,13.3168,100.0,1039648961183.1198,243,8994.2,268604.0,34,6.5,1.39,5.52,random,20.64,38.18,pyramid,"[4.46, 3.59, 4.51, 2.26, 3.98, 2.18, 5.21, 5.5, 5.01, 5.37, 3.02, 3.89, 3.43, 1.87, 5.39, 2.29, 2.95, 3.72, 3.09, 1.62, 3.84, 4.67, 1.78, 5.39, 4.44, 2.33, 2.96, 4.1, 2.42, 2.24, 5.13, 3.37, 4.14, 2.81]","[20.6395, 21.6695, 22.7044, 23.7344, 24.7694, 25.7994, 26.8294, 27.8643, 28.8943, 29.9292, 30.9592, 31.9942, 33.0242, 34.0542, 35.0891, 36.1191, 37.154, 38.184, 37.154, 36.1191, 35.0891, 34.0542, 33.0242, 31.9942, 30.9592, 29.9292, 28.8943, 27.8643, 26.8294, 25.7994, 24.7694, 23.7344, 22.7044, 21.6695]",C:/Users/Madness/PycharmProjects/Crupto_Data_Joiner/Raw_Data_Spot/BYBIT_DOGEUSDT_SPOT_2021_2026.csv,1000.0,0.0018,0.1,False
0.029234,1629.0774,606.0737,38.1531,100.0,1629077422784.0696,2799,853.3,338491.0,32,1.05,0.82,2.07,random,31.25,31.25,flat,"[1.8, 1.01, 1.88, 1.41, 1.1, 1.92, 1.36, 0.93, 1.76, 0.84, 1.6, 1.37, 1.16, 0.99, 1.26, 1.24, 1.57, 1.23, 1.83, 1.2, 1.09, 1.14, 1.71, 1.73, 1.51, 1.03, 1.83, 1.07, 1.68, 1.16, 1.39, 1.05]","[31.25, 31.25, 31.25, 31.25, 31.25, 31.25, 31.25, 31.25, 31.25, 31.25, 31.25, 31.25, 31.25, 31.25, 31.25, 31.25, 31.25, 31.25, 31.25, 31.25, 31.25, 31.25, 31.25, 31.25, 31.25, 31.25, 31.25, 31.25, 31.25, 31.25, 31.25, 31.25]",C:/Users/Madness/PycharmProjects/Crupto_Data_Joiner/Raw_Data_Spot/BYBIT_DOGEUSDT_SPOT_2021_2026.csv,1000.0,0.0018,0.1,False
0.029223,373.2405,242.1673,35.3693,100.0,373240483711.2948,3297,724.3,161301.0,33,0.95,2.27,3.33,geometric,8.47,73.02,geometric_increase,"[2.27, 2.3, 2.33, 2.35, 2.38, 2.41, 2.44, 2.47, 2.5, 2.53, 2.56, 2.59, 2.62, 2.65, 2.68, 2.72, 2.75, 2.78, 2.82, 2.85, 2.88, 2.92, 2.95, 2.99, 3.03, 3.06, 3.1, 3.14, 3.17, 3.21, 3.25, 3.29, 3.33]","[8.4716, 9.0607, 9.6931, 10.3666, 11.0896, 11.8619, 12.6879, 13.5715, 14.5149, 15.5262, 16.6076, 17.7631, 19.001, 20.3233, 21.7383, 23.2522, 24.8712, 26.6034, 28.4551, 30.4365, 32.556, 34.8217, 37.246, 39.8392, 42.6136, 45.5817, 48.7557, 52.1501, 55.7814, 59.664, 63.8185, 68.2613, 73.0151]",C:/Users/Madness/PycharmProjects/Crupto_Data_Joiner/Raw_Data_Spot/BYBIT_DOGEUSDT_SPOT_2021_2026.csv,1000.0,0.0018,0.1,False
0.029079,1016.967,384.6303,29.8841,100.0,1016966970340.1338,4352,548.9,267856.0,31,1.35,0.98,6.9,back_heavy,3.92,60.59,linear_increase,"[0.98, 0.99, 1.01, 1.04, 1.09, 1.14, 1.22, 1.3, 1.4, 1.51, 1.64, 1.78, 1.93, 2.09, 2.27, 2.46, 2.66, 2.88, 3.11, 3.35, 3.61, 3.88, 4.16, 4.46, 4.77, 5.09, 5.43, 5.78, 6.14, 6.51, 6.9]","[3.9232, 5.8124, 7.7016, 9.5909, 11.4801, 13.3693, 15.2585, 17.1477, 19.0336, 20.9228, 22.812, 24.7012, 26.5904, 28.4796, 30.3689, 32.2581, 34.1473, 36.0365, 37.9257, 39.8149, 41.7041, 43.5933, 45.4825, 47.3684, 49.2576, 51.1469, 53.0361, 54.9253, 56.8145, 58.7037, 60.5929]",C:/Users/Madness/PycharmProjects/Crupto_Data_Joiner/Raw_Data_Spot/BYBIT_DOGEUSDT_SPOT_2021_2026.csv,1000.0,0.0018,0.1,False
0.02891,1010.8388,435.2513,35.2804,100.0,1010838789176.5063,1923,1241.8,267824.0,32,1.2,1.69,2.81,front_heavy,31.21,31.29,linear_increase,"[2.81, 2.77, 2.74, 2.7, 2.67, 2.63, 2.59, 2.56, 2.52, 2.48, 2.45, 2.41, 2.38, 2.34, 2.3, 2.27, 2.23, 2.2, 2.16, 2.12, 2.09, 2.05, 2.02, 1.98, 1.94, 1.91, 1.87, 1.83, 1.8, 1.76, 1.73, 1.69]","[31.2089, 31.2089, 31.218, 31.218, 31.218, 31.218, 31.2272, 31.2272, 31.2272, 31.2363, 31.2363, 31.2363, 31.2363, 31.2454, 31.2454, 31.2454, 31.2546, 31.2546, 31.2546, 31.2637, 31.2637, 31.2637, 31.2637, 31.2728, 31.2728, 31.2728, 31.282, 31.282, 31.282, 31.282, 31.2911, 31.2911]",C:/Users/Madness/PycharmProjects/Crupto_Data_Joiner/Raw_Data_Spot/BYBIT_DOGEUSDT_SPOT_2021_2026.csv,1000.0,0.0018,0.1,False
0.028774,68.8801,46.7615,16.6044,100.0,68880109039.9743,1573,1518.1,69014.0,33,1.85,4.78,7.69,geometric,1.07,59.53,linear_increase,"[4.78, 4.85, 4.92, 5.0, 5.07, 5.15, 5.23, 5.3, 5.38, 5.46, 5.55, 5.63, 5.71, 5.8, 5.89, 5.97, 6.06, 6.15, 6.25, 6.34, 6.43, 6.53, 6.63, 6.73, 6.83, 6.93, 7.03, 7.14, 7.25, 7.35, 7.46, 7.58, 7.69]","[1.0719, 2.8992, 4.7256, 6.5529, 8.3793, 10.2066, 12.0338, 13.8602, 15.6875, 17.5147, 19.3412, 21.1684, 22.9957, 24.8221, 26.6494, 28.4758, 30.303, 32.1303, 33.9567, 35.784, 37.6104, 39.4376, 41.2649, 43.0913, 44.9186, 46.7458, 48.5723, 50.3995, 52.2268, 54.0532, 55.8804, 57.7069, 59.5341]",C:/Users/Madness/PycharmProjects/Crupto_Data_Joiner/Raw_Data_Spot/BYBIT_DOGEUSDT_SPOT_2021_2026.csv,1000.0,0.0018,0.1,False
0.028736,1004.9994,284.2061,29.1641,100.0,1004999411713.8688,1489,1604.1,267857.0,32,1.85,1.46,5.4,linear,14.86,56.28,geometric_increase,"[1.46, 1.59, 1.71, 1.84, 1.97, 2.1, 2.22, 2.35, 2.48, 2.6, 2.73, 2.86, 2.99, 3.11, 3.24, 3.37, 3.49, 3.62, 3.75, 3.87, 4.0, 4.13, 4.26, 4.38, 4.51, 4.64, 4.76, 4.89, 5.02, 5.15, 5.27, 5.4]","[14.8615, 15.5131, 16.1959, 16.9067, 17.6487, 18.4218, 19.2293, 20.0741, 20.9564, 21.8761, 22.8363, 23.8371, 24.8846, 25.9757, 27.1168, 28.3077, 29.5485, 30.8454, 32.1984, 33.6138, 35.0884, 36.6285, 38.2372, 39.9145, 41.6665, 43.4934, 45.4045, 47.3967, 49.4761, 51.649, 53.9155, 56.2818]",C:/Users/Madness/PycharmProjects/Crupto_Data_Joiner/Raw_Data_Spot/BYBIT_DOGEUSDT_SPOT_2021_2026.csv,1000.0,0.0018,0.1,False
0.028686,1008.9049,200.3649,15.4935,100.0,1008904860210.325,219,10450.2,268616.0,33,6.5,1.92,5.56,front_heavy,30.3,30.3,flat,"[5.56, 5.45, 5.33, 5.22, 5.1, 4.99, 4.88, 4.76, 4.65, 4.54, 4.42, 4.31, 4.2, 4.08, 3.97, 3.85, 3.74, 3.63, 3.51, 3.4, 3.28, 3.17, 3.06, 2.94, 2.83, 2.72, 2.6, 2.49, 2.38, 2.26, 2.15, 2.03, 1.92]","[30.303, 30.303, 30.303, 30.303, 30.303, 30.303, 30.303, 30.303, 30.303, 30.303, 30.303, 30.303, 30.303, 30.303, 30.303, 30.303, 30.303, 30.303, 30.303, 30.303, 30.303, 30.303, 30.303, 30.303, 30.303, 30.303, 30.303, 30.303, 30.303, 30.303, 30.303, 30.303, 30.303]",C:/Users/Madness/PycharmProjects/Crupto_Data_Joiner/Raw_Data_Spot/BYBIT_DOGEUSDT_SPOT_2021_2026.csv,1000.0,0.0018,0.1,False
0.028634,366.565,143.0171,17.9411,100.0,366564990442.2264,797,2996.2,161488.0,34,2.7,2.34,3.96,random,7.65,73.37,geometric_increase,"[3.46, 3.44, 2.46, 3.48, 3.47, 2.76, 2.66, 3.65, 3.53, 3.47, 3.93, 2.8, 2.94, 3.55, 2.99, 2.37, 3.62, 2.59, 3.52, 3.77, 3.26, 2.58, 2.81, 2.57, 3.71, 3.6, 3.74, 3.66, 3.81, 2.35, 2.82, 3.32, 3.08, 2.66]","[7.6456, 8.1882, 8.7686, 9.3903, 10.0565, 10.7699, 11.5337, 12.3521, 13.2278, 14.1666, 15.171, 16.2477, 17.4002, 18.6342, 19.9557, 21.3715, 22.8873, 24.51, 26.2487, 28.1103, 30.1048, 32.2397, 34.527, 36.9757, 39.5985, 42.4073, 45.4146, 48.6364, 52.0861, 55.7807, 59.7368, 63.9739, 68.5114, 73.371]",C:/Users/Madness/PycharmProjects/Crupto_Data_Joiner/Raw_Data_Spot/BYBIT_DOGEUSDT_SPOT_2021_2026.csv,1000.0,0.0018,0.1,False
0.028501,364.163,274.1894,32.9662,100.0,364162998832.7788,2391,999.0,161332.0,30,0.95,2.34,5.48,random,13.38,53.29,pyramid,"[4.51, 4.58, 2.87, 2.71, 4.38, 3.7, 3.69, 3.98, 2.5, 3.21, 4.88, 2.85, 3.84, 4.4, 3.45, 4.82, 4.43, 4.27, 3.59, 3.91, 2.42, 3.27, 5.26, 3.66, 3.62, 4.03, 4.52, 3.45, 3.09, 3.08]","[13.3804, 16.0412, 18.7004, 21.3612, 24.0221, 26.6829, 29.3421, 32.0029, 34.6638, 37.3246, 39.9838, 42.6446, 45.3055, 47.9663, 50.6255, 53.2863, 50.6255, 47.9663, 45.3055, 42.6446, 39.9838, 37.3246, 34.6638, 32.0029, 29.3421, 26.6829, 24.0221, 21.3612, 18.7004, 16.0412]",C:/Users/Madness/PycharmProjects/Crupto_Data_Joiner/Raw_Data_Spot/BYBIT_DOGEUSDT_SPOT_2021_2026.csv,1000.0,0.0018,0.1,False
0.028467,363.9837,143.6697,25.935,100.0,363983738741.112,924,2584.4,161390.0,34,1.85,5.07,6.27,linear,15.13,43.69,pyramid,"[5.07, 5.11, 5.14, 5.18, 5.22, 5.25, 5.29, 5.32, 5.36, 5.4, 5.43, 5.47, 5.51, 5.54, 5.58, 5.62, 5.65, 5.69, 5.72, 5.76, 5.8, 5.83, 5.87, 5.91, 5.94, 5.98, 6.02, 6.05, 6.09, 6.12, 6.16, 6.2, 6.23, 6.27]","[15.1319, 16.8119, 18.4919, 20.1719, 21.8518, 23.5318, 25.2118, 26.8918, 28.5718, 30.2518, 31.9317, 33.6117, 35.2917, 36.9717, 38.6517, 40.3316, 42.0116, 43.6916, 42.0116, 40.3316, 38.6517, 36.9717, 35.2917, 33.6117, 31.9317, 30.2518, 28.5718, 26.8918, 25.2118, 23.5318, 21.8518, 20.1719, 18.4919, 16.8119]",C:/Users/Madness/PycharmProjects/Crupto_Data_Joiner/Raw_Data_Spot/BYBIT_DOGEUSDT_SPOT_2021_2026.csv,1000.0,0.0018,0.1,False
0.028229,987.2581,363.5629,39.1011,100.0,987258103319.9296,1963,1216.9,267855.0,32,1.15,2.51,3.78,linear,31.25,31.25,flat,"[2.51, 2.55, 2.59, 2.63, 2.67, 2.71, 2.76, 2.8, 2.84, 2.88, 2.92, 2.96, 3.0, 3.04, 3.08, 3.12, 3.17, 3.21, 3.25, 3.29, 3.33, 3.37, 3.41, 3.45, 3.49, 3.53, 3.58, 3.62, 3.66, 3.7, 3.74, 3.78]","[31.25, 31.25, 31.25, 31.25, 31.25, 31.25, 31.25, 31.25, 31.25, 31.25, 31.25, 31.25, 31.25, 31.25, 31.25, 31.25, 31.25, 31.25, 31.25, 31.25, 31.25, 31.25, 31.25, 31.25, 31.25, 31.25, 31.25, 31.25, 31.25, 31.25, 31.25, 31.25]",C:/Users/Madness/PycharmProjects/Crupto_Data_Joiner/Raw_Data_Spot/BYBIT_DOGEUSDT_SPOT_2021_2026.csv,1000.0,0.0018,0.1,False
0.028136,359.5883,256.3889,87.7494,100.0,359588313460.012,2716,879.4,161351.0,33,0.45,3.02,4.29,random,3.01,52.56,random,"[3.1, 3.58, 3.81, 3.47, 3.92, 3.08, 4.06, 3.04, 3.48, 4.2, 3.36, 3.71, 3.26, 3.38, 4.26, 4.06, 3.69, 3.85, 4.09, 3.97, 3.92, 3.66, 3.38, 3.31, 4.08, 3.65, 3.35, 3.57, 3.36, 3.54, 3.64, 3.23, 3.41]","[43.2756, 20.5604, 11.5037, 3.5147, 47.2264, 44.2073, 6.035, 3.9462, 21.9935, 16.1257, 45.6994, 52.5565, 18.3965, 36.0991, 46.5455, 25.0327, 35.0586, 51.9183, 49.6365, 47.7084, 19.1921, 3.0139, 20.9491, 46.3673, 40.3926, 10.8623, 25.3618, 8.4891, 20.9899, 44.8694, 45.7603, 38.5649, 48.147]",C:/Users/Madness/PycharmProjects/Crupto_Data_Joiner/Raw_Data_Spot/BYBIT_DOGEUSDT_SPOT_2021_2026.csv,1000.0,0.0018,0.1,False
0.028059,358.6424,129.4293,7.8865,100.0,358642432112.7325,357,6691.0,161361.0,32,7.0,3.52,4.17,linear,0.83,61.67,linear_increase,"[3.52, 3.54, 3.56, 3.58, 3.6, 3.62, 3.65, 3.67, 3.69, 3.71, 3.73, 3.75, 3.77, 3.79, 3.81, 3.83, 3.86, 3.88, 3.9, 3.92, 3.94, 3.96, 3.98, 4.0, 4.02, 4.04, 4.07, 4.09, 4.11, 4.13, 4.15, 4.17]","[0.831, 2.793, 4.7549, 6.7193, 8.6813, 10.6433, 12.6052, 14.5696, 16.5316, 18.4936, 20.4555, 22.4175, 24.3819, 26.3439, 28.3058, 30.2678, 32.2322, 34.1942, 36.1561, 38.1181, 40.0825, 42.0445, 44.0064, 45.9684, 47.9304, 49.8948, 51.8567, 53.8187, 55.7807, 57.7451, 59.707, 61.669]",C:/Users/Madness/PycharmProjects/Crupto_Data_Joiner/Raw_Data_Spot/BYBIT_DOGEUSDT_SPOT_2021_2026.csv,1000.0,0.0018,0.1,False
0.028047,358.4905,165.6514,33.046,100.0,358490466992.8925,1661,1437.7,161360.0,34,1.25,3.16,4.08,random,12.96,55.55,geometric_increase,"[3.34, 3.39, 3.99, 3.22, 3.71, 3.68, 3.93, 3.29, 3.72, 3.67, 3.85, 3.39, 4.06, 3.65, 3.9, 3.62, 3.61, 3.37, 3.26, 3.24, 3.64, 3.88, 3.98, 3.62, 3.59, 3.56, 3.35, 3.54, 3.42, 3.34, 4.08, 3.23, 4.03, 3.79]","[12.9556, 13.5394, 14.1496, 14.7889, 15.4545, 16.1522, 16.882, 17.6439, 18.4379, 19.2699, 20.1398, 21.0477, 21.9965, 22.989, 24.0253, 25.1113, 26.241, 27.4263, 28.664, 29.9572, 31.3059, 32.7188, 34.196, 35.7373, 37.3487, 39.0331, 40.7934, 42.6326, 44.5563, 46.5677, 48.6666, 50.8619, 53.1564, 55.5531]",C:/Users/Madness/PycharmProjects/Crupto_Data_Joiner/Raw_Data_Spot/BYBIT_DOGEUSDT_SPOT_2021_2026.csv,1000.0,0.0018,0.1,False
0.027996,357.5907,152.292,24.7129,100.0,357590744150.8822,1246,1917.1,161306.0,31,1.8,3.51,4.48,back_heavy,9.71,74.89,geometric_increase,"[3.51, 3.51, 3.51, 3.52, 3.53, 3.54, 3.55, 3.56, 3.58, 3.6, 3.62, 3.64, 3.67, 3.69, 3.72, 3.75, 3.79, 3.82, 3.86, 3.9, 3.94, 3.99, 4.03, 4.08, 4.13, 4.18, 4.24, 4.3, 4.35, 4.42, 4.48]","[9.7144, 10.3991, 11.1306, 11.9146, 12.7538, 13.6538, 14.6145, 15.6442, 16.7484, 17.9271, 19.1915, 20.5414, 21.9907, 23.5394, 25.1985, 26.9735, 28.8728, 30.9073, 33.0827, 35.4154, 37.9109, 40.5804, 43.4403, 46.499, 49.7758, 53.2818, 57.0361, 61.0555, 65.3565, 69.9611, 74.8887]",C:/Users/Madness/PycharmProjects/Crupto_Data_Joiner/Raw_Data_Spot/BYBIT_DOGEUSDT_SPOT_2021_2026.csv,1000.0,0.0018,0.1,False
0.027875,974.894,319.7323,34.0452,100.0,974894045199.3732,1031,2316.7,267856.0,32,1.55,2.65,4.71,geometric,12.88,52.14,random,"[2.65, 2.7, 2.75, 2.8, 2.85, 2.91, 2.96, 3.02, 3.07, 3.13, 3.19, 3.25, 3.31, 3.37, 3.44, 3.5, 3.57, 3.63, 3.7, 3.77, 3.84, 3.91, 3.99, 4.06, 4.14, 4.21, 4.29, 4.37, 4.46, 4.54, 4.62, 4.71]","[43.616, 25.1466, 32.0683, 34.7668, 14.7122, 42.2897, 23.9038, 12.8825, 19.9567, 46.8007, 35.5867, 18.9527, 16.1564, 28.1471, 22.0367, 52.143, 28.8807, 42.3645, 37.6897, 38.2593, 18.8463, 14.2404, 33.5355, 32.2409, 43.4261, 26.0844, 28.8203, 20.7507, 47.0308, 35.1839, 41.91, 41.5705]",C:/Users/Madness/PycharmProjects/Crupto_Data_Joiner/Raw_Data_Spot/BYBIT_DOGEUSDT_SPOT_2021_2026.csv,1000.0,0.0018,0.1,False
0.027755,976.2666,206.3274,10.8511,100.0,976266612260.1724,224,9756.2,268630.0,30,8.5,2.66,9.14,back_heavy,5.77,60.9,linear_increase,"[2.66, 2.67, 2.69, 2.73, 2.78, 2.85, 2.94, 3.04, 3.15, 3.28, 3.43, 3.59, 3.77, 3.96, 4.17, 4.39, 4.63, 4.89, 5.16, 5.44, 5.74, 6.06, 6.39, 6.74, 7.1, 7.48, 7.87, 8.28, 8.7, 9.14]","[5.7659, 7.6673, 9.5688, 11.4702, 13.3717, 15.2707, 17.1722, 19.0736, 20.9751, 22.8765, 24.778, 26.6795, 28.5809, 30.4824, 32.3838, 34.2828, 36.1843, 38.0858, 39.9872, 41.8887, 43.7901, 45.6916, 47.593, 49.4945, 51.396, 53.295, 55.1964, 57.0979, 58.9993, 60.9008]",C:/Users/Madness/PycharmProjects/Crupto_Data_Joiner/Raw_Data_Spot/BYBIT_DOGEUSDT_SPOT_2021_2026.csv,1000.0,0.0018,0.1,False
0.027745,970.3177,437.5899,45.0087,100.0,970317668763.84,5920,403.5,267855.0,30,0.8,1.05,4.59,linear,0.5,58.43,random,"[1.05, 1.17, 1.29, 1.42, 1.54, 1.66, 1.78, 1.9, 2.03, 2.15, 2.27, 2.39, 2.51, 2.64, 2.76, 2.88, 3.0, 3.13, 3.25, 3.37, 3.49, 3.61, 3.74, 3.86, 3.98, 4.1, 4.22, 4.35, 4.47, 4.59]","[9.7951, 14.1388, 32.9505, 3.2779, 27.873, 36.2956, 22.3781, 7.7051, 46.1607, 11.9164, 0.5003, 51.1513, 33.9517, 53.7083, 52.0982, 33.839, 35.5048, 47.9154, 30.7939, 39.6917, 43.6946, 31.5074, 52.0595, 55.4257, 35.0785, 52.4165, 24.5313, 58.4267, 20.658, 34.5559]",C:/Users/Madness/PycharmProjects/Crupto_Data_Joiner/Raw_Data_Spot/BYBIT_DOGEUSDT_SPOT_2021_2026.csv,1000.0,0.0018,0.1,False
0.027591,76.4567,50.6519,35.5477,100.0,76456745222.7792,8086,296.0,74363.0,34,0.45,0.32,6.6,random,2.16,56.67,pyramid,"[2.18, 3.16, 3.92, 6.44, 4.95, 1.73, 5.81, 3.37, 4.49, 1.01, 2.54, 2.93, 4.19, 1.82, 4.16, 6.02, 5.06, 4.48, 3.96, 5.17, 5.1, 3.02, 2.73, 0.82, 4.03, 3.98, 5.3, 5.03, 3.33, 2.57, 6.44, 6.59, 5.69, 1.31]","[2.157, 5.363, 8.5705, 11.7765, 14.9825, 18.1885, 21.396, 24.602, 27.808, 31.0155, 34.2215, 37.4275, 40.6351, 43.841, 47.047, 50.253, 53.4606, 56.6665, 53.4606, 50.253, 47.047, 43.841, 40.6351, 37.4275, 34.2215, 31.0155, 27.808, 24.602, 21.396, 18.1885, 14.9825, 11.7765, 8.5705, 5.363]",C:/Users/Madness/PycharmProjects/Crupto_Data_Joiner/Raw_Data_Spot/BYBIT_DOGEUSDT_SPOT_2021_2026.csv,1000.0,0.0018,0.1,False
0.027473,354.4591,142.3862,7.9432,100.0,354459071738.9637,369,6448.1,162127.0,30,6.5,4.51,7.97,linear,1.11,65.55,pyramid,"[4.51, 4.63, 4.75, 4.87, 4.99, 5.11, 5.23, 5.35, 5.46, 5.58, 5.7, 5.82, 5.94, 6.06, 6.18, 6.3, 6.42, 6.54, 6.66, 6.78, 6.9, 7.02, 7.13, 7.25, 7.37, 7.49, 7.61, 7.73, 7.85, 7.97]","[1.1122, 5.408, 9.7038, 14.0013, 18.2971, 22.5929, 26.8887, 31.1846, 35.4821, 39.7779, 44.0737, 48.3695, 52.6653, 56.9629, 61.2587, 65.5545, 61.2587, 56.9629, 52.6653, 48.3695, 44.0737, 39.7779, 35.4821, 31.1846, 26.8887, 22.5929, 18.2971, 14.0013, 9.7038, 5.408]",C:/Users/Madness/PycharmProjects/Crupto_Data_Joiner/Raw_Data_Spot/BYBIT_DOGEUSDT_SPOT_2021_2026.csv,1000.0,0.0018,0.1,False
0.027275,155.9979,114.7787,36.7163,100.0,155997854843.3125,2345,1018.6,107463.0,31,0.75,3.03,8.15,random,2.63,68.21,random,"[5.01, 7.41, 6.1, 7.34, 7.25, 5.07, 7.05, 5.8, 4.26, 7.39, 7.55, 4.58, 5.58, 5.42, 3.68, 5.44, 5.88, 3.99, 3.38, 5.73, 7.27, 3.52, 6.9, 3.27, 7.58, 3.91, 7.3, 6.35, 3.53, 7.91, 5.28]","[8.9407, 16.039, 15.2626, 46.569, 18.1228, 23.8914, 55.6613, 28.2663, 68.2065, 2.6348, 52.4313, 54.3661, 33.5185, 3.7648, 57.9497, 23.767, 14.0992, 38.3924, 18.3989, 44.0427, 9.3818, 40.2225, 53.1719, 52.5668, 23.8076, 11.9316, 39.2058, 5.8117, 25.4442, 56.9429, 57.1881]",C:/Users/Madness/PycharmProjects/Crupto_Data_Joiner/Raw_Data_Spot/BYBIT_DOGEUSDT_SPOT_2021_2026.csv,1000.0,0.0018,0.1,False
0.027177,336.9752,191.411,16.2719,100.0,336975151686.2801,1058,2256.6,158908.0,31,2.3,4.39,5.86,back_heavy,6.52,59.72,pyramid,"[4.39, 4.39, 4.4, 4.4, 4.42, 4.43, 4.45, 4.47, 4.49, 4.52, 4.55, 4.59, 4.63, 4.67, 4.71, 4.76, 4.81, 4.86, 4.92, 4.98, 5.04, 5.11, 5.18, 5.25, 5.33, 5.41, 5.49, 5.58, 5.67, 5.76, 5.86]","[6.5162, 10.0615, 13.6108, 17.1562, 20.7015, 24.2508, 27.7961, 31.3415, 34.8908, 38.4361, 41.9815, 45.5307, 49.0761, 52.6214, 56.1707, 59.7161, 56.1707, 52.6214, 49.0761, 45.5307, 41.9815, 38.4361, 34.8908, 31.3415, 27.7961, 24.2508, 20.7015, 17.1562, 13.6108, 10.0615, 6.5162]",C:/Users/Madness/PycharmProjects/Crupto_Data_Joiner/Raw_Data_Spot/BYBIT_DOGEUSDT_SPOT_2021_2026.csv,1000.0,0.0018,0.1,False
0.027158,583.5797,135.3282,10.156,100.0,583579668600.8887,206,10609.6,209648.0,31,8.5,0.82,5.73,random,6.38,90.44,geometric_increase,"[2.28, 2.79, 4.95, 3.51, 3.43, 4.95, 2.09, 5.41, 3.02, 2.24, 4.68, 3.18, 5.36, 4.23, 4.75, 1.8, 1.52, 3.47, 1.46, 2.81, 1.33, 5.05, 1.38, 3.97, 2.04, 2.31, 4.77, 1.73, 4.72, 3.07, 3.64]","[6.3781, 6.9677, 7.6108, 8.3146, 9.0836, 9.9225, 10.8407, 11.8427, 12.9356, 14.1311, 15.4384, 16.8645, 18.4235, 20.1247, 21.9843, 24.0163, 26.2371, 28.6606, 31.3102, 34.2045, 37.3644, 40.8179, 44.5907, 48.7107, 53.2129, 58.1299, 63.5036, 69.3714, 75.7821, 82.7871, 90.4375]",C:/Users/Madness/PycharmProjects/Crupto_Data_Joiner/Raw_Data_Spot/BYBIT_DOGEUSDT_SPOT_2021_2026.csv,1000.0,0.0018,0.1,False
0.026978,334.4743,119.39,8.4315,100.0,334474304337.9754,334,7124.1,158899.0,33,6.5,5.05,6.6,geometric,2.48,59.86,pyramid,"[5.05, 5.09, 5.14, 5.18, 5.22, 5.27, 5.31, 5.35, 5.4, 5.44, 5.49, 5.54, 5.58, 5.63, 5.68, 5.73, 5.77, 5.82, 5.87, 5.92, 5.97, 6.02, 6.07, 6.12, 6.17, 6.22, 6.28, 6.33, 6.38, 6.44, 6.49, 6.55, 6.6]","[2.4805, 6.0652, 9.654, 13.2387, 16.8274, 20.4121, 24.0009, 27.5856, 31.1744, 34.7591, 38.3438, 41.9326, 45.5173, 49.1061, 52.6908, 56.2795, 59.8642, 56.2795, 52.6908, 49.1061, 45.5173, 41.9326, 38.3438, 34.7591, 31.1744, 27.5856, 24.0009, 20.4121, 16.8274, 13.2387, 9.654, 6.0652, 2.4805]",C:/Users/Madness/PycharmProjects/Crupto_Data_Joiner/Raw_Data_Spot/BYBIT_DOGEUSDT_SPOT_2021_2026.csv,1000.0,0.0018,0.1,False
0.026962,942.9468,533.041,39.7066,100.0,942946794427.2664,2711,881.1,267854.0,32,0.9,0.69,2.73,front_heavy,31.25,31.25,flat,"[2.73, 2.66, 2.6, 2.53, 2.47, 2.4, 2.34, 2.27, 2.2, 2.14, 2.07, 2.01, 1.94, 1.87, 1.81, 1.74, 1.68, 1.61, 1.55, 1.48, 1.41, 1.35, 1.28, 1.22, 1.15, 1.08, 1.02, 0.95, 0.89, 0.82, 0.76, 0.69]","[31.25, 31.25, 31.25, 31.25, 31.25, 31.25, 31.25, 31.25, 31.25, 31.25, 31.25, 31.25, 31.25, 31.25, 31.25, 31.25, 31.25, 31.25, 31.25, 31.25, 31.25, 31.25, 31.25, 31.25, 31.25, 31.25, 31.25, 31.25, 31.25, 31.25, 31.25, 31.25]",C:/Users/Madness/PycharmProjects/Crupto_Data_Joiner/Raw_Data_Spot/BYBIT_DOGEUSDT_SPOT_2021_2026.csv,1000.0,0.0018,0.1,False
0.026948,334.1378,369.5997,20.7683,100.0,334137838047.3086,5194,459.9,158907.0,35,1.05,1.65,2.75,geometric,2.27,54.88,linear_increase,"[1.65, 1.67, 1.7, 1.73, 1.75, 1.78, 1.81, 1.83, 1.86, 1.89, 1.92, 1.95, 1.98, 2.01, 2.04, 2.07, 2.1, 2.13, 2.16, 2.2, 2.23, 2.26, 2.3, 2.33, 2.37, 2.4, 2.44, 2.48, 2.51, 2.55, 2.59, 2.63, 2.67, 2.71, 2.75]","[2.2675, 3.8144, 5.3622, 6.9091, 8.457, 10.0039, 11.5508, 13.0986, 14.6455, 16.1934, 17.7403, 19.2882, 20.835, 22.3819, 23.9298, 25.4767, 27.0246, 28.5714, 30.1183, 31.6662, 33.2131, 34.7609, 36.3078, 37.8547, 39.4026, 40.9495, 42.4973, 44.0442, 45.5921, 47.139, 48.6859, 50.2337, 51.7806, 53.3285, 54.8754]",C:/Users/Madness/PycharmProjects/Crupto_Data_Joiner/Raw_Data_Spot/BYBIT_DOGEUSDT_SPOT_2021_2026.csv,1000.0,0.0018,0.1,False
0.026877,945.0454,200.5891,12.4412,100.0,945045410534.2266,262,8952.6,268583.0,31,7.0,2.31,4.57,linear,8.66,79.12,geometric_increase,"[2.31, 2.39, 2.46, 2.54, 2.61, 2.69, 2.76, 2.84, 2.91, 2.99, 3.06, 3.14, 3.21, 3.29, 3.36, 3.44, 3.52, 3.59, 3.67, 3.74, 3.82, 3.89, 3.97, 4.04, 4.12, 4.19, 4.27, 4.34, 4.42, 4.49, 4.57]","[8.664, 9.3265, 10.0406, 10.8087, 11.6351, 12.5266, 13.4856, 14.5163, 15.628, 16.8227, 18.1095, 19.4951, 20.9863, 22.592, 24.3212, 26.1829, 28.1861, 30.342, 32.664, 35.1635, 37.8539, 40.7509, 43.8679, 47.2253, 50.8387, 54.7283, 58.9143, 63.4237, 68.2767, 73.5003, 79.1235]",C:/Users/Madness/PycharmProjects/Crupto_Data_Joiner/Raw_Data_Spot/BYBIT_DOGEUSDT_SPOT_2021_2026.csv,1000.0,0.0018,0.1,False
0.0267,331.0311,141.8538,22.8381,100.0,331031076617.5192,1209,1975.6,158901.0,35,2.0,2.21,4.14,random,7.22,72.24,geometric_increase,"[2.22, 3.71, 3.04, 2.97, 2.71, 3.76, 4.01, 3.56, 2.46, 3.94, 2.53, 3.67, 2.44, 2.69, 3.49, 3.47, 3.58, 2.25, 3.8, 3.14, 2.41, 3.75, 3.19, 4.01, 3.93, 2.58, 3.78, 3.92, 2.57, 3.24, 3.88, 2.4, 2.67, 3.9, 3.48]","[7.2206, 7.7243, 8.2654, 8.8438, 9.4595, 10.1312, 10.8402, 11.6051, 12.4074, 13.2843, 14.2172, 15.2061, 16.2696, 17.4263, 18.6391, 19.9451, 21.3445, 22.8371, 24.4417, 26.1582, 27.9866, 29.9457, 32.054, 34.293, 36.6998, 39.2746, 42.0173, 44.9652, 48.1184, 51.4954, 55.0964, 58.9585, 63.0819, 67.5038, 72.2428]",C:/Users/Madness/PycharmProjects/Crupto_Data_Joiner/Raw_Data_Spot/BYBIT_DOGEUSDT_SPOT_2021_2026.csv,1000.0,0.0018,0.1,False
0.02661,329.8795,230.2574,41.5227,100.0,329879472391.548,2816,848.2,158891.0,31,0.8,2.15,3.54,front_heavy,13.55,62.63,geometric_increase,"[3.54, 3.49, 3.45, 3.4, 3.35, 3.31, 3.26, 3.22, 3.17, 3.12, 3.08, 3.03, 2.98, 2.94, 2.89, 2.84, 2.8, 2.75, 2.71, 2.66, 2.61, 2.57, 2.52, 2.47, 2.43, 2.38, 2.34, 2.29, 2.24, 2.2, 2.15]","[13.5452, 14.2532, 15.0004, 15.7867, 16.6122, 17.4829, 18.3987, 19.3628, 20.3751, 21.4446, 22.5653, 23.7463, 24.9906, 26.3011, 27.6779, 29.1271, 30.6515, 32.2573, 33.9474, 35.7249, 37.5958, 39.5632, 41.6359, 43.8141, 46.1098, 48.523, 51.0658, 53.738, 56.5549, 59.5165, 62.6316]",C:/Users/Madness/PycharmProjects/Crupto_Data_Joiner/Raw_Data_Spot/BYBIT_DOGEUSDT_SPOT_2021_2026.csv,1000.0,0.0018,0.1,False
0.026501,929.1859,562.8163,28.6653,100.0,929185892764.7046,3368,709.2,268200.0,31,1.1,1.28,2.14,front_heavy,13.88,51.87,pyramid,"[2.14, 2.11, 2.08, 2.05, 2.03, 2.0, 1.97, 1.94, 1.91, 1.88, 1.85, 1.82, 1.8, 1.77, 1.74, 1.71, 1.68, 1.65, 1.62, 1.6, 1.57, 1.54, 1.51, 1.48, 1.45, 1.42, 1.39, 1.37, 1.34, 1.31, 1.28]","[13.8763, 16.4071, 18.9423, 21.4732, 24.0084, 26.5393, 29.0701, 31.6054, 34.1362, 36.6714, 39.2023, 41.7332, 44.2684, 46.7992, 49.3345, 51.8653, 49.3345, 46.7992, 44.2684, 41.7332, 39.2023, 36.6714, 34.1362, 31.6054, 29.0701, 26.5393, 24.0084, 21.4732, 18.9423, 16.4071, 13.8763]",C:/Users/Madness/PycharmProjects/Crupto_Data_Joiner/Raw_Data_Spot/BYBIT_DOGEUSDT_SPOT_2021_2026.csv,1000.0,0.0018,0.1,False
0.026471,339.4968,143.2708,17.622,100.0,339496836704.5901,948,2518.5,161638.0,34,2.5,3.34,7.54,back_heavy,6.19,52.64,linear_increase,"[3.34, 3.34, 3.36, 3.37, 3.4, 3.44, 3.48, 3.53, 3.59, 3.65, 3.73, 3.81, 3.9, 3.99, 4.1, 4.21, 4.33, 4.45, 4.59, 4.73, 4.88, 5.04, 5.21, 5.38, 5.56, 5.75, 5.95, 6.15, 6.36, 6.58, 6.81, 7.05, 7.29, 7.54]","[6.1851, 7.5926, 9.0001, 10.4084, 11.8159, 13.2234, 14.6309, 16.0391, 17.4466, 18.8541, 20.2616, 21.6698, 23.0773, 24.4848, 25.8923, 27.3005, 28.708, 30.1155, 31.523, 32.9312, 34.3387, 35.7462, 37.1537, 38.5619, 39.9694, 41.377, 42.7845, 44.1927, 45.6002, 47.0077, 48.4152, 49.8234, 51.2309, 52.6384]",C:/Users/Madness/PycharmProjects/Crupto_Data_Joiner/Raw_Data_Spot/BYBIT_DOGEUSDT_SPOT_2021_2026.csv,1000.0,0.0018,0.1,False
0.02623,917.3584,448.6995,30.1795,100.0,917358404114.7938,4720,506.4,267857.0,34,1.15,1.25,6.91,geometric,5.9,52.92,pyramid,"[1.25, 1.32, 1.39, 1.46, 1.54, 1.62, 1.71, 1.8, 1.89, 1.99, 2.1, 2.21, 2.33, 2.45, 2.58, 2.72, 2.86, 3.02, 3.18, 3.35, 3.52, 3.71, 3.91, 4.12, 4.33, 4.57, 4.81, 5.06, 5.33, 5.62, 5.92, 6.23, 6.56, 6.91]","[5.9, 8.6667, 11.4321, 14.1988, 16.9642, 19.7309, 22.4963, 25.263, 28.0284, 30.7951, 33.5605, 36.3272, 39.0926, 41.8593, 44.6247, 47.3914, 50.1568, 52.9235, 50.1568, 47.3914, 44.6247, 41.8593, 39.0926, 36.3272, 33.5605, 30.7951, 28.0284, 25.263, 22.4963, 19.7309, 16.9642, 14.1988, 11.4321, 8.6667]",C:/Users/Madness/PycharmProjects/Crupto_Data_Joiner/Raw_Data_Spot/BYBIT_DOGEUSDT_SPOT_2021_2026.csv,1000.0,0.0018,0.1,False
0.026151,914.5766,362.9697,49.2374,100.0,914576576111.7108,2539,940.7,267855.0,28,0.85,2.38,5.53,linear,35.71,35.71,flat,"[2.38, 2.5, 2.61, 2.73, 2.85, 2.96, 3.08, 3.2, 3.31, 3.43, 3.55, 3.66, 3.78, 3.9, 4.01, 4.13, 4.25, 4.36, 4.48, 4.6, 4.71, 4.83, 4.95, 5.06, 5.18, 5.3, 5.41, 5.53]","[35.7143, 35.7143, 35.7143, 35.7143, 35.7143, 35.7143, 35.7143, 35.7143, 35.7143, 35.7143, 35.7143, 35.7143, 35.7143, 35.7143, 35.7143, 35.7143, 35.7143, 35.7143, 35.7143, 35.7143, 35.7143, 35.7143, 35.7143, 35.7143, 35.7143, 35.7143, 35.7143, 35.7143]",C:/Users/Madness/PycharmProjects/Crupto_Data_Joiner/Raw_Data_Spot/BYBIT_DOGEUSDT_SPOT_2021_2026.csv,1000.0,0.0018,0.1,False
0.026141,333.8771,244.1654,54.4673,100.0,333877068272.3332,3182,750.6,161299.0,32,0.6,1.45,5.6,random,19.27,47.22,geometric_increase,"[1.85, 4.29, 4.88, 3.69, 3.13, 2.22, 4.89, 4.33, 5.43, 3.08, 2.24, 3.37, 2.44, 1.94, 2.76, 3.4, 1.75, 2.35, 5.44, 2.37, 2.3, 1.86, 2.49, 2.87, 3.69, 1.78, 3.26, 2.21, 2.24, 4.76, 3.32, 1.84]","[19.2671, 19.8337, 20.4141, 21.0132, 21.6308, 22.2624, 22.9171, 23.5905, 24.2824, 24.9929, 25.7266, 26.4836, 27.2591, 28.0578, 28.8844, 29.7296, 30.6026, 31.4989, 32.423, 33.375, 34.3548, 35.3625, 36.4027, 37.4708, 38.5667, 39.6998, 40.8654, 42.0635, 43.2988, 44.5712, 45.8761, 47.2228]",C:/Users/Madness/PycharmProjects/Crupto_Data_Joiner/Raw_Data_Spot/BYBIT_DOGEUSDT_SPOT_2021_2026.csv,1000.0,0.0018,0.1,False
0.026049,332.7269,159.438,28.8696,100.0,332726917066.1164,1825,1308.5,161306.0,35,1.4,2.77,4.16,geometric,8.21,67.99,geometric_increase,"[2.77, 2.8, 2.84, 2.87, 2.91, 2.94, 2.98, 3.01, 3.05, 3.08, 3.12, 3.16, 3.2, 3.24, 3.27, 3.31, 3.35, 3.39, 3.44, 3.48, 3.52, 3.56, 3.6, 3.65, 3.69, 3.74, 3.78, 3.83, 3.87, 3.92, 3.97, 4.01, 4.06, 4.11, 4.16]","[8.2141, 8.7404, 9.3003, 9.8985, 10.5326, 11.2073, 11.9275, 12.6931, 13.5067, 14.3728, 15.294, 16.275, 17.3182, 18.4284, 19.6104, 20.8689, 22.2064, 23.6325, 25.147, 26.7597, 28.4752, 30.3032, 32.2461, 34.3134, 36.5146, 38.8571, 41.3478, 44.0013, 46.8223, 49.8251, 53.0217, 56.4217, 60.0394, 63.8892, 67.9879]",C:/Users/Madness/PycharmProjects/Crupto_Data_Joiner/Raw_Data_Spot/BYBIT_DOGEUSDT_SPOT_2021_2026.csv,1000.0,0.0018,0.1,False
0.025938,1443.6971,596.6195,23.9885,100.0,1443697119162.7502,2356,1013.8,338290.0,29,1.55,1.3,1.73,back_heavy,12.63,56.34,linear_increase,"[1.3, 1.3, 1.3, 1.3, 1.31, 1.31, 1.32, 1.33, 1.34, 1.34, 1.35, 1.37, 1.38, 1.39, 1.41, 1.42, 1.44, 1.46, 1.48, 1.5, 1.52, 1.54, 1.57, 1.59, 1.62, 1.64, 1.67, 1.7, 1.73]","[12.6281, 14.1905, 15.7528, 17.309, 18.8714, 20.4338, 21.9961, 23.5585, 25.1147, 26.6771, 28.2394, 29.8018, 31.358, 32.9204, 34.4828, 36.0451, 37.6075, 39.1637, 40.7261, 42.2884, 43.8508, 45.407, 46.9694, 48.5317, 50.0941, 51.6565, 53.2127, 54.7751, 56.3374]",C:/Users/Madness/PycharmProjects/Crupto_Data_Joiner/Raw_Data_Spot/BYBIT_DOGEUSDT_SPOT_2021_2026.csv,1000.0,0.0018,0.1,False
0.02592,911.6227,204.5455,15.725,100.0,911622654588.8638,256,8939.9,268616.0,35,5.5,2.74,4.98,front_heavy,28.57,28.57,flat,"[4.98, 4.91, 4.85, 4.78, 4.72, 4.65, 4.58, 4.52, 4.45, 4.39, 4.32, 4.26, 4.19, 4.12, 4.06, 3.99, 3.93, 3.86, 3.79, 3.73, 3.66, 3.6, 3.53, 3.46, 3.4, 3.33, 3.27, 3.2, 3.14, 3.07, 3.0, 2.94, 2.87, 2.81, 2.74]","[28.5714, 28.5714, 28.5714, 28.5714, 28.5714, 28.5714, 28.5714, 28.5714, 28.5714, 28.5714, 28.5714, 28.5714, 28.5714, 28.5714, 28.5714, 28.5714, 28.5714, 28.5714, 28.5714, 28.5714, 28.5714, 28.5714, 28.5714, 28.5714, 28.5714, 28.5714, 28.5714, 28.5714, 28.5714, 28.5714, 28.5714, 28.5714, 28.5714, 28.5714, 28.5714]",C:/Users/Madness/PycharmProjects/Crupto_Data_Joiner/Raw_Data_Spot/BYBIT_DOGEUSDT_SPOT_2021_2026.csv,1000.0,0.0018,0.1,False
0.025899,905.7785,287.8151,32.6098,100.0,905778455721.2231,1243,1920.8,267855.0,33,1.55,2.68,6.31,linear,30.3,30.3,flat,"[2.68, 2.79, 2.91, 3.02, 3.13, 3.25, 3.36, 3.47, 3.59, 3.7, 3.81, 3.93, 4.04, 4.15, 4.27, 4.38, 4.5, 4.61, 4.72, 4.84, 4.95, 5.06, 5.18, 5.29, 5.4, 5.52, 5.63, 5.74, 5.86, 5.97, 6.08, 6.2, 6.31]","[30.303, 30.303, 30.303, 30.303, 30.303, 30.303, 30.303, 30.303, 30.303, 30.303, 30.303, 30.303, 30.303, 30.303, 30.303, 30.303, 30.303, 30.303, 30.303, 30.303, 30.303, 30.303, 30.303, 30.303, 30.303, 30.303, 30.303, 30.303, 30.303, 30.303, 30.303, 30.303, 30.303]",C:/Users/Madness/PycharmProjects/Crupto_Data_Joiner/Raw_Data_Spot/BYBIT_DOGEUSDT_SPOT_2021_2026.csv,1000.0,0.0018,0.1,False
0.025778,38.842,324.87,78.1381,100.0,38842008804.1904,15438,154.8,54457.0,32,0.2,1.67,1.91,geometric,9.49,72.3,geometric_increase,"[1.67, 1.68, 1.68, 1.69, 1.7, 1.71, 1.71, 1.72, 1.73, 1.74, 1.74, 1.75, 1.76, 1.77, 1.77, 1.78, 1.79, 1.8, 1.81, 1.81, 1.82, 1.83, 1.84, 1.84, 1.85, 1.86, 1.87, 1.88, 1.89, 1.89, 1.9, 1.91]","[9.4862, 10.1263, 10.8189, 11.543, 12.33, 13.159, 14.051, 15.0059, 16.0238, 17.1046, 18.2694, 19.4971, 20.8193, 22.236, 23.7366, 25.3421, 27.063, 28.8889, 30.8512, 32.9395, 35.1641, 37.5462, 40.0961, 42.8035, 45.7102, 48.8058, 52.1008, 55.6372, 59.4044, 63.4234, 67.7153, 72.301]",C:/Users/Madness/PycharmProjects/Crupto_Data_Joiner/Raw_Data_Spot/BYBIT_DOGEUSDT_SPOT_2021_2026.csv,1000.0,0.0018,0.1,False
0.025554,326.5166,221.7467,16.9296,100.0,326516594719.863,2576,926.9,161333.0,35,1.85,2.06,6.14,back_heavy,1.62,55.52,linear_increase,"[2.06, 2.06, 2.07, 2.09, 2.12, 2.15, 2.19, 2.23, 2.29, 2.35, 2.41, 2.49, 2.57, 2.66, 2.75, 2.85, 2.96, 3.08, 3.2, 3.33, 3.47, 3.62, 3.77, 3.93, 4.09, 4.27, 4.45, 4.63, 4.83, 5.03, 5.24, 5.45, 5.67, 5.9, 6.14]","[1.6248, 3.2096, 4.7943, 6.3808, 7.9655, 9.5503, 11.135, 12.7197, 14.3062, 15.8909, 17.4757, 19.0604, 20.6452, 22.2316, 23.8164, 25.4011, 26.9858, 28.5706, 30.1571, 31.7418, 33.3265, 34.9113, 36.4978, 38.0825, 39.6672, 41.252, 42.8367, 44.4232, 46.0079, 47.5926, 49.1774, 50.7621, 52.3486, 53.9333, 55.5181]",C:/Users/Madness/PycharmProjects/Crupto_Data_Joiner/Raw_Data_Spot/BYBIT_DOGEUSDT_SPOT_2021_2026.csv,1000.0,0.0018,0.1,False
0.025546,893.4092,510.8574,29.7621,100.0,893409227617.6392,3432,696.0,267852.0,34,1.15,0.31,3.32,random,8.26,53.53,random,"[2.31, 1.53, 2.21, 2.97, 1.03, 2.66, 2.04, 2.58, 2.96, 2.49, 2.53, 2.33, 1.24, 3.12, 2.49, 0.52, 0.68, 0.52, 1.5, 1.56, 1.8, 1.83, 1.62, 1.19, 0.43, 1.14, 0.46, 1.94, 3.06, 1.03, 0.92, 2.44, 1.01, 0.58]","[8.2598, 39.731, 10.3752, 21.7801, 15.0686, 10.5498, 36.9532, 41.571, 17.0201, 49.2961, 10.2744, 19.7116, 23.9135, 53.534, 22.286, 38.7337, 21.8234, 46.1509, 30.8051, 18.0823, 21.4543, 11.423, 20.4371, 52.9489, 44.7521, 50.1638, 35.7614, 33.1383, 45.8773, 14.1882, 45.4614, 21.6973, 39.7994, 26.9776]",C:/Users/Madness/PycharmProjects/Crupto_Data_Joiner/Raw_Data_Spot/BYBIT_DOGEUSDT_SPOT_2021_2026.csv,1000.0,0.0018,0.1,False
0.02548,891.1177,487.3925,18.3555,100.0,891117748919.7743,2416,988.7,267856.0,34,1.85,1.83,3.5,back_heavy,5.01,53.81,pyramid,"[1.83, 1.83, 1.84, 1.84, 1.85, 1.87, 1.89, 1.91, 1.93, 1.95, 1.98, 2.02, 2.05, 2.09, 2.13, 2.18, 2.22, 2.27, 2.33, 2.38, 2.44, 2.51, 2.57, 2.64, 2.71, 2.79, 2.87, 2.95, 3.03, 3.12, 3.21, 3.3, 3.4, 3.5]","[5.0108, 7.8831, 10.7508, 13.6231, 16.4954, 19.3632, 22.2355, 25.1078, 27.9756, 30.8479, 33.7157, 36.588, 39.4603, 42.3281, 45.2004, 48.0727, 50.9405, 53.8128, 50.9405, 48.0727, 45.2004, 42.3281, 39.4603, 36.588, 33.7157, 30.8479, 27.9756, 25.1078, 22.2355, 19.3632, 16.4954, 13.6231, 10.7508, 7.8831]",C:/Users/Madness/PycharmProjects/Crupto_Data_Joiner/Raw_Data_Spot/BYBIT_DOGEUSDT_SPOT_2021_2026.csv,1000.0,0.0018,0.1,False
0.02541,888.4877,308.9153,12.6058,100.0,888487650641.3818,927,2575.3,267830.0,35,4.0,1.57,7.33,linear,0.88,57.89,pyramid,"[1.57, 1.74, 1.91, 2.08, 2.25, 2.42, 2.59, 2.76, 2.93, 3.09, 3.26, 3.43, 3.6, 3.77, 3.94, 4.11, 4.28, 4.45, 4.62, 4.79, 4.96, 5.13, 5.3, 5.47, 5.64, 5.81, 5.97, 6.14, 6.31, 6.48, 6.65, 6.82, 6.99, 7.16, 7.33]","[0.8821, 4.2356, 7.589, 10.9425, 14.2959, 17.6488, 21.0022, 24.3556, 27.7091, 31.0625, 34.416, 37.7694, 41.1229, 44.4757, 47.8292, 51.1826, 54.5361, 57.8895, 54.5361, 51.1826, 47.8292, 44.4757, 41.1229, 37.7694, 34.416, 31.0625, 27.7091, 24.3556, 21.0022, 17.6488, 14.2959, 10.9425, 7.589, 4.2356, 0.8821]",C:/Users/Madness/PycharmProjects/Crupto_Data_Joiner/Raw_Data_Spot/BYBIT_DOGEUSDT_SPOT_2021_2026.csv,1000.0,0.0018,0.1,False
0.025262,323.9739,323.9587,55.0563,100.0,323973858426.9004,3634,657.3,161633.0,34,0.5,1.15,4.34,random,0.94,55.74,random,"[3.68, 2.07, 3.13, 4.01, 4.25, 1.98, 2.42, 3.17, 3.28, 3.83, 1.59, 2.19, 2.57, 1.36, 3.49, 1.27, 4.31, 3.41, 3.86, 1.22, 2.43, 2.88, 3.82, 1.89, 1.57, 1.74, 3.38, 4.29, 1.94, 3.38, 3.69, 2.07, 1.76, 1.78]","[22.6949, 6.9982, 4.3871, 14.4227, 54.9269, 30.604, 26.3882, 29.8611, 48.8953, 47.6392, 2.9305, 21.0239, 25.5783, 36.5008, 38.4222, 31.7008, 11.1948, 35.1126, 19.8209, 47.2694, 44.0016, 39.0044, 0.9408, 44.3323, 36.4199, 28.5074, 6.7924, 55.7448, 12.4183, 21.2616, 37.2604, 46.8027, 32.623, 37.5186]",C:/Users/Madness/PycharmProjects/Crupto_Data_Joiner/Raw_Data_Spot/BYBIT_DOGEUSDT_SPOT_2021_2026.csv,1000.0,0.0018,0.1,False
0.025068,76.9939,39.5378,54.789,100.0,76993943943.7551,5533,431.7,78365.0,33,0.4,4.59,5.15,linear,5.01,57.18,pyramid,"[4.59, 4.61, 4.62, 4.64, 4.66, 4.68, 4.7, 4.71, 4.73, 4.75, 4.76, 4.78, 4.8, 4.82, 4.84, 4.85, 4.87, 4.89, 4.9, 4.92, 4.94, 4.96, 4.98, 4.99, 5.01, 5.03, 5.04, 5.06, 5.08, 5.1, 5.12, 5.13, 5.15]","[5.0104, 8.271, 11.5316, 14.7923, 18.0511, 21.3117, 24.5723, 27.8329, 31.0935, 34.3542, 37.6148, 40.8754, 44.1342, 47.3948, 50.6554, 53.9161, 57.1767, 53.9161, 50.6554, 47.3948, 44.1342, 40.8754, 37.6148, 34.3542, 31.0935, 27.8329, 24.5723, 21.3117, 18.0511, 14.7923, 11.5316, 8.271, 5.0104]",C:/Users/Madness/PycharmProjects/Crupto_Data_Joiner/Raw_Data_Spot/BYBIT_DOGEUSDT_SPOT_2021_2026.csv,1000.0,0.0018,0.1,False
0.024964,309.516,144.7977,30.2696,100.0,309516034984.2352,1253,1905.8,158902.0,29,1.4,3.37,4.71,front_heavy,13.85,68.64,geometric_increase,"[4.71, 4.66, 4.61, 4.57, 4.52, 4.47, 4.42, 4.38, 4.33, 4.28, 4.23, 4.18, 4.14, 4.09, 4.04, 3.99, 3.94, 3.9, 3.85, 3.8, 3.75, 3.7, 3.66, 3.61, 3.56, 3.51, 3.47, 3.42, 3.37]","[13.8522, 14.663, 15.533, 16.4452, 17.4081, 18.4386, 19.5197, 20.6685, 21.8847, 23.1686, 24.5285, 25.9728, 27.5016, 29.1233, 30.838, 32.6455, 34.5713, 36.5984, 38.7523, 41.0328, 43.4485, 46.0078, 48.7107, 51.574, 54.6063, 57.8244, 61.2198, 64.8265, 68.6358]",C:/Users/Madness/PycharmProjects/Crupto_Data_Joiner/Raw_Data_Spot/BYBIT_DOGEUSDT_SPOT_2021_2026.csv,1000.0,0.0018,0.1,False
0.024916,871.2547,290.7556,25.4628,100.0,871254664199.9373,1013,2357.9,267837.0,30,2.0,3.05,4.91,back_heavy,24.21,44.42,geometric_increase,"[3.05, 3.05, 3.06, 3.07, 3.09, 3.11, 3.13, 3.16, 3.19, 3.23, 3.27, 3.32, 3.37, 3.42, 3.48, 3.55, 3.62, 3.69, 3.77, 3.85, 3.93, 4.03, 4.12, 4.22, 4.32, 4.43, 4.55, 4.66, 4.78, 4.91]","[24.2073, 24.7232, 25.2391, 25.774, 26.3186, 26.8822, 27.4458, 28.0285, 28.6208, 29.2227, 29.8436, 30.4741, 31.1237, 31.7829, 32.4516, 33.1394, 33.8368, 34.5533, 35.2888, 36.034, 36.7982, 37.572, 38.3649, 39.1769, 40.008, 40.8487, 41.718, 42.5969, 43.5044, 44.4215]",C:/Users/Madness/PycharmProjects/Crupto_Data_Joiner/Raw_Data_Spot/BYBIT_DOGEUSDT_SPOT_2021_2026.csv,1000.0,0.0018,0.1,False
0.024903,870.9235,275.3926,40.9937,100.0,870923516431.5873,1688,1415.1,267856.0,32,1.2,2.48,8.36,linear,31.25,31.25,flat,"[2.48, 2.67, 2.86, 3.05, 3.24, 3.43, 3.62, 3.81, 4.0, 4.19, 4.38, 4.57, 4.76, 4.95, 5.14, 5.33, 5.51, 5.7, 5.89, 6.08, 6.27, 6.46, 6.65, 6.84, 7.03, 7.22, 7.41, 7.6, 7.79, 7.98, 8.17, 8.36]","[31.25, 31.25, 31.25, 31.25, 31.25, 31.25, 31.25, 31.25, 31.25, 31.25, 31.25, 31.25, 31.25, 31.25, 31.25, 31.25, 31.25, 31.25, 31.25, 31.25, 31.25, 31.25, 31.25, 31.25, 31.25, 31.25, 31.25, 31.25, 31.25, 31.25, 31.25, 31.25]",C:/Users/Madness/PycharmProjects/Crupto_Data_Joiner/Raw_Data_Spot/BYBIT_DOGEUSDT_SPOT_2021_2026.csv,1000.0,0.0018,0.1,False
0.024683,868.0585,247.3287,23.9379,100.0,868058490557.837,409,5840.0,268608.0,30,2.9,4.76,5.46,back_heavy,5.51,64.62,random,"[4.76, 4.76, 4.76, 4.77, 4.77, 4.78, 4.79, 4.8, 4.81, 4.83, 4.84, 4.86, 4.88, 4.9, 4.92, 4.95, 4.97, 5.0, 5.03, 5.06, 5.09, 5.13, 5.16, 5.2, 5.24, 5.28, 5.32, 5.37, 5.41, 5.46]","[50.6503, 23.9258, 24.9543, 39.116, 60.2142, 13.088, 28.4298, 48.3622, 21.4879, 30.4003, 8.4721, 64.6225, 42.8261, 61.9501, 35.0361, 26.9862, 55.0371, 24.3047, 36.9217, 5.5091, 17.6967, 30.7143, 21.2732, 55.3998, 36.5248, 32.3239, 34.3684, 42.7791, 11.3593, 15.266]",C:/Users/Madness/PycharmProjects/Crupto_Data_Joiner/Raw_Data_Spot/BYBIT_DOGEUSDT_SPOT_2021_2026.csv,1000.0,0.0018,0.1,False
0.024519,860.2058,598.1936,74.4996,100.0,860205820348.4285,5989,398.8,268277.0,28,0.4,1.64,2.11,random,19.76,53.56,random,"[1.79, 1.74, 2.04, 2.02, 1.81, 1.72, 1.94, 1.97, 1.83, 1.68, 1.79, 1.76, 1.82, 1.77, 1.68, 1.65, 1.88, 1.68, 1.94, 1.83, 2.05, 1.69, 1.81, 1.66, 1.95, 1.78, 1.81, 1.88]","[47.5438, 40.9945, 32.5601, 52.9951, 52.5535, 42.2625, 38.1019, 45.0645, 20.7463, 53.5611, 22.8634, 53.2894, 48.0929, 31.9204, 31.5865, 32.3506, 44.4135, 30.6977, 25.9258, 25.0993, 25.6597, 31.5129, 19.7557, 20.8708, 43.2361, 24.2446, 23.3502, 38.7472]",C:/Users/Madness/PycharmProjects/Crupto_Data_Joiner/Raw_Data_Spot/BYBIT_DOGEUSDT_SPOT_2021_2026.csv,1000.0,0.0018,0.1,False
0.024395,853.1595,391.8592,50.5169,100.0,853159546114.424,3069,778.3,267857.0,31,0.75,2.28,5.73,back_heavy,32.26,32.26,flat,"[2.28, 2.28, 2.3, 2.31, 2.34, 2.38, 2.42, 2.47, 2.53, 2.59, 2.66, 2.74, 2.83, 2.93, 3.03, 3.14, 3.26, 3.39, 3.52, 3.66, 3.81, 3.97, 4.14, 4.31, 4.49, 4.68, 4.87, 5.07, 5.29, 5.5, 5.73]","[32.2581, 32.2581, 32.2581, 32.2581, 32.2581, 32.2581, 32.2581, 32.2581, 32.2581, 32.2581, 32.2581, 32.2581, 32.2581, 32.2581, 32.2581, 32.2581, 32.2581, 32.2581, 32.2581, 32.2581, 32.2581, 32.2581, 32.2581, 32.2581, 32.2581, 32.2581, 32.2581, 32.2581, 32.2581, 32.2581, 32.2581]",C:/Users/Madness/PycharmProjects/Crupto_Data_Joiner/Raw_Data_Spot/BYBIT_DOGEUSDT_SPOT_2021_2026.csv,1000.0,0.0018,0.1,False
0.024381,852.4997,348.0268,46.6492,100.0,852499740456.112,4427,539.5,267828.0,34,0.9,1.08,4.14,linear,11.97,58.2,geometric_increase,"[1.08, 1.17, 1.27, 1.36, 1.45, 1.54, 1.64, 1.73, 1.82, 1.91, 2.01, 2.1, 2.19, 2.29, 2.38, 2.47, 2.56, 2.66, 2.75, 2.84, 2.93, 3.03, 3.12, 3.21, 3.31, 3.4, 3.49, 3.58, 3.68, 3.77, 3.86, 3.95, 4.05, 4.14]","[11.974, 12.5628, 13.177, 13.8244, 14.5024, 15.216, 15.9628, 16.7453, 17.5659, 18.43, 19.3348, 20.2829, 21.2769, 22.3219, 23.4179, 24.5674, 25.7729, 27.0371, 28.365, 29.7566, 31.217, 32.7488, 34.3571, 36.0418, 37.8106, 39.6661, 41.6134, 43.6549, 45.7984, 48.0464, 50.404, 52.8788, 55.4734, 58.1955]",C:/Users/Madness/PycharmProjects/Crupto_Data_Joiner/Raw_Data_Spot/BYBIT_DOGEUSDT_SPOT_2021_2026.csv,1000.0,0.0018,0.1,False
0.024292,849.5731,239.9177,24.3465,100.0,849573108163.0305,664,3597.2,267857.0,33,2.5,4.05,5.19,back_heavy,30.3,30.3,flat,"[4.05, 4.05, 4.05, 4.06, 4.07, 4.08, 4.09, 4.1, 4.12, 4.14, 4.16, 4.18, 4.21, 4.24, 4.27, 4.3, 4.34, 4.37, 4.41, 4.45, 4.5, 4.54, 4.59, 4.64, 4.69, 4.75, 4.8, 4.86, 4.92, 4.99, 5.05, 5.12, 5.19]","[30.303, 30.303, 30.303, 30.303, 30.303, 30.303, 30.303, 30.303, 30.303, 30.303, 30.303, 30.303, 30.303, 30.303, 30.303, 30.303, 30.303, 30.303, 30.303, 30.303, 30.303, 30.303, 30.303, 30.303, 30.303, 30.303, 30.303, 30.303, 30.303, 30.303, 30.303, 30.303, 30.303]",C:/Users/Madness/PycharmProjects/Crupto_Data_Joiner/Raw_Data_Spot/BYBIT_DOGEUSDT_SPOT_2021_2026.csv,1000.0,0.0018,0.1,False
0.024235,300.4832,117.982,20.1253,100.0,300483181913.1504,890,2683.7,158903.0,33,2.4,3.54,3.86,geometric,7.25,78.44,geometric_increase,"[3.54, 3.55, 3.56, 3.57, 3.58, 3.59, 3.6, 3.61, 3.62, 3.63, 3.64, 3.65, 3.66, 3.67, 3.68, 3.69, 3.7, 3.71, 3.72, 3.73, 3.74, 3.75, 3.76, 3.77, 3.78, 3.79, 3.8, 3.81, 3.82, 3.83, 3.84, 3.85, 3.86]","[7.2526, 7.8111, 8.4173, 9.0668, 9.7683, 10.5217, 11.3357, 12.2103, 13.1542, 14.1674, 15.2629, 16.4406, 17.7093, 19.0776, 20.5541, 22.1388, 23.8491, 25.6937, 27.6767, 29.8157, 32.1192, 34.6003, 37.2718, 40.1512, 43.2514, 46.5941, 50.1922, 54.0675, 58.2459, 62.7446, 67.5898, 72.8117, 78.4362]",C:/Users/Madness/PycharmProjects/Crupto_Data_Joiner/Raw_Data_Spot/BYBIT_DOGEUSDT_SPOT_2021_2026.csv,1000.0,0.0018,0.1,False
0.024205,846.4135,260.9179,26.7569,100.0,846413536957.0676,824,2897.4,267836.0,34,2.1,3.26,4.17,linear,13.05,47.81,random,"[3.26, 3.29, 3.32, 3.34, 3.37, 3.4, 3.43, 3.45, 3.48, 3.51, 3.54, 3.56, 3.59, 3.62, 3.65, 3.67, 3.7, 3.73, 3.76, 3.78, 3.81, 3.84, 3.87, 3.89, 3.92, 3.95, 3.98, 4.0, 4.03, 4.06, 4.09, 4.11, 4.14, 4.17]","[31.6205, 13.0472, 31.446, 26.1009, 35.2227, 17.6318, 28.1626, 16.1086, 28.0678, 37.1854, 14.146, 43.8124, 42.2483, 24.317, 20.1525, 26.6373, 36.5369, 18.5711, 47.8132, 38.9628, 44.4975, 15.5937, 35.0934, 40.2188, 23.6491, 20.7277, 38.0299, 45.4778, 13.1463, 29.7742, 27.609, 30.7781, 25.0258, 32.5878]",C:/Users/Madness/PycharmProjects/Crupto_Data_Joiner/Raw_Data_Spot/BYBIT_DOGEUSDT_SPOT_2021_2026.csv,1000.0,0.0018,0.1,False
0.024146,311.3806,95.1072,8.8138,100.0,311380636113.114,214,11162.2,162085.0,30,8.0,0.57,7.28,random,3.26,119.75,geometric_increase,"[2.35, 2.73, 5.32, 5.55, 3.05, 6.3, 1.03, 6.69, 0.84, 1.23, 4.32, 2.57, 6.17, 0.77, 4.99, 1.24, 5.6, 1.02, 5.95, 5.55, 4.36, 5.94, 5.02, 6.92, 5.23, 7.1, 6.25, 6.49, 3.56, 6.5]","[3.2578, 3.6896, 4.1778, 4.7286, 5.3545, 6.0649, 6.8661, 7.7767, 8.8063, 9.9705, 11.2911, 12.7839, 14.4769, 16.3922, 18.5609, 21.0175, 23.7996, 26.9479, 30.5155, 34.5556, 39.1278, 44.307, 50.1685, 56.8093, 64.3262, 72.8415, 82.4803, 93.3959, 105.7573, 119.7523]",C:/Users/Madness/PycharmProjects/Crupto_Data_Joiner/Raw_Data_Spot/BYBIT_DOGEUSDT_SPOT_2021_2026.csv,1000.0,0.0018,0.1,False
0.02406,842.5465,212.1616,16.0321,100.0,842546542227.7518,493,4842.8,268028.0,29,4.0,3.85,4.71,geometric,7.27,59.23,random,"[3.85, 3.88, 3.91, 3.93, 3.96, 3.99, 4.02, 4.05, 4.08, 4.11, 4.14, 4.17, 4.2, 4.23, 4.26, 4.29, 4.32, 4.35, 4.38, 4.41, 4.45, 4.48, 4.51, 4.54, 4.58, 4.61, 4.64, 4.68, 4.71]","[12.5986, 24.1013, 47.0671, 7.2733, 40.1272, 25.8889, 15.9613, 18.5802, 50.1652, 30.2266, 8.5505, 26.8473, 55.6759, 13.6507, 26.3848, 36.2103, 33.5872, 21.5574, 44.3462, 23.8075, 58.5782, 34.8144, 31.8309, 51.6299, 59.2282, 50.3715, 44.6983, 56.303, 49.9381]",C:/Users/Madness/PycharmProjects/Crupto_Data_Joiner/Raw_Data_Spot/BYBIT_DOGEUSDT_SPOT_2021_2026.csv,1000.0,0.0018,0.1,False
0.024019,840.0222,350.3283,44.9543,100.0,840022233999.2333,2459,971.4,267856.0,33,0.9,2.29,4.46,linear,30.3,30.3,flat,"[2.29, 2.36, 2.43, 2.49, 2.56, 2.63, 2.7, 2.76, 2.83, 2.9, 2.97, 3.04, 3.1, 3.17, 3.24, 3.31, 3.38, 3.44, 3.51, 3.58, 3.65, 3.71, 3.78, 3.85, 3.92, 3.99, 4.05, 4.12, 4.19, 4.26, 4.32, 4.39, 4.46]","[30.303, 30.303, 30.303, 30.303, 30.303, 30.303, 30.303, 30.303, 30.303, 30.303, 30.303, 30.303, 30.303, 30.303, 30.303, 30.303, 30.303, 30.303, 30.303, 30.303, 30.303, 30.303, 30.303, 30.303, 30.303, 30.303, 30.303, 30.303, 30.303, 30.303, 30.303, 30.303, 30.303]",C:/Users/Madness/PycharmProjects/Crupto_Data_Joiner/Raw_Data_Spot/BYBIT_DOGEUSDT_SPOT_2021_2026.csv,1000.0,0.0018,0.1,False
0.02401,839.3485,225.8735,10.6531,100.0,839348485558.6149,286,7641.2,267801.0,34,7.0,3.08,6.82,geometric,6.59,52.23,pyramid,"[3.08, 3.16, 3.23, 3.31, 3.39, 3.47, 3.56, 3.65, 3.73, 3.83, 3.92, 4.01, 4.11, 4.21, 4.32, 4.42, 4.53, 4.64, 4.75, 4.87, 4.99, 5.11, 5.23, 5.36, 5.49, 5.62, 5.76, 5.9, 6.05, 6.19, 6.34, 6.5, 6.66, 6.82]","[6.592, 9.2767, 11.9614, 14.646, 17.3307, 20.0154, 22.7001, 25.3848, 28.0694, 30.7541, 33.4388, 36.1235, 38.8081, 41.4928, 44.1775, 46.8622, 49.5468, 52.2315, 49.5468, 46.8622, 44.1775, 41.4928, 38.8081, 36.1235, 33.4388, 30.7541, 28.0694, 25.3848, 22.7001, 20.0154, 17.3307, 14.646, 11.9614, 9.2767]",C:/Users/Madness/PycharmProjects/Crupto_Data_Joiner/Raw_Data_Spot/BYBIT_DOGEUSDT_SPOT_2021_2026.csv,1000.0,0.0018,0.1,False
0.023935,836.9548,336.7013,19.1727,100.0,836954781875.6895,1048,2278.6,267833.0,30,2.3,2.65,5.25,geometric,14.4,52.27,pyramid,"[2.65, 2.71, 2.78, 2.84, 2.91, 2.98, 3.05, 3.13, 3.2, 3.28, 3.35, 3.43, 3.52, 3.6, 3.69, 3.77, 3.86, 3.96, 4.05, 4.15, 4.25, 4.35, 4.45, 4.56, 4.67, 4.78, 4.89, 5.01, 5.13, 5.25]","[14.3994, 16.9224, 19.4491, 21.9722, 24.4989, 27.022, 29.5451, 32.0718, 34.5949, 37.1216, 39.6447, 42.1677, 44.6944, 47.2175, 49.7442, 52.2673, 49.7442, 47.2175, 44.6944, 42.1677, 39.6447, 37.1216, 34.5949, 32.0718, 29.5451, 27.022, 24.4989, 21.9722, 19.4491, 16.9224]",C:/Users/Madness/PycharmProjects/Crupto_Data_Joiner/Raw_Data_Spot/BYBIT_DOGEUSDT_SPOT_2021_2026.csv,1000.0,0.0018,0.1,False
0.023923,836.6723,286.3955,21.1439,100.0,836672276453.5049,986,2421.5,267858.0,32,2.2,3.5,9.55,geometric,11.23,56.24,random,"[3.5, 3.62, 3.73, 3.86, 3.98, 4.12, 4.25, 4.39, 4.53, 4.68, 4.84, 5.0, 5.16, 5.33, 5.51, 5.69, 5.88, 6.07, 6.27, 6.48, 6.69, 6.91, 7.14, 7.37, 7.61, 7.86, 8.12, 8.39, 8.67, 8.95, 9.25, 9.55]","[19.3014, 17.6599, 49.3964, 24.2507, 40.9411, 55.2711, 37.6498, 56.2378, 54.4421, 50.7597, 44.2048, 22.7386, 19.048, 24.3002, 31.519, 11.2288, 36.3333, 44.2984, 24.3057, 38.0106, 17.6323, 44.538, 29.4809, 36.1818, 16.2525, 25.4983, 20.8713, 28.3847, 30.8938, 16.7593, 14.9966, 16.6133]",C:/Users/Madness/PycharmProjects/Crupto_Data_Joiner/Raw_Data_Spot/BYBIT_DOGEUSDT_SPOT_2021_2026.csv,1000.0,0.0018,0.1,False
0.023884,835.1305,331.3206,33.5485,100.0,835130467420.4865,1422,1679.7,267830.0,31,1.35,2.57,3.52,front_heavy,32.26,32.26,flat,"[3.52, 3.49, 3.46, 3.42, 3.39, 3.36, 3.33, 3.3, 3.27, 3.24, 3.2, 3.17, 3.14, 3.11, 3.08, 3.04, 3.01, 2.98, 2.95, 2.92, 2.89, 2.86, 2.82, 2.79, 2.76, 2.73, 2.7, 2.66, 2.63, 2.6, 2.57]","[32.2581, 32.2581, 32.2581, 32.2581, 32.2581, 32.2581, 32.2581, 32.2581, 32.2581, 32.2581, 32.2581, 32.2581, 32.2581, 32.2581, 32.2581, 32.2581, 32.2581, 32.2581, 32.2581, 32.2581, 32.2581, 32.2581, 32.2581, 32.2581, 32.2581, 32.2581, 32.2581, 32.2581, 32.2581, 32.2581, 32.2581]",C:/Users/Madness/PycharmProjects/Crupto_Data_Joiner/Raw_Data_Spot/BYBIT_DOGEUSDT_SPOT_2021_2026.csv,1000.0,0.0018,0.1,False
0.023835,304.5601,94.8043,21.7385,100.0,304560108807.9246,755,3157.0,161335.0,35,2.6,3.99,9.55,back_heavy,8.48,66.93,geometric_increase,"[3.99, 3.99, 4.01, 4.03, 4.07, 4.11, 4.16, 4.23, 4.3, 4.38, 4.47, 4.57, 4.68, 4.8, 4.93, 5.07, 5.22, 5.38, 5.55, 5.73, 5.91, 6.11, 6.32, 6.53, 6.76, 7.0, 7.24, 7.5, 7.76, 8.03, 8.32, 8.61, 8.92, 9.23, 9.55]","[8.4815, 9.0143, 9.5785, 10.1771, 10.8134, 11.4935, 12.2113, 12.9761, 13.791, 14.6529, 15.5713, 16.546, 17.5835, 18.6868, 19.8559, 21.1002, 22.4198, 23.8271, 25.319, 26.905, 28.5881, 30.3809, 32.2834, 34.3051, 36.4552, 38.737, 41.1661, 43.7425, 46.485, 49.3968, 52.4904, 55.7783, 59.273, 62.9841, 66.9302]",C:/Users/Madness/PycharmProjects/Crupto_Data_Joiner/Raw_Data_Spot/BYBIT_DOGEUSDT_SPOT_2021_2026.csv,1000.0,0.0018,0.1,False
0.023805,105.148,44.5506,22.6887,100.0,105148034282.5305,1807,1321.9,94264.0,29,1.3,0.73,5.7,front_heavy,3.21,65.75,linear_increase,"[5.7, 5.52, 5.34, 5.17, 4.99, 4.81, 4.63, 4.46, 4.28, 4.1, 3.92, 3.75, 3.57, 3.39, 3.22, 3.04, 2.86, 2.68, 2.5, 2.33, 2.15, 1.97, 1.79, 1.62, 1.44, 1.26, 1.08, 0.91, 0.73]","[3.2115, 5.4439, 7.6795, 9.9119, 12.1475, 14.3799, 16.6123, 18.8479, 21.0804, 23.316, 25.5484, 27.7808, 30.0164, 32.2488, 34.4812, 36.7168, 38.9492, 41.1848, 43.4173, 45.6497, 47.8853, 50.1177, 52.3533, 54.5857, 56.8181, 59.0537, 61.2861, 63.5217, 65.7541]",C:/Users/Madness/PycharmProjects/Crupto_Data_Joiner/Raw_Data_Spot/BYBIT_DOGEUSDT_SPOT_2021_2026.csv,1000.0,0.0018,0.1,False
0.023781,831.5338,338.9412,35.6118,100.0,831533839839.4578,1519,1572.1,267827.0,29,1.25,1.12,4.98,random,34.48,34.48,flat,"[4.4, 2.77, 3.95, 4.23, 3.75, 4.55, 1.68, 4.39, 4.08, 1.41, 2.03, 2.94, 2.15, 4.53, 2.54, 4.78, 3.84, 4.76, 2.02, 2.85, 1.78, 4.06, 2.73, 2.35, 1.54, 4.06, 4.25, 4.42, 2.78]","[34.4828, 34.4828, 34.4828, 34.4828, 34.4828, 34.4828, 34.4828, 34.4828, 34.4828, 34.4828, 34.4828, 34.4828, 34.4828, 34.4828, 34.4828, 34.4828, 34.4828, 34.4828, 34.4828, 34.4828, 34.4828, 34.4828, 34.4828, 34.4828, 34.4828, 34.4828, 34.4828, 34.4828, 34.4828]",C:/Users/Madness/PycharmProjects/Crupto_Data_Joiner/Raw_Data_Spot/BYBIT_DOGEUSDT_SPOT_2021_2026.csv,1000.0,0.0018,0.1,False
0.023724,1239.2968,337.0369,9.4131,100.0,1239296754626.3452,96,22550.7,327680.0,31,8.5,0.67,4.11,front_heavy,7.98,60.63,random,"[4.11, 4.0, 3.88, 3.77, 3.65, 3.54, 3.42, 3.31, 3.19, 3.08, 2.96, 2.85, 2.73, 2.62, 2.5, 2.39, 2.28, 2.16, 2.05, 1.93, 1.82, 1.7, 1.59, 1.47, 1.36, 1.24, 1.13, 1.01, 0.9, 0.78, 0.67]","[60.3603, 28.8142, 56.2258, 7.9754, 11.1864, 12.0211, 45.3832, 13.8951, 18.5629, 16.882, 20.5335, 18.8797, 17.8789, 23.2693, 60.6308, 53.235, 44.9273, 49.0502, 52.3501, 42.5625, 23.8528, 41.0169, 39.3708, 30.638, 18.1803, 33.8413, 23.4509, 43.3121, 13.3464, 28.1109, 50.2558]",C:/Users/Madness/PycharmProjects/Crupto_Data_Joiner/Raw_Data_Spot/BYBIT_DOGEUSDT_SPOT_2021_2026.csv,1000.0,0.0018,0.1,False
0.023691,293.7189,209.3952,17.114,100.0,293718944003.4919,1841,1297.1,158899.0,35,1.95,2.74,2.75,linear,3.01,54.13,linear_increase,"[2.74, 2.74, 2.74, 2.74, 2.74, 2.74, 2.74, 2.74, 2.74, 2.74, 2.74, 2.74, 2.74, 2.74, 2.74, 2.74, 2.74, 2.74, 2.75, 2.75, 2.75, 2.75, 2.75, 2.75, 2.75, 2.75, 2.75, 2.75, 2.75, 2.75, 2.75, 2.75, 2.75, 2.75, 2.75]","[3.0145, 4.5183, 6.0206, 7.5244, 9.0282, 10.5319, 12.0343, 13.538, 15.0418, 16.5442, 18.0479, 19.5517, 21.054, 22.5578, 24.0616, 25.5653, 27.0677, 28.5714, 30.0752, 31.5775, 33.0813, 34.5851, 36.0888, 37.5912, 39.0949, 40.5987, 42.1011, 43.6048, 45.1086, 46.6109, 48.1147, 49.6185, 51.1222, 52.6246, 54.1283]",C:/Users/Madness/PycharmProjects/Crupto_Data_Joiner/Raw_Data_Spot/BYBIT_DOGEUSDT_SPOT_2021_2026.csv,1000.0,0.0018,0.1,False
0.023639,293.0864,287.0202,20.8511,100.0,293086380373.6172,2443,977.5,158900.0,29,1.2,3.67,5.49,back_heavy,6.02,64.97,pyramid,"[3.67, 3.67, 3.68, 3.69, 3.71, 3.73, 3.75, 3.78, 3.82, 3.86, 3.9, 3.95, 4.0, 4.06, 4.12, 4.19, 4.26, 4.34, 4.42, 4.51, 4.6, 4.69, 4.79, 4.9, 5.01, 5.12, 5.24, 5.36, 5.49]","[6.0248, 10.235, 14.4452, 18.6554, 22.8685, 27.0787, 31.2889, 35.4991, 39.7093, 43.9195, 48.1298, 52.3428, 56.553, 60.7633, 64.9735, 60.7633, 56.553, 52.3428, 48.1298, 43.9195, 39.7093, 35.4991, 31.2889, 27.0787, 22.8685, 18.6554, 14.4452, 10.235, 6.0248]",C:/Users/Madness/PycharmProjects/Crupto_Data_Joiner/Raw_Data_Spot/BYBIT_DOGEUSDT_SPOT_2021_2026.csv,1000.0,0.0018,0.1,False
0.02356,292.0996,278.2917,50.1266,100.0,292099639801.9728,5128,465.8,158898.0,34,0.55,2.37,2.65,geometric,10.68,62.05,geometric_increase,"[2.37, 2.38, 2.39, 2.39, 2.4, 2.41, 2.42, 2.43, 2.44, 2.44, 2.45, 2.46, 2.47, 2.48, 2.48, 2.49, 2.5, 2.51, 2.52, 2.53, 2.54, 2.54, 2.55, 2.56, 2.57, 2.58, 2.59, 2.6, 2.61, 2.61, 2.62, 2.63, 2.64, 2.65]","[10.6782, 11.2626, 11.8799, 12.5312, 13.2175, 13.9412, 14.7043, 15.5102, 16.3599, 17.2557, 18.2008, 19.1975, 20.249, 21.3585, 22.5284, 23.763, 25.0645, 26.4372, 27.8856, 29.413, 31.0236, 32.7231, 34.5158, 36.406, 38.4004, 40.5034, 42.7215, 45.0624, 47.5304, 50.1334, 52.88, 55.7767, 58.8314, 62.0538]",C:/Users/Madness/PycharmProjects/Crupto_Data_Joiner/Raw_Data_Spot/BYBIT_DOGEUSDT_SPOT_2021_2026.csv,1000.0,0.0018,0.1,False
0.023515,291.5534,218.3011,32.6931,100.0,291553434395.9621,2451,974.3,158901.0,31,0.9,3.94,8.93,back_heavy,11.17,54.75,pyramid,"[3.94, 3.95, 3.96, 3.99, 4.03, 4.08, 4.14, 4.21, 4.29, 4.39, 4.49, 4.61, 4.74, 4.88, 5.03, 5.19, 5.36, 5.54, 5.74, 5.94, 6.16, 6.39, 6.62, 6.87, 7.13, 7.41, 7.69, 7.98, 8.29, 8.6, 8.93]","[11.1732, 14.0782, 16.9832, 19.8883, 22.7933, 25.6983, 28.6034, 31.5084, 34.4134, 37.3184, 40.2235, 43.1285, 46.0335, 48.9385, 51.8436, 54.7486, 51.8436, 48.9385, 46.0335, 43.1285, 40.2235, 37.3184, 34.4134, 31.5084, 28.6034, 25.6983, 22.7933, 19.8883, 16.9832, 14.0782, 11.1732]",C:/Users/Madness/PycharmProjects/Crupto_Data_Joiner/Raw_Data_Spot/BYBIT_DOGEUSDT_SPOT_2021_2026.csv,1000.0,0.0018,0.1,False
0.023481,123.4172,69.3281,26.482,100.0,123417234493.9426,1542,1549.1,102959.0,32,1.35,1.64,7.61,random,4.24,58.26,linear_increase,"[3.53, 4.08, 6.21, 5.63, 6.91, 5.01, 6.72, 6.13, 6.3, 7.46, 3.04, 5.44, 2.33, 4.56, 6.18, 6.75, 3.52, 2.03, 7.12, 3.49, 6.49, 5.63, 2.83, 7.2, 4.19, 2.38, 2.0, 1.82, 3.65, 6.04, 5.12, 3.05]","[4.2351, 5.9776, 7.721, 9.4635, 11.2069, 12.9494, 14.6927, 16.4352, 18.1786, 19.9211, 21.6645, 23.407, 25.1495, 26.8929, 28.6354, 30.3787, 32.1213, 33.8646, 35.6071, 37.3505, 39.093, 40.8355, 42.5789, 44.3214, 46.0648, 47.8073, 49.5506, 51.2931, 53.0365, 54.779, 56.5224, 58.2649]",C:/Users/Madness/PycharmProjects/Crupto_Data_Joiner/Raw_Data_Spot/BYBIT_DOGEUSDT_SPOT_2021_2026.csv,1000.0,0.0018,0.1,False
0.023397,290.7012,126.6343,12.8022,100.0,290701171730.8326,600,3980.0,159073.0,34,3.5,4.33,5.42,random,5.3,53.52,pyramid,"[4.95, 4.67, 4.58, 5.38, 5.15, 4.79, 4.59, 4.72, 5.33, 4.54, 5.15, 5.29, 4.8, 4.63, 5.22, 5.22, 4.48, 5.05, 5.09, 4.89, 4.38, 4.85, 4.6, 5.12, 5.2, 4.99, 5.37, 4.42, 5.01, 4.58, 4.43, 4.89, 5.13, 4.71]","[5.303, 8.1401, 10.9753, 13.8124, 16.6476, 19.4847, 22.3218, 25.1571, 27.9941, 30.8294, 33.6665, 36.5017, 39.3388, 42.1759, 45.0111, 47.8482, 50.6835, 53.5205, 50.6835, 47.8482, 45.0111, 42.1759, 39.3388, 36.5017, 33.6665, 30.8294, 27.9941, 25.1571, 22.3218, 19.4847, 16.6476, 13.8124, 10.9753, 8.1401]",C:/Users/Madness/PycharmProjects/Crupto_Data_Joiner/Raw_Data_Spot/BYBIT_DOGEUSDT_SPOT_2021_2026.csv,1000.0,0.0018,0.1,False
0.023368,818.1924,238.0804,22.3115,100.0,818192386627.3738,579,4124.3,268013.0,33,2.8,1.16,4.87,front_heavy,30.3,30.3,flat,"[4.87, 4.75, 4.64, 4.52, 4.41, 4.29, 4.17, 4.06, 3.94, 3.83, 3.71, 3.59, 3.48, 3.36, 3.25, 3.13, 3.02, 2.9, 2.78, 2.67, 2.55, 2.44, 2.32, 2.2, 2.09, 1.97, 1.86, 1.74, 1.62, 1.51, 1.39, 1.28, 1.16]","[30.303, 30.303, 30.303, 30.303, 30.303, 30.303, 30.303, 30.303, 30.303, 30.303, 30.303, 30.303, 30.303, 30.303, 30.303, 30.303, 30.303, 30.303, 30.303, 30.303, 30.303, 30.303, 30.303, 30.303, 30.303, 30.303, 30.303, 30.303, 30.303, 30.303, 30.303, 30.303, 30.303]",C:/Users/Madness/PycharmProjects/Crupto_Data_Joiner/Raw_Data_Spot/BYBIT_DOGEUSDT_SPOT_2021_2026.csv,1000.0,0.0018,0.1,False
0.023363,816.9453,269.2637,28.7421,100.0,816945334982.1786,975,2448.7,267836.0,33,1.8,3.42,4.81,linear,30.3,30.3,flat,"[3.42, 3.46, 3.51, 3.55, 3.59, 3.64, 3.68, 3.72, 3.77, 3.81, 3.85, 3.9, 3.94, 3.98, 4.03, 4.07, 4.12, 4.16, 4.2, 4.25, 4.29, 4.33, 4.38, 4.42, 4.46, 4.51, 4.55, 4.59, 4.64, 4.68, 4.72, 4.77, 4.81]","[30.303, 30.303, 30.303, 30.303, 30.303, 30.303, 30.303, 30.303, 30.303, 30.303, 30.303, 30.303, 30.303, 30.303, 30.303, 30.303, 30.303, 30.303, 30.303, 30.303, 30.303, 30.303, 30.303, 30.303, 30.303, 30.303, 30.303, 30.303, 30.303, 30.303, 30.303, 30.303, 30.303]",C:/Users/Madness/PycharmProjects/Crupto_Data_Joiner/Raw_Data_Spot/BYBIT_DOGEUSDT_SPOT_2021_2026.csv,1000.0,0.0018,0.1,False
0.02328,816.2666,562.9258,21.1114,100.0,816266585432.5002,3618,660.2,268199.0,32,1.3,1.04,2.59,random,5.88,56.62,pyramid,"[1.5, 2.16, 1.89, 1.22, 1.83, 2.31, 1.84, 2.41, 1.43, 1.49, 1.13, 1.79, 1.78, 1.46, 2.24, 1.34, 1.22, 2.33, 2.22, 2.41, 2.02, 1.31, 1.67, 2.02, 1.84, 2.49, 2.45, 1.1, 2.17, 1.7, 1.22, 1.49]","[5.8789, 9.0499, 12.2217, 15.3927, 18.5645, 21.7363, 24.9073, 28.0783, 31.25, 34.4218, 37.5928, 40.7638, 43.9356, 47.1074, 50.2784, 53.4494, 56.6212, 53.4494, 50.2784, 47.1074, 43.9356, 40.7638, 37.5928, 34.4218, 31.25, 28.0783, 24.9073, 21.7363, 18.5645, 15.3927, 12.2217, 9.0499]",C:/Users/Madness/PycharmProjects/Crupto_Data_Joiner/Raw_Data_Spot/BYBIT_DOGEUSDT_SPOT_2021_2026.csv,1000.0,0.0018,0.1,False
0.023236,286.4649,174.3989,30.5544,100.0,286464949344.3917,1769,1349.9,158448.0,33,1.15,1.45,4.05,front_heavy,11.24,63.17,geometric_increase,"[4.05, 3.97, 3.89, 3.81, 3.72, 3.64, 3.56, 3.48, 3.4, 3.32, 3.24, 3.16, 3.08, 2.99, 2.91, 2.83, 2.75, 2.67, 2.59, 2.51, 2.42, 2.34, 2.26, 2.18, 2.1, 2.02, 1.94, 1.86, 1.78, 1.69, 1.61, 1.53, 1.45]","[11.239, 11.8618, 12.5194, 13.2145, 13.9468, 14.7187, 15.535, 16.3956, 17.3052, 18.2637, 19.2759, 20.3464, 21.4729, 22.6647, 23.9194, 25.2465, 26.6458, 28.1221, 29.6824, 31.3266, 33.0641, 34.8973, 36.8307, 38.8714, 41.0264, 43.3003, 45.7025, 48.2353, 50.9081, 53.7301, 56.7083, 59.8522, 63.171]",C:/Users/Madness/PycharmProjects/Crupto_Data_Joiner/Raw_Data_Spot/BYBIT_DOGEUSDT_SPOT_2021_2026.csv,1000.0,0.0018,0.1,False
0.023022,805.1406,278.3781,37.343,100.0,805140596907.4651,1544,1546.6,267856.0,34,1.25,2.48,7.32,linear,29.41,29.41,flat,"[2.48, 2.63, 2.77, 2.92, 3.07, 3.21, 3.36, 3.51, 3.65, 3.8, 3.95, 4.09, 4.24, 4.39, 4.53, 4.68, 4.83, 4.97, 5.12, 5.27, 5.41, 5.56, 5.71, 5.85, 6.0, 6.15, 6.29, 6.44, 6.59, 6.73, 6.88, 7.03, 7.17, 7.32]","[29.4118, 29.4118, 29.4118, 29.4118, 29.4118, 29.4118, 29.4118, 29.4118, 29.4118, 29.4118, 29.4118, 29.4118, 29.4118, 29.4118, 29.4118, 29.4118, 29.4118, 29.4118, 29.4118, 29.4118, 29.4118, 29.4118, 29.4118, 29.4118, 29.4118, 29.4118, 29.4118, 29.4118, 29.4118, 29.4118, 29.4118, 29.4118, 29.4118, 29.4118]",C:/Users/Madness/PycharmProjects/Crupto_Data_Joiner/Raw_Data_Spot/BYBIT_DOGEUSDT_SPOT_2021_2026.csv,1000.0,0.0018,0.1,False
0.022953,802.7179,272.3425,27.3654,100.0,802717854365.3379,928,2572.7,267852.0,33,1.85,3.52,4.41,linear,30.3,30.3,flat,"[3.52, 3.55, 3.58, 3.6, 3.63, 3.66, 3.69, 3.71, 3.74, 3.77, 3.8, 3.83, 3.85, 3.88, 3.91, 3.94, 3.96, 3.99, 4.02, 4.05, 4.08, 4.1, 4.13, 4.16, 4.19, 4.22, 4.24, 4.27, 4.3, 4.33, 4.35, 4.38, 4.41]","[30.303, 30.303, 30.303, 30.303, 30.303, 30.303, 30.303, 30.303, 30.303, 30.303, 30.303, 30.303, 30.303, 30.303, 30.303, 30.303, 30.303, 30.303, 30.303, 30.303, 30.303, 30.303, 30.303, 30.303, 30.303, 30.303, 30.303, 30.303, 30.303, 30.303, 30.303, 30.303, 30.303]",C:/Users/Madness/PycharmProjects/Crupto_Data_Joiner/Raw_Data_Spot/BYBIT_DOGEUSDT_SPOT_2021_2026.csv,1000.0,0.0018,0.1,False
0.022874,799.8101,360.0091,31.9801,100.0,799810089489.371,2379,1004.0,267828.0,33,1.25,1.99,3.75,back_heavy,15.49,52.13,geometric_increase,"[1.99, 1.99, 2.0, 2.01, 2.02, 2.03, 2.05, 2.07, 2.1, 2.13, 2.16, 2.2, 2.24, 2.28, 2.33, 2.38, 2.43, 2.49, 2.55, 2.61, 2.68, 2.75, 2.82, 2.9, 2.98, 3.06, 3.15, 3.24, 3.34, 3.44, 3.54, 3.64, 3.75]","[15.4864, 16.0833, 16.7067, 17.3528, 18.0253, 18.7204, 19.4458, 20.1977, 20.976, 21.7882, 22.6308, 23.5035, 24.414, 25.3585, 26.3371, 27.3572, 28.415, 29.5107, 30.6516, 31.838, 33.0696, 34.3466, 35.6727, 37.0555, 38.4874, 39.9722, 41.5174, 43.1231, 44.793, 46.5234, 48.3218, 50.1881, 52.1301]",C:/Users/Madness/PycharmProjects/Crupto_Data_Joiner/Raw_Data_Spot/BYBIT_DOGEUSDT_SPOT_2021_2026.csv,1000.0,0.0018,0.1,False
0.022507,787.1173,506.2795,35.7365,100.0,787117333196.3201,5183,460.9,267852.0,32,0.95,1.19,2.63,geometric,7.95,78.63,geometric_increase,"[1.19, 1.22, 1.25, 1.28, 1.32, 1.35, 1.39, 1.42, 1.46, 1.5, 1.54, 1.58, 1.62, 1.66, 1.7, 1.75, 1.79, 1.84, 1.89, 1.93, 1.98, 2.04, 2.09, 2.14, 2.2, 2.26, 2.31, 2.37, 2.44, 2.5, 2.56, 2.63]","[7.9539, 8.5639, 9.2209, 9.9288, 10.69, 11.5094, 12.3921, 13.3429, 14.3669, 15.469, 16.6554, 17.9323, 19.3084, 20.7886, 22.3841, 24.1011, 25.9495, 27.9392, 30.0827, 32.3898, 34.8754, 37.5494, 40.4305, 43.531, 46.8707, 50.4659, 54.3362, 58.5041, 62.9919, 67.823, 73.026, 78.627]",C:/Users/Madness/PycharmProjects/Crupto_Data_Joiner/Raw_Data_Spot/BYBIT_DOGEUSDT_SPOT_2021_2026.csv,1000.0,0.0018,0.1,False
0.022472,785.8062,256.4182,29.5369,100.0,785806246873.0382,953,2505.8,267836.0,32,1.8,3.9,5.58,back_heavy,31.25,31.25,flat,"[3.9, 3.9, 3.91, 3.92, 3.93, 3.94, 3.96, 3.99, 4.01, 4.04, 4.07, 4.11, 4.15, 4.2, 4.24, 4.29, 4.35, 4.41, 4.47, 4.53, 4.6, 4.67, 4.75, 4.82, 4.91, 4.99, 5.08, 5.17, 5.27, 5.37, 5.47, 5.58]","[31.25, 31.25, 31.25, 31.25, 31.25, 31.25, 31.25, 31.25, 31.25, 31.25, 31.25, 31.25, 31.25, 31.25, 31.25, 31.25, 31.25, 31.25, 31.25, 31.25, 31.25, 31.25, 31.25, 31.25, 31.25, 31.25, 31.25, 31.25, 31.25, 31.25, 31.25, 31.25]",C:/Users/Madness/PycharmProjects/Crupto_Data_Joiner/Raw_Data_Spot/BYBIT_DOGEUSDT_SPOT_2021_2026.csv,1000.0,0.0018,0.1,False
0.022401,783.3158,224.4046,20.0724,100.0,783315849624.2842,1028,2323.0,267835.0,35,2.8,1.23,6.49,linear,5.7,51.44,linear_increase,"[1.23, 1.38, 1.54, 1.69, 1.85, 2.0, 2.16, 2.31, 2.47, 2.62, 2.78, 2.93, 3.09, 3.24, 3.4, 3.55, 3.71, 3.86, 4.01, 4.17, 4.32, 4.48, 4.63, 4.79, 4.94, 5.1, 5.25, 5.41, 5.56, 5.72, 5.87, 6.03, 6.18, 6.34, 6.49]","[5.7041, 7.0487, 8.3947, 9.7393, 11.0853, 12.4299, 13.7745, 15.1205, 16.4651, 17.8097, 19.1557, 20.5003, 21.8463, 23.1909, 24.5355, 25.8815, 27.2261, 28.5721, 29.9167, 31.2613, 32.6073, 33.9519, 35.2965, 36.6425, 37.9871, 39.3331, 40.6777, 42.0223, 43.3683, 44.7129, 46.0575, 47.4035, 48.7481, 50.0941, 51.4387]",C:/Users/Madness/PycharmProjects/Crupto_Data_Joiner/Raw_Data_Spot/BYBIT_DOGEUSDT_SPOT_2021_2026.csv,1000.0,0.0018,0.1,False
0.022328,480.0023,95.4349,10.0474,100.0,480002253695.3483,191,11442.6,209695.0,35,9.5,3.06,3.85,linear,4.14,90.52,geometric_increase,"[3.06, 3.08, 3.11, 3.13, 3.15, 3.18, 3.2, 3.22, 3.25, 3.27, 3.29, 3.32, 3.34, 3.36, 3.39, 3.41, 3.43, 3.46, 3.48, 3.5, 3.52, 3.55, 3.57, 3.59, 3.62, 3.64, 3.66, 3.69, 3.71, 3.73, 3.76, 3.78, 3.8, 3.83, 3.85]","[4.1394, 4.5359, 4.9603, 5.4334, 5.9482, 6.5187, 7.1378, 7.8127, 8.5571, 9.3641, 10.2546, 11.2285, 12.2999, 13.4687, 14.7418, 16.1471, 17.6776, 19.3543, 21.1978, 23.2084, 25.4138, 27.8278, 30.4715, 33.3656, 36.531, 40.0025, 43.801, 47.9613, 52.5181, 57.5062, 62.9674, 68.9504, 75.5039, 82.6695, 90.5239]",C:/Users/Madness/PycharmProjects/Crupto_Data_Joiner/Raw_Data_Spot/BYBIT_DOGEUSDT_SPOT_2021_2026.csv,1000.0,0.0018,0.1,False
0.02226,778.3577,187.0878,13.8659,100.0,778357735019.3969,342,6858.4,267828.0,31,5.5,2.1,5.42,linear,8.26,80.87,geometric_increase,"[2.1, 2.21, 2.32, 2.43, 2.54, 2.65, 2.76, 2.87, 2.99, 3.1, 3.21, 3.32, 3.43, 3.54, 3.65, 3.76, 3.87, 3.98, 4.09, 4.2, 4.31, 4.42, 4.53, 4.65, 4.76, 4.87, 4.98, 5.09, 5.2, 5.31, 5.42]","[8.2639, 8.9152, 9.6225, 10.3823, 11.2017, 12.0876, 13.0401, 14.0696, 15.1831, 16.3806, 17.6762, 19.0734, 20.5791, 22.2039, 23.9582, 25.8526, 27.894, 30.0965, 32.4741, 35.0408, 37.8106, 40.7975, 44.019, 47.4962, 51.2499, 55.2978, 59.6643, 64.3775, 69.4654, 74.9525, 80.8737]",C:/Users/Madness/PycharmProjects/Crupto_Data_Joiner/Raw_Data_Spot/BYBIT_DOGEUSDT_SPOT_2021_2026.csv,1000.0,0.0018,0.1,False
0.022228,284.2238,88.9406,20.0832,100.0,284223828036.9804,618,3856.9,161394.0,35,2.9,4.51,5.56,back_heavy,8.74,65.94,geometric_increase,"[4.51, 4.51, 4.51, 4.52, 4.52, 4.53, 4.54, 4.55, 4.57, 4.58, 4.6, 4.62, 4.64, 4.66, 4.69, 4.71, 4.74, 4.77, 4.8, 4.84, 4.87, 4.91, 4.95, 4.99, 5.03, 5.08, 5.12, 5.17, 5.22, 5.27, 5.33, 5.38, 5.44, 5.5, 5.56]","[8.7401, 9.2748, 9.8431, 10.4462, 11.0856, 11.7649, 12.4856, 13.2502, 14.0613, 14.9215, 15.8359, 16.8059, 17.8353, 18.9267, 20.0865, 21.3161, 22.6219, 24.0064, 25.4762, 27.0365, 28.6922, 30.4501, 32.3138, 34.2938, 36.3926, 38.6218, 40.9867, 43.4975, 46.1607, 48.988, 51.987, 55.1707, 58.5495, 62.1349, 65.9399]",C:/Users/Madness/PycharmProjects/Crupto_Data_Joiner/Raw_Data_Spot/BYBIT_DOGEUSDT_SPOT_2021_2026.csv,1000.0,0.0018,0.1,False
0.022223,98.9604,107.4848,54.0644,100.0,98960357835.7933,3977,600.6,94654.0,32,0.45,3.72,5.41,front_heavy,7.63,54.87,pyramid,"[5.41, 5.36, 5.3, 5.25, 5.19, 5.14, 5.08, 5.03, 4.97, 4.92, 4.86, 4.81, 4.76, 4.7, 4.65, 4.59, 4.54, 4.48, 4.43, 4.37, 4.32, 4.27, 4.21, 4.16, 4.1, 4.05, 3.99, 3.94, 3.88, 3.83, 3.77, 3.72]","[7.6264, 10.5785, 13.5328, 16.485, 19.4371, 22.3914, 25.3436, 28.2979, 31.25, 34.2021, 37.1564, 40.1086, 43.0629, 46.015, 48.9672, 51.9215, 54.8736, 51.9215, 48.9672, 46.015, 43.0629, 40.1086, 37.1564, 34.2021, 31.25, 28.2979, 25.3436, 22.3914, 19.4371, 16.485, 13.5328, 10.5785]",C:/Users/Madness/PycharmProjects/Crupto_Data_Joiner/Raw_Data_Spot/BYBIT_DOGEUSDT_SPOT_2021_2026.csv,1000.0,0.0018,0.1,False
0.022187,477.6701,100.1234,11.0165,100.0,477670117111.0087,206,10608.7,209847.0,35,8.5,1.25,5.17,random,4.92,84.86,geometric_increase,"[4.7, 1.8, 2.45, 1.56, 4.45, 4.13, 5.0, 4.75, 1.92, 4.71, 4.24, 3.4, 2.7, 3.13, 2.39, 4.45, 2.43, 2.29, 1.68, 1.67, 1.46, 4.97, 5.15, 2.56, 2.08, 3.6, 4.78, 4.89, 3.96, 1.61, 1.37, 4.19, 2.56, 2.49, 2.3]","[4.9224, 5.3519, 5.8194, 6.3278, 6.8808, 7.4824, 8.1352, 8.846, 9.6185, 10.4586, 11.3727, 12.3658, 13.4462, 14.6207, 15.8979, 17.2862, 18.7962, 20.4373, 22.2228, 24.1642, 26.2747, 28.5696, 31.065, 33.7789, 36.7286, 39.9366, 43.425, 47.2185, 51.3426, 55.8279, 60.7036, 66.0061, 71.7713, 78.0412, 84.8574]",C:/Users/Madness/PycharmProjects/Crupto_Data_Joiner/Raw_Data_Spot/BYBIT_DOGEUSDT_SPOT_2021_2026.csv,1000.0,0.0018,0.1,False
0.022,769.03,246.0446,16.0525,100.0,769029972657.1941,646,3697.5,267790.0,30,3.5,2.1,4.18,random,10.53,75.5,geometric_increase,"[2.17, 2.93, 2.31, 2.62, 2.12, 2.75, 2.2, 3.23, 2.38, 3.54, 3.22, 3.12, 2.25, 2.75, 3.47, 4.1, 2.55, 3.01, 2.14, 2.32, 4.11, 3.77, 4.15, 2.82, 4.11, 4.01, 3.43, 2.11, 2.8, 3.91]","[10.534, 11.2741, 12.0671, 12.9129, 13.8222, 14.7949, 15.8345, 16.9447, 18.1359, 19.4117, 20.7756, 22.2346, 23.7994, 25.4699, 27.2602, 29.1774, 31.225, 33.4206, 35.7713, 38.2841, 40.9731, 43.8524, 46.9362, 50.2349, 53.7627, 57.5407, 61.5866, 65.9144, 70.5452, 75.5039]",C:/Users/Madness/PycharmProjects/Crupto_Data_Joiner/Raw_Data_Spot/BYBIT_DOGEUSDT_SPOT_2021_2026.csv,1000.0,0.0018,0.1,False
0.021984,768.7418,302.5606,40.2182,100.0,768741767683.8973,1915,1247.3,267835.0,33,1.1,2.83,4.92,linear,28.05,32.69,pyramid,"[2.83, 2.9, 2.96, 3.03, 3.09, 3.16, 3.22, 3.29, 3.35, 3.42, 3.48, 3.55, 3.61, 3.68, 3.74, 3.81, 3.88, 3.94, 4.01, 4.07, 4.14, 4.2, 4.27, 4.33, 4.4, 4.46, 4.53, 4.59, 4.66, 4.72, 4.79, 4.85, 4.92]","[28.0536, 28.3422, 28.6308, 28.9268, 29.2154, 29.504, 29.7927, 30.0813, 30.3699, 30.6659, 30.9545, 31.2431, 31.5317, 31.8203, 32.1163, 32.4049, 32.6935, 32.4049, 32.1163, 31.8203, 31.5317, 31.2431, 30.9545, 30.6659, 30.3699, 30.0813, 29.7927, 29.504, 29.2154, 28.9268, 28.6308, 28.3422, 28.0536]",C:/Users/Madness/PycharmProjects/Crupto_Data_Joiner/Raw_Data_Spot/BYBIT_DOGEUSDT_SPOT_2021_2026.csv,1000.0,0.0018,0.1,False
0.021886,32.9546,139.9274,50.7385,100.0,32954586144.2134,12828,186.3,54438.0,33,0.25,2.39,5.2,geometric,2.59,58.01,linear_increase,"[2.39, 2.45, 2.51, 2.57, 2.63, 2.7, 2.77, 2.83, 2.9, 2.97, 3.05, 3.12, 3.2, 3.28, 3.36, 3.44, 3.53, 3.61, 3.7, 3.79, 3.89, 3.98, 4.08, 4.18, 4.28, 4.39, 4.49, 4.61, 4.72, 4.83, 4.95, 5.08, 5.2]","[2.5946, 4.3265, 6.0579, 7.7899, 9.5218, 11.2532, 12.9852, 14.7171, 16.4485, 18.1805, 19.9124, 21.6444, 23.3758, 25.1077, 26.8397, 28.5711, 30.303, 32.035, 33.7664, 35.4983, 37.2303, 38.9617, 40.6936, 42.4256, 44.1576, 45.8889, 47.6209, 49.3529, 51.0842, 52.8162, 54.5482, 56.2795, 58.0115]",C:/Users/Madness/PycharmProjects/Crupto_Data_Joiner/Raw_Data_Spot/BYBIT_DOGEUSDT_SPOT_2021_2026.csv,1000.0,0.0018,0.1,False
0.021758,96.9231,32.5696,34.1705,100.0,96923093113.4236,1576,1515.7,94669.0,28,1.15,1.44,7.34,front_heavy,4.79,66.63,linear_increase,"[7.34, 7.12, 6.9, 6.68, 6.47, 6.25, 6.03, 5.81, 5.59, 5.37, 5.15, 4.94, 4.72, 4.5, 4.28, 4.06, 3.84, 3.63, 3.41, 3.19, 2.97, 2.75, 2.53, 2.31, 2.1, 1.88, 1.66, 1.44]","[4.7946, 7.0852, 9.3758, 11.6665, 13.9553, 16.2459, 18.5365, 20.8271, 23.1177, 25.4083, 27.699, 29.9877, 32.2784, 34.569, 36.8596, 39.1502, 41.4408, 43.7296, 46.0202, 48.3109, 50.6015, 52.8921, 55.1827, 57.4733, 59.7621, 62.0527, 64.3433, 66.634]",C:/Users/Madness/PycharmProjects/Crupto_Data_Joiner/Raw_Data_Spot/BYBIT_DOGEUSDT_SPOT_2021_2026.csv,1000.0,0.0018,0.1,False
0.021634,756.4627,260.7285,22.1109,100.0,756462684126.6294,1015,2352.2,267827.0,29,2.3,2.61,4.99,linear,14.71,54.25,linear_increase,"[2.61, 2.7, 2.78, 2.86, 2.95, 3.04, 3.12, 3.2, 3.29, 3.38, 3.46, 3.54, 3.63, 3.72, 3.8, 3.88, 3.97, 4.05, 4.14, 4.22, 4.31, 4.39, 4.48, 4.57, 4.65, 4.74, 4.82, 4.9, 4.99]","[14.7124, 16.1259, 17.5363, 18.9498, 20.3601, 21.7737, 23.184, 24.5976, 26.0111, 27.4215, 28.835, 30.2453, 31.6589, 33.0692, 34.4828, 35.8963, 37.3066, 38.7202, 40.1305, 41.5441, 42.9544, 44.3679, 45.7815, 47.1918, 48.6054, 50.0157, 51.4292, 52.8396, 54.2531]",C:/Users/Madness/PycharmProjects/Crupto_Data_Joiner/Raw_Data_Spot/BYBIT_DOGEUSDT_SPOT_2021_2026.csv,1000.0,0.0018,0.1,False
0.021473,750.5688,351.1166,66.0446,100.0,750568801236.3281,12679,188.5,267785.0,34,0.6,0.59,6.42,back_heavy,4.79,89.21,geometric_increase,"[0.59, 0.6, 0.61, 0.64, 0.68, 0.72, 0.78, 0.85, 0.93, 1.02, 1.13, 1.24, 1.36, 1.49, 1.64, 1.79, 1.96, 2.14, 2.32, 2.52, 2.73, 2.95, 3.18, 3.42, 3.67, 3.94, 4.21, 4.49, 4.79, 5.09, 5.41, 5.73, 6.07, 6.42]","[4.7853, 5.2277, 5.7149, 6.2439, 6.8208, 7.4545, 8.1449, 8.9011, 9.7261, 10.6257, 11.6121, 12.6881, 13.8658, 15.151, 16.5558, 18.0892, 19.766, 21.5982, 23.6008, 25.7887, 28.1799, 30.7922, 33.6467, 36.7642, 40.1716, 43.8958, 47.9668, 52.4113, 57.2714, 62.5798, 68.3813, 74.7179, 81.6463, 89.2144]",C:/Users/Madness/PycharmProjects/Crupto_Data_Joiner/Raw_Data_Spot/BYBIT_DOGEUSDT_SPOT_2021_2026.csv,1000.0,0.0018,0.1,False
0.021003,734.5521,521.254,61.131,100.0,734552052050.792,9173,260.5,267855.0,35,0.5,1.1,2.45,linear,13.46,43.68,linear_increase,"[1.1, 1.14, 1.18, 1.22, 1.26, 1.3, 1.34, 1.38, 1.42, 1.46, 1.5, 1.54, 1.58, 1.62, 1.66, 1.7, 1.74, 1.78, 1.81, 1.85, 1.89, 1.93, 1.97, 2.01, 2.05, 2.09, 2.13, 2.17, 2.21, 2.25, 2.29, 2.33, 2.37, 2.41, 2.45]","[13.463, 14.3512, 15.2411, 16.1294, 17.0176, 17.9059, 18.7958, 19.684, 20.5723, 21.4621, 22.3504, 23.2387, 24.1285, 25.0168, 25.905, 26.7933, 27.6832, 28.5714, 29.4597, 30.3496, 31.2378, 32.1261, 33.0143, 33.9042, 34.7925, 35.6807, 36.5706, 37.4588, 38.3471, 39.237, 40.1252, 41.0135, 41.9017, 42.7916, 43.6799]",C:/Users/Madness/PycharmProjects/Crupto_Data_Joiner/Raw_Data_Spot/BYBIT_DOGEUSDT_SPOT_2021_2026.csv,1000.0,0.0018,0.1,False
0.020989,733.7489,310.5907,16.8801,100.0,733748923665.6405,1297,1840.9,267803.0,31,2.6,2.17,7.05,linear,5.54,60.76,pyramid,"[2.17, 2.33, 2.5, 2.66, 2.82, 2.98, 3.15, 3.31, 3.47, 3.63, 3.8, 3.96, 4.12, 4.28, 4.45, 4.61, 4.77, 4.94, 5.1, 5.26, 5.42, 5.59, 5.75, 5.91, 6.07, 6.24, 6.4, 6.56, 6.72, 6.89, 7.05]","[5.5356, 9.2172, 12.8989, 16.5805, 20.2622, 23.9438, 27.6255, 31.3071, 34.9905, 38.6722, 42.3538, 46.0355, 49.7171, 53.3988, 57.0804, 60.7621, 57.0804, 53.3988, 49.7171, 46.0355, 42.3538, 38.6722, 34.9905, 31.3071, 27.6255, 23.9438, 20.2622, 16.5805, 12.8989, 9.2172, 5.5356]",C:/Users/Madness/PycharmProjects/Crupto_Data_Joiner/Raw_Data_Spot/BYBIT_DOGEUSDT_SPOT_2021_2026.csv,1000.0,0.0018,0.1,False
0.020937,270.0817,93.9829,23.1354,100.0,270081710911.1286,566,4211.2,162109.0,34,2.5,3.47,7.36,front_heavy,13.79,45.04,pyramid,"[7.36, 7.24, 7.12, 7.01, 6.89, 6.77, 6.65, 6.53, 6.42, 6.3, 6.18, 6.06, 5.95, 5.83, 5.71, 5.59, 5.47, 5.36, 5.24, 5.12, 5.0, 4.88, 4.77, 4.65, 4.53, 4.41, 4.3, 4.18, 4.06, 3.94, 3.82, 3.71, 3.59, 3.47]","[13.7854, 15.6234, 17.4628, 19.3008, 21.1387, 22.9767, 24.8161, 26.6541, 28.492, 30.3315, 32.1694, 34.0074, 35.8468, 37.6848, 39.5228, 41.3607, 43.2001, 45.0381, 43.2001, 41.3607, 39.5228, 37.6848, 35.8468, 34.0074, 32.1694, 30.3315, 28.492, 26.6541, 24.8161, 22.9767, 21.1387, 19.3008, 17.4628, 15.6234]",C:/Users/Madness/PycharmProjects/Crupto_Data_Joiner/Raw_Data_Spot/BYBIT_DOGEUSDT_SPOT_2021_2026.csv,1000.0,0.0018,0.1,False
0.020919,735.7126,161.6107,14.3936,100.0,735712617944.0195,181,12073.9,268612.0,31,6.5,1.21,7.32,front_heavy,32.26,32.26,flat,"[7.32, 7.12, 6.91, 6.71, 6.51, 6.3, 6.1, 5.89, 5.69, 5.49, 5.28, 5.08, 4.88, 4.67, 4.47, 4.27, 4.06, 3.86, 3.65, 3.45, 3.25, 3.04, 2.84, 2.64, 2.43, 2.23, 2.02, 1.82, 1.62, 1.41, 1.21]","[32.2581, 32.2581, 32.2581, 32.2581, 32.2581, 32.2581, 32.2581, 32.2581, 32.2581, 32.2581, 32.2581, 32.2581, 32.2581, 32.2581, 32.2581, 32.2581, 32.2581, 32.2581, 32.2581, 32.2581, 32.2581, 32.2581, 32.2581, 32.2581, 32.2581, 32.2581, 32.2581, 32.2581, 32.2581, 32.2581, 32.2581]",C:/Users/Madness/PycharmProjects/Crupto_Data_Joiner/Raw_Data_Spot/BYBIT_DOGEUSDT_SPOT_2021_2026.csv,1000.0,0.0018,0.1,False
0.020843,447.7997,114.7633,8.2755,100.0,447799713595.8012,135,16189.6,209630.0,35,10.0,5.51,5.52,linear,7.32,51.08,pyramid,"[5.51, 5.51, 5.51, 5.51, 5.51, 5.51, 5.51, 5.51, 5.51, 5.51, 5.51, 5.51, 5.51, 5.51, 5.51, 5.51, 5.51, 5.52, 5.52, 5.52, 5.52, 5.52, 5.52, 5.52, 5.52, 5.52, 5.52, 5.52, 5.52, 5.52, 5.52, 5.52, 5.52, 5.52, 5.52]","[7.3179, 9.893, 12.4657, 15.0407, 17.6134, 20.1885, 22.7612, 25.3363, 27.909, 30.4841, 33.0568, 35.6318, 38.2045, 40.7796, 43.3523, 45.9274, 48.5001, 51.0752, 48.5001, 45.9274, 43.3523, 40.7796, 38.2045, 35.6318, 33.0568, 30.4841, 27.909, 25.3363, 22.7612, 20.1885, 17.6134, 15.0407, 12.4657, 9.893, 7.3179]",C:/Users/Madness/PycharmProjects/Crupto_Data_Joiner/Raw_Data_Spot/BYBIT_DOGEUSDT_SPOT_2021_2026.csv,1000.0,0.0018,0.1,False
0.020814,260.5735,60.0059,9.916,100.0,260573477805.9894,212,11062.5,159682.0,32,8.5,3.09,6.34,front_heavy,4.01,58.49,linear_increase,"[6.34, 6.24, 6.13, 6.03, 5.92, 5.82, 5.71, 5.61, 5.5, 5.4, 5.29, 5.19, 5.08, 4.98, 4.87, 4.77, 4.66, 4.56, 4.45, 4.35, 4.24, 4.14, 4.03, 3.93, 3.82, 3.72, 3.61, 3.51, 3.4, 3.3, 3.19, 3.09]","[4.0057, 5.7629, 7.5217, 9.2788, 11.036, 12.7948, 14.552, 16.3092, 18.0679, 19.8251, 21.5823, 23.3411, 25.0983, 26.8555, 28.6142, 30.3714, 32.1286, 33.8858, 35.6445, 37.4017, 39.1589, 40.9177, 42.6749, 44.4321, 46.1908, 47.948, 49.7052, 51.464, 53.2212, 54.9783, 56.7371, 58.4943]",C:/Users/Madness/PycharmProjects/Crupto_Data_Joiner/Raw_Data_Spot/BYBIT_DOGEUSDT_SPOT_2021_2026.csv,1000.0,0.0018,0.1,False
0.020733,724.9874,225.1439,31.0062,100.0,724987351952.7062,857,2785.9,267835.0,30,1.85,4.64,5.83,linear,33.33,33.33,flat,"[4.64, 4.68, 4.72, 4.76, 4.8, 4.85, 4.89, 4.93, 4.97, 5.01, 5.05, 5.09, 5.13, 5.17, 5.21, 5.26, 5.3, 5.34, 5.38, 5.42, 5.46, 5.5, 5.54, 5.58, 5.62, 5.67, 5.71, 5.75, 5.79, 5.83]","[33.3333, 33.3333, 33.3333, 33.3333, 33.3333, 33.3333, 33.3333, 33.3333, 33.3333, 33.3333, 33.3333, 33.3333, 33.3333, 33.3333, 33.3333, 33.3333, 33.3333, 33.3333, 33.3333, 33.3333, 33.3333, 33.3333, 33.3333, 33.3333, 33.3333, 33.3333, 33.3333, 33.3333, 33.3333, 33.3333]",C:/Users/Madness/PycharmProjects/Crupto_Data_Joiner/Raw_Data_Spot/BYBIT_DOGEUSDT_SPOT_2021_2026.csv,1000.0,0.0018,0.1,False
0.020731,256.7758,157.7784,26.6591,100.0,256775837110.1526,1396,1711.0,158822.0,31,1.35,1.18,4.92,front_heavy,10.49,54.02,linear_increase,"[4.92, 4.8, 4.67, 4.55, 4.42, 4.3, 4.17, 4.05, 3.92, 3.8, 3.67, 3.55, 3.42, 3.3, 3.17, 3.05, 2.93, 2.8, 2.68, 2.55, 2.43, 2.3, 2.18, 2.05, 1.93, 1.8, 1.68, 1.55, 1.43, 1.3, 1.18]","[10.4933, 11.9454, 13.3949, 14.847, 16.2965, 17.7486, 19.1981, 20.6502, 22.1024, 23.5519, 25.004, 26.4535, 27.9056, 29.3551, 30.8072, 32.2593, 33.7088, 35.1609, 36.6105, 38.0626, 39.5121, 40.9642, 42.4137, 43.8658, 45.3179, 46.7674, 48.2195, 49.669, 51.1212, 52.5707, 54.0228]",C:/Users/Madness/PycharmProjects/Crupto_Data_Joiner/Raw_Data_Spot/BYBIT_DOGEUSDT_SPOT_2021_2026.csv,1000.0,0.0018,0.1,False
0.020677,256.366,172.8721,22.6612,100.0,256365985303.2122,1655,1442.7,158902.0,33,1.4,4.28,5.43,linear,7.33,54.71,pyramid,"[4.28, 4.32, 4.35, 4.39, 4.42, 4.46, 4.5, 4.53, 4.57, 4.6, 4.64, 4.68, 4.71, 4.75, 4.78, 4.82, 4.86, 4.89, 4.93, 4.96, 5.0, 5.03, 5.07, 5.11, 5.14, 5.18, 5.21, 5.25, 5.29, 5.32, 5.36, 5.39, 5.43]","[7.3344, 10.2955, 13.2567, 16.2179, 19.179, 22.1373, 25.0985, 28.0596, 31.0208, 33.982, 36.9431, 39.9043, 42.8626, 45.8237, 48.7849, 51.7461, 54.7072, 51.7461, 48.7849, 45.8237, 42.8626, 39.9043, 36.9431, 33.982, 31.0208, 28.0596, 25.0985, 22.1373, 19.179, 16.2179, 13.2567, 10.2955, 7.3344]",C:/Users/Madness/PycharmProjects/Crupto_Data_Joiner/Raw_Data_Spot/BYBIT_DOGEUSDT_SPOT_2021_2026.csv,1000.0,0.0018,0.1,False
0.02066,263.8742,207.1227,39.2685,100.0,263874165221.0692,3923,609.3,161302.0,34,0.75,2.4,4.29,back_heavy,7.45,74.23,geometric_increase,"[2.4, 2.4, 2.41, 2.42, 2.43, 2.44, 2.46, 2.49, 2.51, 2.54, 2.57, 2.61, 2.65, 2.69, 2.74, 2.79, 2.84, 2.9, 2.96, 3.03, 3.09, 3.17, 3.24, 3.32, 3.4, 3.48, 3.57, 3.67, 3.76, 3.86, 3.96, 4.07, 4.18, 4.29]","[7.4537, 7.9917, 8.5681, 9.1857, 9.8486, 10.5587, 11.3203, 12.1369, 13.0129, 13.951, 14.958, 16.0367, 17.1931, 18.4333, 19.7635, 21.1889, 22.7174, 24.3559, 26.1132, 27.9971, 30.0165, 32.1817, 34.5032, 36.9915, 39.6607, 42.5211, 45.5885, 48.8769, 52.4028, 56.183, 60.2356, 64.5808, 69.2396, 74.2337]",C:/Users/Madness/PycharmProjects/Crupto_Data_Joiner/Raw_Data_Spot/BYBIT_DOGEUSDT_SPOT_2021_2026.csv,1000.0,0.0018,0.1,False
0.020644,255.9373,134.226,25.5101,100.0,255937334203.7366,1394,1713.4,158898.0,33,1.5,3.43,5.07,random,8.47,52.14,linear_increase,"[4.19, 4.45, 3.44, 4.41, 4.65, 3.48, 4.29, 4.49, 3.71, 3.67, 5.03, 3.47, 4.46, 3.71, 4.58, 4.38, 3.83, 3.64, 4.87, 4.73, 4.06, 3.77, 4.91, 3.57, 4.8, 4.85, 4.09, 4.69, 3.67, 3.51, 4.13, 3.73, 3.75]","[8.4709, 9.8349, 11.1989, 12.5656, 13.9296, 15.2936, 16.6576, 18.0217, 19.3857, 20.7524, 22.1164, 23.4804, 24.8444, 26.2084, 27.5751, 28.9391, 30.3031, 31.6671, 33.0311, 34.3978, 35.7618, 37.1258, 38.4899, 39.8539, 41.2179, 42.5846, 43.9486, 45.3126, 46.6766, 48.0406, 49.4073, 50.7713, 52.1353]",C:/Users/Madness/PycharmProjects/Crupto_Data_Joiner/Raw_Data_Spot/BYBIT_DOGEUSDT_SPOT_2021_2026.csv,1000.0,0.0018,0.1,False
0.020632,263.5327,235.9096,26.5645,100.0,263532651995.7969,5633,424.0,161307.0,34,0.95,1.6,4.84,linear,2.12,56.71,linear_increase,"[1.6, 1.7, 1.8, 1.89, 1.99, 2.09, 2.19, 2.29, 2.39, 2.48, 2.58, 2.68, 2.78, 2.88, 2.97, 3.07, 3.17, 3.27, 3.37, 3.47, 3.56, 3.66, 3.76, 3.86, 3.96, 4.05, 4.15, 4.25, 4.35, 4.45, 4.55, 4.64, 4.74, 4.84]","[2.1179, 3.7724, 5.4269, 7.0799, 8.7344, 10.3889, 12.0434, 13.6979, 15.3508, 17.0053, 18.6598, 20.3143, 21.9673, 23.6218, 25.2763, 26.9308, 28.5853, 30.2382, 31.8927, 33.5472, 35.2017, 36.8562, 38.5092, 40.1637, 41.8182, 43.4727, 45.1256, 46.7801, 48.4346, 50.0891, 51.7436, 53.3966, 55.0511, 56.7056]",C:/Users/Madness/PycharmProjects/Crupto_Data_Joiner/Raw_Data_Spot/BYBIT_DOGEUSDT_SPOT_2021_2026.csv,1000.0,0.0018,0.1,False
0.020564,719.194,261.1354,36.9216,100.0,719193994713.4956,1249,1841.7,267856.0,35,1.3,3.19,4.56,linear,10.56,47.67,random,"[3.19, 3.23, 3.27, 3.31, 3.35, 3.39, 3.43, 3.47, 3.51, 3.55, 3.59, 3.63, 3.67, 3.71, 3.75, 3.79, 3.83, 3.88, 3.92, 3.96, 4.0, 4.04, 4.08, 4.12, 4.16, 4.2, 4.24, 4.28, 4.32, 4.36, 4.4, 4.44, 4.48, 4.52, 4.56]","[35.6461, 16.519, 24.4598, 32.4121, 41.1416, 33.7825, 43.6963, 34.4898, 13.6759, 18.8619, 22.7962, 15.1556, 17.552, 14.6414, 45.525, 25.3113, 31.8096, 10.5582, 38.1845, 32.5959, 27.7403, 41.5092, 13.4479, 46.3277, 19.8507, 35.104, 22.9777, 40.881, 43.0052, 29.5411, 16.7656, 33.8686, 19.2318, 13.2617, 47.6724]",C:/Users/Madness/PycharmProjects/Crupto_Data_Joiner/Raw_Data_Spot/BYBIT_DOGEUSDT_SPOT_2021_2026.csv,1000.0,0.0018,0.1,False
0.020511,721.3542,184.5099,10.1172,100.0,721354236139.8993,148,14627.4,268610.0,32,8.0,0.89,7.88,random,16.65,50.52,random,"[2.8, 7.14, 6.88, 7.5, 3.82, 7.13, 6.56, 3.99, 7.25, 1.83, 3.86, 0.89, 5.85, 3.6, 5.04, 3.8, 2.21, 5.84, 2.06, 7.31, 1.7, 5.18, 7.1, 6.67, 4.97, 3.01, 6.01, 0.91, 7.03, 3.71, 4.47, 7.85]","[20.1064, 21.6153, 28.4338, 32.6319, 35.4915, 23.9436, 29.026, 34.2665, 22.8768, 44.7679, 50.5155, 23.1851, 31.1919, 21.4531, 31.7233, 30.5105, 44.6584, 41.4054, 16.6546, 32.2547, 19.0681, 22.2319, 17.19, 34.157, 47.2625, 33.2606, 41.5311, 23.1161, 25.7364, 36.2216, 36.5988, 46.9137]",C:/Users/Madness/PycharmProjects/Crupto_Data_Joiner/Raw_Data_Spot/BYBIT_DOGEUSDT_SPOT_2021_2026.csv,1000.0,0.0018,0.1,False
0.020467,715.6843,217.6421,29.286,100.0,715684265035.0225,845,2826.9,267835.0,33,1.95,4.39,5.43,geometric,30.3,30.3,flat,"[4.39, 4.42, 4.45, 4.48, 4.51, 4.54, 4.57, 4.6, 4.63, 4.66, 4.69, 4.72, 4.75, 4.79, 4.82, 4.85, 4.88, 4.91, 4.95, 4.98, 5.01, 5.05, 5.08, 5.11, 5.15, 5.18, 5.22, 5.25, 5.29, 5.32, 5.36, 5.39, 5.43]","[30.303, 30.303, 30.303, 30.303, 30.303, 30.303, 30.303, 30.303, 30.303, 30.303, 30.303, 30.303, 30.303, 30.303, 30.303, 30.303, 30.303, 30.303, 30.303, 30.303, 30.303, 30.303, 30.303, 30.303, 30.303, 30.303, 30.303, 30.303, 30.303, 30.303, 30.303, 30.303, 30.303]",C:/Users/Madness/PycharmProjects/Crupto_Data_Joiner/Raw_Data_Spot/BYBIT_DOGEUSDT_SPOT_2021_2026.csv,1000.0,0.0018,0.1,False
0.020427,714.2929,308.5481,46.8694,100.0,714292854499.0497,2198,1086.7,267835.0,30,0.9,3.19,4.71,geometric,31.91,34.8,geometric_increase,"[3.19, 3.23, 3.28, 3.32, 3.37, 3.41, 3.46, 3.5, 3.55, 3.6, 3.65, 3.7, 3.75, 3.8, 3.85, 3.9, 3.96, 4.01, 4.06, 4.12, 4.17, 4.23, 4.29, 4.35, 4.4, 4.46, 4.52, 4.59, 4.65, 4.71]","[31.9091, 32.0069, 32.0972, 32.195, 32.2928, 32.3906, 32.4883, 32.5861, 32.6839, 32.7817, 32.8795, 32.9773, 33.0751, 33.1729, 33.2706, 33.3684, 33.4737, 33.5715, 33.6693, 33.7746, 33.8724, 33.9777, 34.0755, 34.1808, 34.2786, 34.3839, 34.4892, 34.587, 34.6923, 34.7977]",C:/Users/Madness/PycharmProjects/Crupto_Data_Joiner/Raw_Data_Spot/BYBIT_DOGEUSDT_SPOT_2021_2026.csv,1000.0,0.0018,0.1,False
0.020413,714.7275,225.0534,19.1756,100.0,714727521697.7979,723,3303.6,268014.0,35,2.7,3.58,3.87,random,10.72,47.99,random,"[3.64, 3.74, 3.67, 3.84, 3.63, 3.69, 3.59, 3.63, 3.74, 3.77, 3.66, 3.78, 3.7, 3.81, 3.86, 3.6, 3.82, 3.79, 3.85, 3.69, 3.83, 3.84, 3.73, 3.83, 3.79, 3.58, 3.66, 3.84, 3.79, 3.77, 3.7, 3.8, 3.74, 3.78, 3.83]","[15.6095, 35.017, 10.7242, 16.5347, 44.2114, 35.3213, 36.6725, 29.2308, 15.8449, 30.4725, 13.2399, 11.2801, 15.1673, 23.6841, 45.7817, 35.4471, 33.0612, 30.4562, 40.2837, 33.7429, 32.1726, 34.2014, 37.557, 14.2908, 25.7291, 39.0583, 14.0474, 33.9742, 37.7112, 41.6673, 22.8117, 20.3407, 47.9891, 26.4027, 20.2636]",C:/Users/Madness/PycharmProjects/Crupto_Data_Joiner/Raw_Data_Spot/BYBIT_DOGEUSDT_SPOT_2021_2026.csv,1000.0,0.0018,0.1,False
0.020398,713.2526,246.1075,32.3933,100.0,713252629422.909,1103,2164.6,267832.0,33,1.55,3.23,5.08,random,30.3,30.3,flat,"[3.96, 3.43, 3.51, 4.63, 3.88, 5.02, 3.88, 4.19, 4.21, 4.13, 4.33, 3.86, 3.88, 3.26, 4.89, 3.97, 3.77, 4.05, 4.06, 4.35, 4.34, 3.74, 5.04, 4.47, 5.07, 4.72, 3.61, 4.95, 4.95, 4.05, 3.93, 4.38, 3.92]","[30.303, 30.303, 30.303, 30.303, 30.303, 30.303, 30.303, 30.303, 30.303, 30.303, 30.303, 30.303, 30.303, 30.303, 30.303, 30.303, 30.303, 30.303, 30.303, 30.303, 30.303, 30.303, 30.303, 30.303, 30.303, 30.303, 30.303, 30.303, 30.303, 30.303, 30.303, 30.303, 30.303]",C:/Users/Madness/PycharmProjects/Crupto_Data_Joiner/Raw_Data_Spot/BYBIT_DOGEUSDT_SPOT_2021_2026.csv,1000.0,0.0018,0.1,False
0.020293,709.6196,238.5706,30.5399,100.0,709619642890.2206,936,2551.3,267837.0,31,1.7,4.17,5.53,linear,32.26,32.26,flat,"[4.17, 4.22, 4.26, 4.31, 4.35, 4.4, 4.44, 4.49, 4.53, 4.58, 4.62, 4.67, 4.71, 4.76, 4.8, 4.85, 4.9, 4.94, 4.99, 5.03, 5.08, 5.12, 5.17, 5.21, 5.26, 5.3, 5.35, 5.39, 5.44, 5.48, 5.53]","[32.2581, 32.2581, 32.2581, 32.2581, 32.2581, 32.2581, 32.2581, 32.2581, 32.2581, 32.2581, 32.2581, 32.2581, 32.2581, 32.2581, 32.2581, 32.2581, 32.2581, 32.2581, 32.2581, 32.2581, 32.2581, 32.2581, 32.2581, 32.2581, 32.2581, 32.2581, 32.2581, 32.2581, 32.2581, 32.2581, 32.2581]",C:/Users/Madness/PycharmProjects/Crupto_Data_Joiner/Raw_Data_Spot/BYBIT_DOGEUSDT_SPOT_2021_2026.csv,1000.0,0.0018,0.1,False
0.020106,702.8925,380.6362,23.2632,100.0,702892504122.7633,3097,771.1,267805.0,32,1.45,1.54,4.63,back_heavy,5.25,57.25,linear_increase,"[1.54, 1.54, 1.55, 1.57, 1.59, 1.62, 1.66, 1.7, 1.75, 1.8, 1.86, 1.93, 2.0, 2.08, 2.17, 2.26, 2.36, 2.47, 2.58, 2.7, 2.83, 2.96, 3.1, 3.24, 3.39, 3.55, 3.71, 3.88, 4.06, 4.24, 4.43, 4.63]","[5.2497, 6.9263, 8.6048, 10.2814, 11.9598, 13.6364, 15.3149, 16.9915, 18.6699, 20.3465, 22.025, 23.7016, 25.3782, 27.0566, 28.7333, 30.4117, 32.0883, 33.7667, 35.4434, 37.1218, 38.7984, 40.475, 42.1535, 43.8301, 45.5085, 47.1851, 48.8636, 50.5402, 52.2186, 53.8952, 55.5737, 57.2503]",C:/Users/Madness/PycharmProjects/Crupto_Data_Joiner/Raw_Data_Spot/BYBIT_DOGEUSDT_SPOT_2021_2026.csv,1000.0,0.0018,0.1,False
0.020052,701.1823,202.8114,30.2147,100.0,701182284009.3077,649,3367.3,267836.0,32,2.1,4.48,5.52,random,3.61,62.8,random,"[5.26, 4.93, 4.89, 4.65, 4.5, 5.41, 5.15, 4.59, 4.88, 5.03, 5.1, 5.32, 5.51, 4.87, 5.21, 5.07, 5.12, 5.5, 5.15, 4.96, 5.49, 5.19, 4.97, 5.09, 4.89, 5.27, 4.97, 4.74, 5.12, 4.83, 4.62, 5.07]","[37.196, 58.8746, 13.6171, 26.7184, 8.9234, 14.3924, 27.916, 57.3239, 5.0882, 53.6237, 26.4242, 62.2495, 25.9984, 3.6137, 13.399, 61.2111, 17.3034, 24.2608, 62.8033, 14.0982, 49.432, 27.5976, 37.6252, 38.3175, 18.2934, 3.7071, 25.5415, 58.0889, 6.6147, 31.149, 34.8942, 53.7033]",C:/Users/Madness/PycharmProjects/Crupto_Data_Joiner/Raw_Data_Spot/BYBIT_DOGEUSDT_SPOT_2021_2026.csv,1000.0,0.0018,0.1,False
0.019994,699.2587,396.8312,35.551,100.0,699258686525.0426,5235,456.5,267856.0,35,0.9,1.56,9.89,back_heavy,7.76,50.61,pyramid,"[1.56, 1.57, 1.59, 1.62, 1.68, 1.74, 1.82, 1.91, 2.02, 2.14, 2.28, 2.43, 2.6, 2.78, 2.97, 3.18, 3.4, 3.64, 3.89, 4.16, 4.44, 4.74, 5.05, 5.37, 5.71, 6.06, 6.43, 6.81, 7.21, 7.62, 8.05, 8.48, 8.94, 9.41, 9.89]","[7.7606, 10.2815, 12.8005, 15.3214, 17.8423, 20.3632, 22.8822, 25.4031, 27.924, 30.443, 32.9639, 35.4848, 38.0038, 40.5247, 43.0456, 45.5665, 48.0855, 50.6064, 48.0855, 45.5665, 43.0456, 40.5247, 38.0038, 35.4848, 32.9639, 30.443, 27.924, 25.4031, 22.8822, 20.3632, 17.8423, 15.3214, 12.8005, 10.2815, 7.7606]",C:/Users/Madness/PycharmProjects/Crupto_Data_Joiner/Raw_Data_Spot/BYBIT_DOGEUSDT_SPOT_2021_2026.csv,1000.0,0.0018,0.1,False
0.019975,698.5705,247.7851,35.3469,100.0,698570469234.623,1358,1758.9,267855.0,35,1.35,3.5,9.46,back_heavy,28.57,28.57,flat,"[3.5, 3.51, 3.52, 3.55, 3.58, 3.63, 3.69, 3.75, 3.83, 3.92, 4.02, 4.12, 4.24, 4.37, 4.51, 4.66, 4.82, 4.99, 5.17, 5.36, 5.56, 5.77, 6.0, 6.23, 6.47, 6.72, 6.99, 7.26, 7.54, 7.84, 8.14, 8.45, 8.78, 9.11, 9.46]","[28.5714, 28.5714, 28.5714, 28.5714, 28.5714, 28.5714, 28.5714, 28.5714, 28.5714, 28.5714, 28.5714, 28.5714, 28.5714, 28.5714, 28.5714, 28.5714, 28.5714, 28.5714, 28.5714, 28.5714, 28.5714, 28.5714, 28.5714, 28.5714, 28.5714, 28.5714, 28.5714, 28.5714, 28.5714, 28.5714, 28.5714, 28.5714, 28.5714, 28.5714, 28.5714]",C:/Users/Madness/PycharmProjects/Crupto_Data_Joiner/Raw_Data_Spot/BYBIT_DOGEUSDT_SPOT_2021_2026.csv,1000.0,0.0018,0.1,False
0.019911,696.0391,189.2625,14.585,100.0,696039071778.346,474,5036.9,267799.0,29,4.5,1.9,5.48,linear,6.86,96.26,geometric_increase,"[1.9, 2.03, 2.16, 2.28, 2.41, 2.54, 2.67, 2.8, 2.92, 3.05, 3.18, 3.31, 3.43, 3.56, 3.69, 3.82, 3.95, 4.07, 4.2, 4.33, 4.46, 4.58, 4.71, 4.84, 4.97, 5.1, 5.22, 5.35, 5.48]","[6.8613, 7.5394, 8.2846, 9.107, 10.0066, 10.9969, 12.0845, 13.2795, 14.592, 16.0355, 17.6232, 19.3654, 21.2822, 23.3869, 25.6997, 28.2408, 31.0337, 34.1052, 37.4788, 41.1847, 45.2599, 49.7378, 54.6556, 60.0634, 66.0049, 72.5339, 79.7074, 87.5926, 96.2565]",C:/Users/Madness/PycharmProjects/Crupto_Data_Joiner/Raw_Data_Spot/BYBIT_DOGEUSDT_SPOT_2021_2026.csv,1000.0,0.0018,0.1,False
0.019873,254.5348,70.8453,18.6677,100.0,254534822771.1495,483,4945.6,161530.0,28,3.5,4.86,8.78,linear,7.92,95.21,geometric_increase,"[4.86, 5.01, 5.15, 5.3, 5.44, 5.59, 5.73, 5.88, 6.02, 6.17, 6.31, 6.46, 6.6, 6.75, 6.89, 7.04, 7.18, 7.33, 7.47, 7.62, 7.76, 7.91, 8.05, 8.2, 8.34, 8.49, 8.63, 8.78]","[7.9204, 8.6854, 9.5228, 10.4399, 11.4486, 12.5515, 13.763, 15.0903, 16.5479, 18.1431, 19.8927, 21.8137, 23.9181, 26.2252, 28.7543, 31.5296, 34.5703, 37.9055, 41.5616, 45.5701, 49.9671, 54.7888, 60.0739, 65.8682, 72.2224, 79.1895, 86.83, 95.2065]",C:/Users/Madness/PycharmProjects/Crupto_Data_Joiner/Raw_Data_Spot/BYBIT_DOGEUSDT_SPOT_2021_2026.csv,1000.0,0.0018,0.1,False
0.019797,692.3352,296.3308,47.1479,100.0,692335236857.372,2844,839.9,267852.0,30,0.85,2.24,7.33,geometric,23.21,45.93,geometric_increase,"[2.24, 2.33, 2.43, 2.53, 2.64, 2.75, 2.86, 2.98, 3.11, 3.24, 3.37, 3.51, 3.66, 3.81, 3.97, 4.14, 4.31, 4.49, 4.68, 4.87, 5.07, 5.29, 5.51, 5.74, 5.97, 6.22, 6.48, 6.75, 7.04, 7.33]","[23.2143, 23.7659, 24.3339, 24.9112, 25.505, 26.1129, 26.7349, 27.3709, 28.021, 28.6899, 29.3729, 30.07, 30.7858, 31.5204, 32.2691, 33.0389, 33.8252, 34.6302, 35.454, 36.2989, 37.1626, 38.0475, 38.9534, 39.8805, 40.8287, 41.8027, 42.7978, 43.8164, 44.8585, 45.9264]",C:/Users/Madness/PycharmProjects/Crupto_Data_Joiner/Raw_Data_Spot/BYBIT_DOGEUSDT_SPOT_2021_2026.csv,1000.0,0.0018,0.1,False
0.019653,687.2061,315.9397,44.3646,100.0,687206094773.8297,3685,648.2,267832.0,32,0.85,1.04,5.51,random,4.53,65.72,random,"[1.3, 2.49, 4.32, 1.35, 1.91, 1.7, 4.73, 3.49, 2.51, 3.83, 4.81, 4.28, 4.76, 4.87, 3.73, 2.53, 1.12, 4.72, 2.11, 4.55, 2.33, 1.05, 2.57, 2.86, 2.44, 4.95, 5.24, 1.38, 2.8, 1.26, 1.2, 1.12]","[14.6316, 29.4739, 10.63, 40.3819, 17.2005, 42.7035, 17.2005, 13.758, 65.7169, 8.5896, 39.771, 45.6542, 31.7557, 27.1524, 19.0119, 49.3045, 44.9028, 53.1716, 21.8649, 29.8588, 4.533, 9.5029, 35.2624, 47.3037, 39.5358, 60.298, 30.0971, 28.8477, 21.4495, 14.1917, 23.994, 62.2499]",C:/Users/Madness/PycharmProjects/Crupto_Data_Joiner/Raw_Data_Spot/BYBIT_DOGEUSDT_SPOT_2021_2026.csv,1000.0,0.0018,0.1,False
0.019612,685.8058,193.3103,22.7365,100.0,685805800020.2644,501,4765.4,267836.0,32,2.8,4.62,5.93,random,31.25,31.25,flat,"[5.91, 5.2, 4.67, 5.18, 4.84, 5.43, 5.52, 4.85, 4.69, 5.84, 5.62, 5.08, 5.25, 4.98, 5.71, 4.72, 4.67, 5.1, 5.74, 4.77, 5.67, 4.82, 5.22, 5.43, 5.7, 5.66, 4.93, 5.17, 5.93, 5.32, 4.8, 5.03]","[31.25, 31.25, 31.25, 31.25, 31.25, 31.25, 31.25, 31.25, 31.25, 31.25, 31.25, 31.25, 31.25, 31.25, 31.25, 31.25, 31.25, 31.25, 31.25, 31.25, 31.25, 31.25, 31.25, 31.25, 31.25, 31.25, 31.25, 31.25, 31.25, 31.25, 31.25, 31.25]",C:/Users/Madness/PycharmProjects/Crupto_Data_Joiner/Raw_Data_Spot/BYBIT_DOGEUSDT_SPOT_2021_2026.csv,1000.0,0.0018,0.1,False
0.019611,685.7602,309.2341,34.2274,100.0,685760239334.893,3608,662.1,267836.0,35,1.1,1.2,8.56,linear,7.84,50.53,pyramid,"[1.2, 1.42, 1.63, 1.85, 2.07, 2.28, 2.5, 2.72, 2.93, 3.15, 3.36, 3.58, 3.8, 4.01, 4.23, 4.45, 4.66, 4.88, 5.1, 5.31, 5.53, 5.75, 5.96, 6.18, 6.4, 6.61, 6.83, 7.04, 7.26, 7.48, 7.69, 7.91, 8.13, 8.34, 8.56]","[7.8357, 10.3469, 12.858, 15.3691, 17.8802, 20.3914, 22.9025, 25.4136, 27.9247, 30.4379, 32.949, 35.4601, 37.9712, 40.4824, 42.9935, 45.5046, 48.0157, 50.5269, 48.0157, 45.5046, 42.9935, 40.4824, 37.9712, 35.4601, 32.949, 30.4379, 27.9247, 25.4136, 22.9025, 20.3914, 17.8802, 15.3691, 12.858, 10.3469, 7.8357]",C:/Users/Madness/PycharmProjects/Crupto_Data_Joiner/Raw_Data_Spot/BYBIT_DOGEUSDT_SPOT_2021_2026.csv,1000.0,0.0018,0.1,False
0.019557,684.651,183.4412,21.2734,100.0,684650960534.0676,593,4028.2,267990.0,29,3.0,3.72,7.34,linear,19.58,49.39,linear_increase,"[3.72, 3.85, 3.98, 4.11, 4.24, 4.37, 4.5, 4.62, 4.75, 4.88, 5.01, 5.14, 5.27, 5.4, 5.53, 5.66, 5.79, 5.92, 6.05, 6.18, 6.31, 6.44, 6.56, 6.69, 6.82, 6.95, 7.08, 7.21, 7.34]","[19.5756, 20.6413, 21.7071, 22.7685, 23.8342, 24.8999, 25.9656, 27.027, 28.0927, 29.1585, 30.2242, 31.2899, 32.3513, 33.417, 34.4828, 35.5485, 36.6142, 37.6756, 38.7413, 39.807, 40.8728, 41.9385, 42.9999, 44.0656, 45.1313, 46.1971, 47.2585, 48.3242, 49.3899]",C:/Users/Madness/PycharmProjects/Crupto_Data_Joiner/Raw_Data_Spot/BYBIT_DOGEUSDT_SPOT_2021_2026.csv,1000.0,0.0018,0.1,False
0.019383,677.748,295.1686,15.1805,100.0,677748021502.8564,1185,2015.7,267832.0,34,2.9,2.47,9.71,back_heavy,4.54,54.29,pyramid,"[2.47, 2.48, 2.5, 2.53, 2.58, 2.64, 2.71, 2.8, 2.9, 3.01, 3.13, 3.27, 3.43, 3.59, 3.77, 3.97, 4.17, 4.39, 4.62, 4.87, 5.13, 5.4, 5.69, 5.99, 6.3, 6.63, 6.96, 7.32, 7.68, 8.06, 8.45, 8.86, 9.28, 9.71]","[4.5363, 7.4624, 10.3894, 13.3155, 16.2425, 19.1686, 22.0956, 25.0217, 27.9487, 30.8748, 33.8018, 36.7279, 39.6549, 42.581, 45.508, 48.4341, 51.3611, 54.2872, 51.3611, 48.4341, 45.508, 42.581, 39.6549, 36.7279, 33.8018, 30.8748, 27.9487, 25.0217, 22.0956, 19.1686, 16.2425, 13.3155, 10.3894, 7.4624]",C:/Users/Madness/PycharmProjects/Crupto_Data_Joiner/Raw_Data_Spot/BYBIT_DOGEUSDT_SPOT_2021_2026.csv,1000.0,0.0018,0.1,False
0.019301,674.7649,172.0008,24.7375,100.0,674764876304.0195,1017,2348.8,267809.0,29,2.5,1.34,8.48,linear,8.53,87.71,geometric_increase,"[1.34, 1.6, 1.85, 2.1, 2.36, 2.62, 2.87, 3.12, 3.38, 3.64, 3.89, 4.15, 4.4, 4.66, 4.91, 5.16, 5.42, 5.68, 5.93, 6.18, 6.44, 6.69, 6.95, 7.21, 7.46, 7.72, 7.97, 8.23, 8.48]","[8.5304, 9.2697, 10.08, 10.9473, 11.8999, 12.9377, 14.0609, 15.2693, 16.6058, 18.0417, 19.6056, 21.3117, 23.1599, 25.1646, 27.354, 29.7283, 32.3016, 35.1167, 38.1591, 41.4718, 45.0687, 48.9785, 53.2295, 57.8501, 62.8688, 68.3282, 74.2568, 80.6972, 87.7063]",C:/Users/Madness/PycharmProjects/Crupto_Data_Joiner/Raw_Data_Spot/BYBIT_DOGEUSDT_SPOT_2021_2026.csv,1000.0,0.0018,0.1,False
0.019134,244.5441,139.6883,21.9651,100.0,244544135430.6662,2913,819.8,161355.0,34,1.55,1.81,8.54,linear,1.7,57.12,linear_increase,"[1.81, 2.01, 2.22, 2.42, 2.63, 2.83, 3.03, 3.24, 3.44, 3.65, 3.85, 4.05, 4.26, 4.46, 4.67, 4.87, 5.07, 5.28, 5.48, 5.68, 5.89, 6.09, 6.3, 6.5, 6.7, 6.91, 7.11, 7.32, 7.52, 7.72, 7.93, 8.13, 8.34, 8.54]","[1.699, 3.3794, 5.0571, 6.7374, 8.4178, 10.0955, 11.7759, 13.4563, 15.1366, 16.8143, 18.4947, 20.1751, 21.8528, 23.5331, 25.2135, 26.8912, 28.5716, 30.2519, 31.9323, 33.61, 35.2904, 36.9708, 38.6485, 40.3288, 42.0092, 43.6869, 45.3673, 47.0476, 48.728, 50.4057, 52.0861, 53.7664, 55.4442, 57.1245]",C:/Users/Madness/PycharmProjects/Crupto_Data_Joiner/Raw_Data_Spot/BYBIT_DOGEUSDT_SPOT_2021_2026.csv,1000.0,0.0018,0.1,False
0.019119,62.4613,33.0663,19.2345,100.0,62461292235.9744,889,2655.8,80867.0,30,1.75,7.66,9.71,random,2.98,63.69,pyramid,"[8.96, 9.67, 9.17, 8.1, 9.24, 9.34, 8.52, 8.81, 8.83, 8.72, 8.88, 8.44, 9.63, 8.17, 8.89, 8.59, 9.27, 7.76, 9.66, 7.68, 9.34, 9.63, 9.67, 9.3, 8.73, 7.67, 9.28, 9.53, 8.6, 8.03]","[2.978, 7.0255, 11.0731, 15.1199, 19.1674, 23.2149, 27.2624, 31.3099, 35.3567, 39.4043, 43.4518, 47.4993, 51.5468, 55.5936, 59.6411, 63.6886, 59.6411, 55.5936, 51.5468, 47.4993, 43.4518, 39.4043, 35.3567, 31.3099, 27.2624, 23.2149, 19.1674, 15.1199, 11.0731, 7.0255]",C:/Users/Madness/PycharmProjects/Crupto_Data_Joiner/Raw_Data_Spot/BYBIT_DOGEUSDT_SPOT_2021_2026.csv,1000.0,0.0018,0.1,False
0.019038,665.6998,162.3968,13.4236,100.0,665699760484.6516,304,7853.7,267831.0,33,5.5,3.28,7.27,geometric,11.37,49.24,linear_increase,"[3.28, 3.36, 3.45, 3.53, 3.62, 3.71, 3.81, 3.9, 4.0, 4.1, 4.21, 4.31, 4.42, 4.53, 4.65, 4.76, 4.88, 5.01, 5.13, 5.26, 5.39, 5.53, 5.67, 5.81, 5.96, 6.11, 6.26, 6.42, 6.58, 6.75, 6.92, 7.09, 7.27]","[11.3654, 12.5491, 13.7329, 14.9166, 16.1004, 17.2841, 18.4663, 19.65, 20.8338, 22.0176, 23.2013, 24.3851, 25.5688, 26.7526, 27.9363, 29.1201, 30.3023, 31.486, 32.6698, 33.8535, 35.0373, 36.221, 37.4048, 38.5886, 39.7723, 40.9561, 42.1398, 43.322, 44.5057, 45.6895, 46.8732, 48.057, 49.2408]",C:/Users/Madness/PycharmProjects/Crupto_Data_Joiner/Raw_Data_Spot/BYBIT_DOGEUSDT_SPOT_2021_2026.csv,1000.0,0.0018,0.1,False
0.018962,663.0186,208.0052,27.3412,100.0,663018568430.6467,706,3383.2,267830.0,31,2.1,3.67,5.31,front_heavy,32.26,32.26,flat,"[5.31, 5.26, 5.2, 5.15, 5.09, 5.04, 4.98, 4.93, 4.87, 4.82, 4.76, 4.71, 4.65, 4.6, 4.54, 4.49, 4.44, 4.38, 4.33, 4.27, 4.22, 4.16, 4.11, 4.05, 4.0, 3.94, 3.89, 3.83, 3.78, 3.72, 3.67]","[32.2581, 32.2581, 32.2581, 32.2581, 32.2581, 32.2581, 32.2581, 32.2581, 32.2581, 32.2581, 32.2581, 32.2581, 32.2581, 32.2581, 32.2581, 32.2581, 32.2581, 32.2581, 32.2581, 32.2581, 32.2581, 32.2581, 32.2581, 32.2581, 32.2581, 32.2581, 32.2581, 32.2581, 32.2581, 32.2581, 32.2581]",C:/Users/Madness/PycharmProjects/Crupto_Data_Joiner/Raw_Data_Spot/BYBIT_DOGEUSDT_SPOT_2021_2026.csv,1000.0,0.0018,0.1,False
0.01895,662.6133,339.5259,40.1422,100.0,662613339995.1046,4761,501.7,267832.0,28,0.85,1.36,7.72,geometric,9.43,61.99,linear_increase,"[1.36, 1.45, 1.55, 1.65, 1.76, 1.88, 2.0, 2.13, 2.27, 2.43, 2.59, 2.76, 2.94, 3.14, 3.35, 3.57, 3.81, 4.06, 4.33, 4.62, 4.92, 5.25, 5.6, 5.97, 6.37, 6.79, 7.24, 7.72]","[9.4336, 11.3793, 13.3275, 15.2732, 17.2214, 19.1671, 21.1128, 23.061, 25.0067, 26.9549, 28.9006, 30.8463, 32.7945, 34.7402, 36.6884, 38.6341, 40.5823, 42.528, 44.4737, 46.4219, 48.3676, 50.3158, 52.2615, 54.2072, 56.1554, 58.1011, 60.0493, 61.995]",C:/Users/Madness/PycharmProjects/Crupto_Data_Joiner/Raw_Data_Spot/BYBIT_DOGEUSDT_SPOT_2021_2026.csv,1000.0,0.0018,0.1,False
0.018847,659.103,378.9486,57.8032,100.0,659102970970.3793,3544,674.0,267852.0,31,0.6,2.59,3.51,linear,32.26,32.26,flat,"[2.59, 2.62, 2.65, 2.68, 2.71, 2.74, 2.77, 2.8, 2.84, 2.87, 2.9, 2.93, 2.96, 2.99, 3.02, 3.05, 3.08, 3.11, 3.14, 3.17, 3.2, 3.23, 3.26, 3.3, 3.33, 3.36, 3.39, 3.42, 3.45, 3.48, 3.51]","[32.2581, 32.2581, 32.2581, 32.2581, 32.2581, 32.2581, 32.2581, 32.2581, 32.2581, 32.2581, 32.2581, 32.2581, 32.2581, 32.2581, 32.2581, 32.2581, 32.2581, 32.2581, 32.2581, 32.2581, 32.2581, 32.2581, 32.2581, 32.2581, 32.2581, 32.2581, 32.2581, 32.2581, 32.2581, 32.2581, 32.2581]",C:/Users/Madness/PycharmProjects/Crupto_Data_Joiner/Raw_Data_Spot/BYBIT_DOGEUSDT_SPOT_2021_2026.csv,1000.0,0.0018,0.1,False
0.018844,658.705,291.7365,32.7623,100.0,658705049982.0997,1508,1583.9,267789.0,30,1.3,3.66,3.73,linear,25.23,41.44,pyramid,"[3.66, 3.66, 3.66, 3.67, 3.67, 3.67, 3.67, 3.68, 3.68, 3.68, 3.68, 3.69, 3.69, 3.69, 3.69, 3.7, 3.7, 3.7, 3.7, 3.71, 3.71, 3.71, 3.71, 3.72, 3.72, 3.72, 3.72, 3.73, 3.73, 3.73]","[25.2311, 26.3091, 27.394, 28.472, 29.55, 30.6349, 31.7129, 32.7909, 33.8758, 34.9538, 36.0318, 37.1166, 38.1947, 39.2727, 40.3575, 41.4355, 40.3575, 39.2727, 38.1947, 37.1166, 36.0318, 34.9538, 33.8758, 32.7909, 31.7129, 30.6349, 29.55, 28.472, 27.394, 26.3091]",C:/Users/Madness/PycharmProjects/Crupto_Data_Joiner/Raw_Data_Spot/BYBIT_DOGEUSDT_SPOT_2021_2026.csv,1000.0,0.0018,0.1,False
0.018813,241.2773,122.5902,31.1426,100.0,241277312317.5973,1880,1270.5,161636.0,32,1.25,3.08,6.02,geometric,7.23,82.06,geometric_increase,"[3.08, 3.15, 3.22, 3.29, 3.36, 3.43, 3.51, 3.58, 3.66, 3.74, 3.82, 3.91, 3.99, 4.08, 4.17, 4.26, 4.35, 4.45, 4.55, 4.64, 4.75, 4.85, 4.96, 5.06, 5.17, 5.29, 5.4, 5.52, 5.64, 5.77, 5.89, 6.02]","[7.2277, 7.8165, 8.4545, 9.1436, 9.8886, 10.6944, 11.5676, 12.5099, 13.5296, 14.633, 15.8253, 17.1163, 18.5125, 20.0205, 21.6535, 23.4181, 25.3274, 27.393, 29.6262, 32.0404, 34.6536, 37.4789, 40.5344, 43.8383, 47.4118, 51.2781, 55.4585, 59.9793, 64.8702, 70.1573, 75.877, 82.0638]",C:/Users/Madness/PycharmProjects/Crupto_Data_Joiner/Raw_Data_Spot/BYBIT_DOGEUSDT_SPOT_2021_2026.csv,1000.0,0.0018,0.1,False
0.01876,655.9766,350.2902,18.3154,100.0,655976639119.8099,1827,1306.8,267830.0,34,1.9,2.22,7.61,back_heavy,6.31,52.52,pyramid,"[2.22, 2.22, 2.24, 2.26, 2.3, 2.34, 2.4, 2.46, 2.54, 2.62, 2.71, 2.82, 2.93, 3.06, 3.19, 3.33, 3.49, 3.65, 3.82, 4.01, 4.2, 4.4, 4.62, 4.84, 5.07, 5.31, 5.57, 5.83, 6.1, 6.38, 6.67, 6.98, 7.29, 7.61]","[6.3072, 9.0254, 11.7436, 14.4618, 17.1799, 19.8981, 22.6163, 25.3345, 28.0527, 30.7709, 33.489, 36.2072, 38.9254, 41.6436, 44.3618, 47.08, 49.7981, 52.5163, 49.7981, 47.08, 44.3618, 41.6436, 38.9254, 36.2072, 33.489, 30.7709, 28.0527, 25.3345, 22.6163, 19.8981, 17.1799, 14.4618, 11.7436, 9.0254]",C:/Users/Madness/PycharmProjects/Crupto_Data_Joiner/Raw_Data_Spot/BYBIT_DOGEUSDT_SPOT_2021_2026.csv,1000.0,0.0018,0.1,False
0.018674,238.5162,429.0294,50.9713,100.0,238516167718.3572,9545,250.4,161305.0,35,0.4,1.11,2.76,random,7.19,49.95,linear_increase,"[1.31, 1.56, 2.37, 2.19, 1.68, 2.41, 2.58, 1.5, 1.37, 2.63, 2.74, 2.75, 2.15, 1.45, 1.5, 2.25, 1.58, 1.79, 1.18, 1.62, 1.46, 2.29, 1.4, 1.62, 1.93, 2.02, 2.04, 1.52, 2.1, 2.58, 2.72, 1.3, 1.48, 2.63, 2.75]","[7.1909, 8.4459, 9.7101, 10.9651, 12.22, 13.475, 14.7392, 15.9941, 17.2491, 18.5133, 19.7682, 21.0232, 22.2874, 23.5423, 24.7973, 26.0523, 27.3164, 28.5714, 29.8264, 31.0906, 32.3455, 33.6005, 34.8555, 36.1196, 37.3746, 38.6296, 39.8937, 41.1487, 42.4037, 43.6678, 44.9228, 46.1778, 47.4328, 48.6969, 49.9519]",C:/Users/Madness/PycharmProjects/Crupto_Data_Joiner/Raw_Data_Spot/BYBIT_DOGEUSDT_SPOT_2021_2026.csv,1000.0,0.0018,0.1,False
0.018637,96.2029,57.3703,53.8262,100.0,96202905099.8773,4305,554.9,102018.0,32,0.5,4.3,5.81,back_heavy,5.5,57.0,linear_increase,"[4.3, 4.3, 4.31, 4.31, 4.33, 4.34, 4.36, 4.38, 4.4, 4.43, 4.46, 4.49, 4.53, 4.57, 4.61, 4.65, 4.7, 4.75, 4.81, 4.87, 4.93, 4.99, 5.06, 5.13, 5.21, 5.28, 5.36, 5.45, 5.53, 5.62, 5.71, 5.81]","[5.5, 7.1615, 8.8224, 10.4839, 12.1454, 13.8063, 15.4677, 17.1292, 18.7901, 20.4516, 22.113, 23.7739, 25.4354, 27.0969, 28.7578, 30.4193, 32.0807, 33.7422, 35.4031, 37.0646, 38.7261, 40.387, 42.0484, 43.7099, 45.3708, 47.0323, 48.6937, 50.3546, 52.0161, 53.6776, 55.3385, 57.0]",C:/Users/Madness/PycharmProjects/Crupto_Data_Joiner/Raw_Data_Spot/BYBIT_DOGEUSDT_SPOT_2021_2026.csv,1000.0,0.0018,0.1,False
0.018637,651.6886,179.6839,23.2194,100.0,651688603435.8369,435,5479.4,267832.0,33,2.9,5.47,7.5,linear,20.17,40.71,random,"[5.47, 5.53, 5.6, 5.66, 5.72, 5.79, 5.85, 5.91, 5.98, 6.04, 6.1, 6.17, 6.23, 6.29, 6.36, 6.42, 6.48, 6.55, 6.61, 6.68, 6.74, 6.8, 6.87, 6.93, 6.99, 7.06, 7.12, 7.18, 7.25, 7.31, 7.37, 7.44, 7.5]","[34.6362, 30.2339, 27.0469, 33.7947, 35.8134, 27.1879, 26.559, 34.5131, 40.7125, 35.1106, 28.0787, 36.6034, 38.329, 29.5424, 35.0681, 26.7493, 33.5351, 39.5957, 29.1462, 20.1671, 24.3187, 26.662, 22.8439, 21.6353, 22.9423, 40.5156, 28.8754, 27.9019, 26.0577, 26.3867, 28.5957, 39.3921, 21.4495]",C:/Users/Madness/PycharmProjects/Crupto_Data_Joiner/Raw_Data_Spot/BYBIT_DOGEUSDT_SPOT_2021_2026.csv,1000.0,0.0018,0.1,False
0.018622,651.1379,179.1864,34.045,100.0,651137906791.7345,600,3980.9,267832.0,29,2.1,5.32,6.72,random,19.8,47.18,random,"[5.4, 6.1, 6.69, 6.32, 6.27, 6.27, 6.18, 5.83, 5.38, 6.7, 6.21, 6.01, 5.43, 6.13, 5.76, 6.03, 6.38, 5.9, 5.62, 6.53, 5.95, 5.82, 5.84, 5.86, 6.41, 5.9, 6.09, 5.61, 5.94]","[41.085, 32.5364, 37.853, 31.7635, 28.9249, 22.7792, 36.8131, 26.4329, 43.207, 36.6725, 26.0628, 40.2981, 41.0054, 41.2443, 27.2433, 19.8048, 30.466, 39.4831, 27.3369, 45.6896, 32.0352, 23.6739, 44.8746, 31.2342, 34.9441, 30.4191, 44.5092, 34.4241, 47.1839]",C:/Users/Madness/PycharmProjects/Crupto_Data_Joiner/Raw_Data_Spot/BYBIT_DOGEUSDT_SPOT_2021_2026.csv,1000.0,0.0018,0.1,False
0.018616,237.7829,268.6165,34.539,100.0,237782937769.205,5215,458.3,161306.0,35,0.7,2.35,3.14,back_heavy,5.07,52.07,linear_increase,"[2.35, 2.35, 2.35, 2.36, 2.36, 2.37, 2.37, 2.38, 2.39, 2.41, 2.42, 2.43, 2.45, 2.47, 2.48, 2.5, 2.52, 2.55, 2.57, 2.6, 2.62, 2.65, 2.68, 2.71, 2.74, 2.78, 2.81, 2.85, 2.89, 2.92, 2.97, 3.01, 3.05, 3.09, 3.14]","[5.0726, 6.4544, 7.8378, 9.2196, 10.6014, 11.9832, 13.3667, 14.7485, 16.1303, 17.5137, 18.8955, 20.2773, 21.6608, 23.0426, 24.4244, 25.8062, 27.1896, 28.5714, 29.9532, 31.3367, 32.7185, 34.1003, 35.4821, 36.8655, 38.2473, 39.6291, 41.0126, 42.3944, 43.7762, 45.1596, 46.5414, 47.9232, 49.305, 50.6885, 52.0703]",C:/Users/Madness/PycharmProjects/Crupto_Data_Joiner/Raw_Data_Spot/BYBIT_DOGEUSDT_SPOT_2021_2026.csv,1000.0,0.0018,0.1,False
0.018593,650.1064,234.4487,26.2488,100.0,650106378522.7169,855,2793.0,267828.0,29,1.95,3.62,4.41,front_heavy,26.51,42.45,linear_increase,"[4.41, 4.38, 4.35, 4.33, 4.3, 4.27, 4.24, 4.21, 4.18, 4.16, 4.13, 4.1, 4.07, 4.04, 4.02, 3.99, 3.96, 3.93, 3.9, 3.87, 3.85, 3.82, 3.79, 3.76, 3.73, 3.7, 3.68, 3.65, 3.62]","[26.5135, 27.0817, 27.6498, 28.2241, 28.7922, 29.3604, 29.9285, 30.4967, 31.0648, 31.6391, 32.2072, 32.7754, 33.3435, 33.9117, 34.4798, 35.0541, 35.6222, 36.1904, 36.7585, 37.3267, 37.9009, 38.4691, 39.0372, 39.6054, 40.1735, 40.7416, 41.3159, 41.884, 42.4522]",C:/Users/Madness/PycharmProjects/Crupto_Data_Joiner/Raw_Data_Spot/BYBIT_DOGEUSDT_SPOT_2021_2026.csv,1000.0,0.0018,0.1,False
0.018551,44.4079,12.4658,26.9555,100.0,44407865442.5691,2590,922.3,69014.0,34,0.9,2.55,6.67,front_heavy,1.57,57.25,pyramid,"[6.67, 6.55, 6.42, 6.3, 6.17, 6.05, 5.92, 5.8, 5.67, 5.55, 5.42, 5.3, 5.17, 5.05, 4.92, 4.8, 4.67, 4.55, 4.42, 4.3, 4.17, 4.05, 3.92, 3.8, 3.67, 3.55, 3.42, 3.3, 3.17, 3.05, 2.92, 2.8, 2.67, 2.55]","[1.5712, 4.8471, 8.1214, 11.3974, 14.6733, 17.9476, 21.2236, 24.4995, 27.7738, 31.0497, 34.324, 37.6, 40.8759, 44.1502, 47.4262, 50.7021, 53.9764, 57.2524, 53.9764, 50.7021, 47.4262, 44.1502, 40.8759, 37.6, 34.324, 31.0497, 27.7738, 24.4995, 21.2236, 17.9476, 14.6733, 11.3974, 8.1214, 4.8471]",C:/Users/Madness/PycharmProjects/Crupto_Data_Joiner/Raw_Data_Spot/BYBIT_DOGEUSDT_SPOT_2021_2026.csv,1000.0,0.0018,0.1,False
0.018518,647.8755,217.7898,33.3218,100.0,647875514381.8613,939,2543.7,267907.0,32,1.55,3.16,7.11,linear,7.61,57.41,random,"[3.16, 3.29, 3.41, 3.54, 3.67, 3.8, 3.92, 4.05, 4.18, 4.31, 4.43, 4.56, 4.69, 4.82, 4.94, 5.07, 5.2, 5.33, 5.45, 5.58, 5.71, 5.84, 5.96, 6.09, 6.22, 6.35, 6.47, 6.6, 6.73, 6.86, 6.98, 7.11]","[33.3428, 16.4915, 30.0276, 29.4072, 20.5303, 36.7819, 50.2869, 7.6071, 13.2922, 20.1065, 29.9267, 28.7584, 40.1662, 16.9153, 16.9493, 10.1593, 49.9421, 13.9727, 36.4711, 20.573, 29.6292, 17.1765, 47.0669, 28.0595, 32.765, 48.9007, 44.1601, 48.1032, 39.9373, 31.7345, 57.4085, 53.3506]",C:/Users/Madness/PycharmProjects/Crupto_Data_Joiner/Raw_Data_Spot/BYBIT_DOGEUSDT_SPOT_2021_2026.csv,1000.0,0.0018,0.1,False
0.01845,644.9791,281.8088,31.2211,100.0,644979085001.858,1805,1323.3,267801.0,32,1.35,2.71,6.07,linear,17.02,45.48,pyramid,"[2.71, 2.82, 2.93, 3.04, 3.14, 3.25, 3.36, 3.47, 3.58, 3.69, 3.79, 3.9, 4.01, 4.12, 4.23, 4.34, 4.44, 4.55, 4.66, 4.77, 4.88, 4.99, 5.09, 5.2, 5.31, 5.42, 5.53, 5.64, 5.74, 5.85, 5.96, 6.07]","[17.019, 18.7983, 20.5776, 22.3547, 24.134, 25.9133, 27.6926, 29.4719, 31.249, 33.0283, 34.8076, 36.5869, 38.3662, 40.1455, 41.9225, 43.7018, 45.4811, 43.7018, 41.9225, 40.1455, 38.3662, 36.5869, 34.8076, 33.0283, 31.249, 29.4719, 27.6926, 25.9133, 24.134, 22.3547, 20.5776, 18.7983]",C:/Users/Madness/PycharmProjects/Crupto_Data_Joiner/Raw_Data_Spot/BYBIT_DOGEUSDT_SPOT_2021_2026.csv,1000.0,0.0018,0.1,False
0.018421,644.1202,314.1703,20.3065,100.0,644120198883.7906,1701,1404.2,267830.0,32,1.95,2.38,5.48,linear,7.51,55.0,pyramid,"[2.38, 2.48, 2.58, 2.68, 2.78, 2.88, 2.98, 3.08, 3.18, 3.28, 3.38, 3.48, 3.58, 3.68, 3.78, 3.88, 3.98, 4.08, 4.18, 4.28, 4.38, 4.48, 4.58, 4.68, 4.78, 4.88, 4.98, 5.08, 5.18, 5.28, 5.38, 5.48]","[7.5052, 10.4729, 13.4406, 16.41, 19.3777, 22.3454, 25.3131, 28.2825, 31.2502, 34.2179, 37.1856, 40.155, 43.1227, 46.0904, 49.0581, 52.0275, 54.9952, 52.0275, 49.0581, 46.0904, 43.1227, 40.155, 37.1856, 34.2179, 31.2502, 28.2825, 25.3131, 22.3454, 19.3777, 16.41, 13.4406, 10.4729]",C:/Users/Madness/PycharmProjects/Crupto_Data_Joiner/Raw_Data_Spot/BYBIT_DOGEUSDT_SPOT_2021_2026.csv,1000.0,0.0018,0.1,False
0.018362,642.1758,236.3953,34.652,100.0,642175787188.8507,1107,2157.7,267856.0,30,1.4,4.39,8.63,back_heavy,33.33,33.33,flat,"[4.39, 4.4, 4.41, 4.44, 4.47, 4.52, 4.57, 4.64, 4.71, 4.8, 4.89, 5.0, 5.12, 5.24, 5.38, 5.52, 5.68, 5.85, 6.02, 6.21, 6.41, 6.61, 6.83, 7.06, 7.29, 7.54, 7.8, 8.07, 8.34, 8.63]","[33.3333, 33.3333, 33.3333, 33.3333, 33.3333, 33.3333, 33.3333, 33.3333, 33.3333, 33.3333, 33.3333, 33.3333, 33.3333, 33.3333, 33.3333, 33.3333, 33.3333, 33.3333, 33.3333, 33.3333, 33.3333, 33.3333, 33.3333, 33.3333, 33.3333, 33.3333, 33.3333, 33.3333, 33.3333, 33.3333]",C:/Users/Madness/PycharmProjects/Crupto_Data_Joiner/Raw_Data_Spot/BYBIT_DOGEUSDT_SPOT_2021_2026.csv,1000.0,0.0018,0.1,False
0.018305,640.1966,182.6241,27.0718,100.0,640196554157.5417,628,3802.5,267856.0,33,2.3,4.83,9.0,linear,30.3,30.3,flat,"[4.83, 4.96, 5.09, 5.22, 5.35, 5.48, 5.61, 5.74, 5.87, 6.0, 6.13, 6.26, 6.39, 6.52, 6.65, 6.78, 6.92, 7.05, 7.18, 7.31, 7.44, 7.57, 7.7, 7.83, 7.96, 8.09, 8.22, 8.35, 8.48, 8.61, 8.74, 8.87, 9.0]","[30.303, 30.303, 30.303, 30.303, 30.303, 30.303, 30.303, 30.303, 30.303, 30.303, 30.303, 30.303, 30.303, 30.303, 30.303, 30.303, 30.303, 30.303, 30.303, 30.303, 30.303, 30.303, 30.303, 30.303, 30.303, 30.303, 30.303, 30.303, 30.303, 30.303, 30.303, 30.303, 30.303]",C:/Users/Madness/PycharmProjects/Crupto_Data_Joiner/Raw_Data_Spot/BYBIT_DOGEUSDT_SPOT_2021_2026.csv,1000.0,0.0018,0.1,False
0.018288,639.4887,248.2946,27.5741,100.0,639488662788.8145,2834,842.8,267837.0,35,1.5,1.25,9.8,geometric,4.84,52.31,linear_increase,"[1.25, 1.33, 1.41, 1.5, 1.59, 1.69, 1.8, 1.91, 2.03, 2.16, 2.29, 2.43, 2.59, 2.75, 2.92, 3.1, 3.29, 3.5, 3.72, 3.95, 4.2, 4.46, 4.74, 5.03, 5.35, 5.68, 6.04, 6.41, 6.81, 7.24, 7.69, 8.17, 8.68, 9.22, 9.8]","[4.8376, 6.234, 7.6298, 9.0256, 10.422, 11.8184, 13.2142, 14.61, 16.0065, 17.4029, 18.7987, 20.1945, 21.5909, 22.9867, 24.3831, 25.7795, 27.1753, 28.5717, 29.9675, 31.3634, 32.7598, 34.1562, 35.552, 36.9478, 38.3442, 39.7406, 41.1364, 42.5322, 43.9286, 45.3245, 46.7209, 48.1167, 49.5131, 50.9095, 52.3053]",C:/Users/Madness/PycharmProjects/Crupto_Data_Joiner/Raw_Data_Spot/BYBIT_DOGEUSDT_SPOT_2021_2026.csv,1000.0,0.0018,0.1,False
0.018279,226.6229,146.7534,31.5122,100.0,226622940147.5809,2562,932.1,158899.0,33,1.05,2.82,5.15,back_heavy,6.1,84.45,geometric_increase,"[2.82, 2.82, 2.83, 2.84, 2.86, 2.88, 2.9, 2.93, 2.97, 3.0, 3.05, 3.1, 3.15, 3.2, 3.27, 3.33, 3.4, 3.48, 3.56, 3.64, 3.73, 3.82, 3.92, 4.02, 4.13, 4.24, 4.36, 4.48, 4.6, 4.73, 4.87, 5.01, 5.15]","[6.1023, 6.6245, 7.1912, 7.8065, 8.4753, 9.2005, 9.9872, 10.8423, 11.7697, 12.7773, 13.8702, 15.0571, 16.3462, 17.7442, 19.2631, 20.9118, 22.7011, 24.6441, 26.7525, 29.0422, 31.5271, 34.2251, 37.1539, 40.3333, 43.7843, 47.5315, 51.5987, 56.0147, 60.8082, 66.0118, 71.6603, 77.7924, 84.4495]",C:/Users/Madness/PycharmProjects/Crupto_Data_Joiner/Raw_Data_Spot/BYBIT_DOGEUSDT_SPOT_2021_2026.csv,1000.0,0.0018,0.1,False
0.018224,55.8739,18.738,19.0434,100.0,55873893639.7473,2605,917.0,78295.0,33,1.3,4.34,4.47,front_heavy,0.83,59.77,linear_increase,"[4.47, 4.47, 4.46, 4.46, 4.45, 4.45, 4.45, 4.44, 4.44, 4.43, 4.43, 4.43, 4.42, 4.42, 4.41, 4.41, 4.4, 4.4, 4.4, 4.39, 4.39, 4.38, 4.38, 4.38, 4.37, 4.37, 4.36, 4.36, 4.36, 4.35, 4.35, 4.34, 4.34]","[0.8339, 2.6761, 4.5182, 6.3603, 8.2001, 10.0422, 11.8843, 13.7264, 15.5685, 17.4106, 19.2527, 21.0948, 22.9369, 24.7767, 26.6188, 28.4609, 30.303, 32.1451, 33.9872, 35.8294, 37.6691, 39.5112, 41.3534, 43.1955, 45.0376, 46.8797, 48.7218, 50.5639, 52.406, 54.2458, 56.0879, 57.93, 59.7721]",C:/Users/Madness/PycharmProjects/Crupto_Data_Joiner/Raw_Data_Spot/BYBIT_DOGEUSDT_SPOT_2021_2026.csv,1000.0,0.0018,0.1,False
0.018213,640.4028,118.1417,10.4459,100.0,640402759878.3768,187,11687.6,268582.0,32,9.5,2.77,7.25,back_heavy,5.03,95.0,geometric_increase,"[2.77, 2.77, 2.79, 2.81, 2.84, 2.89, 2.94, 3.0, 3.07, 3.15, 3.24, 3.33, 3.44, 3.56, 3.68, 3.82, 3.96, 4.12, 4.28, 4.45, 4.63, 4.83, 5.03, 5.24, 5.46, 5.68, 5.92, 6.17, 6.42, 6.69, 6.97, 7.25]","[5.0324, 5.5327, 6.0841, 6.6868, 7.3528, 8.082, 8.8866, 9.7695, 10.7399, 11.8096, 12.9818, 14.2746, 15.6909, 17.2519, 18.9665, 20.8529, 22.9262, 25.2043, 27.7115, 30.4658, 33.4943, 36.8241, 40.4824, 44.5083, 48.932, 53.7987, 59.1445, 65.0237, 71.4875, 78.5962, 86.407, 94.9983]",C:/Users/Madness/PycharmProjects/Crupto_Data_Joiner/Raw_Data_Spot/BYBIT_DOGEUSDT_SPOT_2021_2026.csv,1000.0,0.0018,0.1,False
0.018097,231.1567,87.7552,18.3582,100.0,231156744495.0876,876,2726.8,161305.0,29,2.7,2.91,8.5,geometric,4.11,116.17,geometric_increase,"[2.91, 3.02, 3.14, 3.26, 3.39, 3.52, 3.66, 3.8, 3.95, 4.11, 4.27, 4.43, 4.61, 4.79, 4.97, 5.17, 5.37, 5.58, 5.8, 6.02, 6.26, 6.5, 6.76, 7.02, 7.29, 7.58, 7.87, 8.18, 8.5]","[4.1065, 4.6266, 5.2146, 5.8749, 6.6211, 7.4578, 8.403, 9.4703, 10.6733, 12.0256, 13.5497, 15.2683, 17.204, 19.3838, 21.8396, 24.612, 27.7326, 31.2466, 35.2084, 39.6722, 44.7013, 50.3727, 56.7586, 63.954, 72.063, 81.1987, 91.4966, 103.0971, 116.1674]",C:/Users/Madness/PycharmProjects/Crupto_Data_Joiner/Raw_Data_Spot/BYBIT_DOGEUSDT_SPOT_2021_2026.csv,1000.0,0.0018,0.1,False
0.018038,93.1385,45.1925,28.9323,100.0,93138468821.549,1141,2077.9,102034.0,33,1.3,3.6,8.37,front_heavy,5.5,56.65,pyramid,"[8.37, 8.22, 8.07, 7.92, 7.77, 7.62, 7.48, 7.33, 7.18, 7.03, 6.88, 6.73, 6.58, 6.43, 6.28, 6.13, 5.98, 5.84, 5.69, 5.54, 5.39, 5.24, 5.09, 4.94, 4.79, 4.64, 4.49, 4.35, 4.2, 4.05, 3.9, 3.75, 3.6]","[5.5042, 8.7009, 11.8976, 15.0944, 18.2911, 21.4878, 24.6845, 27.8813, 31.078, 34.2747, 37.4714, 40.6682, 43.8649, 47.0616, 50.2583, 53.4551, 56.6518, 53.4551, 50.2583, 47.0616, 43.8649, 40.6682, 37.4714, 34.2747, 31.078, 27.8813, 24.6845, 21.4878, 18.2911, 15.0944, 11.8976, 8.7009, 5.5042]",C:/Users/Madness/PycharmProjects/Crupto_Data_Joiner/Raw_Data_Spot/BYBIT_DOGEUSDT_SPOT_2021_2026.csv,1000.0,0.0018,0.1,False
0.01797,628.3791,216.0207,25.5715,100.0,628379122140.8223,1765,1353.0,267837.0,35,1.65,2.72,8.56,linear,4.21,54.06,random,"[2.72, 2.89, 3.06, 3.24, 3.41, 3.58, 3.75, 3.92, 4.09, 4.27, 4.44, 4.61, 4.78, 4.95, 5.12, 5.3, 5.47, 5.64, 5.81, 5.98, 6.16, 6.33, 6.5, 6.67, 6.84, 7.01, 7.19, 7.36, 7.53, 7.7, 7.87, 8.04, 8.22, 8.39, 8.56]","[9.7845, 10.4332, 33.8293, 32.5165, 54.0624, 35.8714, 29.7143, 8.4487, 25.2117, 4.9364, 4.5871, 47.9168, 38.497, 32.4167, 4.2109, 30.3707, 37.925, 40.7809, 19.2043, 44.5197, 51.6901, 24.9622, 16.0874, 24.0141, 14.3409, 20.0488, 42.2242, 35.6104, 48.6461, 40.8078, 35.8714, 36.451, 12.863, 4.8481, 46.2969]",C:/Users/Madness/PycharmProjects/Crupto_Data_Joiner/Raw_Data_Spot/BYBIT_DOGEUSDT_SPOT_2021_2026.csv,1000.0,0.0018,0.1,False
0.017934,630.8293,201.9886,38.859,100.0,630829285879.4092,681,3507.4,268630.0,31,1.7,2.94,9.61,random,16.4,48.42,random,"[9.25, 4.3, 4.1, 7.58, 8.74, 3.56, 5.55, 4.07, 3.97, 5.74, 3.6, 6.28, 4.05, 4.25, 5.69, 6.82, 7.5, 4.62, 6.92, 8.08, 5.41, 2.99, 4.5, 7.08, 5.73, 7.4, 9.53, 9.51, 9.06, 6.37, 7.51]","[48.4199, 19.913, 46.7959, 35.3746, 29.1952, 36.4837, 42.9965, 32.8444, 29.7118, 26.3713, 22.4002, 32.1694, 43.2292, 46.4691, 20.3025, 20.9957, 36.416, 20.0747, 42.3528, 36.9161, 40.4729, 35.7228, 22.6346, 27.317, 16.4007, 32.478, 43.7755, 20.2942, 30.0683, 26.3713, 35.0329]",C:/Users/Madness/PycharmProjects/Crupto_Data_Joiner/Raw_Data_Spot/BYBIT_DOGEUSDT_SPOT_2021_2026.csv,1000.0,0.0018,0.1,False
0.017831,623.3543,154.1499,14.772,100.0,623354331955.4934,359,6639.1,267804.0,31,5.0,3.27,5.69,geometric,10.89,70.67,geometric_increase,"[3.27, 3.33, 3.39, 3.46, 3.52, 3.59, 3.65, 3.72, 3.79, 3.86, 3.93, 4.01, 4.08, 4.16, 4.23, 4.31, 4.39, 4.48, 4.56, 4.64, 4.73, 4.82, 4.91, 5.0, 5.09, 5.19, 5.28, 5.38, 5.48, 5.59, 5.69]","[10.8893, 11.5901, 12.3342, 13.1286, 13.9734, 14.8711, 15.8287, 16.8464, 17.9312, 19.0833, 20.3121, 21.6178, 23.0074, 24.4883, 26.0628, 27.7404, 29.5237, 31.4246, 33.4455, 35.596, 37.8857, 40.3242, 42.9163, 45.6788, 48.6166, 51.7439, 55.0729, 58.6154, 62.386, 66.3966, 70.6688]",C:/Users/Madness/PycharmProjects/Crupto_Data_Joiner/Raw_Data_Spot/BYBIT_DOGEUSDT_SPOT_2021_2026.csv,1000.0,0.0018,0.1,False
0.017725,623.303,148.1831,10.0892,100.0,623302993386.3064,226,9670.5,268596.0,31,8.0,1.89,6.97,geometric,3.84,108.97,geometric_increase,"[1.89, 1.97, 2.06, 2.15, 2.25, 2.35, 2.45, 2.56, 2.68, 2.8, 2.92, 3.05, 3.19, 3.33, 3.48, 3.63, 3.79, 3.96, 4.14, 4.32, 4.51, 4.71, 4.92, 5.14, 5.37, 5.61, 5.86, 6.12, 6.39, 6.67, 6.97]","[3.8384, 4.291, 4.798, 5.3638, 5.9975, 6.7036, 7.4958, 8.3784, 9.3697, 10.4741, 11.7099, 13.0904, 14.6339, 16.363, 18.2913, 20.4504, 22.863, 25.5652, 28.5798, 31.952, 35.7225, 39.9366, 44.6486, 49.9174, 55.8063, 62.3922, 69.7522, 77.9857, 87.1834, 97.472, 108.9736]",C:/Users/Madness/PycharmProjects/Crupto_Data_Joiner/Raw_Data_Spot/BYBIT_DOGEUSDT_SPOT_2021_2026.csv,1000.0,0.0018,0.1,False
0.017601,225.0615,81.2856,13.8357,100.0,225061480326.6065,513,4638.3,161394.0,32,4.0,4.77,6.69,geometric,4.15,58.35,linear_increase,"[4.77, 4.82, 4.88, 4.93, 4.98, 5.04, 5.09, 5.15, 5.21, 5.26, 5.32, 5.38, 5.44, 5.5, 5.56, 5.62, 5.68, 5.74, 5.81, 5.87, 5.93, 6.0, 6.06, 6.13, 6.2, 6.27, 6.33, 6.4, 6.47, 6.55, 6.62, 6.69]","[4.1503, 5.8989, 7.6475, 9.3961, 11.1447, 12.8933, 14.6395, 16.3881, 18.1367, 19.8853, 21.6339, 23.3825, 25.1311, 26.8797, 28.6283, 30.3769, 32.1231, 33.8717, 35.6203, 37.3689, 39.1175, 40.8661, 42.6147, 44.3633, 46.1119, 47.8605, 49.6067, 51.3553, 53.1039, 54.8525, 56.6011, 58.3497]",C:/Users/Madness/PycharmProjects/Crupto_Data_Joiner/Raw_Data_Spot/BYBIT_DOGEUSDT_SPOT_2021_2026.csv,1000.0,0.0018,0.1,False
0.017585,614.7289,336.6794,30.5234,100.0,614728905856.7621,2017,1184.3,267798.0,32,1.2,2.05,3.68,random,11.04,51.9,random,"[3.33, 3.44, 2.86, 2.98, 3.01, 3.27, 2.88, 2.56, 2.82, 3.43, 3.2, 2.13, 3.36, 2.16, 3.12, 3.65, 2.61, 3.56, 2.87, 3.05, 2.98, 2.39, 3.05, 3.14, 3.03, 3.09, 2.14, 2.55, 2.94, 3.03, 3.41, 2.58]","[17.3722, 28.5748, 18.9856, 22.0907, 16.8344, 15.1174, 32.0452, 48.2463, 38.9372, 17.6746, 21.8268, 25.6361, 22.0562, 47.7572, 40.7414, 48.9222, 44.1002, 41.9246, 48.5021, 51.8994, 26.5494, 21.8877, 39.6841, 51.3088, 34.0909, 23.3226, 48.3925, 11.5801, 18.0784, 33.0092, 11.0382, 31.8138]",C:/Users/Madness/PycharmProjects/Crupto_Data_Joiner/Raw_Data_Spot/BYBIT_DOGEUSDT_SPOT_2021_2026.csv,1000.0,0.0018,0.1,False
0.017578,614.7596,184.027,28.9503,100.0,614759647231.138,648,3686.0,267856.0,30,2.1,5.28,9.54,linear,33.33,33.33,flat,"[5.28, 5.43, 5.57, 5.72, 5.87, 6.01, 6.16, 6.31, 6.46, 6.6, 6.75, 6.9, 7.04, 7.19, 7.34, 7.48, 7.63, 7.78, 7.92, 8.07, 8.22, 8.36, 8.51, 8.66, 8.81, 8.95, 9.1, 9.25, 9.39, 9.54]","[33.3333, 33.3333, 33.3333, 33.3333, 33.3333, 33.3333, 33.3333, 33.3333, 33.3333, 33.3333, 33.3333, 33.3333, 33.3333, 33.3333, 33.3333, 33.3333, 33.3333, 33.3333, 33.3333, 33.3333, 33.3333, 33.3333, 33.3333, 33.3333, 33.3333, 33.3333, 33.3333, 33.3333, 33.3333, 33.3333]",C:/Users/Madness/PycharmProjects/Crupto_Data_Joiner/Raw_Data_Spot/BYBIT_DOGEUSDT_SPOT_2021_2026.csv,1000.0,0.0018,0.1,False
0.017473,223.3251,88.7687,20.2296,100.0,223325136337.144,737,3240.2,161356.0,30,2.5,5.06,6.05,random,7.34,59.33,linear_increase,"[5.95, 5.41, 5.07, 5.27, 5.61, 5.61, 5.54, 5.25, 5.28, 5.65, 5.59, 5.83, 6.02, 5.23, 5.44, 5.09, 5.81, 5.9, 5.97, 5.66, 5.85, 5.94, 5.89, 5.09, 5.36, 5.19, 5.09, 5.63, 5.18, 5.14]","[7.3409, 9.1336, 10.9263, 12.719, 14.5109, 16.3036, 18.0963, 19.889, 21.6817, 23.4744, 25.267, 27.0589, 28.8516, 30.6443, 32.437, 34.2297, 36.0224, 37.8151, 39.6078, 41.3996, 43.1923, 44.985, 46.7777, 48.5704, 50.3631, 52.1558, 53.9476, 55.7403, 57.533, 59.3257]",C:/Users/Madness/PycharmProjects/Crupto_Data_Joiner/Raw_Data_Spot/BYBIT_DOGEUSDT_SPOT_2021_2026.csv,1000.0,0.0018,0.1,False
0.017418,609.0238,152.8362,11.1777,100.0,609023767477.8135,315,7582.7,267828.0,34,6.5,2.52,6.23,linear,4.13,54.7,linear_increase,"[2.52, 2.63, 2.74, 2.86, 2.97, 3.08, 3.19, 3.31, 3.42, 3.53, 3.64, 3.76, 3.87, 3.98, 4.09, 4.21, 4.32, 4.43, 4.54, 4.66, 4.77, 4.88, 4.99, 5.11, 5.22, 5.33, 5.44, 5.56, 5.67, 5.78, 5.89, 6.01, 6.12, 6.23]","[4.126, 5.6596, 7.1899, 8.7234, 10.257, 11.7873, 13.3209, 14.8544, 16.3847, 17.9183, 19.4518, 20.9821, 22.5157, 24.0492, 25.5795, 27.1131, 28.6466, 30.1769, 31.7105, 33.244, 34.7743, 36.3079, 37.8414, 39.3717, 40.9053, 42.4388, 43.9691, 45.5027, 47.0363, 48.5665, 50.1001, 51.6337, 53.1639, 54.6975]",C:/Users/Madness/PycharmProjects/Crupto_Data_Joiner/Raw_Data_Spot/BYBIT_DOGEUSDT_SPOT_2021_2026.csv,1000.0,0.0018,0.1,False
0.017296,604.8016,242.8192,27.4239,100.0,604801581955.0349,1744,1369.6,267836.0,32,1.6,3.38,9.43,back_heavy,9.07,57.89,random,"[3.38, 3.39, 3.41, 3.44, 3.48, 3.54, 3.61, 3.69, 3.78, 3.89, 4.01, 4.14, 4.29, 4.44, 4.61, 4.8, 4.99, 5.2, 5.42, 5.65, 5.9, 6.16, 6.43, 6.71, 7.01, 7.31, 7.64, 7.97, 8.32, 8.67, 9.05, 9.43]","[10.9133, 31.0736, 14.7801, 17.8418, 29.8124, 37.3527, 20.0368, 53.8716, 13.213, 27.0351, 36.6416, 37.1004, 57.148, 21.8937, 16.272, 28.46, 34.6639, 19.6477, 9.0725, 20.2917, 57.8859, 33.1881, 55.4655, 37.6371, 51.0674, 16.8168, 20.1925, 32.2757, 57.36, 57.8698, 19.2747, 23.8445]",C:/Users/Madness/PycharmProjects/Crupto_Data_Joiner/Raw_Data_Spot/BYBIT_DOGEUSDT_SPOT_2021_2026.csv,1000.0,0.0018,0.1,False
0.01724,220.3409,98.1459,39.4028,100.0,220340909118.8595,1231,1940.3,161354.0,32,1.15,5.41,6.34,random,14.44,57.29,geometric_increase,"[6.18, 6.23, 5.45, 5.49, 5.68, 5.81, 6.09, 5.62, 5.79, 5.46, 5.85, 5.71, 5.76, 5.47, 6.09, 5.98, 6.0, 6.32, 6.13, 5.77, 6.32, 5.97, 6.19, 5.85, 6.31, 5.85, 6.33, 5.99, 5.46, 6.28, 6.09, 5.93]","[14.4423, 15.0985, 15.7856, 16.5036, 17.2523, 18.0363, 18.8555, 19.7144, 20.6085, 21.5467, 22.5245, 23.5507, 24.621, 25.7397, 26.9113, 28.1314, 29.4131, 30.7476, 32.1482, 33.6061, 35.1345, 36.7333, 38.4026, 40.1468, 41.9746, 43.8817, 45.877, 47.9603, 50.1405, 52.4176, 54.8004, 57.2934]",C:/Users/Madness/PycharmProjects/Crupto_Data_Joiner/Raw_Data_Spot/BYBIT_DOGEUSDT_SPOT_2021_2026.csv,1000.0,0.0018,0.1,False
0.017214,601.9118,218.8011,31.2114,100.0,601911849342.9524,886,2695.3,267831.0,31,1.65,3.35,5.19,front_heavy,32.26,32.26,flat,"[5.19, 5.13, 5.07, 5.01, 4.94, 4.88, 4.82, 4.76, 4.7, 4.64, 4.58, 4.52, 4.45, 4.39, 4.33, 4.27, 4.21, 4.15, 4.09, 4.02, 3.96, 3.9, 3.84, 3.78, 3.72, 3.66, 3.6, 3.53, 3.47, 3.41, 3.35]","[32.2581, 32.2581, 32.2581, 32.2581, 32.2581, 32.2581, 32.2581, 32.2581, 32.2581, 32.2581, 32.2581, 32.2581, 32.2581, 32.2581, 32.2581, 32.2581, 32.2581, 32.2581, 32.2581, 32.2581, 32.2581, 32.2581, 32.2581, 32.2581, 32.2581, 32.2581, 32.2581, 32.2581, 32.2581, 32.2581, 32.2581]",C:/Users/Madness/PycharmProjects/Crupto_Data_Joiner/Raw_Data_Spot/BYBIT_DOGEUSDT_SPOT_2021_2026.csv,1000.0,0.0018,0.1,False
0.017213,603.5181,549.4145,17.3394,100.0,603518126522.3148,3595,664.8,268195.0,33,1.45,1.21,1.68,front_heavy,3.2,57.41,linear_increase,"[1.68, 1.67, 1.65, 1.64, 1.62, 1.61, 1.59, 1.58, 1.56, 1.55, 1.53, 1.52, 1.5, 1.49, 1.47, 1.46, 1.44, 1.43, 1.42, 1.4, 1.39, 1.37, 1.36, 1.34, 1.33, 1.31, 1.3, 1.28, 1.27, 1.25, 1.24, 1.22, 1.21]","[3.2, 4.8933, 6.5883, 8.2816, 9.9749, 11.6699, 13.3632, 15.0582, 16.7516, 18.4449, 20.1399, 21.8332, 23.5265, 25.2215, 26.9148, 28.6098, 30.3031, 31.9965, 33.6914, 35.3848, 37.0781, 38.7731, 40.4664, 42.1614, 43.8547, 45.548, 47.243, 48.9363, 50.6297, 52.3246, 54.018, 55.7129, 57.4063]",C:/Users/Madness/PycharmProjects/Crupto_Data_Joiner/Raw_Data_Spot/BYBIT_DOGEUSDT_SPOT_2021_2026.csv,1000.0,0.0018,0.1,False
0.017192,215.1124,66.3327,9.4355,100.0,215112448063.1179,197,11904.4,159637.0,31,7.0,7.23,8.59,random,5.58,60.72,pyramid,"[7.87, 8.48, 7.82, 7.99, 7.66, 7.55, 7.66, 7.55, 7.53, 8.45, 7.76, 7.68, 7.34, 7.92, 8.44, 8.42, 8.1, 7.76, 8.14, 7.25, 7.31, 8.14, 7.5, 7.37, 7.99, 7.52, 7.87, 7.71, 7.98, 7.36, 7.6]","[5.5763, 9.2525, 12.9286, 16.6048, 20.2809, 23.9571, 27.6332, 31.3094, 34.9855, 38.6617, 42.3378, 46.014, 49.6901, 53.3663, 57.0424, 60.7186, 57.0424, 53.3663, 49.6901, 46.014, 42.3378, 38.6617, 34.9855, 31.3094, 27.6332, 23.9571, 20.2809, 16.6048, 12.9286, 9.2525, 5.5763]",C:/Users/Madness/PycharmProjects/Crupto_Data_Joiner/Raw_Data_Spot/BYBIT_DOGEUSDT_SPOT_2021_2026.csv,1000.0,0.0018,0.1,False
0.017192,219.6709,105.5096,33.3335,100.0,219670870162.335,1281,1864.2,161336.0,29,1.3,5.43,6.66,geometric,11.06,57.9,linear_increase,"[5.43, 5.47, 5.51, 5.55, 5.59, 5.63, 5.67, 5.71, 5.76, 5.8, 5.84, 5.88, 5.93, 5.97, 6.01, 6.06, 6.1, 6.15, 6.19, 6.24, 6.28, 6.33, 6.37, 6.42, 6.47, 6.52, 6.56, 6.61, 6.66]","[11.0641, 12.7362, 14.4108, 16.0829, 17.7551, 19.4273, 21.0995, 22.774, 24.4462, 26.1183, 27.7928, 29.465, 31.1372, 32.8094, 34.4815, 36.1561, 37.8282, 39.5004, 41.1749, 42.8471, 44.5193, 46.1915, 47.8636, 49.5382, 51.2103, 52.8825, 54.557, 56.2292, 57.9014]",C:/Users/Madness/PycharmProjects/Crupto_Data_Joiner/Raw_Data_Spot/BYBIT_DOGEUSDT_SPOT_2021_2026.csv,1000.0,0.0018,0.1,False
0.017182,600.8976,189.522,30.8077,100.0,600897596023.2296,790,3022.8,267856.0,32,1.85,5.22,9.26,back_heavy,31.25,31.25,flat,"[5.22, 5.22, 5.24, 5.26, 5.29, 5.33, 5.37, 5.43, 5.49, 5.56, 5.64, 5.73, 5.83, 5.93, 6.04, 6.17, 6.3, 6.43, 6.58, 6.74, 6.9, 7.07, 7.25, 7.44, 7.64, 7.85, 8.06, 8.28, 8.52, 8.76, 9.0, 9.26]","[31.25, 31.25, 31.25, 31.25, 31.25, 31.25, 31.25, 31.25, 31.25, 31.25, 31.25, 31.25, 31.25, 31.25, 31.25, 31.25, 31.25, 31.25, 31.25, 31.25, 31.25, 31.25, 31.25, 31.25, 31.25, 31.25, 31.25, 31.25, 31.25, 31.25, 31.25, 31.25]",C:/Users/Madness/PycharmProjects/Crupto_Data_Joiner/Raw_Data_Spot/BYBIT_DOGEUSDT_SPOT_2021_2026.csv,1000.0,0.0018,0.1,False
0.017179,600.7929,289.7984,47.6958,100.0,600792862271.0319,2412,990.3,267852.0,35,0.8,2.75,8.02,back_heavy,6.17,50.1,random,"[2.75, 2.75, 2.77, 2.79, 2.82, 2.86, 2.91, 2.97, 3.04, 3.12, 3.21, 3.3, 3.41, 3.52, 3.64, 3.78, 3.92, 4.07, 4.23, 4.4, 4.57, 4.76, 4.96, 5.16, 5.38, 5.6, 5.83, 6.07, 6.32, 6.58, 6.85, 7.13, 7.42, 7.71, 8.02]","[29.6627, 10.5752, 15.9773, 33.0905, 37.0834, 44.6168, 43.819, 20.9713, 6.1686, 18.7088, 49.9949, 15.4731, 44.0628, 6.4253, 17.6137, 24.3584, 29.8252, 45.0268, 30.8557, 50.102, 8.1484, 29.646, 32.3333, 35.2495, 26.1056, 45.9022, 44.9677, 43.1245, 23.0915, 11.916, 23.0804, 42.9029, 35.7001, 10.2742, 13.1461]",C:/Users/Madness/PycharmProjects/Crupto_Data_Joiner/Raw_Data_Spot/BYBIT_DOGEUSDT_SPOT_2021_2026.csv,1000.0,0.0018,0.1,False
0.017176,600.7006,267.9678,48.1919,100.0,600700606473.431,1566,1525.3,267853.0,31,0.9,3.94,7.14,geometric,8.93,57.31,random,"[3.94, 4.02, 4.1, 4.18, 4.27, 4.35, 4.44, 4.53, 4.62, 4.71, 4.8, 4.9, 5.0, 5.1, 5.2, 5.3, 5.41, 5.52, 5.63, 5.74, 5.86, 5.97, 6.09, 6.22, 6.34, 6.47, 6.6, 6.73, 6.86, 7.0, 7.14]","[41.1632, 53.1362, 8.9307, 16.3164, 24.4785, 48.445, 29.9277, 57.3096, 53.0362, 43.2756, 50.9189, 20.0341, 21.6781, 22.6489, 21.9978, 37.0637, 24.7613, 33.3694, 31.8351, 49.4128, 9.5555, 17.052, 41.7093, 54.0409, 13.1594, 43.0619, 14.8579, 8.9686, 55.0767, 12.1295, 40.6492]",C:/Users/Madness/PycharmProjects/Crupto_Data_Joiner/Raw_Data_Spot/BYBIT_DOGEUSDT_SPOT_2021_2026.csv,1000.0,0.0018,0.1,False
0.017172,219.328,151.2409,23.632,100.0,219328032953.269,3627,658.6,161303.0,34,1.25,1.81,7.75,linear,1.82,57.0,linear_increase,"[1.81, 1.99, 2.17, 2.35, 2.53, 2.71, 2.89, 3.07, 3.25, 3.43, 3.61, 3.79, 3.97, 4.15, 4.33, 4.51, 4.69, 4.87, 5.05, 5.23, 5.41, 5.59, 5.77, 5.95, 6.13, 6.31, 6.49, 6.67, 6.85, 7.03, 7.21, 7.39, 7.57, 7.75]","[1.8213, 3.4937, 5.1654, 6.8378, 8.5102, 10.1818, 11.8542, 13.5266, 15.1983, 16.8707, 18.543, 20.2147, 21.8871, 23.5595, 25.2312, 26.9035, 28.5759, 30.2476, 31.92, 33.5924, 35.264, 36.9364, 38.6088, 40.2805, 41.9529, 43.6253, 45.2969, 46.9693, 48.6417, 50.3134, 51.9858, 53.6581, 55.3298, 57.0022]",C:/Users/Madness/PycharmProjects/Crupto_Data_Joiner/Raw_Data_Spot/BYBIT_DOGEUSDT_SPOT_2021_2026.csv,1000.0,0.0018,0.1,False
0.017151,599.7008,295.2321,37.6542,100.0,599700815273.6969,2292,1042.2,267832.0,29,1.0,2.88,8.45,geometric,20.4,49.57,pyramid,"[2.88, 2.99, 3.11, 3.23, 3.36, 3.49, 3.63, 3.77, 3.92, 4.07, 4.23, 4.4, 4.57, 4.75, 4.93, 5.13, 5.33, 5.54, 5.75, 5.98, 6.21, 6.46, 6.71, 6.97, 7.25, 7.53, 7.82, 8.13, 8.45]","[20.398, 22.4802, 24.5666, 26.6487, 28.7351, 30.8172, 32.9037, 34.9858, 37.0679, 39.1543, 41.2365, 43.3229, 45.405, 47.4914, 49.5735, 47.4914, 45.405, 43.3229, 41.2365, 39.1543, 37.0679, 34.9858, 32.9037, 30.8172, 28.7351, 26.6487, 24.5666, 22.4802, 20.398]",C:/Users/Madness/PycharmProjects/Crupto_Data_Joiner/Raw_Data_Spot/BYBIT_DOGEUSDT_SPOT_2021_2026.csv,1000.0,0.0018,0.1,False
0.016968,593.3344,392.3243,67.4606,100.0,593334388054.8094,4143,576.6,267832.0,29,0.5,2.84,3.63,back_heavy,34.48,34.48,flat,"[2.84, 2.84, 2.84, 2.85, 2.86, 2.87, 2.88, 2.89, 2.9, 2.92, 2.94, 2.96, 2.99, 3.01, 3.04, 3.07, 3.1, 3.13, 3.17, 3.2, 3.24, 3.28, 3.33, 3.37, 3.42, 3.47, 3.52, 3.57, 3.63]","[34.4828, 34.4828, 34.4828, 34.4828, 34.4828, 34.4828, 34.4828, 34.4828, 34.4828, 34.4828, 34.4828, 34.4828, 34.4828, 34.4828, 34.4828, 34.4828, 34.4828, 34.4828, 34.4828, 34.4828, 34.4828, 34.4828, 34.4828, 34.4828, 34.4828, 34.4828, 34.4828, 34.4828, 34.4828]",C:/Users/Madness/PycharmProjects/Crupto_Data_Joiner/Raw_Data_Spot/BYBIT_DOGEUSDT_SPOT_2021_2026.csv,1000.0,0.0018,0.1,False
0.016889,217.9202,65.6994,24.8465,100.0,217920164023.4496,474,5038.0,162131.0,33,2.7,7.61,9.65,geometric,12.54,48.07,linear_increase,"[7.61, 7.67, 7.72, 7.78, 7.84, 7.9, 7.96, 8.02, 8.08, 8.14, 8.2, 8.26, 8.32, 8.38, 8.44, 8.51, 8.57, 8.63, 8.7, 8.76, 8.83, 8.89, 8.96, 9.03, 9.09, 9.16, 9.23, 9.3, 9.37, 9.44, 9.51, 9.58, 9.65]","[12.5401, 13.6496, 14.7616, 15.871, 16.9805, 18.09, 19.202, 20.3115, 21.4209, 22.5329, 23.6424, 24.7519, 25.8613, 26.9733, 28.0828, 29.1923, 30.3042, 31.4137, 32.5232, 33.6327, 34.7446, 35.8541, 36.9636, 38.0731, 39.1851, 40.2945, 41.404, 42.516, 43.6255, 44.7349, 45.8444, 46.9564, 48.0659]",C:/Users/Madness/PycharmProjects/Crupto_Data_Joiner/Raw_Data_Spot/BYBIT_DOGEUSDT_SPOT_2021_2026.csv,1000.0,0.0018,0.1,False
0.016798,43.8737,53.8153,49.9026,100.0,43873729225.4913,3680,649.1,72152.0,32,0.45,2.03,6.08,front_heavy,3.69,58.81,linear_increase,"[6.08, 5.95, 5.82, 5.69, 5.56, 5.43, 5.3, 5.17, 5.03, 4.9, 4.77, 4.64, 4.51, 4.38, 4.25, 4.12, 3.99, 3.86, 3.73, 3.6, 3.47, 3.34, 3.21, 3.08, 2.94, 2.81, 2.68, 2.55, 2.42, 2.29, 2.16, 2.03]","[3.6889, 5.468, 7.2446, 9.0237, 10.8003, 12.5794, 14.3585, 16.1351, 17.9142, 19.6933, 21.4699, 23.249, 25.0256, 26.8047, 28.5838, 30.3604, 32.1396, 33.9162, 35.6953, 37.4744, 39.251, 41.0301, 42.8067, 44.5858, 46.3649, 48.1415, 49.9206, 51.6997, 53.4763, 55.2554, 57.032, 58.8111]",C:/Users/Madness/PycharmProjects/Crupto_Data_Joiner/Raw_Data_Spot/BYBIT_DOGEUSDT_SPOT_2021_2026.csv,1000.0,0.0018,0.1,False
0.01679,587.0777,243.7365,36.254,100.0,587077688273.693,1293,1846.9,267831.0,32,1.2,3.98,9.09,back_heavy,31.25,31.25,flat,"[3.98, 3.99, 4.0, 4.03, 4.07, 4.11, 4.17, 4.24, 4.32, 4.41, 4.51, 4.62, 4.75, 4.88, 5.02, 5.18, 5.34, 5.52, 5.7, 5.9, 6.11, 6.32, 6.55, 6.79, 7.04, 7.3, 7.57, 7.86, 8.15, 8.45, 8.77, 9.09]","[31.25, 31.25, 31.25, 31.25, 31.25, 31.25, 31.25, 31.25, 31.25, 31.25, 31.25, 31.25, 31.25, 31.25, 31.25, 31.25, 31.25, 31.25, 31.25, 31.25, 31.25, 31.25, 31.25, 31.25, 31.25, 31.25, 31.25, 31.25, 31.25, 31.25, 31.25, 31.25]",C:/Users/Madness/PycharmProjects/Crupto_Data_Joiner/Raw_Data_Spot/BYBIT_DOGEUSDT_SPOT_2021_2026.csv,1000.0,0.0018,0.1,False
0.016775,209.9926,78.9759,22.8184,100.0,209992582325.992,544,4388.9,159674.0,28,2.5,0.33,8.28,front_heavy,11.49,59.94,linear_increase,"[8.28, 7.99, 7.69, 7.4, 7.1, 6.81, 6.51, 6.22, 5.92, 5.63, 5.34, 5.04, 4.75, 4.45, 4.16, 3.86, 3.57, 3.27, 2.98, 2.69, 2.39, 2.1, 1.8, 1.51, 1.21, 0.92, 0.62, 0.33]","[11.4864, 13.2806, 15.0747, 16.8715, 18.6657, 20.4599, 22.254, 24.0482, 25.8424, 27.6392, 29.4334, 31.2275, 33.0217, 34.8159, 36.6127, 38.4068, 40.201, 41.9952, 43.7894, 45.5862, 47.3803, 49.1745, 50.9687, 52.7629, 54.5571, 56.3538, 58.148, 59.9422]",C:/Users/Madness/PycharmProjects/Crupto_Data_Joiner/Raw_Data_Spot/BYBIT_DOGEUSDT_SPOT_2021_2026.csv,1000.0,0.0018,0.1,False
0.016742,207.3643,225.6921,14.4895,100.0,207364280523.8274,1910,1250.6,158822.0,33,1.65,3.59,3.92,front_heavy,2.77,59.55,pyramid,"[3.92, 3.91, 3.9, 3.89, 3.88, 3.87, 3.86, 3.85, 3.84, 3.83, 3.82, 3.81, 3.8, 3.79, 3.78, 3.77, 3.76, 3.74, 3.73, 3.72, 3.71, 3.7, 3.69, 3.68, 3.67, 3.66, 3.65, 3.64, 3.63, 3.62, 3.61, 3.6, 3.59]","[2.7728, 6.3228, 9.87, 13.4201, 16.9673, 20.5174, 24.0646, 27.6146, 31.1647, 34.7119, 38.2619, 41.8092, 45.3592, 48.9064, 52.4565, 56.0037, 59.5538, 56.0037, 52.4565, 48.9064, 45.3592, 41.8092, 38.2619, 34.7119, 31.1647, 27.6146, 24.0646, 20.5174, 16.9673, 13.4201, 9.87, 6.3228, 2.7728]",C:/Users/Madness/PycharmProjects/Crupto_Data_Joiner/Raw_Data_Spot/BYBIT_DOGEUSDT_SPOT_2021_2026.csv,1000.0,0.0018,0.1,False
0.01669,213.1803,95.8224,29.3085,100.0,213180285135.7439,1098,2175.4,161306.0,30,1.5,5.35,7.94,geometric,10.19,56.48,linear_increase,"[5.35, 5.42, 5.5, 5.57, 5.65, 5.73, 5.81, 5.88, 5.97, 6.05, 6.13, 6.21, 6.3, 6.39, 6.47, 6.56, 6.65, 6.74, 6.84, 6.93, 7.02, 7.12, 7.22, 7.32, 7.42, 7.52, 7.62, 7.73, 7.83, 7.94]","[10.1889, 11.7863, 13.3792, 14.9766, 16.574, 18.1714, 19.7644, 21.3618, 22.9591, 24.5565, 26.1495, 27.7469, 29.3443, 30.9373, 32.5346, 34.132, 35.7294, 37.3224, 38.9198, 40.5172, 42.1101, 43.7075, 45.3049, 46.9023, 48.4953, 50.0927, 51.6901, 53.2874, 54.8804, 56.4778]",C:/Users/Madness/PycharmProjects/Crupto_Data_Joiner/Raw_Data_Spot/BYBIT_DOGEUSDT_SPOT_2021_2026.csv,1000.0,0.0018,0.1,False
0.016672,582.807,256.1347,36.203,100.0,582807042543.487,1212,1970.8,267795.0,30,1.25,0.94,5.21,front_heavy,33.33,33.33,flat,"[5.21, 5.06, 4.92, 4.77, 4.62, 4.47, 4.33, 4.18, 4.03, 3.88, 3.74, 3.59, 3.44, 3.3, 3.15, 3.0, 2.85, 2.71, 2.56, 2.41, 2.27, 2.12, 1.97, 1.82, 1.68, 1.53, 1.38, 1.23, 1.09, 0.94]","[33.3333, 33.3333, 33.3333, 33.3333, 33.3333, 33.3333, 33.3333, 33.3333, 33.3333, 33.3333, 33.3333, 33.3333, 33.3333, 33.3333, 33.3333, 33.3333, 33.3333, 33.3333, 33.3333, 33.3333, 33.3333, 33.3333, 33.3333, 33.3333, 33.3333, 33.3333, 33.3333, 33.3333, 33.3333, 33.3333]",C:/Users/Madness/PycharmProjects/Crupto_Data_Joiner/Raw_Data_Spot/BYBIT_DOGEUSDT_SPOT_2021_2026.csv,1000.0,0.0018,0.1,False
0.016616,581.0927,337.8649,52.8756,100.0,581092690673.1003,3511,680.7,267853.0,32,0.6,2.36,7.15,geometric,6.07,56.58,random,"[2.36, 2.45, 2.53, 2.63, 2.72, 2.82, 2.92, 3.03, 3.14, 3.26, 3.37, 3.5, 3.62, 3.76, 3.89, 4.04, 4.18, 4.33, 4.49, 4.66, 4.82, 5.0, 5.18, 5.37, 5.57, 5.77, 5.98, 6.2, 6.42, 6.66, 6.9, 7.15]","[26.5606, 40.2215, 21.3038, 53.9917, 35.9273, 24.1059, 14.6342, 29.903, 29.6886, 56.5794, 35.535, 6.0694, 52.4374, 33.9978, 16.9775, 43.1586, 36.4911, 28.2307, 7.5422, 51.1811, 33.1381, 54.8171, 14.9493, 34.9904, 10.3871, 35.4213, 12.0101, 8.6828, 23.0339, 56.38, 54.1975, 17.4555]",C:/Users/Madness/PycharmProjects/Crupto_Data_Joiner/Raw_Data_Spot/BYBIT_DOGEUSDT_SPOT_2021_2026.csv,1000.0,0.0018,0.1,False
0.016579,579.7109,385.0638,21.001,100.0,579710948678.8649,2086,1144.8,267828.0,32,1.6,2.63,3.15,linear,7.92,54.58,pyramid,"[2.63, 2.65, 2.66, 2.68, 2.7, 2.71, 2.73, 2.75, 2.76, 2.78, 2.8, 2.81, 2.83, 2.85, 2.86, 2.88, 2.9, 2.92, 2.93, 2.95, 2.97, 2.98, 3.0, 3.02, 3.03, 3.05, 3.07, 3.08, 3.1, 3.12, 3.13, 3.15]","[7.9239, 10.839, 13.7562, 16.6713, 19.5864, 22.5037, 25.4188, 28.3339, 31.249, 34.1662, 37.0813, 39.9965, 42.9137, 45.8288, 48.7439, 51.6611, 54.5762, 51.6611, 48.7439, 45.8288, 42.9137, 39.9965, 37.0813, 34.1662, 31.249, 28.3339, 25.4188, 22.5037, 19.5864, 16.6713, 13.7562, 10.839]",C:/Users/Madness/PycharmProjects/Crupto_Data_Joiner/Raw_Data_Spot/BYBIT_DOGEUSDT_SPOT_2021_2026.csv,1000.0,0.0018,0.1,False
0.016539,578.338,262.962,26.1671,100.0,578338021363.5558,1295,1844.6,267835.0,30,1.55,1.24,8.53,random,19.94,46.72,pyramid,"[5.41, 2.54, 6.1, 2.72, 3.31, 4.02, 2.14, 2.15, 5.77, 1.28, 3.35, 1.7, 5.82, 5.95, 7.88, 6.94, 5.65, 1.61, 2.84, 7.68, 1.36, 7.72, 5.82, 1.73, 1.26, 2.74, 6.06, 6.93, 5.68, 5.17]","[19.9432, 21.7274, 23.5159, 25.3001, 27.0843, 28.8685, 30.6571, 32.4412, 34.2254, 36.0096, 37.7982, 39.5824, 41.3665, 43.1507, 44.9393, 46.7235, 44.9393, 43.1507, 41.3665, 39.5824, 37.7982, 36.0096, 34.2254, 32.4412, 30.6571, 28.8685, 27.0843, 25.3001, 23.5159, 21.7274]",C:/Users/Madness/PycharmProjects/Crupto_Data_Joiner/Raw_Data_Spot/BYBIT_DOGEUSDT_SPOT_2021_2026.csv,1000.0,0.0018,0.1,False
0.016479,53.3417,15.2065,14.8971,100.0,53341734908.1987,604,3908.7,80488.0,31,3.0,4.65,8.77,front_heavy,1.65,62.86,linear_increase,"[8.77, 8.63, 8.5, 8.36, 8.22, 8.08, 7.95, 7.81, 7.67, 7.53, 7.4, 7.26, 7.12, 6.98, 6.85, 6.71, 6.57, 6.44, 6.3, 6.16, 6.02, 5.89, 5.75, 5.61, 5.47, 5.34, 5.2, 5.06, 4.92, 4.79, 4.65]","[1.6523, 3.6925, 5.7328, 7.7731, 9.8141, 11.8543, 13.8946, 15.9349, 17.9751, 20.0161, 22.0564, 24.0967, 26.1369, 28.1772, 30.2174, 32.2577, 34.2987, 36.339, 38.3792, 40.4195, 42.4598, 44.5008, 46.541, 48.5813, 50.6216, 52.6618, 54.7021, 56.7423, 58.7833, 60.8236, 62.8639]",C:/Users/Madness/PycharmProjects/Crupto_Data_Joiner/Raw_Data_Spot/BYBIT_DOGEUSDT_SPOT_2021_2026.csv,1000.0,0.0018,0.1,False
0.016455,213.0575,53.6825,9.0517,100.0,213057482632.2279,119,19708.1,162417.0,31,8.5,0.69,8.53,front_heavy,8.25,56.26,linear_increase,"[8.53, 8.27, 8.01, 7.75, 7.48, 7.22, 6.96, 6.7, 6.44, 6.18, 5.92, 5.66, 5.39, 5.13, 4.87, 4.61, 4.35, 4.09, 3.83, 3.56, 3.3, 3.04, 2.78, 2.52, 2.26, 2.0, 1.74, 1.47, 1.21, 0.95, 0.69]","[8.253, 9.8539, 11.4534, 13.0543, 14.6538, 16.2547, 17.8556, 19.4551, 21.056, 22.6555, 24.2564, 25.8572, 27.4568, 29.0577, 30.6572, 32.2581, 33.8589, 35.4585, 37.0594, 38.6589, 40.2598, 41.8606, 43.4602, 45.061, 46.6606, 48.2615, 49.8623, 51.4619, 53.0627, 54.6623, 56.2632]",C:/Users/Madness/PycharmProjects/Crupto_Data_Joiner/Raw_Data_Spot/BYBIT_DOGEUSDT_SPOT_2021_2026.csv,1000.0,0.0018,0.1,False
0.016429,210.0738,104.7017,30.1929,100.0,210073768109.5491,1568,1523.3,161394.0,33,1.3,4.1,7.58,linear,7.76,52.85,linear_increase,"[4.1, 4.21, 4.32, 4.43, 4.54, 4.64, 4.75, 4.86, 4.97, 5.08, 5.19, 5.3, 5.4, 5.51, 5.62, 5.73, 5.84, 5.95, 6.06, 6.17, 6.28, 6.38, 6.49, 6.6, 6.71, 6.82, 6.93, 7.04, 7.14, 7.25, 7.36, 7.47, 7.58]","[7.7569, 9.1664, 10.575, 11.9845, 13.3932, 14.8027, 16.2114, 17.6209, 19.0304, 20.439, 21.8485, 23.2572, 24.6667, 26.0754, 27.4849, 28.8935, 30.303, 31.7125, 33.1212, 34.5307, 35.9394, 37.3489, 38.7575, 40.167, 41.5757, 42.9852, 44.3947, 45.8034, 47.2129, 48.6215, 50.031, 51.4397, 52.8492]",C:/Users/Madness/PycharmProjects/Crupto_Data_Joiner/Raw_Data_Spot/BYBIT_DOGEUSDT_SPOT_2021_2026.csv,1000.0,0.0018,0.1,False
0.016426,574.3437,226.0707,20.8803,100.0,574343699020.1962,1462,1633.7,267828.0,32,2.1,2.22,9.2,back_heavy,6.97,55.53,linear_increase,"[2.22, 2.23, 2.25, 2.29, 2.34, 2.4, 2.48, 2.58, 2.68, 2.81, 2.95, 3.1, 3.27, 3.45, 3.64, 3.85, 4.08, 4.32, 4.57, 4.84, 5.13, 5.42, 5.74, 6.06, 6.4, 6.76, 7.13, 7.51, 7.91, 8.33, 8.76, 9.2]","[6.9739, 8.541, 10.1061, 11.6732, 13.2383, 14.8054, 16.3706, 17.9376, 19.5028, 21.0698, 22.635, 24.202, 25.7691, 27.3343, 28.9013, 30.4665, 32.0335, 33.5987, 35.1657, 36.7309, 38.298, 39.865, 41.4302, 42.9972, 44.5624, 46.1294, 47.6946, 49.2617, 50.8268, 52.3939, 53.959, 55.5261]",C:/Users/Madness/PycharmProjects/Crupto_Data_Joiner/Raw_Data_Spot/BYBIT_DOGEUSDT_SPOT_2021_2026.csv,1000.0,0.0018,0.1,False
0.016261,568.5846,221.5809,16.2525,100.0,568584647543.9547,811,2943.9,267833.0,34,2.7,3.94,5.91,random,8.77,51.26,random,"[4.84, 4.51, 4.52, 4.0, 5.69, 4.45, 4.23, 4.54, 5.71, 3.98, 5.82, 4.56, 4.25, 4.36, 4.06, 4.7, 4.95, 4.61, 4.16, 4.03, 5.73, 5.38, 4.78, 4.45, 4.44, 5.3, 5.01, 3.96, 4.84, 4.75, 4.53, 4.93, 4.69, 5.12]","[10.3298, 17.7908, 51.2622, 18.7536, 45.8152, 43.218, 40.7878, 38.3392, 20.4659, 34.6764, 47.3887, 22.3967, 20.1445, 45.5331, 17.8412, 21.5197, 8.7746, 29.8918, 42.6813, 26.1014, 25.1923, 25.9528, 48.5643, 11.1048, 41.2885, 34.6869, 23.9316, 16.0805, 24.5744, 35.8827, 24.1522, 41.2662, 23.8989, 19.7119]",C:/Users/Madness/PycharmProjects/Crupto_Data_Joiner/Raw_Data_Spot/BYBIT_DOGEUSDT_SPOT_2021_2026.csv,1000.0,0.0018,0.1,False
0.016225,567.4149,159.996,27.1273,100.0,567414885663.1741,587,4060.6,267852.0,35,2.4,5.63,7.27,linear,28.57,28.57,flat,"[5.63, 5.68, 5.73, 5.77, 5.82, 5.87, 5.92, 5.97, 6.02, 6.06, 6.11, 6.16, 6.21, 6.26, 6.31, 6.35, 6.4, 6.45, 6.5, 6.55, 6.59, 6.64, 6.69, 6.74, 6.79, 6.84, 6.88, 6.93, 6.98, 7.03, 7.08, 7.13, 7.17, 7.22, 7.27]","[28.5714, 28.5714, 28.5714, 28.5714, 28.5714, 28.5714, 28.5714, 28.5714, 28.5714, 28.5714, 28.5714, 28.5714, 28.5714, 28.5714, 28.5714, 28.5714, 28.5714, 28.5714, 28.5714, 28.5714, 28.5714, 28.5714, 28.5714, 28.5714, 28.5714, 28.5714, 28.5714, 28.5714, 28.5714, 28.5714, 28.5714, 28.5714, 28.5714, 28.5714, 28.5714]",C:/Users/Madness/PycharmProjects/Crupto_Data_Joiner/Raw_Data_Spot/BYBIT_DOGEUSDT_SPOT_2021_2026.csv,1000.0,0.0018,0.1,False
0.016173,565.5251,274.0079,40.7296,100.0,565525052693.0974,1564,1527.2,267831.0,29,1.0,1.89,5.08,random,33.22,35.89,random,"[4.87, 4.43, 4.14, 4.64, 3.74, 3.42, 4.57, 3.7, 4.56, 2.53, 4.84, 4.89, 4.17, 3.47, 3.55, 3.76, 3.01, 3.1, 2.11, 5.0, 1.97, 2.79, 2.51, 4.96, 2.44, 4.01, 3.69, 2.75, 4.98]","[33.2202, 33.7108, 34.0273, 34.059, 34.882, 33.7266, 34.8108, 34.8503, 33.5921, 35.2776, 33.6871, 33.7504, 35.6258, 34.2173, 34.2489, 34.0273, 35.4913, 34.2647, 35.2856, 33.7266, 34.7474, 34.6604, 35.2143, 35.4359, 34.8424, 34.2331, 35.887, 34.1777, 34.3201]",C:/Users/Madness/PycharmProjects/Crupto_Data_Joiner/Raw_Data_Spot/BYBIT_DOGEUSDT_SPOT_2021_2026.csv,1000.0,0.0018,0.1,False
0.016127,199.7719,141.7346,13.2504,100.0,199771945073.9584,1341,1780.8,158828.0,34,2.2,3.84,8.91,geometric,2.3,56.52,pyramid,"[3.84, 3.94, 4.04, 4.15, 4.25, 4.36, 4.48, 4.59, 4.71, 4.83, 4.96, 5.08, 5.22, 5.35, 5.49, 5.63, 5.78, 5.92, 6.08, 6.23, 6.4, 6.56, 6.73, 6.9, 7.08, 7.27, 7.45, 7.65, 7.84, 8.05, 8.25, 8.47, 8.69, 8.91]","[2.3015, 5.4903, 8.681, 11.8697, 15.0585, 18.2492, 21.438, 24.6267, 27.8174, 31.0062, 34.1968, 37.3856, 40.5744, 43.765, 46.9538, 50.1426, 53.3332, 56.522, 53.3332, 50.1426, 46.9538, 43.765, 40.5744, 37.3856, 34.1968, 31.0062, 27.8174, 24.6267, 21.438, 18.2492, 15.0585, 11.8697, 8.681, 5.4903]",C:/Users/Madness/PycharmProjects/Crupto_Data_Joiner/Raw_Data_Spot/BYBIT_DOGEUSDT_SPOT_2021_2026.csv,1000.0,0.0018,0.1,False
0.016086,562.5656,185.3558,28.151,100.0,562565596123.6112,727,3148.0,267857.0,35,1.95,4.54,8.78,geometric,28.57,28.57,flat,"[4.54, 4.63, 4.72, 4.81, 4.91, 5.0, 5.1, 5.2, 5.3, 5.41, 5.51, 5.62, 5.73, 5.84, 5.96, 6.07, 6.19, 6.31, 6.44, 6.56, 6.69, 6.82, 6.96, 7.09, 7.23, 7.37, 7.52, 7.67, 7.82, 7.97, 8.12, 8.28, 8.45, 8.61, 8.78]","[28.5714, 28.5714, 28.5714, 28.5714, 28.5714, 28.5714, 28.5714, 28.5714, 28.5714, 28.5714, 28.5714, 28.5714, 28.5714, 28.5714, 28.5714, 28.5714, 28.5714, 28.5714, 28.5714, 28.5714, 28.5714, 28.5714, 28.5714, 28.5714, 28.5714, 28.5714, 28.5714, 28.5714, 28.5714, 28.5714, 28.5714, 28.5714, 28.5714, 28.5714, 28.5714]",C:/Users/Madness/PycharmProjects/Crupto_Data_Joiner/Raw_Data_Spot/BYBIT_DOGEUSDT_SPOT_2021_2026.csv,1000.0,0.0018,0.1,False
0.015948,557.5413,184.4449,28.8532,100.0,557541291705.2283,904,2641.6,267803.0,33,1.9,4.55,6.75,geometric,22.78,38.3,pyramid,"[4.55, 4.61, 4.66, 4.72, 4.78, 4.84, 4.9, 4.96, 5.02, 5.08, 5.15, 5.21, 5.28, 5.34, 5.41, 5.47, 5.54, 5.61, 5.68, 5.75, 5.82, 5.89, 5.97, 6.04, 6.12, 6.19, 6.27, 6.35, 6.43, 6.5, 6.59, 6.67, 6.75]","[22.7794, 23.7449, 24.7204, 25.6859, 26.6614, 27.6269, 28.6025, 29.5679, 30.5334, 31.509, 32.4745, 33.45, 34.4155, 35.391, 36.3565, 37.332, 38.2975, 37.332, 36.3565, 35.391, 34.4155, 33.45, 32.4745, 31.509, 30.5334, 29.5679, 28.6025, 27.6269, 26.6614, 25.6859, 24.7204, 23.7449, 22.7794]",C:/Users/Madness/PycharmProjects/Crupto_Data_Joiner/Raw_Data_Spot/BYBIT_DOGEUSDT_SPOT_2021_2026.csv,1000.0,0.0018,0.1,False
0.015929,557.0073,166.772,28.079,100.0,557007344843.0972,632,3778.5,267833.0,34,2.2,5.58,5.84,random,29.41,29.41,flat,"[5.69, 5.8, 5.66, 5.7, 5.77, 5.71, 5.6, 5.84, 5.59, 5.61, 5.58, 5.71, 5.62, 5.64, 5.71, 5.74, 5.8, 5.81, 5.7, 5.82, 5.83, 5.72, 5.68, 5.67, 5.74, 5.61, 5.62, 5.75, 5.82, 5.74, 5.63, 5.68, 5.7, 5.77]","[29.4118, 29.4118, 29.4118, 29.4118, 29.4118, 29.4118, 29.4118, 29.4118, 29.4118, 29.4118, 29.4118, 29.4118, 29.4118, 29.4118, 29.4118, 29.4118, 29.4118, 29.4118, 29.4118, 29.4118, 29.4118, 29.4118, 29.4118, 29.4118, 29.4118, 29.4118, 29.4118, 29.4118, 29.4118, 29.4118, 29.4118, 29.4118, 29.4118, 29.4118]",C:/Users/Madness/PycharmProjects/Crupto_Data_Joiner/Raw_Data_Spot/BYBIT_DOGEUSDT_SPOT_2021_2026.csv,1000.0,0.0018,0.1,False
0.015808,81.5996,53.4951,39.9653,100.0,81599642984.2541,1702,1393.1,102018.0,30,0.8,0.98,8.59,front_heavy,6.39,60.28,pyramid,"[8.59, 8.33, 8.07, 7.8, 7.54, 7.28, 7.02, 6.75, 6.49, 6.23, 5.97, 5.7, 5.44, 5.18, 4.92, 4.65, 4.39, 4.13, 3.87, 3.6, 3.34, 3.08, 2.82, 2.55, 2.29, 2.03, 1.77, 1.5, 1.24, 0.98]","[6.3896, 9.9821, 13.5746, 17.1671, 20.7596, 24.3521, 27.9446, 31.5371, 35.1296, 38.7221, 42.3146, 45.9071, 49.4996, 53.0921, 56.6846, 60.2771, 56.6846, 53.0921, 49.4996, 45.9071, 42.3146, 38.7221, 35.1296, 31.5371, 27.9446, 24.3521, 20.7596, 17.1671, 13.5746, 9.9821]",C:/Users/Madness/PycharmProjects/Crupto_Data_Joiner/Raw_Data_Spot/BYBIT_DOGEUSDT_SPOT_2021_2026.csv,1000.0,0.0018,0.1,False
0.015726,200.8641,91.6786,34.5355,100.0,200864080368.7526,1449,1648.5,161306.0,34,1.25,4.51,5.03,linear,9.1,67.47,geometric_increase,"[4.51, 4.53, 4.54, 4.56, 4.57, 4.59, 4.6, 4.62, 4.64, 4.65, 4.67, 4.68, 4.7, 4.71, 4.73, 4.75, 4.76, 4.78, 4.79, 4.81, 4.83, 4.84, 4.86, 4.87, 4.89, 4.9, 4.92, 4.94, 4.95, 4.97, 4.98, 5.0, 5.01, 5.03]","[9.0991, 9.6689, 10.2728, 10.9175, 11.6009, 12.3273, 13.097, 13.9165, 14.7883, 15.7145, 16.6975, 17.7441, 18.8543, 20.0348, 21.2879, 22.6206, 24.0372, 25.5401, 27.1383, 28.8387, 30.6436, 32.5619, 34.5983, 36.7641, 39.0661, 41.5112, 44.1106, 46.8712, 49.8043, 52.9213, 56.2336, 59.7547, 63.4938, 67.469]",C:/Users/Madness/PycharmProjects/Crupto_Data_Joiner/Raw_Data_Spot/BYBIT_DOGEUSDT_SPOT_2021_2026.csv,1000.0,0.0018,0.1,False
0.015678,551.3276,148.8277,10.564,100.0,551327615818.811,298,7984.4,268595.0,32,7.0,3.3,5.14,linear,4.29,58.21,linear_increase,"[3.3, 3.36, 3.42, 3.48, 3.54, 3.6, 3.66, 3.72, 3.77, 3.83, 3.89, 3.95, 4.01, 4.07, 4.13, 4.19, 4.25, 4.31, 4.37, 4.43, 4.49, 4.55, 4.61, 4.67, 4.72, 4.78, 4.84, 4.9, 4.96, 5.02, 5.08, 5.14]","[4.2908, 6.0293, 7.7698, 9.5083, 11.2487, 12.9872, 14.7276, 16.4661, 18.2046, 19.945, 21.6835, 23.4239, 25.1624, 26.9009, 28.6413, 30.3798, 32.1202, 33.8587, 35.5991, 37.3376, 39.0761, 40.8165, 42.555, 44.2954, 46.0339, 47.7724, 49.5128, 51.2513, 52.9917, 54.7302, 56.4707, 58.2092]",C:/Users/Madness/PycharmProjects/Crupto_Data_Joiner/Raw_Data_Spot/BYBIT_DOGEUSDT_SPOT_2021_2026.csv,1000.0,0.0018,0.1,False
0.015605,545.6709,182.4647,33.0705,100.0,545670870356.0045,1256,1901.3,267833.0,33,1.55,3.41,7.09,linear,19.55,44.29,geometric_increase,"[3.41, 3.52, 3.64, 3.76, 3.87, 3.98, 4.1, 4.22, 4.33, 4.44, 4.56, 4.68, 4.79, 4.9, 5.02, 5.14, 5.25, 5.36, 5.48, 5.6, 5.71, 5.82, 5.94, 6.06, 6.17, 6.28, 6.4, 6.52, 6.63, 6.74, 6.86, 6.98, 7.09]","[19.5506, 20.0572, 20.575, 21.107, 21.6531, 22.2162, 22.7907, 23.3793, 23.9848, 24.6045, 25.2412, 25.8949, 26.5656, 27.2532, 27.9578, 28.6822, 29.4236, 30.1848, 30.9686, 31.7694, 32.5901, 33.4333, 34.2992, 35.1878, 36.0989, 37.0327, 37.992, 38.9739, 39.9842, 41.017, 42.0782, 43.1676, 44.2854]",C:/Users/Madness/PycharmProjects/Crupto_Data_Joiner/Raw_Data_Spot/BYBIT_DOGEUSDT_SPOT_2021_2026.csv,1000.0,0.0018,0.1,False
0.015598,548.5452,154.381,25.2752,100.0,548545209562.2781,519,4602.5,268608.0,34,2.7,3.07,6.33,front_heavy,27.29,31.64,geometric_increase,"[6.33, 6.23, 6.13, 6.03, 5.93, 5.84, 5.74, 5.64, 5.54, 5.44, 5.34, 5.24, 5.14, 5.05, 4.95, 4.85, 4.75, 4.65, 4.55, 4.45, 4.35, 4.26, 4.16, 4.06, 3.96, 3.86, 3.76, 3.66, 3.56, 3.47, 3.37, 3.27, 3.17, 3.07]","[27.2858, 27.4093, 27.5327, 27.6561, 27.7795, 27.907, 28.0304, 28.1578, 28.2852, 28.4086, 28.54, 28.6674, 28.7949, 28.9262, 29.0537, 29.185, 29.3164, 29.4478, 29.5832, 29.7146, 29.85, 29.9814, 30.1167, 30.2521, 30.3875, 30.5268, 30.6622, 30.8016, 30.9409, 31.0803, 31.2196, 31.359, 31.4984, 31.6417]",C:/Users/Madness/PycharmProjects/Crupto_Data_Joiner/Raw_Data_Spot/BYBIT_DOGEUSDT_SPOT_2021_2026.csv,1000.0,0.0018,0.1,False
0.015573,544.552,241.5583,42.1462,100.0,544551980534.6586,1679,1422.6,267836.0,35,1.0,3.76,6.6,back_heavy,28.57,28.57,flat,"[3.76, 3.76, 3.77, 3.78, 3.8, 3.82, 3.85, 3.88, 3.92, 3.96, 4.01, 4.06, 4.11, 4.18, 4.24, 4.31, 4.39, 4.47, 4.56, 4.65, 4.74, 4.84, 4.95, 5.06, 5.18, 5.3, 5.42, 5.55, 5.69, 5.83, 5.97, 6.12, 6.28, 6.44, 6.6]","[28.5714, 28.5714, 28.5714, 28.5714, 28.5714, 28.5714, 28.5714, 28.5714, 28.5714, 28.5714, 28.5714, 28.5714, 28.5714, 28.5714, 28.5714, 28.5714, 28.5714, 28.5714, 28.5714, 28.5714, 28.5714, 28.5714, 28.5714, 28.5714, 28.5714, 28.5714, 28.5714, 28.5714, 28.5714, 28.5714, 28.5714, 28.5714, 28.5714, 28.5714, 28.5714]",C:/Users/Madness/PycharmProjects/Crupto_Data_Joiner/Raw_Data_Spot/BYBIT_DOGEUSDT_SPOT_2021_2026.csv,1000.0,0.0018,0.1,False
0.01554,543.4017,254.9647,44.2102,100.0,543401736999.9585,1579,1512.8,267835.0,29,0.95,3.85,5.0,random,34.48,34.48,flat,"[4.79, 4.56, 4.71, 4.6, 4.43, 3.86, 4.37, 4.41, 4.37, 4.38, 4.32, 4.91, 4.29, 4.84, 4.13, 4.1, 3.92, 4.49, 4.78, 4.81, 4.76, 4.47, 4.18, 4.93, 4.4, 3.9, 4.93, 4.69, 4.88]","[34.4828, 34.4828, 34.4828, 34.4828, 34.4828, 34.4828, 34.4828, 34.4828, 34.4828, 34.4828, 34.4828, 34.4828, 34.4828, 34.4828, 34.4828, 34.4828, 34.4828, 34.4828, 34.4828, 34.4828, 34.4828, 34.4828, 34.4828, 34.4828, 34.4828, 34.4828, 34.4828, 34.4828, 34.4828]",C:/Users/Madness/PycharmProjects/Crupto_Data_Joiner/Raw_Data_Spot/BYBIT_DOGEUSDT_SPOT_2021_2026.csv,1000.0,0.0018,0.1,False
0.015539,198.4751,105.6208,20.3133,100.0,198475106657.2879,1238,1929.4,161304.0,34,1.85,3.97,5.47,geometric,4.93,53.89,linear_increase,"[3.97, 4.01, 4.05, 4.09, 4.13, 4.17, 4.21, 4.25, 4.29, 4.33, 4.37, 4.42, 4.46, 4.5, 4.55, 4.59, 4.64, 4.68, 4.73, 4.77, 4.82, 4.87, 4.92, 4.96, 5.01, 5.06, 5.11, 5.16, 5.21, 5.26, 5.31, 5.36, 5.42, 5.47]","[4.9301, 6.414, 7.8974, 9.3814, 10.8653, 12.3487, 13.8326, 15.316, 16.7999, 18.2839, 19.7673, 21.2512, 22.7352, 24.2185, 25.7025, 27.1864, 28.6698, 30.1537, 31.6371, 33.1211, 34.605, 36.0884, 37.5723, 39.0563, 40.5396, 42.0236, 43.5075, 44.9909, 46.4749, 47.9582, 49.4422, 50.9261, 52.4095, 53.8934]",C:/Users/Madness/PycharmProjects/Crupto_Data_Joiner/Raw_Data_Spot/BYBIT_DOGEUSDT_SPOT_2021_2026.csv,1000.0,0.0018,0.1,False
0.015455,47.4641,30.6343,57.9224,100.0,47464087959.855,5901,404.8,78362.0,30,0.35,2.4,4.64,front_heavy,3.84,62.83,linear_increase,"[4.64, 4.56, 4.49, 4.41, 4.33, 4.25, 4.18, 4.1, 4.02, 3.94, 3.87, 3.79, 3.71, 3.64, 3.56, 3.48, 3.4, 3.33, 3.25, 3.17, 3.1, 3.02, 2.94, 2.86, 2.79, 2.71, 2.63, 2.55, 2.48, 2.4]","[3.8356, 5.8703, 7.9039, 9.9385, 11.9732, 14.0068, 16.0414, 18.0761, 20.1107, 22.1443, 24.179, 26.2136, 28.2472, 30.2819, 32.3165, 34.3501, 36.3848, 38.4194, 40.453, 42.4877, 44.5223, 46.5559, 48.5906, 50.6252, 52.6599, 54.6935, 56.7281, 58.7628, 60.7964, 62.831]",C:/Users/Madness/PycharmProjects/Crupto_Data_Joiner/Raw_Data_Spot/BYBIT_DOGEUSDT_SPOT_2021_2026.csv,1000.0,0.0018,0.1,False
0.015403,538.5665,459.8975,16.633,100.0,538566495513.8416,2138,1116.9,267828.0,34,1.7,0.89,3.42,random,5.82,53.01,pyramid,"[2.76, 2.99, 1.96, 3.35, 2.49, 1.99, 3.35, 1.84, 3.22, 1.43, 2.08, 2.5, 0.95, 2.05, 3.39, 3.27, 1.83, 1.44, 1.32, 1.0, 0.92, 1.87, 2.29, 3.35, 2.95, 1.63, 1.87, 2.04, 1.08, 3.06, 2.86, 2.59, 2.58, 2.53]","[5.8169, 8.5931, 11.3693, 14.1435, 16.9197, 19.696, 22.4722, 25.2484, 28.0247, 30.7988, 33.5751, 36.3513, 39.1276, 41.9038, 44.68, 47.4542, 50.2304, 53.0067, 50.2304, 47.4542, 44.68, 41.9038, 39.1276, 36.3513, 33.5751, 30.7988, 28.0247, 25.2484, 22.4722, 19.696, 16.9197, 14.1435, 11.3693, 8.5931]",C:/Users/Madness/PycharmProjects/Crupto_Data_Joiner/Raw_Data_Spot/BYBIT_DOGEUSDT_SPOT_2021_2026.csv,1000.0,0.0018,0.1,False
0.015294,534.7497,419.1482,29.7766,100.0,534749737260.049,4334,551.4,267826.0,35,0.95,1.16,3.84,random,7.2,51.2,pyramid,"[2.03, 1.94, 1.33, 2.74, 2.5, 2.19, 2.01, 2.68, 2.03, 2.3, 2.15, 3.11, 1.69, 2.42, 3.38, 3.0, 2.45, 3.65, 1.39, 3.26, 3.06, 3.27, 3.14, 3.74, 1.17, 2.21, 3.1, 2.1, 1.89, 1.9, 2.49, 2.16, 1.53, 2.62, 2.86]","[7.2046, 9.792, 12.3794, 14.968, 17.5554, 20.1428, 22.7302, 25.3188, 27.9062, 30.4936, 33.081, 35.6695, 38.2569, 40.8443, 43.4317, 46.0203, 48.6077, 51.1951, 48.6077, 46.0203, 43.4317, 40.8443, 38.2569, 35.6695, 33.081, 30.4936, 27.9062, 25.3188, 22.7302, 20.1428, 17.5554, 14.968, 12.3794, 9.792, 7.2046]",C:/Users/Madness/PycharmProjects/Crupto_Data_Joiner/Raw_Data_Spot/BYBIT_DOGEUSDT_SPOT_2021_2026.csv,1000.0,0.0018,0.1,False
0.015263,533.7043,177.7618,30.6573,100.0,533704262781.5866,775,3081.3,267832.0,32,1.85,3.47,6.08,front_heavy,29.2,33.03,random,"[6.08, 6.0, 5.91, 5.83, 5.74, 5.66, 5.57, 5.49, 5.41, 5.32, 5.24, 5.15, 5.07, 4.99, 4.9, 4.82, 4.73, 4.65, 4.56, 4.48, 4.4, 4.31, 4.23, 4.14, 4.06, 3.98, 3.89, 3.81, 3.72, 3.64, 3.55, 3.47]","[29.2023, 29.8423, 31.8219, 32.7223, 32.4991, 33.0349, 32.3354, 29.619, 29.3437, 31.1, 29.5744, 32.9084, 30.9958, 29.6563, 29.3511, 31.6135, 32.1047, 31.487, 32.5214, 32.1493, 29.9986, 30.6535, 30.966, 33.02, 32.6107, 30.2814, 30.1846, 29.8423, 32.8117, 31.8219, 31.1819, 32.7447]",C:/Users/Madness/PycharmProjects/Crupto_Data_Joiner/Raw_Data_Spot/BYBIT_DOGEUSDT_SPOT_2021_2026.csv,1000.0,0.0018,0.1,False
0.015121,840.251,615.3418,72.6485,100.0,840250998236.0023,6152,388.3,338016.0,32,0.4,1.35,1.4,back_heavy,17.03,43.12,random,"[1.35, 1.35, 1.35, 1.35, 1.35, 1.35, 1.35, 1.35, 1.35, 1.35, 1.36, 1.36, 1.36, 1.36, 1.36, 1.36, 1.36, 1.37, 1.37, 1.37, 1.37, 1.37, 1.38, 1.38, 1.38, 1.38, 1.39, 1.39, 1.39, 1.39, 1.4, 1.4]","[42.0332, 43.1226, 22.0492, 23.8796, 26.517, 38.4311, 18.9349, 19.7786, 26.6307, 40.6246, 39.4581, 32.4043, 25.7356, 33.5671, 38.9336, 38.167, 36.4209, 25.9227, 42.521, 42.5027, 38.5338, 25.1928, 19.7272, 34.1797, 42.1909, 25.2808, 23.0176, 33.8496, 26.0988, 17.0312, 27.2506, 30.0127]",C:/Users/Madness/PycharmProjects/Crupto_Data_Joiner/Raw_Data_Spot/BYBIT_DOGEUSDT_SPOT_2021_2026.csv,1000.0,0.0018,0.1,False
0.015105,528.0818,171.5901,21.5416,100.0,528081838686.8344,766,3116.8,267809.0,31,2.4,3.14,6.63,linear,15.07,58.72,geometric_increase,"[3.14, 3.26, 3.37, 3.49, 3.61, 3.72, 3.84, 3.95, 4.07, 4.19, 4.3, 4.42, 4.54, 4.65, 4.77, 4.88, 5.0, 5.12, 5.23, 5.35, 5.47, 5.58, 5.7, 5.82, 5.93, 6.05, 6.16, 6.28, 6.4, 6.51, 6.63]","[15.075, 15.7753, 16.5061, 17.2707, 18.0725, 18.9081, 19.7877, 20.7045, 21.6653, 22.6667, 23.7188, 24.8183, 25.9686, 27.173, 28.4348, 29.7509, 31.1312, 32.5757, 34.0846, 35.6679, 37.3188, 39.051, 40.8609, 42.7555, 44.7379, 46.8118, 48.9837, 51.2538, 53.6321, 56.1187, 58.7202]",C:/Users/Madness/PycharmProjects/Crupto_Data_Joiner/Raw_Data_Spot/BYBIT_DOGEUSDT_SPOT_2021_2026.csv,1000.0,0.0018,0.1,False
0.015083,527.3942,331.9769,58.8909,100.0,527394175367.5917,4894,488.1,267828.0,34,0.55,1.88,4.02,linear,19.55,42.02,geometric_increase,"[1.88, 1.94, 2.01, 2.07, 2.14, 2.2, 2.27, 2.33, 2.4, 2.46, 2.53, 2.59, 2.66, 2.72, 2.79, 2.85, 2.92, 2.98, 3.05, 3.11, 3.18, 3.24, 3.31, 3.37, 3.44, 3.5, 3.57, 3.63, 3.7, 3.76, 3.83, 3.89, 3.96, 4.02]","[19.5545, 20.0143, 20.4828, 20.9643, 21.4544, 21.9576, 22.4738, 22.9987, 23.5366, 24.0918, 24.6557, 25.2326, 25.8269, 26.4298, 27.0501, 27.6834, 28.3341, 28.9978, 29.6788, 30.3772, 31.0886, 31.8173, 32.5634, 33.3268, 34.1076, 34.9058, 35.7256, 36.5628, 37.4216, 38.2979, 39.1958, 40.1154, 41.0567, 42.0196]",C:/Users/Madness/PycharmProjects/Crupto_Data_Joiner/Raw_Data_Spot/BYBIT_DOGEUSDT_SPOT_2021_2026.csv,1000.0,0.0018,0.1,False
0.01504,33.0575,23.401,9.8626,100.0,33057464265.3335,1057,2243.0,66070.0,32,2.1,2.02,8.29,front_heavy,0.53,61.97,pyramid,"[8.29, 8.09, 7.89, 7.68, 7.48, 7.28, 7.08, 6.87, 6.67, 6.47, 6.27, 6.07, 5.86, 5.66, 5.46, 5.26, 5.05, 4.85, 4.65, 4.45, 4.24, 4.04, 3.84, 3.64, 3.44, 3.23, 3.03, 2.83, 2.63, 2.42, 2.22, 2.02]","[0.5303, 4.3701, 8.2105, 12.0502, 15.89, 19.7304, 23.5702, 27.4099, 31.2497, 35.0901, 38.9299, 42.7696, 46.61, 50.4498, 54.2896, 58.13, 61.9697, 58.13, 54.2896, 50.4498, 46.61, 42.7696, 38.9299, 35.0901, 31.2497, 27.4099, 23.5702, 19.7304, 15.89, 12.0502, 8.2105, 4.3701]",C:/Users/Madness/PycharmProjects/Crupto_Data_Joiner/Raw_Data_Spot/BYBIT_DOGEUSDT_SPOT_2021_2026.csv,1000.0,0.0018,0.1,False
0.014945,185.2708,163.7773,30.4996,100.0,185270832213.6066,2239,1066.8,158891.0,28,0.9,5.23,5.47,back_heavy,8.19,63.23,pyramid,"[5.23, 5.23, 5.23, 5.23, 5.24, 5.24, 5.24, 5.25, 5.25, 5.26, 5.26, 5.27, 5.28, 5.29, 5.29, 5.3, 5.31, 5.33, 5.34, 5.35, 5.36, 5.38, 5.39, 5.4, 5.42, 5.44, 5.45, 5.47]","[8.1942, 12.1236, 16.0577, 19.9872, 23.9213, 27.8507, 31.7849, 35.7143, 39.6437, 43.5779, 47.5073, 51.4414, 55.3708, 59.305, 63.2344, 59.305, 55.3708, 51.4414, 47.5073, 43.5779, 39.6437, 35.7143, 31.7849, 27.8507, 23.9213, 19.9872, 16.0577, 12.1236]",C:/Users/Madness/PycharmProjects/Crupto_Data_Joiner/Raw_Data_Spot/BYBIT_DOGEUSDT_SPOT_2021_2026.csv,1000.0,0.0018,0.1,False
0.014703,514.1437,268.1125,63.818,100.0,514143714673.7374,1781,1341.2,267835.0,34,0.65,3.19,8.85,geometric,7.46,51.84,random,"[3.19, 3.29, 3.39, 3.5, 3.61, 3.72, 3.84, 3.96, 4.09, 4.21, 4.35, 4.48, 4.62, 4.77, 4.92, 5.07, 5.23, 5.4, 5.57, 5.74, 5.92, 6.11, 6.3, 6.5, 6.7, 6.91, 7.13, 7.35, 7.58, 7.82, 8.07, 8.32, 8.58, 8.85]","[51.316, 34.9167, 17.6747, 8.1141, 10.6668, 41.5739, 36.8944, 50.3999, 51.8403, 22.5296, 39.1243, 43.2603, 11.2617, 40.4608, 14.4878, 14.9546, 48.7215, 13.2848, 11.4886, 45.5329, 7.4581, 23.7509, 9.9819, 13.0257, 12.1333, 45.334, 40.6789, 11.6831, 10.2803, 50.6721, 41.9098, 51.2584, 45.7667, 27.5633]",C:/Users/Madness/PycharmProjects/Crupto_Data_Joiner/Raw_Data_Spot/BYBIT_DOGEUSDT_SPOT_2021_2026.csv,1000.0,0.0018,0.1,False
0.014664,64.5439,47.2233,57.8904,100.0,64543886702.8242,2233,1069.7,94095.0,33,0.55,0.58,8.87,front_heavy,6.88,55.19,pyramid,"[8.87, 8.61, 8.35, 8.09, 7.83, 7.57, 7.32, 7.06, 6.8, 6.54, 6.28, 6.02, 5.76, 5.5, 5.24, 4.98, 4.72, 4.47, 4.21, 3.95, 3.69, 3.43, 3.17, 2.91, 2.65, 2.39, 2.13, 1.88, 1.62, 1.36, 1.1, 0.84, 0.58]","[6.8763, 9.8958, 12.9153, 15.9363, 18.9558, 21.9753, 24.9948, 28.0158, 31.0353, 34.0548, 37.0743, 40.0953, 43.1148, 46.1343, 49.1538, 52.1748, 55.1943, 52.1748, 49.1538, 46.1343, 43.1148, 40.0953, 37.0743, 34.0548, 31.0353, 28.0158, 24.9948, 21.9753, 18.9558, 15.9363, 12.9153, 9.8958, 6.8763]",C:/Users/Madness/PycharmProjects/Crupto_Data_Joiner/Raw_Data_Spot/BYBIT_DOGEUSDT_SPOT_2021_2026.csv,1000.0,0.0018,0.1,False
0.014594,188.6221,120.9697,87.0514,100.0,188622091389.1187,1322,1806.9,162268.0,31,0.55,2.15,8.67,front_heavy,9.64,55.08,random,"[8.67, 8.45, 8.24, 8.02, 7.8, 7.58, 7.37, 7.15, 6.93, 6.71, 6.5, 6.28, 6.06, 5.84, 5.63, 5.41, 5.19, 4.98, 4.76, 4.54, 4.32, 4.11, 3.89, 3.67, 3.45, 3.24, 3.02, 2.8, 2.58, 2.37, 2.15]","[36.0598, 12.1394, 41.3452, 9.7936, 26.0261, 42.5045, 30.7685, 53.2327, 46.1705, 17.7726, 50.0447, 45.2975, 30.4538, 43.697, 39.9032, 10.1864, 34.3103, 53.4468, 19.786, 11.0913, 51.7091, 47.4067, 20.9831, 55.084, 40.083, 21.1227, 17.3917, 9.6375, 45.1058, 13.2431, 24.2031]",C:/Users/Madness/PycharmProjects/Crupto_Data_Joiner/Raw_Data_Spot/BYBIT_DOGEUSDT_SPOT_2021_2026.csv,1000.0,0.0018,0.1,False
0.014535,508.3302,484.1718,13.2959,100.0,508330183663.8389,3381,706.9,267856.0,30,1.7,2.04,4.38,back_heavy,0.8,65.87,pyramid,"[2.04, 2.04, 2.05, 2.07, 2.08, 2.11, 2.14, 2.18, 2.22, 2.27, 2.32, 2.38, 2.44, 2.51, 2.59, 2.67, 2.75, 2.84, 2.94, 3.04, 3.15, 3.27, 3.39, 3.51, 3.64, 3.78, 3.92, 4.07, 4.22, 4.38]","[0.7979, 5.1369, 9.4731, 13.8121, 18.1511, 22.4872, 26.8262, 31.1653, 35.5014, 39.8404, 44.1794, 48.5156, 52.8546, 57.1936, 61.5297, 65.8688, 61.5297, 57.1936, 52.8546, 48.5156, 44.1794, 39.8404, 35.5014, 31.1653, 26.8262, 22.4872, 18.1511, 13.8121, 9.4731, 5.1369]",C:/Users/Madness/PycharmProjects/Crupto_Data_Joiner/Raw_Data_Spot/BYBIT_DOGEUSDT_SPOT_2021_2026.csv,1000.0,0.0018,0.1,False
0.014534,180.172,131.9753,26.488,100.0,180172044598.5006,1826,1308.1,158891.0,35,1.15,4.82,7.39,back_heavy,6.69,51.74,pyramid,"[4.82, 4.82, 4.83, 4.84, 4.86, 4.88, 4.9, 4.93, 4.96, 5.0, 5.04, 5.09, 5.14, 5.2, 5.26, 5.32, 5.39, 5.46, 5.54, 5.62, 5.71, 5.8, 5.9, 6.0, 6.1, 6.21, 6.32, 6.44, 6.56, 6.69, 6.82, 6.96, 7.1, 7.24, 7.39]","[6.6909, 9.3406, 11.9904, 14.6401, 17.2899, 19.9408, 22.5906, 25.2403, 27.8901, 30.5399, 33.1896, 35.8394, 38.4891, 41.1401, 43.7898, 46.4396, 49.0893, 51.7391, 49.0893, 46.4396, 43.7898, 41.1401, 38.4891, 35.8394, 33.1896, 30.5399, 27.8901, 25.2403, 22.5906, 19.9408, 17.2899, 14.6401, 11.9904, 9.3406, 6.6909]",C:/Users/Madness/PycharmProjects/Crupto_Data_Joiner/Raw_Data_Spot/BYBIT_DOGEUSDT_SPOT_2021_2026.csv,1000.0,0.0018,0.1,False
0.014523,507.7311,219.537,33.6873,100.0,507731058947.6954,1168,2045.1,267807.0,32,1.3,2.83,6.11,random,27.21,35.92,random,"[4.51, 5.45, 6.04, 4.83, 4.99, 3.42, 4.97, 3.96, 5.28, 5.45, 4.58, 4.44, 3.12, 3.57, 4.54, 4.98, 5.95, 4.76, 5.53, 5.65, 5.99, 3.21, 3.16, 4.19, 4.43, 5.8, 4.59, 3.25, 3.24, 2.88, 3.43, 4.55]","[27.8036, 35.9237, 31.1607, 29.4219, 31.3501, 32.538, 32.119, 31.3329, 27.5626, 33.4332, 34.8105, 34.7359, 30.0359, 34.294, 30.1392, 27.2068, 32.1018, 34.9941, 34.4604, 32.1535, 27.5396, 34.5924, 27.9872, 31.2468, 28.6931, 27.5224, 33.416, 30.6614, 35.2925, 28.1824, 27.9299, 29.3588]",C:/Users/Madness/PycharmProjects/Crupto_Data_Joiner/Raw_Data_Spot/BYBIT_DOGEUSDT_SPOT_2021_2026.csv,1000.0,0.0018,0.1,False
0.014506,181.6479,39.2751,9.7508,100.0,181647878520.6962,167,13697.8,159700.0,34,9.0,4.81,7.11,front_heavy,3.76,55.06,linear_increase,"[7.11, 7.04, 6.97, 6.9, 6.83, 6.76, 6.69, 6.62, 6.55, 6.48, 6.41, 6.34, 6.27, 6.2, 6.13, 6.06, 5.99, 5.93, 5.86, 5.79, 5.72, 5.65, 5.58, 5.51, 5.44, 5.37, 5.3, 5.23, 5.16, 5.09, 5.02, 4.95, 4.88, 4.81]","[3.7619, 5.3153, 6.8718, 8.4252, 9.9786, 11.5351, 13.0885, 14.6451, 16.1985, 17.7519, 19.3084, 20.8618, 22.4152, 23.9717, 25.5251, 27.0785, 28.6351, 30.1885, 31.745, 33.2984, 34.8518, 36.4083, 37.9617, 39.5151, 41.0717, 42.6251, 44.1785, 45.735, 47.2884, 48.8449, 50.3983, 51.9517, 53.5083, 55.0617]",C:/Users/Madness/PycharmProjects/Crupto_Data_Joiner/Raw_Data_Spot/BYBIT_DOGEUSDT_SPOT_2021_2026.csv,1000.0,0.0018,0.1,False
0.014432,504.6535,175.5765,34.2008,100.0,504653521035.541,932,2562.8,267831.0,35,1.55,5.3,5.57,geometric,28.57,28.57,flat,"[5.3, 5.31, 5.32, 5.32, 5.33, 5.34, 5.35, 5.35, 5.36, 5.37, 5.38, 5.39, 5.39, 5.4, 5.41, 5.42, 5.43, 5.43, 5.44, 5.45, 5.46, 5.47, 5.47, 5.48, 5.49, 5.5, 5.51, 5.51, 5.52, 5.53, 5.54, 5.55, 5.55, 5.56, 5.57]","[28.5714, 28.5714, 28.5714, 28.5714, 28.5714, 28.5714, 28.5714, 28.5714, 28.5714, 28.5714, 28.5714, 28.5714, 28.5714, 28.5714, 28.5714, 28.5714, 28.5714, 28.5714, 28.5714, 28.5714, 28.5714, 28.5714, 28.5714, 28.5714, 28.5714, 28.5714, 28.5714, 28.5714, 28.5714, 28.5714, 28.5714, 28.5714, 28.5714, 28.5714, 28.5714]",C:/Users/Madness/PycharmProjects/Crupto_Data_Joiner/Raw_Data_Spot/BYBIT_DOGEUSDT_SPOT_2021_2026.csv,1000.0,0.0018,0.1,False
0.01443,186.1419,48.0697,8.2106,100.0,186141886347.1749,161,14568.9,162109.0,30,9.5,4.55,7.2,front_heavy,2.89,63.78,linear_increase,"[7.2, 7.11, 7.02, 6.93, 6.83, 6.74, 6.65, 6.56, 6.47, 6.38, 6.29, 6.19, 6.1, 6.01, 5.92, 5.83, 5.74, 5.65, 5.56, 5.46, 5.37, 5.28, 5.19, 5.1, 5.01, 4.92, 4.82, 4.73, 4.64, 4.55]","[2.8881, 4.9876, 7.0871, 9.1874, 11.2868, 13.3863, 15.4858, 17.5861, 19.6855, 21.785, 23.8845, 25.9848, 28.0842, 30.1837, 32.2832, 34.3835, 36.4829, 38.5824, 40.6819, 42.7822, 44.8816, 46.9811, 49.0806, 51.1809, 53.2803, 55.3798, 57.4793, 59.5796, 61.679, 63.7785]",C:/Users/Madness/PycharmProjects/Crupto_Data_Joiner/Raw_Data_Spot/BYBIT_DOGEUSDT_SPOT_2021_2026.csv,1000.0,0.0018,0.1,False
0.014415,503.9785,200.2642,22.6361,100.0,503978531047.5771,1682,1419.7,267809.0,35,1.9,1.9,8.27,geometric,5.9,51.24,linear_increase,"[1.9, 1.98, 2.07, 2.16, 2.26, 2.36, 2.46, 2.57, 2.69, 2.8, 2.93, 3.06, 3.19, 3.33, 3.48, 3.64, 3.8, 3.96, 4.14, 4.32, 4.51, 4.71, 4.92, 5.14, 5.37, 5.6, 5.85, 6.11, 6.38, 6.66, 6.96, 7.26, 7.58, 7.92, 8.27]","[5.9013, 7.2344, 8.569, 9.9022, 11.2353, 12.5685, 13.9031, 15.2362, 16.5694, 17.9026, 19.2371, 20.5703, 21.9035, 23.2366, 24.5712, 25.9044, 27.2375, 28.5721, 29.9053, 31.2384, 32.5716, 33.9062, 35.2393, 36.5725, 37.9057, 39.2402, 40.5734, 41.9066, 43.2398, 44.5743, 45.9075, 47.2407, 48.5738, 49.9084, 51.2416]",C:/Users/Madness/PycharmProjects/Crupto_Data_Joiner/Raw_Data_Spot/BYBIT_DOGEUSDT_SPOT_2021_2026.csv,1000.0,0.0018,0.1,False
0.014389,502.9834,233.3184,34.639,100.0,502983376744.2627,1465,1630.4,267788.0,31,1.2,3.85,4.67,random,23.32,41.79,pyramid,"[4.03, 4.23, 4.38, 4.07, 4.1, 4.28, 4.4, 4.46, 4.57, 4.5, 4.65, 4.28, 4.55, 4.18, 4.08, 4.32, 4.52, 4.3, 4.2, 4.04, 4.11, 4.03, 4.25, 4.65, 3.86, 4.35, 4.36, 4.29, 4.3, 3.86, 4.18]","[23.3232, 24.5568, 25.7827, 27.0163, 28.2498, 29.4758, 30.7093, 31.9429, 33.1689, 34.4024, 35.636, 36.8619, 38.0955, 39.3291, 40.555, 41.7886, 40.555, 39.3291, 38.0955, 36.8619, 35.636, 34.4024, 33.1689, 31.9429, 30.7093, 29.4758, 28.2498, 27.0163, 25.7827, 24.5568, 23.3232]",C:/Users/Madness/PycharmProjects/Crupto_Data_Joiner/Raw_Data_Spot/BYBIT_DOGEUSDT_SPOT_2021_2026.csv,1000.0,0.0018,0.1,False
0.014382,502.887,254.2698,44.6838,100.0,502887023619.5969,2292,1042.1,267831.0,34,0.85,3.32,4.35,back_heavy,23.4,36.34,geometric_increase,"[3.32, 3.32, 3.32, 3.33, 3.34, 3.34, 3.35, 3.37, 3.38, 3.4, 3.41, 3.43, 3.46, 3.48, 3.51, 3.53, 3.56, 3.59, 3.63, 3.66, 3.7, 3.74, 3.78, 3.82, 3.86, 3.91, 3.96, 4.01, 4.06, 4.12, 4.17, 4.23, 4.29, 4.35]","[23.3992, 23.7111, 24.0307, 24.358, 24.6852, 25.0124, 25.3472, 25.6896, 26.032, 26.3821, 26.7397, 27.0974, 27.4626, 27.8279, 28.2083, 28.5812, 28.9693, 29.3574, 29.7531, 30.1488, 30.5521, 30.963, 31.3815, 31.8, 32.2338, 32.6599, 33.1012, 33.5502, 33.9992, 34.4557, 34.9199, 35.3841, 35.8635, 36.3429]",C:/Users/Madness/PycharmProjects/Crupto_Data_Joiner/Raw_Data_Spot/BYBIT_DOGEUSDT_SPOT_2021_2026.csv,1000.0,0.0018,0.1,False
0.014286,499.5192,202.7014,36.7952,100.0,499519192213.3805,1192,2003.4,267831.0,35,1.25,4.57,5.07,linear,28.57,28.57,flat,"[4.57, 4.58, 4.6, 4.61, 4.63, 4.64, 4.66, 4.67, 4.69, 4.7, 4.72, 4.73, 4.75, 4.76, 4.78, 4.79, 4.81, 4.82, 4.83, 4.85, 4.86, 4.88, 4.89, 4.91, 4.92, 4.94, 4.95, 4.97, 4.98, 5.0, 5.01, 5.03, 5.04, 5.06, 5.07]","[28.5714, 28.5714, 28.5714, 28.5714, 28.5714, 28.5714, 28.5714, 28.5714, 28.5714, 28.5714, 28.5714, 28.5714, 28.5714, 28.5714, 28.5714, 28.5714, 28.5714, 28.5714, 28.5714, 28.5714, 28.5714, 28.5714, 28.5714, 28.5714, 28.5714, 28.5714, 28.5714, 28.5714, 28.5714, 28.5714, 28.5714, 28.5714, 28.5714, 28.5714, 28.5714]",C:/Users/Madness/PycharmProjects/Crupto_Data_Joiner/Raw_Data_Spot/BYBIT_DOGEUSDT_SPOT_2021_2026.csv,1000.0,0.0018,0.1,False
0.014175,495.5621,124.8977,16.5573,100.0,495562075592.2634,370,6455.9,267807.0,33,4.5,4.75,8.07,back_heavy,13.21,47.4,linear_increase,"[4.75, 4.75, 4.76, 4.78, 4.8, 4.83, 4.87, 4.91, 4.96, 5.01, 5.07, 5.14, 5.22, 5.3, 5.39, 5.48, 5.58, 5.69, 5.8, 5.92, 6.05, 6.18, 6.32, 6.47, 6.62, 6.78, 6.94, 7.11, 7.29, 7.48, 7.67, 7.87, 8.07]","[13.2108, 14.2795, 15.3468, 16.4156, 17.4844, 18.5517, 19.6204, 20.6892, 21.7565, 22.8253, 23.894, 24.9614, 26.0301, 27.0989, 28.1662, 29.235, 30.3037, 31.371, 32.4398, 33.5071, 34.5759, 35.6447, 36.712, 37.7807, 38.8495, 39.9168, 40.9856, 42.0543, 43.1217, 44.1904, 45.2592, 46.3265, 47.3953]",C:/Users/Madness/PycharmProjects/Crupto_Data_Joiner/Raw_Data_Spot/BYBIT_DOGEUSDT_SPOT_2021_2026.csv,1000.0,0.0018,0.1,False
0.014102,493.1973,226.2561,28.1019,100.0,493197319489.0795,2360,1012.1,267856.0,33,1.25,2.81,6.78,random,5.2,64.03,random,"[3.23, 3.63, 6.37, 3.33, 5.58, 6.28, 3.5, 4.37, 4.52, 3.94, 3.6, 4.38, 6.03, 5.75, 5.98, 3.26, 3.07, 3.57, 3.39, 6.32, 5.41, 3.1, 4.01, 3.62, 6.75, 6.6, 4.67, 4.24, 4.84, 5.13, 5.41, 4.01, 5.58]","[7.1524, 47.4641, 41.5562, 40.8052, 18.1036, 5.2005, 47.0493, 29.8496, 40.7266, 12.8332, 62.8387, 17.4748, 58.2233, 10.0867, 18.597, 24.4613, 64.0264, 28.9151, 41.565, 60.21, 8.9164, 30.3386, 22.7103, 10.3312, 16.7063, 25.3433, 52.2368, 32.6049, 39.7267, 7.5847, 12.9773, 9.7941, 53.5904]",C:/Users/Madness/PycharmProjects/Crupto_Data_Joiner/Raw_Data_Spot/BYBIT_DOGEUSDT_SPOT_2021_2026.csv,1000.0,0.0018,0.1,False
0.014096,181.8265,91.9066,66.3,100.0,181826470055.0876,1156,2042.4,162105.0,31,0.75,0.52,9.95,front_heavy,24.99,40.77,geometric_increase,"[9.95, 9.64, 9.32, 9.01, 8.69, 8.38, 8.06, 7.75, 7.44, 7.12, 6.81, 6.49, 6.18, 5.86, 5.55, 5.23, 4.92, 4.61, 4.29, 3.98, 3.66, 3.35, 3.03, 2.72, 2.41, 2.09, 1.78, 1.46, 1.15, 0.83, 0.52]","[24.9852, 25.4021, 25.8189, 26.2358, 26.6661, 27.1099, 27.5537, 28.0109, 28.4681, 28.9387, 29.4094, 29.8935, 30.391, 30.8886, 31.3996, 31.9106, 32.4485, 32.9729, 33.5243, 34.0756, 34.627, 35.2052, 35.7834, 36.3751, 36.9668, 37.5719, 38.1905, 38.8225, 39.468, 40.1135, 40.7724]",C:/Users/Madness/PycharmProjects/Crupto_Data_Joiner/Raw_Data_Spot/BYBIT_DOGEUSDT_SPOT_2021_2026.csv,1000.0,0.0018,0.1,False
0.01409,494.0189,554.286,61.7438,100.0,494018862012.0086,7118,335.8,268195.0,29,0.4,1.15,2.42,random,22.04,50.71,geometric_increase,"[1.82, 2.09, 1.36, 2.4, 2.38, 1.92, 1.32, 1.67, 2.06, 1.7, 2.29, 1.65, 1.98, 2.17, 1.2, 1.69, 1.36, 1.68, 1.39, 2.36, 1.91, 1.53, 2.17, 1.71, 2.11, 1.37, 1.51, 1.91, 1.82]","[22.0449, 22.7122, 23.3976, 24.1009, 24.8284, 25.5798, 26.3553, 27.1489, 27.9725, 28.8141, 29.6858, 30.5816, 31.5074, 32.4572, 33.4371, 34.4471, 35.4871, 36.5572, 37.6634, 38.7996, 39.9719, 41.1802, 42.4246, 43.7051, 45.0217, 46.3864, 47.7871, 49.2299, 50.7148]",C:/Users/Madness/PycharmProjects/Crupto_Data_Joiner/Raw_Data_Spot/BYBIT_DOGEUSDT_SPOT_2021_2026.csv,1000.0,0.0018,0.1,False
0.014086,495.4213,132.7911,24.5258,100.0,495421274549.9678,389,6127.4,268614.0,33,3.0,6.49,9.25,random,30.3,30.3,flat,"[6.87, 6.66, 8.84, 6.96, 7.71, 7.26, 7.99, 6.77, 7.6, 7.18, 8.55, 6.96, 9.1, 8.67, 7.57, 7.97, 7.86, 8.92, 6.77, 6.64, 7.21, 7.89, 6.95, 8.75, 7.65, 6.61, 8.2, 8.41, 8.73, 7.86, 7.28, 6.92, 8.29]","[30.303, 30.303, 30.303, 30.303, 30.303, 30.303, 30.303, 30.303, 30.303, 30.303, 30.303, 30.303, 30.303, 30.303, 30.303, 30.303, 30.303, 30.303, 30.303, 30.303, 30.303, 30.303, 30.303, 30.303, 30.303, 30.303, 30.303, 30.303, 30.303, 30.303, 30.303, 30.303, 30.303]",C:/Users/Madness/PycharmProjects/Crupto_Data_Joiner/Raw_Data_Spot/BYBIT_DOGEUSDT_SPOT_2021_2026.csv,1000.0,0.0018,0.1,False
0.014057,62.6455,27.2244,18.3279,100.0,62645530566.7838,1245,1917.7,94692.0,34,1.75,7.17,9.14,linear,1.79,57.03,pyramid,"[7.17, 7.23, 7.29, 7.35, 7.41, 7.47, 7.53, 7.59, 7.65, 7.71, 7.77, 7.83, 7.89, 7.95, 8.01, 8.07, 8.13, 8.18, 8.24, 8.3, 8.36, 8.42, 8.48, 8.54, 8.6, 8.66, 8.72, 8.78, 8.84, 8.9, 8.96, 9.02, 9.08, 9.14]","[1.7907, 5.0408, 8.2897, 11.5398, 14.7887, 18.0388, 21.2877, 24.5378, 27.7867, 31.0368, 34.2857, 37.5358, 40.7847, 44.0348, 47.2837, 50.5338, 53.7827, 57.0328, 53.7827, 50.5338, 47.2837, 44.0348, 40.7847, 37.5358, 34.2857, 31.0368, 27.7867, 24.5378, 21.2877, 18.0388, 14.7887, 11.5398, 8.2897, 5.0408]",C:/Users/Madness/PycharmProjects/Crupto_Data_Joiner/Raw_Data_Spot/BYBIT_DOGEUSDT_SPOT_2021_2026.csv,1000.0,0.0018,0.1,False
0.014052,181.3181,89.5939,58.5799,100.0,181318118648.8876,1471,1623.9,162133.0,32,0.8,5.36,7.37,front_heavy,17.2,51.16,geometric_increase,"[7.37, 7.31, 7.24, 7.18, 7.11, 7.05, 6.98, 6.92, 6.85, 6.79, 6.72, 6.66, 6.59, 6.53, 6.46, 6.4, 6.33, 6.27, 6.2, 6.14, 6.07, 6.01, 5.94, 5.88, 5.81, 5.75, 5.68, 5.62, 5.55, 5.49, 5.42, 5.36]","[17.1977, 17.8137, 18.4506, 19.1107, 19.7963, 20.5029, 21.2374, 21.9975, 22.7854, 23.6013, 24.445, 25.3213, 26.2254, 27.1645, 28.1384, 29.1448, 30.1884, 31.2692, 32.3873, 33.5471, 34.7465, 35.99, 37.28, 38.6141, 39.9948, 41.4266, 42.9095, 44.4459, 46.0357, 47.6837, 49.3897, 51.1586]",C:/Users/Madness/PycharmProjects/Crupto_Data_Joiner/Raw_Data_Spot/BYBIT_DOGEUSDT_SPOT_2021_2026.csv,1000.0,0.0018,0.1,False
0.013993,489.287,198.4677,39.5196,100.0,489287013962.5673,1203,1985.5,267827.0,33,1.2,2.63,7.51,random,30.3,30.3,flat,"[6.86, 4.59, 3.55, 4.18, 5.58, 7.27, 4.76, 5.38, 3.24, 4.3, 4.83, 5.79, 4.81, 4.82, 5.57, 5.69, 6.25, 5.34, 5.64, 4.56, 4.48, 4.79, 3.71, 6.05, 2.71, 6.59, 3.31, 4.27, 7.45, 7.38, 5.72, 5.34, 4.72]","[30.303, 30.303, 30.303, 30.303, 30.303, 30.303, 30.303, 30.303, 30.303, 30.303, 30.303, 30.303, 30.303, 30.303, 30.303, 30.303, 30.303, 30.303, 30.303, 30.303, 30.303, 30.303, 30.303, 30.303, 30.303, 30.303, 30.303, 30.303, 30.303, 30.303, 30.303, 30.303, 30.303]",C:/Users/Madness/PycharmProjects/Crupto_Data_Joiner/Raw_Data_Spot/BYBIT_DOGEUSDT_SPOT_2021_2026.csv,1000.0,0.0018,0.1,False
0.013953,172.9926,172.1066,27.3499,100.0,172992615327.0897,2672,894.0,158898.0,34,0.95,4.11,6.47,back_heavy,5.27,53.56,pyramid,"[4.11, 4.11, 4.12, 4.13, 4.14, 4.16, 4.19, 4.22, 4.25, 4.29, 4.33, 4.37, 4.42, 4.48, 4.53, 4.6, 4.66, 4.74, 4.81, 4.89, 4.98, 5.07, 5.16, 5.26, 5.36, 5.46, 5.57, 5.69, 5.81, 5.93, 6.06, 6.19, 6.33, 6.47]","[5.2658, 8.1106, 10.9467, 13.7915, 16.6276, 19.4724, 22.3085, 25.1533, 27.9894, 30.8341, 33.6703, 36.515, 39.3512, 42.1959, 45.032, 47.8768, 50.7129, 53.5577, 50.7129, 47.8768, 45.032, 42.1959, 39.3512, 36.515, 33.6703, 30.8341, 27.9894, 25.1533, 22.3085, 19.4724, 16.6276, 13.7915, 10.9467, 8.1106]",C:/Users/Madness/PycharmProjects/Crupto_Data_Joiner/Raw_Data_Spot/BYBIT_DOGEUSDT_SPOT_2021_2026.csv,1000.0,0.0018,0.1,False
0.013913,179.4056,63.9404,27.9462,100.0,179405595809.2566,738,3236.7,162077.0,31,1.95,3.44,7.02,front_heavy,9.91,74.16,geometric_increase,"[7.02, 6.9, 6.78, 6.66, 6.54, 6.42, 6.3, 6.18, 6.07, 5.95, 5.83, 5.71, 5.59, 5.47, 5.35, 5.23, 5.11, 4.99, 4.87, 4.75, 4.63, 4.51, 4.39, 4.28, 4.16, 4.04, 3.92, 3.8, 3.68, 3.56, 3.44]","[9.9084, 10.5949, 11.3328, 12.1185, 12.9592, 13.8586, 14.8204, 15.8484, 16.946, 18.1245, 19.38, 20.7273, 22.1664, 23.7046, 25.3493, 27.1078, 28.9874, 30.9992, 33.1505, 35.4523, 37.912, 40.5442, 43.3563, 46.363, 49.5826, 53.0225, 56.701, 60.6364, 64.8436, 69.3444, 74.1573]",C:/Users/Madness/PycharmProjects/Crupto_Data_Joiner/Raw_Data_Spot/BYBIT_DOGEUSDT_SPOT_2021_2026.csv,1000.0,0.0018,0.1,False
0.013877,56.2127,60.7415,41.58,100.0,56212666008.7438,2003,1178.7,90210.0,29,0.65,2.51,9.43,front_heavy,5.07,65.99,pyramid,"[9.43, 9.18, 8.94, 8.69, 8.44, 8.19, 7.95, 7.7, 7.45, 7.21, 6.96, 6.71, 6.46, 6.22, 5.97, 5.72, 5.48, 5.23, 4.98, 4.73, 4.49, 4.24, 3.99, 3.75, 3.5, 3.25, 3.0, 2.76, 2.51]","[5.0722, 9.4233, 13.7761, 18.1272, 22.4782, 26.8292, 31.1821, 35.5331, 39.8842, 44.237, 48.5881, 52.9391, 57.2901, 61.643, 65.9941, 61.643, 57.2901, 52.9391, 48.5881, 44.237, 39.8842, 35.5331, 31.1821, 26.8292, 22.4782, 18.1272, 13.7761, 9.4233, 5.0722]",C:/Users/Madness/PycharmProjects/Crupto_Data_Joiner/Raw_Data_Spot/BYBIT_DOGEUSDT_SPOT_2021_2026.csv,1000.0,0.0018,0.1,False
0.013863,484.8537,175.1361,25.1368,100.0,484853657083.4271,818,2920.0,267857.0,34,1.95,4.95,8.18,linear,19.41,45.65,random,"[4.95, 5.05, 5.15, 5.24, 5.34, 5.44, 5.54, 5.64, 5.73, 5.83, 5.93, 6.03, 6.12, 6.22, 6.32, 6.42, 6.52, 6.61, 6.71, 6.81, 6.91, 7.01, 7.1, 7.2, 7.3, 7.4, 7.49, 7.59, 7.69, 7.79, 7.89, 7.98, 8.08, 8.18]","[20.8353, 20.98, 35.161, 29.6216, 20.0959, 43.9356, 32.673, 27.2744, 44.5615, 27.7008, 23.1355, 22.3414, 32.9038, 19.4113, 39.2256, 24.7473, 37.2148, 31.8789, 29.9307, 32.8764, 19.5287, 33.2441, 24.3913, 22.1106, 37.2852, 26.2065, 26.3669, 23.5972, 34.5507, 20.3619, 45.6452, 30.6309, 23.3664, 36.2094]",C:/Users/Madness/PycharmProjects/Crupto_Data_Joiner/Raw_Data_Spot/BYBIT_DOGEUSDT_SPOT_2021_2026.csv,1000.0,0.0018,0.1,False
0.01384,483.9585,265.6691,53.2741,100.0,483958450745.4866,2331,1024.8,267832.0,32,0.7,3.89,4.0,geometric,31.25,31.25,flat,"[3.89, 3.89, 3.9, 3.9, 3.9, 3.91, 3.91, 3.91, 3.92, 3.92, 3.93, 3.93, 3.93, 3.94, 3.94, 3.94, 3.95, 3.95, 3.95, 3.96, 3.96, 3.96, 3.97, 3.97, 3.97, 3.98, 3.98, 3.99, 3.99, 3.99, 4.0, 4.0]","[31.25, 31.25, 31.25, 31.25, 31.25, 31.25, 31.25, 31.25, 31.25, 31.25, 31.25, 31.25, 31.25, 31.25, 31.25, 31.25, 31.25, 31.25, 31.25, 31.25, 31.25, 31.25, 31.25, 31.25, 31.25, 31.25, 31.25, 31.25, 31.25, 31.25, 31.25, 31.25]",C:/Users/Madness/PycharmProjects/Crupto_Data_Joiner/Raw_Data_Spot/BYBIT_DOGEUSDT_SPOT_2021_2026.csv,1000.0,0.0018,0.1,False
0.013822,486.0859,139.5356,24.1583,100.0,486085864164.6391,404,5868.5,268604.0,33,2.9,3.73,7.57,front_heavy,30.3,30.3,flat,"[7.57, 7.45, 7.33, 7.21, 7.09, 6.97, 6.85, 6.73, 6.61, 6.49, 6.37, 6.25, 6.13, 6.01, 5.89, 5.77, 5.65, 5.53, 5.41, 5.29, 5.17, 5.05, 4.93, 4.81, 4.69, 4.57, 4.45, 4.33, 4.21, 4.09, 3.97, 3.85, 3.73]","[30.303, 30.303, 30.303, 30.303, 30.303, 30.303, 30.303, 30.303, 30.303, 30.303, 30.303, 30.303, 30.303, 30.303, 30.303, 30.303, 30.303, 30.303, 30.303, 30.303, 30.303, 30.303, 30.303, 30.303, 30.303, 30.303, 30.303, 30.303, 30.303, 30.303, 30.303, 30.303, 30.303]",C:/Users/Madness/PycharmProjects/Crupto_Data_Joiner/Raw_Data_Spot/BYBIT_DOGEUSDT_SPOT_2021_2026.csv,1000.0,0.0018,0.1,False
0.013796,482.4336,182.577,43.9658,100.0,482433621477.1476,1172,2038.1,267836.0,30,1.15,5.48,9.36,geometric,33.33,33.33,flat,"[5.48, 5.58, 5.69, 5.79, 5.9, 6.01, 6.12, 6.24, 6.35, 6.47, 6.59, 6.71, 6.84, 6.97, 7.1, 7.23, 7.36, 7.5, 7.64, 7.78, 7.93, 8.07, 8.23, 8.38, 8.53, 8.69, 8.86, 9.02, 9.19, 9.36]","[33.3333, 33.3333, 33.3333, 33.3333, 33.3333, 33.3333, 33.3333, 33.3333, 33.3333, 33.3333, 33.3333, 33.3333, 33.3333, 33.3333, 33.3333, 33.3333, 33.3333, 33.3333, 33.3333, 33.3333, 33.3333, 33.3333, 33.3333, 33.3333, 33.3333, 33.3333, 33.3333, 33.3333, 33.3333, 33.3333]",C:/Users/Madness/PycharmProjects/Crupto_Data_Joiner/Raw_Data_Spot/BYBIT_DOGEUSDT_SPOT_2021_2026.csv,1000.0,0.0018,0.1,False
0.01378,481.8416,315.8854,65.3052,100.0,481841583717.8521,2920,818.0,267831.0,28,0.55,3.71,4.94,geometric,11.03,56.45,random,"[3.71, 3.75, 3.79, 3.83, 3.87, 3.91, 3.95, 4.0, 4.04, 4.08, 4.13, 4.17, 4.21, 4.26, 4.3, 4.35, 4.4, 4.44, 4.49, 4.54, 4.59, 4.64, 4.68, 4.73, 4.79, 4.84, 4.89, 4.94]","[36.9343, 22.0633, 45.7182, 21.1958, 26.9362, 34.5881, 38.175, 48.6017, 53.3187, 40.39, 51.4791, 56.4504, 14.4361, 40.4659, 42.5086, 40.7715, 50.0681, 35.8678, 50.1419, 19.2003, 23.2939, 51.8565, 21.7373, 17.3955, 35.1274, 35.8104, 11.0276, 34.4404]",C:/Users/Madness/PycharmProjects/Crupto_Data_Joiner/Raw_Data_Spot/BYBIT_DOGEUSDT_SPOT_2021_2026.csv,1000.0,0.0018,0.1,False
0.013638,169.0875,131.0742,38.344,100.0,169087486195.2591,2507,952.8,158898.0,30,0.8,3.13,9.98,random,7.98,58.68,pyramid,"[4.2, 3.95, 6.42, 8.16, 5.55, 3.3, 7.08, 3.43, 5.75, 9.77, 4.94, 5.68, 9.98, 8.26, 6.07, 7.79, 7.56, 7.47, 3.62, 9.78, 7.22, 9.36, 9.13, 4.31, 5.19, 9.76, 3.56, 6.51, 3.71, 8.99]","[7.9828, 11.3627, 14.7426, 18.1226, 21.5025, 24.8824, 28.2623, 31.6423, 35.0244, 38.4043, 41.7843, 45.1642, 48.5441, 51.924, 55.304, 58.6839, 55.304, 51.924, 48.5441, 45.1642, 41.7843, 38.4043, 35.0244, 31.6423, 28.2623, 24.8824, 21.5025, 18.1226, 14.7426, 11.3627]",C:/Users/Madness/PycharmProjects/Crupto_Data_Joiner/Raw_Data_Spot/BYBIT_DOGEUSDT_SPOT_2021_2026.csv,1000.0,0.0018,0.1,False
0.013636,479.5631,185.8503,34.009,100.0,479563110821.4521,1006,2373.3,268608.0,34,1.4,0.33,8.76,random,28.25,30.57,pyramid,"[8.4, 4.94, 1.13, 4.32, 2.66, 4.03, 8.65, 7.51, 5.34, 7.33, 5.56, 2.81, 7.31, 5.83, 2.6, 7.93, 3.53, 8.44, 3.51, 0.37, 7.6, 7.71, 5.03, 0.43, 7.39, 1.27, 5.34, 6.17, 2.07, 3.21, 2.1, 7.92, 2.65, 0.88]","[28.2527, 28.3882, 28.5237, 28.6593, 28.7948, 28.9374, 29.073, 29.2085, 29.344, 29.4795, 29.615, 29.7506, 29.8861, 30.0287, 30.1643, 30.2998, 30.4353, 30.5708, 30.4353, 30.2998, 30.1643, 30.0287, 29.8861, 29.7506, 29.615, 29.4795, 29.344, 29.2085, 29.073, 28.9374, 28.7948, 28.6593, 28.5237, 28.3882]",C:/Users/Madness/PycharmProjects/Crupto_Data_Joiner/Raw_Data_Spot/BYBIT_DOGEUSDT_SPOT_2021_2026.csv,1000.0,0.0018,0.1,False
0.01362,479.0549,194.3149,44.2051,100.0,479054879715.8835,1007,2371.9,268628.0,31,1.2,5.45,6.05,geometric,10.1,51.86,random,"[5.45, 5.47, 5.49, 5.51, 5.53, 5.55, 5.57, 5.58, 5.6, 5.62, 5.64, 5.66, 5.68, 5.7, 5.72, 5.74, 5.76, 5.78, 5.8, 5.82, 5.84, 5.86, 5.88, 5.9, 5.92, 5.95, 5.97, 5.99, 6.01, 6.03, 6.05]","[38.0875, 10.642, 24.4407, 49.8848, 51.863, 10.4559, 46.1342, 18.4759, 51.1225, 14.9792, 32.2228, 36.619, 48.7491, 10.5954, 51.7753, 41.1852, 51.6752, 43.5944, 32.5751, 12.1944, 10.0964, 22.3678, 43.1777, 13.264, 43.5086, 26.5727, 31.4429, 50.6092, 27.4777, 34.1866, 20.0248]",C:/Users/Madness/PycharmProjects/Crupto_Data_Joiner/Raw_Data_Spot/BYBIT_DOGEUSDT_SPOT_2021_2026.csv,1000.0,0.0018,0.1,False
0.013478,59.3742,28.085,15.7525,100.0,59374247517.7268,770,3100.6,94135.0,33,2.5,0.61,7.47,front_heavy,1.75,58.86,linear_increase,"[7.47, 7.26, 7.04, 6.83, 6.61, 6.4, 6.18, 5.97, 5.76, 5.54, 5.33, 5.11, 4.9, 4.68, 4.47, 4.25, 4.04, 3.83, 3.61, 3.4, 3.18, 2.97, 2.75, 2.54, 2.32, 2.11, 1.9, 1.68, 1.47, 1.25, 1.04, 0.82, 0.61]","[1.7494, 3.534, 5.3186, 7.1032, 8.8877, 10.6723, 12.4569, 14.2415, 16.0261, 17.8106, 19.5952, 21.3798, 23.1644, 24.9489, 26.7335, 28.5181, 30.3027, 32.088, 33.8726, 35.6571, 37.4417, 39.2263, 41.0109, 42.7954, 44.58, 46.3646, 48.1492, 49.9338, 51.7183, 53.5029, 55.2875, 57.0721, 58.8567]",C:/Users/Madness/PycharmProjects/Crupto_Data_Joiner/Raw_Data_Spot/BYBIT_DOGEUSDT_SPOT_2021_2026.csv,1000.0,0.0018,0.1,False
0.013472,59.5097,28.8066,25.8462,100.0,59509694419.8065,1331,1794.1,94267.0,34,1.45,6.85,8.74,back_heavy,2.4,56.42,linear_increase,"[6.85, 6.85, 6.86, 6.87, 6.88, 6.89, 6.91, 6.94, 6.96, 6.99, 7.02, 7.06, 7.1, 7.14, 7.19, 7.24, 7.29, 7.35, 7.41, 7.48, 7.54, 7.62, 7.69, 7.77, 7.85, 7.93, 8.02, 8.12, 8.21, 8.31, 8.41, 8.52, 8.63, 8.74]","[2.4009, 4.0377, 5.6751, 7.3118, 8.9492, 10.586, 12.2234, 13.8601, 15.4968, 17.1342, 18.771, 20.4084, 22.0451, 23.6825, 25.3193, 26.956, 28.5934, 30.2301, 31.8675, 33.5043, 35.141, 36.7784, 38.4151, 40.0526, 41.6893, 43.3267, 44.9634, 46.6002, 48.2376, 49.8743, 51.5117, 53.1484, 54.7859, 56.4226]",C:/Users/Madness/PycharmProjects/Crupto_Data_Joiner/Raw_Data_Spot/BYBIT_DOGEUSDT_SPOT_2021_2026.csv,1000.0,0.0018,0.1,False
0.013311,171.6395,58.7405,10.3157,100.0,171639535202.8412,244,9751.4,162078.0,30,6.0,8.42,8.46,random,4.63,62.03,pyramid,"[8.45, 8.46, 8.46, 8.43, 8.44, 8.45, 8.44, 8.45, 8.42, 8.44, 8.42, 8.44, 8.45, 8.44, 8.43, 8.44, 8.44, 8.44, 8.43, 8.46, 8.44, 8.43, 8.45, 8.46, 8.43, 8.44, 8.43, 8.45, 8.44, 8.42]","[4.6334, 8.4603, 12.2873, 16.1128, 19.9398, 23.7667, 27.5936, 31.4205, 35.2461, 39.0731, 42.9, 46.7269, 50.5538, 54.3794, 58.2063, 62.0333, 58.2063, 54.3794, 50.5538, 46.7269, 42.9, 39.0731, 35.2461, 31.4205, 27.5936, 23.7667, 19.9398, 16.1128, 12.2873, 8.4603]",C:/Users/Madness/PycharmProjects/Crupto_Data_Joiner/Raw_Data_Spot/BYBIT_DOGEUSDT_SPOT_2021_2026.csv,1000.0,0.0018,0.1,False
0.01331,465.4113,258.5683,56.6435,100.0,465411273098.4272,2584,924.4,267836.0,35,0.65,3.39,9.53,geometric,4.32,49.86,random,"[3.39, 3.49, 3.6, 3.71, 3.83, 3.95, 4.07, 4.19, 4.32, 4.46, 4.59, 4.74, 4.88, 5.03, 5.19, 5.35, 5.51, 5.68, 5.86, 6.04, 6.23, 6.42, 6.62, 6.82, 7.03, 7.25, 7.47, 7.7, 7.94, 8.19, 8.44, 8.7, 8.97, 9.24, 9.53]","[30.2794, 27.4373, 13.7912, 31.8263, 42.3494, 15.8333, 47.7022, 38.9455, 34.9892, 45.5509, 36.4762, 29.2238, 40.5762, 30.2182, 7.0993, 45.531, 47.6769, 38.9269, 20.8679, 17.7276, 29.0814, 42.8406, 27.0167, 12.5465, 9.0788, 4.3237, 5.0599, 28.7459, 6.1994, 30.8359, 49.86, 35.5736, 35.965, 8.2148, 31.6293]",C:/Users/Madness/PycharmProjects/Crupto_Data_Joiner/Raw_Data_Spot/BYBIT_DOGEUSDT_SPOT_2021_2026.csv,1000.0,0.0018,0.1,False
0.013296,169.8307,82.3411,22.9919,100.0,169830707904.3685,997,2394.7,161306.0,33,1.85,4.27,5.4,front_heavy,6.32,54.29,linear_increase,"[5.4, 5.36, 5.33, 5.29, 5.26, 5.22, 5.19, 5.15, 5.12, 5.08, 5.05, 5.01, 4.98, 4.94, 4.91, 4.87, 4.84, 4.8, 4.76, 4.73, 4.69, 4.66, 4.62, 4.59, 4.55, 4.52, 4.48, 4.45, 4.41, 4.38, 4.34, 4.31, 4.27]","[6.3195, 7.8193, 9.3172, 10.817, 12.3149, 13.8147, 15.3125, 16.8124, 18.3102, 19.8101, 21.31, 22.8078, 24.3077, 25.8055, 27.3054, 28.8032, 30.3031, 31.803, 33.3008, 34.8007, 36.2985, 37.7984, 39.2962, 40.7961, 42.2939, 43.7938, 45.2936, 46.7914, 48.2913, 49.7891, 51.289, 52.7868, 54.2867]",C:/Users/Madness/PycharmProjects/Crupto_Data_Joiner/Raw_Data_Spot/BYBIT_DOGEUSDT_SPOT_2021_2026.csv,1000.0,0.0018,0.1,False
0.013178,463.4659,212.4066,15.1206,100.0,463465937544.0442,704,3391.5,268610.0,30,2.6,3.12,9.62,random,5.58,61.06,random,"[5.09, 7.97, 4.81, 5.11, 3.45, 6.41, 7.52, 5.27, 5.64, 7.11, 5.78, 3.72, 5.26, 5.54, 9.24, 8.52, 5.23, 4.63, 6.69, 8.14, 6.82, 6.86, 6.49, 3.34, 3.38, 9.43, 7.55, 4.9, 7.17, 4.73]","[13.0211, 9.2848, 46.2464, 48.7911, 56.3842, 61.0556, 45.9272, 23.6462, 10.5897, 57.493, 58.2222, 21.2494, 51.8303, 54.5101, 17.2671, 11.9204, 19.2321, 12.8233, 19.1115, 7.36, 56.4381, 39.7089, 23.6406, 10.0551, 45.1304, 5.5831, 55.8182, 29.2928, 29.1674, 59.1999]",C:/Users/Madness/PycharmProjects/Crupto_Data_Joiner/Raw_Data_Spot/BYBIT_DOGEUSDT_SPOT_2021_2026.csv,1000.0,0.0018,0.1,False
0.013173,460.6203,189.0035,39.8986,100.0,460620314392.8236,1297,1841.2,267832.0,35,1.15,4.94,5.5,back_heavy,26.93,31.18,random,"[4.94, 4.94, 4.94, 4.94, 4.95, 4.95, 4.96, 4.96, 4.97, 4.98, 4.99, 5.0, 5.01, 5.02, 5.03, 5.05, 5.06, 5.08, 5.1, 5.11, 5.13, 5.15, 5.17, 5.2, 5.22, 5.24, 5.27, 5.29, 5.32, 5.35, 5.38, 5.41, 5.44, 5.47, 5.5]","[27.474, 28.7364, 30.1335, 28.7151, 28.1832, 27.2329, 27.2542, 27.8286, 30.6299, 29.2824, 30.3108, 27.3322, 29.3959, 28.0414, 27.3818, 30.6015, 31.1831, 28.0485, 29.6299, 26.935, 27.6371, 29.7931, 30.5661, 28.5378, 29.0626, 27.474, 29.2186, 26.9634, 27.5449, 29.3321, 28.4952, 27.3251, 28.552, 27.0414, 28.1265]",C:/Users/Madness/PycharmProjects/Crupto_Data_Joiner/Raw_Data_Spot/BYBIT_DOGEUSDT_SPOT_2021_2026.csv,1000.0,0.0018,0.1,False
0.013145,52.52,123.1957,66.3726,100.0,52519982785.8149,9678,246.9,89580.0,33,0.25,1.76,2.6,front_heavy,6.16,84.14,geometric_increase,"[2.6, 2.57, 2.55, 2.52, 2.5, 2.47, 2.44, 2.42, 2.39, 2.36, 2.34, 2.31, 2.28, 2.26, 2.23, 2.21, 2.18, 2.15, 2.13, 2.1, 2.08, 2.05, 2.02, 2.0, 1.97, 1.94, 1.92, 1.89, 1.86, 1.84, 1.81, 1.79, 1.76]","[6.1561, 6.6796, 7.2499, 7.867, 8.5373, 9.2629, 10.0523, 10.9078, 11.8377, 12.8442, 13.9379, 15.1253, 16.4127, 17.8108, 19.328, 20.9729, 22.7604, 24.6968, 26.8013, 29.0824, 31.5593, 34.2469, 37.1643, 40.3286, 43.763, 47.489, 51.5321, 55.9199, 60.6822, 65.8488, 71.4559, 77.5418, 84.1448]",C:/Users/Madness/PycharmProjects/Crupto_Data_Joiner/Raw_Data_Spot/BYBIT_DOGEUSDT_SPOT_2021_2026.csv,1000.0,0.0018,0.1,False
0.013084,457.5293,195.3206,31.748,100.0,457529344621.073,1133,2107.7,267835.0,34,1.35,5.1,5.12,front_heavy,12.3,41.78,random,"[5.12, 5.12, 5.12, 5.12, 5.12, 5.12, 5.12, 5.12, 5.12, 5.11, 5.11, 5.11, 5.11, 5.11, 5.11, 5.11, 5.11, 5.11, 5.11, 5.11, 5.11, 5.11, 5.11, 5.11, 5.11, 5.1, 5.1, 5.1, 5.1, 5.1, 5.1, 5.1, 5.1, 5.1]","[23.8921, 35.0114, 28.7053, 34.2348, 38.9711, 35.567, 19.7985, 23.0352, 35.7511, 34.9679, 20.6822, 30.2785, 39.4966, 39.443, 16.207, 21.3951, 32.4173, 18.0078, 32.8089, 26.7539, 41.2974, 40.1961, 19.2328, 35.0917, 24.4745, 38.3887, 23.3365, 12.2975, 41.776, 18.7107, 40.2631, 15.1526, 35.9118, 26.446]",C:/Users/Madness/PycharmProjects/Crupto_Data_Joiner/Raw_Data_Spot/BYBIT_DOGEUSDT_SPOT_2021_2026.csv,1000.0,0.0018,0.1,False
0.013007,454.803,293.702,69.545,100.0,454803007064.0941,3353,712.4,267832.0,29,0.5,3.59,7.74,back_heavy,34.48,34.48,flat,"[3.59, 3.6, 3.61, 3.64, 3.67, 3.72, 3.78, 3.85, 3.93, 4.02, 4.12, 4.23, 4.35, 4.48, 4.63, 4.78, 4.95, 5.12, 5.31, 5.5, 5.71, 5.92, 6.15, 6.39, 6.64, 6.9, 7.17, 7.45, 7.74]","[34.4828, 34.4828, 34.4828, 34.4828, 34.4828, 34.4828, 34.4828, 34.4828, 34.4828, 34.4828, 34.4828, 34.4828, 34.4828, 34.4828, 34.4828, 34.4828, 34.4828, 34.4828, 34.4828, 34.4828, 34.4828, 34.4828, 34.4828, 34.4828, 34.4828, 34.4828, 34.4828, 34.4828, 34.4828]",C:/Users/Madness/PycharmProjects/Crupto_Data_Joiner/Raw_Data_Spot/BYBIT_DOGEUSDT_SPOT_2021_2026.csv,1000.0,0.0018,0.1,False
0.012984,160.9791,210.7776,62.1576,100.0,160979141964.1906,4796,498.1,158901.0,29,0.4,3.2,4.58,random,12.43,56.53,linear_increase,"[4.49, 3.25, 3.36, 3.69, 4.09, 4.43, 3.24, 3.35, 3.47, 3.59, 3.27, 3.6, 3.96, 3.86, 3.47, 3.88, 3.2, 3.66, 4.27, 3.21, 3.92, 4.38, 4.55, 4.39, 4.07, 4.5, 4.08, 3.69, 4.16]","[12.4308, 14.0067, 15.58, 17.1558, 18.7317, 20.3076, 21.8809, 23.4568, 25.0327, 26.6059, 28.1818, 29.7577, 31.3336, 32.9069, 34.4828, 36.0586, 37.6319, 39.2078, 40.7837, 42.3596, 43.9329, 45.5087, 47.0846, 48.6579, 50.2338, 51.8097, 53.3856, 54.9588, 56.5347]",C:/Users/Madness/PycharmProjects/Crupto_Data_Joiner/Raw_Data_Spot/BYBIT_DOGEUSDT_SPOT_2021_2026.csv,1000.0,0.0018,0.1,False
0.012947,160.5241,161.2474,65.0059,100.0,160524059142.1598,3466,689.2,158900.0,32,0.45,1.44,4.75,front_heavy,14.55,57.03,geometric_increase,"[4.75, 4.64, 4.54, 4.43, 4.32, 4.22, 4.11, 4.0, 3.9, 3.79, 3.68, 3.58, 3.47, 3.36, 3.26, 3.15, 3.04, 2.93, 2.83, 2.72, 2.61, 2.51, 2.4, 2.29, 2.19, 2.08, 1.97, 1.87, 1.76, 1.65, 1.55, 1.44]","[14.5486, 15.205, 15.8894, 16.6054, 17.353, 18.1357, 18.9536, 19.8065, 20.698, 21.6316, 22.6039, 23.6253, 24.6888, 25.8014, 26.9632, 28.1776, 29.4482, 30.775, 32.1614, 33.6075, 35.1237, 36.7067, 38.3599, 40.0868, 41.8944, 43.7827, 45.7553, 47.8156, 49.9707, 52.2205, 54.5722, 57.0326]",C:/Users/Madness/PycharmProjects/Crupto_Data_Joiner/Raw_Data_Spot/BYBIT_DOGEUSDT_SPOT_2021_2026.csv,1000.0,0.0018,0.1,False
0.01291,166.525,95.4893,54.6514,100.0,166525016631.4528,1333,1778.7,162104.0,32,0.8,2.27,8.47,front_heavy,17.59,44.91,pyramid,"[8.47, 8.27, 8.07, 7.87, 7.67, 7.47, 7.27, 7.07, 6.87, 6.67, 6.47, 6.27, 6.07, 5.87, 5.67, 5.47, 5.27, 5.07, 4.87, 4.67, 4.47, 4.27, 4.07, 3.87, 3.67, 3.47, 3.27, 3.07, 2.87, 2.67, 2.47, 2.27]","[17.5896, 19.2922, 21.008, 22.7106, 24.4132, 26.129, 27.8316, 29.5474, 31.25, 32.9526, 34.6684, 36.371, 38.0868, 39.7894, 41.492, 43.2078, 44.9104, 43.2078, 41.492, 39.7894, 38.0868, 36.371, 34.6684, 32.9526, 31.25, 29.5474, 27.8316, 26.129, 24.4132, 22.7106, 21.008, 19.2922]",C:/Users/Madness/PycharmProjects/Crupto_Data_Joiner/Raw_Data_Spot/BYBIT_DOGEUSDT_SPOT_2021_2026.csv,1000.0,0.0018,0.1,False
0.012866,450.1389,390.8261,76.6896,100.0,450138910689.4772,7253,317.0,267903.0,30,0.35,1.85,9.33,back_heavy,5.38,56.59,random,"[1.85, 1.86, 1.89, 1.93, 1.99, 2.07, 2.17, 2.29, 2.42, 2.57, 2.74, 2.93, 3.13, 3.35, 3.59, 3.85, 4.13, 4.42, 4.73, 5.06, 5.41, 5.77, 6.15, 6.56, 6.97, 7.41, 7.86, 8.33, 8.82, 9.33]","[27.1056, 6.4571, 31.8877, 51.7926, 55.8826, 9.2475, 53.1437, 27.3891, 27.2676, 13.735, 46.4952, 53.9977, 46.4326, 21.8045, 39.7768, 42.8433, 8.213, 56.5931, 17.5489, 5.3784, 39.4639, 26.3694, 45.689, 36.6035, 52.1166, 43.1746, 25.4233, 13.1387, 32.9994, 42.0297]",C:/Users/Madness/PycharmProjects/Crupto_Data_Joiner/Raw_Data_Spot/BYBIT_DOGEUSDT_SPOT_2021_2026.csv,1000.0,0.0018,0.1,False
0.012783,449.6257,145.6141,33.5301,100.0,449625714345.6595,650,3673.8,268629.0,32,1.85,6.95,8.15,geometric,31.25,31.25,flat,"[6.95, 6.99, 7.02, 7.06, 7.09, 7.13, 7.17, 7.2, 7.24, 7.28, 7.32, 7.35, 7.39, 7.43, 7.47, 7.51, 7.55, 7.58, 7.62, 7.66, 7.7, 7.74, 7.78, 7.82, 7.86, 7.9, 7.94, 7.98, 8.03, 8.07, 8.11, 8.15]","[31.25, 31.25, 31.25, 31.25, 31.25, 31.25, 31.25, 31.25, 31.25, 31.25, 31.25, 31.25, 31.25, 31.25, 31.25, 31.25, 31.25, 31.25, 31.25, 31.25, 31.25, 31.25, 31.25, 31.25, 31.25, 31.25, 31.25, 31.25, 31.25, 31.25, 31.25, 31.25]",C:/Users/Madness/PycharmProjects/Crupto_Data_Joiner/Raw_Data_Spot/BYBIT_DOGEUSDT_SPOT_2021_2026.csv,1000.0,0.0018,0.1,False
0.012698,157.4126,114.6706,47.5029,100.0,157412592423.134,2172,1099.7,158888.0,29,0.7,2.45,5.38,front_heavy,11.37,76.39,geometric_increase,"[5.38, 5.28, 5.17, 5.07, 4.96, 4.86, 4.75, 4.65, 4.54, 4.44, 4.33, 4.23, 4.12, 4.02, 3.92, 3.81, 3.71, 3.6, 3.5, 3.39, 3.29, 3.18, 3.08, 2.97, 2.87, 2.76, 2.66, 2.55, 2.45]","[11.3694, 12.1692, 13.0272, 13.9434, 14.9265, 15.9765, 17.1021, 18.3062, 19.5947, 20.9733, 22.4508, 24.0302, 25.7229, 27.532, 29.472, 31.5458, 33.7679, 36.1441, 38.6891, 41.4114, 44.3287, 47.4495, 50.7885, 54.3631, 58.1907, 62.2888, 66.6748, 71.3692, 76.3922]",C:/Users/Madness/PycharmProjects/Crupto_Data_Joiner/Raw_Data_Spot/BYBIT_DOGEUSDT_SPOT_2021_2026.csv,1000.0,0.0018,0.1,False
0.012613,156.3728,102.2659,17.7142,100.0,156372840739.6434,1221,1955.8,158900.0,29,1.85,4.7,5.31,linear,3.9,65.06,linear_increase,"[4.7, 4.72, 4.74, 4.77, 4.79, 4.81, 4.83, 4.85, 4.87, 4.9, 4.92, 4.94, 4.96, 4.98, 5.0, 5.03, 5.05, 5.07, 5.09, 5.11, 5.14, 5.16, 5.18, 5.2, 5.22, 5.24, 5.27, 5.29, 5.31]","[3.9013, 6.0882, 8.2697, 10.4566, 12.6381, 14.825, 17.0064, 19.1934, 21.3748, 23.5617, 25.7432, 27.9301, 30.1115, 32.2985, 34.4854, 36.6668, 38.8538, 41.0352, 43.2222, 45.4036, 47.5905, 49.772, 51.9589, 54.1403, 56.3273, 58.5087, 60.6956, 62.8771, 65.064]",C:/Users/Madness/PycharmProjects/Crupto_Data_Joiner/Raw_Data_Spot/BYBIT_DOGEUSDT_SPOT_2021_2026.csv,1000.0,0.0018,0.1,False
0.0126,156.1306,70.5957,12.7477,100.0,156130585450.5399,585,4083.0,158857.0,31,4.0,2.85,5.82,front_heavy,2.53,61.99,linear_increase,"[5.82, 5.72, 5.62, 5.52, 5.42, 5.32, 5.23, 5.13, 5.03, 4.93, 4.83, 4.73, 4.63, 4.53, 4.43, 4.34, 4.24, 4.14, 4.04, 3.94, 3.84, 3.74, 3.64, 3.54, 3.44, 3.34, 3.25, 3.15, 3.05, 2.95, 2.85]","[2.5295, 4.5116, 6.4936, 8.475, 10.4571, 12.4392, 14.4212, 16.4026, 18.3847, 20.3667, 22.3488, 24.3302, 26.3122, 28.2943, 30.2764, 32.2577, 34.2398, 36.2219, 38.2039, 40.186, 42.1674, 44.1494, 46.1315, 48.1136, 50.0949, 52.077, 54.0591, 56.0411, 58.0225, 60.0046, 61.9866]",C:/Users/Madness/PycharmProjects/Crupto_Data_Joiner/Raw_Data_Spot/BYBIT_DOGEUSDT_SPOT_2021_2026.csv,1000.0,0.0018,0.1,False
0.012595,440.2851,183.6391,36.0137,100.0,440285068220.0974,1417,1685.7,267791.0,32,1.25,3.17,7.49,random,20.1,42.4,linear_increase,"[4.02, 4.27, 4.16, 3.24, 6.32, 3.68, 4.36, 3.36, 6.24, 3.34, 6.54, 4.02, 3.45, 4.61, 3.65, 4.2, 4.42, 3.65, 4.01, 5.29, 6.04, 5.4, 4.91, 6.23, 6.35, 5.51, 3.48, 3.84, 3.43, 3.35, 7.45, 5.42]","[20.0992, 20.8184, 21.5375, 22.2566, 22.9757, 23.6948, 24.4169, 25.136, 25.8551, 26.5743, 27.2934, 28.0125, 28.7316, 29.4507, 30.1698, 30.8889, 31.6111, 32.3302, 33.0493, 33.7684, 34.4875, 35.2066, 35.9257, 36.6449, 37.364, 38.0831, 38.8052, 39.5243, 40.2434, 40.9625, 41.6816, 42.4008]",C:/Users/Madness/PycharmProjects/Crupto_Data_Joiner/Raw_Data_Spot/BYBIT_DOGEUSDT_SPOT_2021_2026.csv,1000.0,0.0018,0.1,False
0.012553,441.3767,100.7521,11.1653,100.0,441376710247.935,224,9757.3,268576.0,30,7.5,3.99,4.81,geometric,6.94,91.42,geometric_increase,"[3.99, 4.02, 4.04, 4.07, 4.09, 4.12, 4.15, 4.17, 4.2, 4.23, 4.26, 4.28, 4.31, 4.34, 4.37, 4.39, 4.42, 4.45, 4.48, 4.51, 4.54, 4.57, 4.6, 4.63, 4.66, 4.69, 4.72, 4.75, 4.78, 4.81]","[6.9384, 7.5825, 8.2878, 9.0596, 9.9006, 10.8215, 11.8275, 12.9293, 14.1296, 15.4444, 16.8816, 18.4492, 20.1658, 22.0421, 24.0914, 26.3297, 28.7783, 31.4557, 34.3806, 37.577, 41.0688, 44.888, 49.0638, 53.6256, 58.6105, 64.0611, 70.0174, 76.5273, 83.6441, 91.4208]",C:/Users/Madness/PycharmProjects/Crupto_Data_Joiner/Raw_Data_Spot/BYBIT_DOGEUSDT_SPOT_2021_2026.csv,1000.0,0.0018,0.1,False
0.012549,438.8107,177.7003,45.6297,100.0,438810700928.5998,1466,1629.3,267832.0,35,1.05,4.47,9.85,geometric,18.22,34.69,random,"[4.47, 4.58, 4.68, 4.79, 4.91, 5.02, 5.14, 5.26, 5.38, 5.51, 5.64, 5.77, 5.91, 6.05, 6.19, 6.33, 6.48, 6.64, 6.79, 6.95, 7.11, 7.28, 7.45, 7.63, 7.81, 7.99, 8.18, 8.37, 8.57, 8.77, 8.98, 9.19, 9.4, 9.62, 9.85]","[26.297, 23.8056, 25.1443, 23.9246, 32.6481, 30.8112, 22.3034, 24.3262, 23.4784, 34.5446, 34.6933, 26.8176, 32.0755, 33.9794, 33.0944, 34.2025, 27.2638, 18.9716, 26.2375, 28.3793, 29.071, 25.6946, 29.6213, 32.9159, 32.6035, 34.1802, 31.7483, 25.8359, 32.6184, 23.114, 32.6853, 34.076, 33.667, 18.2205, 20.9498]",C:/Users/Madness/PycharmProjects/Crupto_Data_Joiner/Raw_Data_Spot/BYBIT_DOGEUSDT_SPOT_2021_2026.csv,1000.0,0.0018,0.1,False
0.012534,438.1882,187.3566,19.5269,100.0,438188165570.5416,1605,1488.2,267804.0,32,2.2,2.05,9.53,geometric,3.73,58.77,linear_increase,"[2.05, 2.15, 2.26, 2.38, 2.5, 2.63, 2.76, 2.9, 3.05, 3.2, 3.37, 3.54, 3.72, 3.9, 4.1, 4.31, 4.53, 4.76, 5.0, 5.26, 5.52, 5.81, 6.1, 6.41, 6.74, 7.08, 7.44, 7.82, 8.21, 8.63, 9.07, 9.53]","[3.7335, 5.5088, 7.2841, 9.0594, 10.8347, 12.6101, 14.3854, 16.1607, 17.936, 19.7113, 21.4867, 23.262, 25.0373, 26.8126, 28.588, 30.3633, 32.1367, 33.912, 35.6874, 37.4627, 39.238, 41.0133, 42.7887, 44.564, 46.3393, 48.1146, 49.8899, 51.6653, 53.4406, 55.2159, 56.9912, 58.7665]",C:/Users/Madness/PycharmProjects/Crupto_Data_Joiner/Raw_Data_Spot/BYBIT_DOGEUSDT_SPOT_2021_2026.csv,1000.0,0.0018,0.1,False
0.012455,287.7224,68.092,8.4811,100.0,287722370862.3454,187,11646.0,217425.0,30,9.5,4.18,7.12,random,3.14,63.53,linear_increase,"[4.4, 7.09, 5.99, 4.95, 6.35, 4.27, 4.55, 6.29, 4.85, 6.48, 6.77, 5.51, 4.37, 5.2, 5.93, 4.91, 5.59, 5.11, 6.44, 5.46, 6.77, 6.9, 4.77, 5.71, 5.56, 6.0, 4.86, 7.02, 5.05, 7.04]","[3.1373, 5.2204, 7.3013, 9.3844, 11.4675, 13.5505, 15.6315, 17.7146, 19.7976, 21.8807, 23.9616, 26.0447, 28.1278, 30.2087, 32.2918, 34.3749, 36.4579, 38.5389, 40.622, 42.705, 44.786, 46.869, 48.9521, 51.0352, 53.1161, 55.1992, 57.2823, 59.3653, 61.4463, 63.5293]",C:/Users/Madness/PycharmProjects/Crupto_Data_Joiner/Raw_Data_Spot/BYBIT_DOGEUSDT_SPOT_2021_2026.csv,1000.0,0.0018,0.1,False
0.012424,434.2884,218.7334,18.47,100.0,434288361950.4276,1735,1376.8,267789.0,35,2.1,2.15,4.48,geometric,3.87,53.28,linear_increase,"[2.15, 2.2, 2.24, 2.29, 2.34, 2.4, 2.45, 2.5, 2.56, 2.61, 2.67, 2.73, 2.79, 2.85, 2.91, 2.97, 3.04, 3.1, 3.17, 3.24, 3.31, 3.38, 3.46, 3.53, 3.61, 3.69, 3.77, 3.85, 3.94, 4.02, 4.11, 4.2, 4.29, 4.38, 4.48]","[3.8673, 5.3207, 6.7736, 8.2271, 9.68, 11.1334, 12.5863, 14.0397, 15.4926, 16.9461, 18.399, 19.8524, 21.3053, 22.7588, 24.2117, 25.6651, 27.118, 28.5714, 30.0249, 31.4778, 32.9312, 34.3841, 35.8375, 37.2904, 38.7439, 40.1968, 41.6502, 43.1031, 44.5565, 46.0094, 47.4629, 48.9158, 50.3692, 51.8221, 53.2756]",C:/Users/Madness/PycharmProjects/Crupto_Data_Joiner/Raw_Data_Spot/BYBIT_DOGEUSDT_SPOT_2021_2026.csv,1000.0,0.0018,0.1,False
0.012405,433.6285,285.4785,21.9353,100.0,433628460575.0487,2263,1055.5,267794.0,33,1.5,2.89,8.93,back_heavy,6.26,55.85,pyramid,"[2.89, 2.9, 2.91, 2.94, 2.98, 3.04, 3.1, 3.18, 3.27, 3.37, 3.48, 3.6, 3.74, 3.89, 4.05, 4.22, 4.4, 4.59, 4.8, 5.02, 5.25, 5.49, 5.74, 6.01, 6.29, 6.58, 6.88, 7.19, 7.51, 7.85, 8.2, 8.56, 8.93]","[6.2609, 9.3593, 12.4595, 15.5579, 18.658, 21.7565, 24.8566, 27.955, 31.0551, 34.1536, 37.252, 40.3521, 43.4506, 46.5507, 49.6491, 52.7493, 55.8477, 52.7493, 49.6491, 46.5507, 43.4506, 40.3521, 37.252, 34.1536, 31.0551, 27.955, 24.8566, 21.7565, 18.658, 15.5579, 12.4595, 9.3593, 6.2609]",C:/Users/Madness/PycharmProjects/Crupto_Data_Joiner/Raw_Data_Spot/BYBIT_DOGEUSDT_SPOT_2021_2026.csv,1000.0,0.0018,0.1,False
0.012405,433.8462,185.9869,50.1642,100.0,433846155873.4666,1580,1511.7,267855.0,33,0.9,4.8,9.57,geometric,30.3,30.3,flat,"[4.8, 4.9, 5.01, 5.12, 5.23, 5.35, 5.46, 5.58, 5.7, 5.83, 5.96, 6.08, 6.22, 6.35, 6.49, 6.63, 6.78, 6.93, 7.08, 7.23, 7.39, 7.55, 7.71, 7.88, 8.05, 8.23, 8.41, 8.59, 8.78, 8.97, 9.17, 9.37, 9.57]","[30.303, 30.303, 30.303, 30.303, 30.303, 30.303, 30.303, 30.303, 30.303, 30.303, 30.303, 30.303, 30.303, 30.303, 30.303, 30.303, 30.303, 30.303, 30.303, 30.303, 30.303, 30.303, 30.303, 30.303, 30.303, 30.303, 30.303, 30.303, 30.303, 30.303, 30.303, 30.303, 30.303]",C:/Users/Madness/PycharmProjects/Crupto_Data_Joiner/Raw_Data_Spot/BYBIT_DOGEUSDT_SPOT_2021_2026.csv,1000.0,0.0018,0.1,False
0.012395,433.3983,298.3494,48.9242,100.0,433398273756.3658,3687,647.8,267830.0,35,0.65,2.85,6.34,back_heavy,17.7,40.08,pyramid,"[2.85, 2.85, 2.86, 2.88, 2.9, 2.93, 2.96, 3.0, 3.04, 3.09, 3.15, 3.22, 3.28, 3.36, 3.44, 3.53, 3.62, 3.72, 3.83, 3.94, 4.06, 4.18, 4.31, 4.45, 4.59, 4.74, 4.89, 5.05, 5.22, 5.39, 5.57, 5.75, 5.94, 6.14, 6.34]","[17.6987, 19.0174, 20.332, 21.6507, 22.9653, 24.284, 25.5986, 26.9173, 28.2319, 29.5506, 30.8652, 32.1839, 33.4985, 34.8172, 36.1318, 37.4504, 38.7651, 40.0837, 38.7651, 37.4504, 36.1318, 34.8172, 33.4985, 32.1839, 30.8652, 29.5506, 28.2319, 26.9173, 25.5986, 24.284, 22.9653, 21.6507, 20.332, 19.0174, 17.6987]",C:/Users/Madness/PycharmProjects/Crupto_Data_Joiner/Raw_Data_Spot/BYBIT_DOGEUSDT_SPOT_2021_2026.csv,1000.0,0.0018,0.1,False
0.012377,435.2703,134.3295,46.1683,100.0,435270342082.7387,464,4710.2,268606.0,33,1.75,5.05,8.96,random,2.68,58.43,random,"[8.29, 8.41, 8.09, 5.49, 6.16, 5.57, 6.44, 5.17, 6.49, 5.51, 6.44, 6.38, 6.86, 8.54, 5.14, 6.72, 6.98, 5.39, 7.04, 5.67, 7.4, 8.67, 5.58, 8.72, 6.22, 5.61, 7.92, 7.21, 5.45, 6.26, 8.4, 8.11, 5.76]","[52.2332, 20.7694, 15.9315, 19.0182, 25.9734, 29.5254, 20.874, 36.4146, 11.9445, 52.8913, 55.7907, 48.6289, 58.434, 35.5692, 11.4406, 4.7415, 28.3662, 4.2761, 4.2679, 29.6273, 48.0369, 17.3523, 49.6973, 51.9441, 49.4219, 25.9156, 33.7657, 50.0525, 2.6764, 43.7498, 15.8847, 41.7095, 3.0756]",C:/Users/Madness/PycharmProjects/Crupto_Data_Joiner/Raw_Data_Spot/BYBIT_DOGEUSDT_SPOT_2021_2026.csv,1000.0,0.0018,0.1,False
0.012375,435.2849,127.3369,27.6941,100.0,435284902341.3198,467,5113.5,268631.0,35,2.5,7.27,9.5,back_heavy,28.57,28.57,flat,"[7.27, 7.27, 7.28, 7.29, 7.3, 7.32, 7.34, 7.36, 7.39, 7.43, 7.46, 7.5, 7.55, 7.6, 7.65, 7.7, 7.76, 7.83, 7.9, 7.97, 8.04, 8.12, 8.2, 8.29, 8.38, 8.48, 8.57, 8.68, 8.78, 8.89, 9.01, 9.12, 9.25, 9.37, 9.5]","[28.5714, 28.5714, 28.5714, 28.5714, 28.5714, 28.5714, 28.5714, 28.5714, 28.5714, 28.5714, 28.5714, 28.5714, 28.5714, 28.5714, 28.5714, 28.5714, 28.5714, 28.5714, 28.5714, 28.5714, 28.5714, 28.5714, 28.5714, 28.5714, 28.5714, 28.5714, 28.5714, 28.5714, 28.5714, 28.5714, 28.5714, 28.5714, 28.5714, 28.5714, 28.5714]",C:/Users/Madness/PycharmProjects/Crupto_Data_Joiner/Raw_Data_Spot/BYBIT_DOGEUSDT_SPOT_2021_2026.csv,1000.0,0.0018,0.1,False
0.012357,432.1003,140.7976,31.4951,100.0,432100268801.777,684,3195.3,267831.0,35,1.85,5.62,6.15,random,12.65,44.65,random,"[6.01, 5.81, 5.73, 5.96, 6.06, 5.89, 5.89, 5.92, 5.83, 5.73, 5.63, 5.91, 6.05, 5.69, 5.94, 5.85, 5.8, 5.71, 5.94, 6.08, 5.75, 6.09, 5.69, 5.65, 5.92, 5.75, 5.64, 5.98, 5.86, 5.85, 5.71, 6.1, 6.04, 5.76, 5.84]","[27.0685, 38.9365, 17.5588, 15.0964, 25.003, 37.8745, 16.8286, 18.8405, 30.7589, 26.5302, 21.7306, 14.9419, 24.276, 12.6454, 40.3694, 17.471, 43.8955, 40.7679, 42.4854, 28.9942, 26.0894, 34.9648, 43.9182, 16.9359, 44.6453, 19.3853, 42.9765, 44.6062, 24.4776, 16.3504, 23.8986, 23.7392, 22.6772, 44.5233, 28.7389]",C:/Users/Madness/PycharmProjects/Crupto_Data_Joiner/Raw_Data_Spot/BYBIT_DOGEUSDT_SPOT_2021_2026.csv,1000.0,0.0018,0.1,False
0.012355,434.5019,136.9593,29.801,100.0,434501873887.3692,643,3713.1,268609.0,33,2.1,6.42,8.45,geometric,24.92,36.03,pyramid,"[6.42, 6.48, 6.53, 6.59, 6.64, 6.7, 6.76, 6.82, 6.88, 6.94, 7.0, 7.06, 7.12, 7.18, 7.24, 7.3, 7.37, 7.43, 7.49, 7.56, 7.62, 7.69, 7.75, 7.82, 7.89, 7.96, 8.03, 8.09, 8.16, 8.24, 8.31, 8.38, 8.45]","[24.9151, 25.6096, 26.3042, 26.9987, 27.6932, 28.3878, 29.0823, 29.7769, 30.4714, 31.1659, 31.8605, 32.555, 33.2496, 33.9441, 34.6386, 35.3332, 36.0277, 35.3332, 34.6386, 33.9441, 33.2496, 32.555, 31.8605, 31.1659, 30.4714, 29.7769, 29.0823, 28.3878, 27.6932, 26.9987, 26.3042, 25.6096, 24.9151]",C:/Users/Madness/PycharmProjects/Crupto_Data_Joiner/Raw_Data_Spot/BYBIT_DOGEUSDT_SPOT_2021_2026.csv,1000.0,0.0018,0.1,False
0.012277,429.2861,283.3553,45.9729,100.0,429286142533.976,2907,821.7,267828.0,32,0.7,2.01,4.2,front_heavy,16.12,46.81,random,"[4.2, 4.13, 4.06, 3.99, 3.92, 3.85, 3.78, 3.71, 3.63, 3.56, 3.49, 3.42, 3.35, 3.28, 3.21, 3.14, 3.07, 3.0, 2.93, 2.86, 2.79, 2.72, 2.65, 2.58, 2.5, 2.43, 2.36, 2.29, 2.22, 2.15, 2.08, 2.01]","[20.6738, 31.2935, 40.1098, 38.9622, 30.4756, 33.6053, 46.0763, 23.4628, 17.6436, 22.4404, 27.3883, 32.1722, 38.2585, 44.5013, 44.1108, 16.6046, 22.6486, 24.1886, 36.118, 24.0393, 19.1965, 30.5014, 44.4885, 46.8113, 25.3804, 38.6011, 16.1183, 43.5324, 20.6978, 30.5585, 25.8151, 43.525]",C:/Users/Madness/PycharmProjects/Crupto_Data_Joiner/Raw_Data_Spot/BYBIT_DOGEUSDT_SPOT_2021_2026.csv,1000.0,0.0018,0.1,False
0.012234,151.6777,73.8225,8.8202,100.0,151677681668.5472,486,4904.4,158897.0,32,5.0,4.44,5.27,random,1.06,61.44,linear_increase,"[4.69, 4.93, 4.99, 4.89, 4.46, 4.66, 4.82, 4.8, 5.14, 5.03, 5.08, 5.23, 4.87, 4.87, 4.53, 4.51, 5.17, 4.81, 4.47, 4.95, 5.17, 4.62, 5.18, 4.44, 4.88, 4.74, 4.97, 5.05, 5.18, 4.63, 4.55, 4.96]","[1.0604, 3.0082, 4.956, 6.9038, 8.851, 10.7988, 12.7466, 14.6944, 16.6422, 18.59, 20.5378, 22.4856, 24.4327, 26.3805, 28.3283, 30.2761, 32.2239, 34.1717, 36.1195, 38.0673, 40.0144, 41.9622, 43.91, 45.8578, 47.8056, 49.7534, 51.7012, 53.649, 55.5962, 57.544, 59.4918, 61.4396]",C:/Users/Madness/PycharmProjects/Crupto_Data_Joiner/Raw_Data_Spot/BYBIT_DOGEUSDT_SPOT_2021_2026.csv,1000.0,0.0018,0.1,False
0.012222,429.7008,133.7215,9.5963,100.0,429700823155.9283,292,8148.4,268564.0,32,7.0,5.04,7.5,back_heavy,4.42,58.08,pyramid,"[5.04, 5.04, 5.05, 5.06, 5.08, 5.1, 5.13, 5.17, 5.2, 5.25, 5.3, 5.35, 5.41, 5.47, 5.54, 5.62, 5.7, 5.78, 5.87, 5.96, 6.06, 6.17, 6.28, 6.39, 6.51, 6.64, 6.77, 6.91, 7.05, 7.19, 7.34, 7.5]","[4.4238, 7.7767, 11.1309, 14.4837, 17.8366, 21.1908, 24.5436, 27.8965, 31.2494, 34.6036, 37.9564, 41.3093, 44.6635, 48.0163, 51.3692, 54.7234, 58.0762, 54.7234, 51.3692, 48.0163, 44.6635, 41.3093, 37.9564, 34.6036, 31.2494, 27.8965, 24.5436, 21.1908, 17.8366, 14.4837, 11.1309, 7.7767]",C:/Users/Madness/PycharmProjects/Crupto_Data_Joiner/Raw_Data_Spot/BYBIT_DOGEUSDT_SPOT_2021_2026.csv,1000.0,0.0018,0.1,False
0.012182,428.4844,116.3321,22.0386,100.0,428484351577.6908,301,7792.6,268629.0,34,3.5,2.91,8.77,front_heavy,29.41,29.41,flat,"[8.77, 8.59, 8.41, 8.24, 8.06, 7.88, 7.7, 7.53, 7.35, 7.17, 6.99, 6.82, 6.64, 6.46, 6.28, 6.11, 5.93, 5.75, 5.57, 5.4, 5.22, 5.04, 4.86, 4.69, 4.51, 4.33, 4.15, 3.98, 3.8, 3.62, 3.44, 3.27, 3.09, 2.91]","[29.4118, 29.4118, 29.4118, 29.4118, 29.4118, 29.4118, 29.4118, 29.4118, 29.4118, 29.4118, 29.4118, 29.4118, 29.4118, 29.4118, 29.4118, 29.4118, 29.4118, 29.4118, 29.4118, 29.4118, 29.4118, 29.4118, 29.4118, 29.4118, 29.4118, 29.4118, 29.4118, 29.4118, 29.4118, 29.4118, 29.4118, 29.4118, 29.4118, 29.4118]",C:/Users/Madness/PycharmProjects/Crupto_Data_Joiner/Raw_Data_Spot/BYBIT_DOGEUSDT_SPOT_2021_2026.csv,1000.0,0.0018,0.1,False
0.012147,424.6204,142.7149,12.4987,100.0,424620381273.9243,452,5282.0,267797.0,34,4.5,3.63,4.56,back_heavy,6.24,52.58,linear_increase,"[3.63, 3.63, 3.63, 3.64, 3.64, 3.65, 3.66, 3.67, 3.68, 3.7, 3.72, 3.73, 3.75, 3.77, 3.8, 3.82, 3.85, 3.88, 3.91, 3.94, 3.97, 4.01, 4.04, 4.08, 4.12, 4.16, 4.21, 4.25, 4.3, 4.35, 4.4, 4.45, 4.5, 4.56]","[6.2435, 7.6464, 9.0528, 10.4556, 11.8585, 13.2649, 14.6677, 16.0741, 17.4769, 18.8798, 20.2862, 21.689, 23.0919, 24.4983, 25.9011, 27.3039, 28.7103, 30.1132, 31.5196, 32.9224, 34.3253, 35.7317, 37.1345, 38.5373, 39.9437, 41.3466, 42.7494, 44.1558, 45.5587, 46.9651, 48.3679, 49.7708, 51.1771, 52.58]",C:/Users/Madness/PycharmProjects/Crupto_Data_Joiner/Raw_Data_Spot/BYBIT_DOGEUSDT_SPOT_2021_2026.csv,1000.0,0.0018,0.1,False
0.012122,423.8837,171.1493,48.6706,100.0,423883717140.1276,1306,1829.0,267836.0,32,1.05,4.43,5.65,front_heavy,22.53,41.67,random,"[5.65, 5.61, 5.57, 5.53, 5.49, 5.45, 5.41, 5.37, 5.34, 5.3, 5.26, 5.22, 5.18, 5.14, 5.1, 5.06, 5.02, 4.98, 4.94, 4.9, 4.86, 4.82, 4.78, 4.74, 4.71, 4.67, 4.63, 4.59, 4.55, 4.51, 4.47, 4.43]","[30.17, 23.409, 27.4792, 33.8416, 35.5463, 23.2779, 27.0859, 27.0439, 26.2047, 27.5894, 41.1113, 22.5331, 40.2983, 33.6213, 30.5529, 27.3324, 32.6772, 36.5795, 32.5513, 33.2804, 39.4014, 25.9267, 31.7383, 37.445, 26.897, 35.3102, 28.7853, 31.6124, 41.6673, 39.6899, 26.168, 23.173]",C:/Users/Madness/PycharmProjects/Crupto_Data_Joiner/Raw_Data_Spot/BYBIT_DOGEUSDT_SPOT_2021_2026.csv,1000.0,0.0018,0.1,False
0.012072,424.463,160.3434,35.6725,100.0,424463002892.8006,815,2930.7,268574.0,34,1.55,2.38,7.94,random,29.41,29.41,flat,"[7.31, 7.7, 4.31, 6.97, 6.02, 5.98, 7.44, 4.69, 7.8, 3.62, 3.85, 2.88, 6.21, 7.72, 5.12, 6.26, 3.97, 5.37, 3.67, 7.87, 7.56, 3.42, 3.11, 7.91, 4.29, 4.49, 7.92, 3.34, 6.68, 6.78, 5.85, 3.28, 6.7, 2.8]","[29.4118, 29.4118, 29.4118, 29.4118, 29.4118, 29.4118, 29.4118, 29.4118, 29.4118, 29.4118, 29.4118, 29.4118, 29.4118, 29.4118, 29.4118, 29.4118, 29.4118, 29.4118, 29.4118, 29.4118, 29.4118, 29.4118, 29.4118, 29.4118, 29.4118, 29.4118, 29.4118, 29.4118, 29.4118, 29.4118, 29.4118, 29.4118, 29.4118, 29.4118]",C:/Users/Madness/PycharmProjects/Crupto_Data_Joiner/Raw_Data_Spot/BYBIT_DOGEUSDT_SPOT_2021_2026.csv,1000.0,0.0018,0.1,False
0.012064,62.2906,35.4719,26.1762,100.0,62290556544.9931,1453,1643.5,102034.0,34,1.3,2.35,6.74,front_heavy,2.65,56.17,linear_increase,"[6.74, 6.61, 6.47, 6.34, 6.21, 6.07, 5.94, 5.81, 5.68, 5.54, 5.41, 5.28, 5.14, 5.01, 4.88, 4.74, 4.61, 4.48, 4.35, 4.21, 4.08, 3.95, 3.81, 3.68, 3.55, 3.41, 3.28, 3.15, 3.02, 2.88, 2.75, 2.62, 2.48, 2.35]","[2.6498, 4.2694, 5.8945, 7.5141, 9.1392, 10.7588, 12.3839, 14.0035, 15.6231, 17.2482, 18.8678, 20.4929, 22.1125, 23.7376, 25.3572, 26.9769, 28.602, 30.2216, 31.8467, 33.4663, 35.0859, 36.711, 38.3306, 39.9557, 41.5753, 43.2004, 44.82, 46.4396, 48.0647, 49.6843, 51.3095, 52.9291, 54.5542, 56.1738]",C:/Users/Madness/PycharmProjects/Crupto_Data_Joiner/Raw_Data_Spot/BYBIT_DOGEUSDT_SPOT_2021_2026.csv,1000.0,0.0018,0.1,False
0.01206,421.7652,191.9825,51.5987,100.0,421765150721.9648,1626,1469.0,267852.0,32,0.85,5.01,7.57,geometric,31.25,31.25,flat,"[5.01, 5.08, 5.15, 5.21, 5.28, 5.35, 5.43, 5.5, 5.57, 5.65, 5.72, 5.8, 5.88, 5.96, 6.04, 6.12, 6.2, 6.28, 6.37, 6.45, 6.54, 6.63, 6.72, 6.81, 6.9, 6.99, 7.08, 7.18, 7.27, 7.37, 7.47, 7.57]","[31.25, 31.25, 31.25, 31.25, 31.25, 31.25, 31.25, 31.25, 31.25, 31.25, 31.25, 31.25, 31.25, 31.25, 31.25, 31.25, 31.25, 31.25, 31.25, 31.25, 31.25, 31.25, 31.25, 31.25, 31.25, 31.25, 31.25, 31.25, 31.25, 31.25, 31.25, 31.25]",C:/Users/Madness/PycharmProjects/Crupto_Data_Joiner/Raw_Data_Spot/BYBIT_DOGEUSDT_SPOT_2021_2026.csv,1000.0,0.0018,0.1,False
0.012045,423.4767,135.0875,31.593,100.0,423476743855.7343,515,4443.9,268571.0,30,2.1,2.46,8.67,front_heavy,33.33,33.33,flat,"[8.67, 8.46, 8.24, 8.03, 7.81, 7.6, 7.39, 7.17, 6.96, 6.74, 6.53, 6.31, 6.1, 5.89, 5.67, 5.46, 5.24, 5.03, 4.82, 4.6, 4.39, 4.17, 3.96, 3.74, 3.53, 3.32, 3.1, 2.89, 2.67, 2.46]","[33.3333, 33.3333, 33.3333, 33.3333, 33.3333, 33.3333, 33.3333, 33.3333, 33.3333, 33.3333, 33.3333, 33.3333, 33.3333, 33.3333, 33.3333, 33.3333, 33.3333, 33.3333, 33.3333, 33.3333, 33.3333, 33.3333, 33.3333, 33.3333, 33.3333, 33.3333, 33.3333, 33.3333, 33.3333, 33.3333]",C:/Users/Madness/PycharmProjects/Crupto_Data_Joiner/Raw_Data_Spot/BYBIT_DOGEUSDT_SPOT_2021_2026.csv,1000.0,0.0018,0.1,False
0.012015,153.4551,177.4148,45.1318,100.0,153455057484.0302,4064,587.7,161299.0,33,0.55,2.8,3.65,front_heavy,7.69,52.92,linear_increase,"[3.65, 3.62, 3.6, 3.57, 3.54, 3.52, 3.49, 3.46, 3.44, 3.41, 3.38, 3.36, 3.33, 3.3, 3.28, 3.25, 3.22, 3.2, 3.17, 3.15, 3.12, 3.09, 3.07, 3.04, 3.01, 2.99, 2.96, 2.93, 2.91, 2.88, 2.85, 2.83, 2.8]","[7.6863, 9.1006, 10.5132, 11.9275, 13.3401, 14.7544, 16.167, 17.5813, 18.9939, 20.4081, 21.8224, 23.235, 24.6493, 26.0619, 27.4762, 28.8888, 30.303, 31.7173, 33.1299, 34.5442, 35.9568, 37.3711, 38.7837, 40.1979, 41.6122, 43.0248, 44.4391, 45.8517, 47.266, 48.6786, 50.0928, 51.5054, 52.9197]",C:/Users/Madness/PycharmProjects/Crupto_Data_Joiner/Raw_Data_Spot/BYBIT_DOGEUSDT_SPOT_2021_2026.csv,1000.0,0.0018,0.1,False
0.012005,419.7584,188.1506,44.9996,100.0,419758433203.3006,1419,1683.4,267831.0,35,1.0,2.96,8.18,random,28.57,28.57,flat,"[4.51, 7.24, 3.47, 5.47, 4.19, 6.24, 6.48, 4.04, 3.38, 3.84, 3.33, 7.93, 3.44, 5.5, 8.13, 5.87, 7.72, 4.25, 4.39, 3.45, 5.29, 6.14, 6.34, 4.36, 4.05, 6.26, 6.11, 5.11, 6.67, 5.86, 3.34, 3.34, 6.31, 6.94, 5.17]","[28.5714, 28.5714, 28.5714, 28.5714, 28.5714, 28.5714, 28.5714, 28.5714, 28.5714, 28.5714, 28.5714, 28.5714, 28.5714, 28.5714, 28.5714, 28.5714, 28.5714, 28.5714, 28.5714, 28.5714, 28.5714, 28.5714, 28.5714, 28.5714, 28.5714, 28.5714, 28.5714, 28.5714, 28.5714, 28.5714, 28.5714, 28.5714, 28.5714, 28.5714, 28.5714]",C:/Users/Madness/PycharmProjects/Crupto_Data_Joiner/Raw_Data_Spot/BYBIT_DOGEUSDT_SPOT_2021_2026.csv,1000.0,0.0018,0.1,False
0.011998,419.4392,400.0603,38.7996,100.0,419439222650.0714,4427,539.5,267801.0,30,0.7,2.77,3.11,geometric,11.64,55.03,pyramid,"[2.77, 2.78, 2.79, 2.8, 2.81, 2.83, 2.84, 2.85, 2.86, 2.87, 2.88, 2.89, 2.91, 2.92, 2.93, 2.94, 2.95, 2.96, 2.98, 2.99, 3.0, 3.01, 3.02, 3.04, 3.05, 3.06, 3.07, 3.09, 3.1, 3.11]","[11.6385, 14.5269, 17.4153, 20.3249, 23.2133, 26.1017, 28.9901, 31.8785, 34.7881, 37.6765, 40.5649, 43.4533, 46.3417, 49.2514, 52.1397, 55.0281, 52.1397, 49.2514, 46.3417, 43.4533, 40.5649, 37.6765, 34.7881, 31.8785, 28.9901, 26.1017, 23.2133, 20.3249, 17.4153, 14.5269]",C:/Users/Madness/PycharmProjects/Crupto_Data_Joiner/Raw_Data_Spot/BYBIT_DOGEUSDT_SPOT_2021_2026.csv,1000.0,0.0018,0.1,False
0.011944,417.5161,262.815,52.5029,100.0,417516113904.9575,9926,240.7,267795.0,30,0.6,0.81,7.14,linear,4.03,62.64,linear_increase,"[0.81, 1.03, 1.25, 1.46, 1.68, 1.9, 2.12, 2.34, 2.56, 2.77, 2.99, 3.21, 3.43, 3.65, 3.87, 4.08, 4.3, 4.52, 4.74, 4.96, 5.18, 5.39, 5.61, 5.83, 6.05, 6.27, 6.49, 6.7, 6.92, 7.14]","[4.0256, 6.0469, 8.0683, 10.089, 12.1104, 14.1317, 16.1531, 18.1744, 20.1952, 22.2165, 24.2379, 26.2592, 28.2806, 30.3013, 32.3227, 34.344, 36.3654, 38.3861, 40.4074, 42.4288, 44.4502, 46.4715, 48.4922, 50.5136, 52.5349, 54.5563, 56.5777, 58.5984, 60.6197, 62.6411]",C:/Users/Madness/PycharmProjects/Crupto_Data_Joiner/Raw_Data_Spot/BYBIT_DOGEUSDT_SPOT_2021_2026.csv,1000.0,0.0018,0.1,False
0.011865,414.7604,168.8199,20.2415,100.0,414760427340.638,1091,2189.3,267798.0,29,2.0,5.09,9.63,geometric,6.91,66.61,random,"[5.09, 5.21, 5.33, 5.45, 5.58, 5.7, 5.84, 5.97, 6.11, 6.25, 6.39, 6.54, 6.69, 6.84, 7.0, 7.16, 7.33, 7.5, 7.67, 7.85, 8.03, 8.21, 8.4, 8.59, 8.79, 8.99, 9.2, 9.41, 9.63]","[8.2014, 43.8798, 38.0625, 6.9064, 39.2489, 51.9269, 23.838, 12.9667, 24.9186, 48.8395, 20.988, 53.3905, 27.0454, 8.0384, 22.2544, 57.9128, 16.6372, 65.4281, 29.7525, 31.8736, 51.2865, 20.1761, 26.9997, 35.1925, 38.9001, 66.6116, 46.5298, 39.1174, 43.0766]",C:/Users/Madness/PycharmProjects/Crupto_Data_Joiner/Raw_Data_Spot/BYBIT_DOGEUSDT_SPOT_2021_2026.csv,1000.0,0.0018,0.1,False
0.011853,416.8423,209.8877,87.1574,100.0,416842290607.9201,1542,1549.0,268602.0,30,0.6,1.02,6.62,front_heavy,14.79,61.05,random,"[6.62, 6.43, 6.23, 6.04, 5.85, 5.65, 5.46, 5.27, 5.08, 4.88, 4.69, 4.5, 4.3, 4.11, 3.92, 3.72, 3.53, 3.34, 3.14, 2.95, 2.76, 2.56, 2.37, 2.18, 1.99, 1.79, 1.6, 1.41, 1.21, 1.02]","[58.786, 22.9384, 48.4758, 29.7781, 20.1963, 48.2625, 54.2254, 29.5621, 14.785, 30.0408, 22.6184, 20.8051, 46.1864, 34.8408, 27.5016, 19.0932, 27.8659, 17.8028, 30.0148, 14.7902, 44.5734, 26.1046, 61.052, 55.4065, 45.1302, 19.5667, 32.5358, 23.2974, 41.2252, 32.5384]",C:/Users/Madness/PycharmProjects/Crupto_Data_Joiner/Raw_Data_Spot/BYBIT_DOGEUSDT_SPOT_2021_2026.csv,1000.0,0.0018,0.1,False
0.011772,411.6384,137.768,27.7512,100.0,411638362093.5059,807,2959.8,267836.0,33,2.0,3.19,8.78,random,18.04,43.33,pyramid,"[5.69, 4.04, 5.34, 7.32, 3.86, 7.66, 6.53, 4.85, 3.39, 7.62, 8.73, 6.02, 5.01, 4.08, 4.79, 8.29, 5.59, 3.8, 5.38, 5.76, 7.07, 7.06, 6.42, 7.75, 4.37, 5.5, 7.85, 5.46, 4.9, 4.53, 6.02, 6.37, 4.1]","[18.0418, 19.6212, 21.2052, 22.7846, 24.364, 25.9434, 27.5228, 29.1068, 30.6862, 32.2656, 33.8496, 35.429, 37.0084, 38.5878, 40.1672, 41.7512, 43.3306, 41.7512, 40.1672, 38.5878, 37.0084, 35.429, 33.8496, 32.2656, 30.6862, 29.1068, 27.5228, 25.9434, 24.364, 22.7846, 21.2052, 19.6212, 18.0418]",C:/Users/Madness/PycharmProjects/Crupto_Data_Joiner/Raw_Data_Spot/BYBIT_DOGEUSDT_SPOT_2021_2026.csv,1000.0,0.0018,0.1,False
0.011712,411.8883,119.8298,20.8211,100.0,411888257290.0046,283,8377.7,268603.0,34,3.5,3.89,8.36,front_heavy,29.41,29.41,flat,"[8.36, 8.22, 8.09, 7.95, 7.82, 7.68, 7.55, 7.41, 7.28, 7.14, 7.01, 6.87, 6.73, 6.6, 6.46, 6.33, 6.19, 6.06, 5.92, 5.79, 5.65, 5.52, 5.38, 5.24, 5.11, 4.97, 4.84, 4.7, 4.57, 4.43, 4.3, 4.16, 4.03, 3.89]","[29.4118, 29.4118, 29.4118, 29.4118, 29.4118, 29.4118, 29.4118, 29.4118, 29.4118, 29.4118, 29.4118, 29.4118, 29.4118, 29.4118, 29.4118, 29.4118, 29.4118, 29.4118, 29.4118, 29.4118, 29.4118, 29.4118, 29.4118, 29.4118, 29.4118, 29.4118, 29.4118, 29.4118, 29.4118, 29.4118, 29.4118, 29.4118, 29.4118, 29.4118]",C:/Users/Madness/PycharmProjects/Crupto_Data_Joiner/Raw_Data_Spot/BYBIT_DOGEUSDT_SPOT_2021_2026.csv,1000.0,0.0018,0.1,False
0.011708,61.0639,32.2419,14.9355,100.0,61063927082.108,956,2497.5,102557.0,33,2.3,2.84,9.05,random,1.34,59.26,linear_increase,"[7.71, 4.35, 3.98, 8.96, 7.21, 6.68, 7.06, 4.21, 5.07, 6.87, 5.75, 3.25, 3.33, 3.96, 5.34, 4.58, 7.09, 4.52, 8.78, 6.95, 8.81, 8.51, 8.65, 2.96, 6.97, 8.29, 4.34, 4.69, 8.4, 7.01, 5.33, 7.7, 8.93]","[1.3438, 3.1532, 4.964, 6.7733, 8.5841, 10.3935, 12.2029, 14.0137, 15.8231, 17.6339, 19.4432, 21.2526, 23.0634, 24.8728, 26.6836, 28.493, 30.3023, 32.1131, 33.9225, 35.7333, 37.5427, 39.3535, 41.1629, 42.9722, 44.783, 46.5924, 48.4032, 50.2126, 52.022, 53.8328, 55.6421, 57.453, 59.2623]",C:/Users/Madness/PycharmProjects/Crupto_Data_Joiner/Raw_Data_Spot/BYBIT_DOGEUSDT_SPOT_2021_2026.csv,1000.0,0.0018,0.1,False
0.01169,411.0733,130.5659,26.9261,100.0,411073278882.0501,493,4844.9,268596.0,35,2.3,4.82,7.43,front_heavy,28.57,28.57,flat,"[7.43, 7.35, 7.28, 7.2, 7.12, 7.05, 6.97, 6.89, 6.82, 6.74, 6.66, 6.59, 6.51, 6.43, 6.36, 6.28, 6.2, 6.12, 6.05, 5.97, 5.89, 5.82, 5.74, 5.66, 5.59, 5.51, 5.43, 5.36, 5.28, 5.2, 5.13, 5.05, 4.97, 4.9, 4.82]","[28.5714, 28.5714, 28.5714, 28.5714, 28.5714, 28.5714, 28.5714, 28.5714, 28.5714, 28.5714, 28.5714, 28.5714, 28.5714, 28.5714, 28.5714, 28.5714, 28.5714, 28.5714, 28.5714, 28.5714, 28.5714, 28.5714, 28.5714, 28.5714, 28.5714, 28.5714, 28.5714, 28.5714, 28.5714, 28.5714, 28.5714, 28.5714, 28.5714, 28.5714, 28.5714]",C:/Users/Madness/PycharmProjects/Crupto_Data_Joiner/Raw_Data_Spot/BYBIT_DOGEUSDT_SPOT_2021_2026.csv,1000.0,0.0018,0.1,False
0.011603,148.2605,89.409,11.9687,100.0,148260494046.0333,1096,2178.4,161335.0,35,2.9,3.13,7.94,linear,0.9,56.25,linear_increase,"[3.13, 3.27, 3.41, 3.55, 3.7, 3.84, 3.98, 4.12, 4.26, 4.4, 4.54, 4.69, 4.83, 4.97, 5.11, 5.25, 5.39, 5.54, 5.68, 5.82, 5.96, 6.1, 6.24, 6.38, 6.53, 6.67, 6.81, 6.95, 7.09, 7.23, 7.37, 7.52, 7.66, 7.8, 7.94]","[0.8965, 2.5241, 4.1525, 5.7801, 7.4085, 9.0361, 10.6638, 12.2921, 13.9198, 15.5481, 17.1758, 18.8041, 20.4318, 22.0594, 23.6878, 25.3154, 26.9438, 28.5714, 30.1991, 31.8274, 33.4551, 35.0834, 36.7111, 38.3388, 39.9671, 41.5947, 43.2231, 44.8507, 46.4791, 48.1067, 49.7344, 51.3627, 52.9904, 54.6187, 56.2464]",C:/Users/Madness/PycharmProjects/Crupto_Data_Joiner/Raw_Data_Spot/BYBIT_DOGEUSDT_SPOT_2021_2026.csv,1000.0,0.0018,0.1,False
0.011572,404.6308,206.4535,41.1176,100.0,404630815241.7873,1790,1334.4,267826.0,32,0.95,3.99,4.18,linear,21.55,43.4,geometric_increase,"[3.99, 4.0, 4.0, 4.01, 4.01, 4.02, 4.03, 4.03, 4.04, 4.05, 4.05, 4.06, 4.06, 4.07, 4.08, 4.08, 4.09, 4.09, 4.1, 4.11, 4.11, 4.12, 4.12, 4.13, 4.14, 4.14, 4.15, 4.16, 4.16, 4.17, 4.17, 4.18]","[21.5476, 22.0397, 22.5444, 23.0586, 23.5856, 24.1252, 24.6744, 25.2394, 25.814, 26.4044, 27.0076, 27.6266, 28.2551, 28.9027, 29.5629, 30.2359, 30.9279, 31.6358, 32.3564, 33.096, 33.8515, 34.626, 35.4165, 36.2259, 37.0544, 37.8988, 38.7654, 39.6511, 40.5558, 41.4827, 42.4318, 43.4]",C:/Users/Madness/PycharmProjects/Crupto_Data_Joiner/Raw_Data_Spot/BYBIT_DOGEUSDT_SPOT_2021_2026.csv,1000.0,0.0018,0.1,False
0.011548,404.8383,586.0272,44.4043,100.0,404838338541.851,18399,129.9,268176.0,34,0.45,0.95,1.53,linear,3.12,55.7,linear_increase,"[0.95, 0.97, 0.99, 1.0, 1.02, 1.04, 1.06, 1.07, 1.09, 1.11, 1.13, 1.14, 1.16, 1.18, 1.2, 1.21, 1.23, 1.25, 1.27, 1.28, 1.3, 1.32, 1.34, 1.35, 1.37, 1.39, 1.41, 1.42, 1.44, 1.46, 1.48, 1.49, 1.51, 1.53]","[3.1238, 4.7164, 6.3104, 7.9029, 9.4969, 11.0895, 12.6835, 14.276, 15.87, 17.4626, 19.0566, 20.6491, 22.2417, 23.8357, 25.4282, 27.0222, 28.6148, 30.2088, 31.8013, 33.3953, 34.9879, 36.5819, 38.1744, 39.767, 41.361, 42.9535, 44.5475, 46.14, 47.7341, 49.3266, 50.9206, 52.5131, 54.1071, 55.6997]",C:/Users/Madness/PycharmProjects/Crupto_Data_Joiner/Raw_Data_Spot/BYBIT_DOGEUSDT_SPOT_2021_2026.csv,1000.0,0.0018,0.1,False
0.011539,148.7945,110.7949,64.959,100.0,148794488749.53,1922,1242.7,162077.0,31,0.6,0.77,7.96,front_heavy,16.32,49.26,pyramid,"[7.96, 7.72, 7.48, 7.24, 7.0, 6.76, 6.52, 6.28, 6.04, 5.8, 5.56, 5.32, 5.08, 4.84, 4.6, 4.36, 4.13, 3.89, 3.65, 3.41, 3.17, 2.93, 2.69, 2.45, 2.21, 1.97, 1.73, 1.49, 1.25, 1.01, 0.77]","[16.3167, 18.5138, 20.7109, 22.908, 25.1051, 27.3022, 29.4993, 31.6965, 33.8824, 36.0795, 38.2767, 40.4738, 42.6709, 44.868, 47.0651, 49.2622, 47.0651, 44.868, 42.6709, 40.4738, 38.2767, 36.0795, 33.8824, 31.6965, 29.4993, 27.3022, 25.1051, 22.908, 20.7109, 18.5138, 16.3167]",C:/Users/Madness/PycharmProjects/Crupto_Data_Joiner/Raw_Data_Spot/BYBIT_DOGEUSDT_SPOT_2021_2026.csv,1000.0,0.0018,0.1,False
0.011521,148.6014,53.1777,8.0136,100.0,148601354764.3718,280,8512.7,162105.0,33,7.5,5.39,7.23,geometric,0.9,59.71,linear_increase,"[5.39, 5.44, 5.49, 5.54, 5.59, 5.64, 5.7, 5.75, 5.8, 5.85, 5.91, 5.96, 6.02, 6.07, 6.13, 6.19, 6.24, 6.3, 6.36, 6.42, 6.48, 6.54, 6.6, 6.66, 6.72, 6.78, 6.84, 6.91, 6.97, 7.03, 7.1, 7.16, 7.23]","[0.8954, 2.7332, 4.5711, 6.4089, 8.2467, 10.0845, 11.9223, 13.7602, 15.598, 17.4383, 19.2761, 21.1139, 22.9517, 24.7896, 26.6274, 28.4652, 30.303, 32.1409, 33.9787, 35.8165, 37.6543, 39.4921, 41.33, 43.1678, 45.0081, 46.8459, 48.6837, 50.5215, 52.3594, 54.1972, 56.035, 57.8728, 59.7106]",C:/Users/Madness/PycharmProjects/Crupto_Data_Joiner/Raw_Data_Spot/BYBIT_DOGEUSDT_SPOT_2021_2026.csv,1000.0,0.0018,0.1,False
0.011518,405.06,164.1886,45.2864,100.0,405059979629.2834,1200,1990.5,268600.0,34,1.1,5.04,7.02,random,29.41,29.41,flat,"[6.96, 5.29, 5.62, 5.37, 5.92, 5.54, 6.85, 5.98, 6.12, 6.7, 5.27, 5.09, 6.06, 5.91, 6.09, 6.75, 6.89, 5.31, 5.94, 6.6, 5.74, 6.33, 5.18, 5.54, 5.74, 6.91, 5.69, 6.23, 6.42, 6.09, 6.67, 6.36, 5.81, 5.11]","[29.4118, 29.4118, 29.4118, 29.4118, 29.4118, 29.4118, 29.4118, 29.4118, 29.4118, 29.4118, 29.4118, 29.4118, 29.4118, 29.4118, 29.4118, 29.4118, 29.4118, 29.4118, 29.4118, 29.4118, 29.4118, 29.4118, 29.4118, 29.4118, 29.4118, 29.4118, 29.4118, 29.4118, 29.4118, 29.4118, 29.4118, 29.4118, 29.4118, 29.4118]",C:/Users/Madness/PycharmProjects/Crupto_Data_Joiner/Raw_Data_Spot/BYBIT_DOGEUSDT_SPOT_2021_2026.csv,1000.0,0.0018,0.1,False
0.011516,147.0856,126.6921,49.8849,100.0,147085569897.3204,3093,772.2,161303.0,35,0.6,2.49,3.98,front_heavy,8.88,65.4,geometric_increase,"[3.98, 3.94, 3.89, 3.85, 3.8, 3.76, 3.72, 3.67, 3.63, 3.59, 3.54, 3.5, 3.45, 3.41, 3.37, 3.32, 3.28, 3.24, 3.19, 3.15, 3.1, 3.06, 3.02, 2.97, 2.93, 2.88, 2.84, 2.8, 2.75, 2.71, 2.67, 2.62, 2.58, 2.53, 2.49]","[8.8835, 9.42, 9.99, 10.5954, 11.2343, 11.9149, 12.6352, 13.3993, 14.2094, 15.0695, 15.9798, 16.9464, 17.9715, 19.0593, 20.2117, 21.433, 22.7296, 24.1033, 25.5627, 27.1076, 28.7465, 30.4856, 32.3291, 34.2833, 36.3585, 38.5569, 40.889, 43.3609, 45.9831, 48.764, 51.712, 54.8395, 58.1569, 61.6748, 65.4036]",C:/Users/Madness/PycharmProjects/Crupto_Data_Joiner/Raw_Data_Spot/BYBIT_DOGEUSDT_SPOT_2021_2026.csv,1000.0,0.0018,0.1,False
0.011467,400.9701,265.7341,70.0128,100.0,400970088939.4076,3107,768.8,267835.0,30,0.5,3.88,8.11,back_heavy,33.33,33.33,flat,"[3.88, 3.89, 3.9, 3.93, 3.96, 4.01, 4.06, 4.13, 4.2, 4.29, 4.38, 4.49, 4.6, 4.73, 4.87, 5.01, 5.17, 5.33, 5.51, 5.7, 5.89, 6.1, 6.31, 6.54, 6.78, 7.02, 7.28, 7.55, 7.82, 8.11]","[33.3333, 33.3333, 33.3333, 33.3333, 33.3333, 33.3333, 33.3333, 33.3333, 33.3333, 33.3333, 33.3333, 33.3333, 33.3333, 33.3333, 33.3333, 33.3333, 33.3333, 33.3333, 33.3333, 33.3333, 33.3333, 33.3333, 33.3333, 33.3333, 33.3333, 33.3333, 33.3333, 33.3333, 33.3333, 33.3333]",C:/Users/Madness/PycharmProjects/Crupto_Data_Joiner/Raw_Data_Spot/BYBIT_DOGEUSDT_SPOT_2021_2026.csv,1000.0,0.0018,0.1,False
0.011458,402.9402,137.2873,27.6395,100.0,402940160938.2558,602,3965.9,268604.0,32,2.1,4.85,7.86,random,24.73,37.77,linear_increase,"[6.79, 6.59, 5.59, 6.9, 6.84, 5.28, 6.53, 6.39, 6.71, 5.91, 4.99, 6.0, 6.05, 4.97, 6.98, 6.84, 4.86, 6.56, 5.54, 5.08, 6.62, 5.25, 4.94, 7.8, 7.39, 6.95, 7.41, 7.48, 7.01, 5.83, 7.74, 5.95]","[24.7345, 25.1545, 25.5745, 25.9946, 26.4146, 26.8346, 27.2546, 27.6746, 28.0999, 28.5199, 28.9399, 29.3599, 29.7799, 30.2, 30.62, 31.04, 31.46, 31.88, 32.3, 32.7201, 33.1401, 33.5601, 33.9801, 34.4001, 34.8254, 35.2454, 35.6654, 36.0854, 36.5054, 36.9255, 37.3455, 37.7655]",C:/Users/Madness/PycharmProjects/Crupto_Data_Joiner/Raw_Data_Spot/BYBIT_DOGEUSDT_SPOT_2021_2026.csv,1000.0,0.0018,0.1,False
0.011407,398.8662,229.7938,39.3083,100.0,398866154299.4903,3063,779.8,267835.0,32,0.85,2.36,6.7,geometric,11.97,50.53,linear_increase,"[2.36, 2.44, 2.52, 2.61, 2.7, 2.79, 2.89, 2.99, 3.09, 3.2, 3.3, 3.42, 3.53, 3.66, 3.78, 3.91, 4.04, 4.18, 4.33, 4.47, 4.63, 4.79, 4.95, 5.12, 5.29, 5.47, 5.66, 5.86, 6.06, 6.26, 6.48, 6.7]","[11.9712, 13.2193, 14.454, 15.7022, 16.9503, 18.185, 19.4331, 20.6812, 21.9159, 23.1641, 24.4122, 25.6469, 26.895, 28.1431, 29.3778, 30.6259, 31.8741, 33.1222, 34.3569, 35.605, 36.8531, 38.0878, 39.3359, 40.5841, 41.8188, 43.0669, 44.315, 45.5497, 46.7978, 48.046, 49.2807, 50.5288]",C:/Users/Madness/PycharmProjects/Crupto_Data_Joiner/Raw_Data_Spot/BYBIT_DOGEUSDT_SPOT_2021_2026.csv,1000.0,0.0018,0.1,False
0.011405,401.1012,144.3554,16.5132,100.0,401101241814.2114,713,3204.9,268604.0,30,2.8,6.07,9.72,linear,3.57,57.7,random,"[6.07, 6.2, 6.32, 6.45, 6.57, 6.7, 6.83, 6.95, 7.08, 7.2, 7.33, 7.45, 7.58, 7.71, 7.83, 7.96, 8.08, 8.21, 8.34, 8.46, 8.59, 8.71, 8.84, 8.96, 9.09, 9.22, 9.34, 9.47, 9.59, 9.72]","[7.3477, 42.3803, 33.0242, 57.6986, 10.7543, 4.2877, 14.9848, 42.4755, 51.6227, 48.7298, 10.2579, 47.3496, 35.7873, 46.5736, 22.9993, 41.3488, 53.2318, 39.4602, 31.3326, 54.6966, 45.8289, 34.6327, 28.9142, 28.8742, 3.5697, 49.4518, 36.6898, 55.2822, 11.7133, 8.6999]",C:/Users/Madness/PycharmProjects/Crupto_Data_Joiner/Raw_Data_Spot/BYBIT_DOGEUSDT_SPOT_2021_2026.csv,1000.0,0.0018,0.1,False
0.011337,144.8096,138.0154,54.3481,100.0,144809579050.5267,4087,584.5,161304.0,30,0.5,3.4,7.39,back_heavy,8.6,83.23,geometric_increase,"[3.4, 3.4, 3.42, 3.44, 3.48, 3.52, 3.57, 3.63, 3.7, 3.78, 3.87, 3.97, 4.08, 4.2, 4.33, 4.47, 4.61, 4.77, 4.94, 5.11, 5.3, 5.49, 5.7, 5.91, 6.13, 6.37, 6.61, 6.86, 7.12, 7.39]","[8.6035, 9.303, 10.0616, 10.8793, 11.7651, 12.7235, 13.7592, 14.879, 16.0895, 17.4001, 18.8173, 20.3481, 22.0039, 23.7959, 25.7333, 27.8274, 30.0918, 32.5425, 35.1908, 38.0548, 41.1528, 44.5029, 48.1255, 52.0412, 56.2771, 60.8582, 65.8118, 71.1696, 76.9636, 83.2277]",C:/Users/Madness/PycharmProjects/Crupto_Data_Joiner/Raw_Data_Spot/BYBIT_DOGEUSDT_SPOT_2021_2026.csv,1000.0,0.0018,0.1,False
0.011336,398.7313,128.6646,25.2337,100.0,398731274393.5136,379,6038.5,268629.0,31,2.6,6.79,9.26,random,32.26,32.26,flat,"[9.12, 8.2, 8.04, 7.18, 8.11, 8.29, 8.65, 7.32, 8.49, 7.84, 8.85, 7.29, 7.32, 8.59, 6.94, 7.46, 7.09, 7.2, 8.96, 8.8, 7.97, 8.12, 8.55, 7.48, 7.75, 9.0, 6.87, 7.3, 7.18, 6.9, 6.96]","[32.2581, 32.2581, 32.2581, 32.2581, 32.2581, 32.2581, 32.2581, 32.2581, 32.2581, 32.2581, 32.2581, 32.2581, 32.2581, 32.2581, 32.2581, 32.2581, 32.2581, 32.2581, 32.2581, 32.2581, 32.2581, 32.2581, 32.2581, 32.2581, 32.2581, 32.2581, 32.2581, 32.2581, 32.2581, 32.2581, 32.2581]",C:/Users/Madness/PycharmProjects/Crupto_Data_Joiner/Raw_Data_Spot/BYBIT_DOGEUSDT_SPOT_2021_2026.csv,1000.0,0.0018,0.1,False
0.011334,398.6489,153.6653,56.8783,100.0,398648878296.9816,768,2873.9,268628.0,31,1.1,0.88,8.52,front_heavy,2.37,58.63,random,"[8.52, 8.27, 8.01, 7.76, 7.5, 7.25, 6.99, 6.74, 6.48, 6.23, 5.97, 5.72, 5.46, 5.21, 4.95, 4.7, 4.45, 4.19, 3.94, 3.68, 3.43, 3.17, 2.92, 2.66, 2.41, 2.15, 1.9, 1.64, 1.39, 1.13, 0.88]","[49.3451, 52.6141, 34.645, 11.884, 35.861, 34.5701, 24.8344, 39.1215, 17.3557, 12.8513, 35.9033, 48.2015, 20.83, 13.0071, 2.3741, 58.599, 23.2923, 50.7979, 16.2157, 47.1763, 16.1674, 18.9944, 19.2251, 13.5131, 51.2084, 45.4446, 15.9887, 56.2623, 18.1587, 58.6256, 56.9325]",C:/Users/Madness/PycharmProjects/Crupto_Data_Joiner/Raw_Data_Spot/BYBIT_DOGEUSDT_SPOT_2021_2026.csv,1000.0,0.0018,0.1,False
0.011332,396.2537,250.1852,72.786,100.0,396253716384.9423,2172,1099.8,267831.0,33,0.55,2.44,4.33,front_heavy,15.14,44.46,random,"[4.33, 4.27, 4.21, 4.15, 4.09, 4.03, 3.98, 3.92, 3.86, 3.8, 3.74, 3.68, 3.62, 3.56, 3.5, 3.44, 3.38, 3.33, 3.27, 3.21, 3.15, 3.09, 3.03, 2.97, 2.91, 2.85, 2.79, 2.74, 2.68, 2.62, 2.56, 2.5, 2.44]","[43.0365, 22.1421, 16.1518, 35.2649, 23.6678, 39.3987, 33.4235, 20.6163, 29.4551, 30.4547, 38.4592, 21.2702, 36.9185, 34.5885, 15.1372, 34.8816, 23.6828, 21.4882, 44.457, 16.5427, 25.434, 22.4201, 30.5599, 42.6982, 22.5103, 16.7531, 36.212, 39.1808, 43.4047, 38.8425, 17.6776, 44.1188, 39.1507]",C:/Users/Madness/PycharmProjects/Crupto_Data_Joiner/Raw_Data_Spot/BYBIT_DOGEUSDT_SPOT_2021_2026.csv,1000.0,0.0018,0.1,False
0.011307,397.6722,103.8873,13.1878,100.0,397672214423.7516,296,8069.9,268613.0,32,5.5,4.2,4.91,linear,8.54,76.07,geometric_increase,"[4.2, 4.22, 4.25, 4.27, 4.29, 4.31, 4.34, 4.36, 4.38, 4.41, 4.43, 4.45, 4.47, 4.5, 4.52, 4.54, 4.57, 4.59, 4.61, 4.64, 4.66, 4.68, 4.7, 4.73, 4.75, 4.77, 4.8, 4.82, 4.84, 4.86, 4.89, 4.91]","[8.5398, 9.1641, 9.8339, 10.5532, 11.3238, 12.1523, 13.0397, 13.9936, 15.016, 16.1134, 17.2916, 18.5553, 19.9121, 21.3677, 22.9287, 24.6048, 26.4034, 28.3341, 30.4044, 32.6268, 35.0117, 37.5713, 40.3172, 43.2646, 46.4276, 49.8205, 53.4624, 57.3703, 61.5642, 66.0641, 70.8927, 76.0747]",C:/Users/Madness/PycharmProjects/Crupto_Data_Joiner/Raw_Data_Spot/BYBIT_DOGEUSDT_SPOT_2021_2026.csv,1000.0,0.0018,0.1,False
0.011269,396.3893,172.3065,29.8463,100.0,396389318178.9848,1008,2369.0,268628.0,35,1.55,3.22,6.75,front_heavy,5.23,52.55,random,"[6.75, 6.65, 6.54, 6.44, 6.33, 6.23, 6.13, 6.02, 5.92, 5.82, 5.71, 5.61, 5.5, 5.4, 5.3, 5.19, 5.09, 4.98, 4.88, 4.78, 4.67, 4.57, 4.47, 4.36, 4.26, 4.15, 4.05, 3.95, 3.84, 3.74, 3.64, 3.53, 3.43, 3.32, 3.22]","[19.3652, 42.4686, 47.5991, 6.8022, 29.9494, 38.9219, 36.1332, 49.6417, 45.3211, 13.1575, 10.9154, 5.2303, 20.4862, 25.134, 21.4198, 19.4729, 5.8207, 24.6593, 30.3045, 11.442, 12.6149, 49.8093, 46.0113, 33.6198, 7.8155, 32.3711, 52.5541, 32.2474, 49.7814, 35.3273, 42.4885, 22.7922, 17.7774, 36.4164, 24.1287]",C:/Users/Madness/PycharmProjects/Crupto_Data_Joiner/Raw_Data_Spot/BYBIT_DOGEUSDT_SPOT_2021_2026.csv,1000.0,0.0018,0.1,False
0.011143,389.5529,228.8639,35.7783,100.0,389552908084.5757,2494,957.5,267806.0,34,0.95,3.93,6.06,geometric,3.25,49.6,random,"[3.93, 3.98, 4.03, 4.09, 4.14, 4.2, 4.25, 4.31, 4.37, 4.42, 4.48, 4.54, 4.6, 4.66, 4.72, 4.79, 4.85, 4.91, 4.98, 5.04, 5.11, 5.18, 5.25, 5.31, 5.38, 5.46, 5.53, 5.6, 5.68, 5.75, 5.83, 5.9, 5.98, 6.06]","[12.8349, 24.6691, 28.4198, 42.0056, 20.5498, 46.1779, 14.874, 3.2549, 21.9175, 49.5956, 40.1016, 47.2775, 48.4262, 39.4864, 18.8712, 38.895, 12.4867, 40.5297, 21.4644, 32.2121, 41.2839, 39.7686, 48.9209, 8.0657, 4.2545, 10.1427, 42.7435, 42.5483, 7.6981, 44.5718, 17.876, 23.6349, 40.8535, 23.5879]",C:/Users/Madness/PycharmProjects/Crupto_Data_Joiner/Raw_Data_Spot/BYBIT_DOGEUSDT_SPOT_2021_2026.csv,1000.0,0.0018,0.1,False
0.011092,387.8765,340.7217,54.5678,100.0,387876483245.363,7043,339.1,267835.0,30,0.5,1.69,7.36,linear,10.67,55.99,pyramid,"[1.69, 1.89, 2.08, 2.28, 2.47, 2.67, 2.86, 3.06, 3.25, 3.45, 3.65, 3.84, 4.04, 4.23, 4.43, 4.62, 4.82, 5.01, 5.21, 5.4, 5.6, 5.8, 5.99, 6.19, 6.38, 6.58, 6.77, 6.97, 7.16, 7.36]","[10.6725, 13.6947, 16.7153, 19.7375, 22.758, 25.7803, 28.8008, 31.8231, 34.8436, 37.8659, 40.8864, 43.9086, 46.9291, 49.9514, 52.9719, 55.9942, 52.9719, 49.9514, 46.9291, 43.9086, 40.8864, 37.8659, 34.8436, 31.8231, 28.8008, 25.7803, 22.758, 19.7375, 16.7153, 13.6947]",C:/Users/Madness/PycharmProjects/Crupto_Data_Joiner/Raw_Data_Spot/BYBIT_DOGEUSDT_SPOT_2021_2026.csv,1000.0,0.0018,0.1,False
0.011088,387.7165,207.4553,62.2219,100.0,387716471184.0342,2248,1062.6,267831.0,33,0.65,4.33,5.69,random,30.3,30.3,flat,"[4.72, 4.41, 4.97, 4.7, 5.0, 5.1, 4.75, 4.48, 5.11, 4.53, 4.87, 5.47, 5.68, 4.48, 4.43, 5.53, 4.44, 5.67, 4.6, 4.59, 5.25, 4.78, 5.46, 5.28, 5.62, 4.72, 4.61, 4.41, 5.5, 4.93, 4.96, 4.98, 4.6]","[30.303, 30.303, 30.303, 30.303, 30.303, 30.303, 30.303, 30.303, 30.303, 30.303, 30.303, 30.303, 30.303, 30.303, 30.303, 30.303, 30.303, 30.303, 30.303, 30.303, 30.303, 30.303, 30.303, 30.303, 30.303, 30.303, 30.303, 30.303, 30.303, 30.303, 30.303, 30.303, 30.303]",C:/Users/Madness/PycharmProjects/Crupto_Data_Joiner/Raw_Data_Spot/BYBIT_DOGEUSDT_SPOT_2021_2026.csv,1000.0,0.0018,0.1,False
0.011064,138.4836,59.2693,17.6607,100.0,138483566811.271,553,4319.5,159663.0,32,2.8,2.6,9.03,random,5.81,89.85,geometric_increase,"[6.66, 7.47, 6.7, 5.08, 5.48, 3.43, 4.48, 5.89, 4.13, 2.85, 5.76, 5.53, 2.86, 3.56, 8.84, 3.44, 8.32, 7.7, 5.63, 5.18, 7.66, 3.23, 7.73, 8.93, 6.21, 2.89, 4.12, 8.29, 3.81, 4.6, 7.64, 2.65]","[5.8148, 6.3508, 6.9379, 7.5781, 8.2789, 9.0422, 9.8775, 10.7904, 11.7867, 12.8739, 14.0634, 15.3608, 16.7795, 18.3288, 20.0221, 21.8707, 23.8898, 26.0944, 28.5037, 31.1364, 34.0116, 37.1519, 40.5821, 44.3285, 48.4216, 52.8916, 57.7763, 63.11, 68.938, 75.3021, 82.2551, 89.8503]",C:/Users/Madness/PycharmProjects/Crupto_Data_Joiner/Raw_Data_Spot/BYBIT_DOGEUSDT_SPOT_2021_2026.csv,1000.0,0.0018,0.1,False
0.011044,142.9999,41.1319,13.4863,100.0,142999885855.584,243,9756.7,162417.0,35,5.5,0.69,8.17,front_heavy,5.36,51.78,linear_increase,"[8.17, 7.95, 7.73, 7.51, 7.29, 7.07, 6.85, 6.63, 6.41, 6.19, 5.97, 5.75, 5.53, 5.31, 5.09, 4.87, 4.65, 4.43, 4.21, 3.99, 3.77, 3.55, 3.33, 3.11, 2.89, 2.67, 2.45, 2.23, 2.01, 1.79, 1.57, 1.35, 1.13, 0.91, 0.69]","[5.3599, 6.7251, 8.0909, 9.456, 10.8218, 12.1869, 13.552, 14.9178, 16.283, 17.6481, 19.0139, 20.379, 21.7448, 23.1099, 24.4751, 25.8408, 27.206, 28.5711, 29.9369, 31.302, 32.6678, 34.0329, 35.3981, 36.7639, 38.129, 39.4948, 40.8599, 42.225, 43.5908, 44.956, 46.3211, 47.6869, 49.052, 50.4178, 51.7829]",C:/Users/Madness/PycharmProjects/Crupto_Data_Joiner/Raw_Data_Spot/BYBIT_DOGEUSDT_SPOT_2021_2026.csv,1000.0,0.0018,0.1,False
0.010992,141.8197,57.7757,19.2464,100.0,141819728422.9195,624,3827.8,162128.0,35,2.6,6.13,7.71,back_heavy,5.48,51.67,linear_increase,"[6.13, 6.13, 6.14, 6.14, 6.15, 6.16, 6.18, 6.2, 6.22, 6.24, 6.27, 6.3, 6.33, 6.36, 6.4, 6.44, 6.48, 6.52, 6.57, 6.62, 6.68, 6.73, 6.79, 6.85, 6.92, 6.98, 7.05, 7.13, 7.2, 7.28, 7.36, 7.44, 7.53, 7.62, 7.71]","[5.4751, 6.8342, 8.192, 9.5511, 10.9089, 12.268, 13.6272, 14.9849, 16.3441, 17.7032, 19.061, 20.4201, 21.7779, 23.137, 24.4961, 25.8539, 27.213, 28.5708, 29.9299, 31.289, 32.6468, 34.0059, 35.365, 36.7228, 38.0819, 39.4397, 40.7988, 42.158, 43.5157, 44.8749, 46.234, 47.5918, 48.9509, 50.3087, 51.6678]",C:/Users/Madness/PycharmProjects/Crupto_Data_Joiner/Raw_Data_Spot/BYBIT_DOGEUSDT_SPOT_2021_2026.csv,1000.0,0.0018,0.1,False
0.010985,386.3225,129.4875,32.1618,100.0,386322518870.4808,704,3391.5,268609.0,31,1.85,6.23,8.67,linear,23.9,42.29,geometric_increase,"[6.23, 6.31, 6.39, 6.47, 6.56, 6.64, 6.72, 6.8, 6.88, 6.96, 7.04, 7.12, 7.21, 7.29, 7.37, 7.45, 7.53, 7.61, 7.69, 7.78, 7.86, 7.94, 8.02, 8.1, 8.18, 8.26, 8.34, 8.43, 8.51, 8.59, 8.67]","[23.9048, 24.3637, 24.8322, 25.308, 25.7933, 26.2883, 26.7953, 27.3094, 27.8332, 28.3666, 28.9121, 29.4671, 30.0317, 30.6084, 31.1971, 31.7953, 32.4056, 33.0279, 33.6623, 34.3086, 34.9694, 35.6397, 36.3245, 37.0213, 37.7325, 38.4557, 39.1958, 39.9478, 40.7143, 41.4952, 42.2929]",C:/Users/Madness/PycharmProjects/Crupto_Data_Joiner/Raw_Data_Spot/BYBIT_DOGEUSDT_SPOT_2021_2026.csv,1000.0,0.0018,0.1,False
0.010963,385.528,129.9106,39.1286,100.0,385527984780.9046,723,3303.9,268597.0,32,1.55,7.68,9.13,linear,31.25,31.25,flat,"[7.68, 7.73, 7.77, 7.82, 7.87, 7.91, 7.96, 8.01, 8.05, 8.1, 8.15, 8.19, 8.24, 8.29, 8.33, 8.38, 8.43, 8.48, 8.52, 8.57, 8.62, 8.66, 8.71, 8.76, 8.8, 8.85, 8.9, 8.94, 8.99, 9.04, 9.08, 9.13]","[31.25, 31.25, 31.25, 31.25, 31.25, 31.25, 31.25, 31.25, 31.25, 31.25, 31.25, 31.25, 31.25, 31.25, 31.25, 31.25, 31.25, 31.25, 31.25, 31.25, 31.25, 31.25, 31.25, 31.25, 31.25, 31.25, 31.25, 31.25, 31.25, 31.25, 31.25, 31.25]",C:/Users/Madness/PycharmProjects/Crupto_Data_Joiner/Raw_Data_Spot/BYBIT_DOGEUSDT_SPOT_2021_2026.csv,1000.0,0.0018,0.1,False
0.010938,382.3541,175.8833,30.06,100.0,382354121744.1083,1375,1737.2,267791.0,30,1.35,3.76,6.37,back_heavy,15.29,61.36,geometric_increase,"[3.76, 3.76, 3.77, 3.79, 3.81, 3.84, 3.87, 3.91, 3.96, 4.01, 4.07, 4.14, 4.21, 4.28, 4.37, 4.46, 4.55, 4.66, 4.77, 4.88, 5.0, 5.13, 5.26, 5.4, 5.55, 5.7, 5.86, 6.02, 6.19, 6.37]","[15.2911, 16.0412, 16.8278, 17.6538, 18.5218, 19.4293, 20.3844, 21.3845, 22.4352, 23.5337, 24.6911, 25.9019, 27.1717, 28.5062, 29.9052, 31.3745, 32.914, 34.5294, 36.2234, 38.0017, 39.8671, 41.8223, 43.876, 46.0279, 48.2866, 50.6577, 53.1439, 55.751, 58.4872, 61.3584]",C:/Users/Madness/PycharmProjects/Crupto_Data_Joiner/Raw_Data_Spot/BYBIT_DOGEUSDT_SPOT_2021_2026.csv,1000.0,0.0018,0.1,False
0.010928,382.137,181.8933,61.2916,100.0,382137046211.7558,1698,1406.7,267836.0,30,0.75,5.46,6.78,random,33.33,33.33,flat,"[5.68, 5.83, 5.64, 6.08, 5.61, 6.76, 6.59, 5.77, 5.51, 6.06, 6.14, 6.57, 6.52, 6.61, 6.6, 6.46, 6.15, 6.18, 5.75, 6.59, 6.61, 5.53, 6.68, 5.57, 5.61, 6.44, 6.53, 6.27, 6.19, 6.28]","[33.3333, 33.3333, 33.3333, 33.3333, 33.3333, 33.3333, 33.3333, 33.3333, 33.3333, 33.3333, 33.3333, 33.3333, 33.3333, 33.3333, 33.3333, 33.3333, 33.3333, 33.3333, 33.3333, 33.3333, 33.3333, 33.3333, 33.3333, 33.3333, 33.3333, 33.3333, 33.3333, 33.3333, 33.3333, 33.3333]",C:/Users/Madness/PycharmProjects/Crupto_Data_Joiner/Raw_Data_Spot/BYBIT_DOGEUSDT_SPOT_2021_2026.csv,1000.0,0.0018,0.1,False
0.010881,380.4934,165.0342,40.1697,100.0,380493448842.2635,1564,1527.2,267835.0,33,1.05,3.72,8.73,linear,20.05,43.45,geometric_increase,"[3.72, 3.88, 4.03, 4.19, 4.35, 4.5, 4.66, 4.82, 4.97, 5.13, 5.29, 5.44, 5.6, 5.76, 5.91, 6.07, 6.22, 6.38, 6.54, 6.69, 6.85, 7.01, 7.16, 7.32, 7.48, 7.63, 7.79, 7.95, 8.1, 8.26, 8.42, 8.57, 8.73]","[20.0518, 20.5431, 21.0452, 21.5581, 22.0872, 22.6271, 23.1778, 23.7447, 24.3278, 24.9217, 25.5318, 26.1581, 26.7952, 27.4538, 28.1233, 28.809, 29.5163, 30.2397, 30.9794, 31.7352, 32.5127, 33.3063, 34.1216, 34.953, 35.8115, 36.6861, 37.5823, 38.5002, 39.445, 40.406, 41.394, 42.409, 43.4456]",C:/Users/Madness/PycharmProjects/Crupto_Data_Joiner/Raw_Data_Spot/BYBIT_DOGEUSDT_SPOT_2021_2026.csv,1000.0,0.0018,0.1,False
0.010877,380.7998,119.2106,20.9757,100.0,380799814634.4002,567,4212.6,268002.0,34,2.8,4.98,5.37,linear,14.29,44.54,linear_increase,"[4.98, 4.99, 5.0, 5.02, 5.03, 5.04, 5.05, 5.06, 5.07, 5.09, 5.1, 5.11, 5.12, 5.13, 5.15, 5.16, 5.17, 5.18, 5.19, 5.2, 5.22, 5.23, 5.24, 5.25, 5.26, 5.28, 5.29, 5.3, 5.31, 5.32, 5.33, 5.35, 5.36, 5.37]","[14.2855, 15.2021, 16.1187, 17.0353, 17.9519, 18.8685, 19.7867, 20.7033, 21.6199, 22.5365, 23.4531, 24.3697, 25.2863, 26.2029, 27.1195, 28.0361, 28.9527, 29.8708, 30.7874, 31.704, 32.6206, 33.5372, 34.4538, 35.3705, 36.2871, 37.2037, 38.1203, 39.0369, 39.955, 40.8716, 41.7882, 42.7048, 43.6214, 44.538]",C:/Users/Madness/PycharmProjects/Crupto_Data_Joiner/Raw_Data_Spot/BYBIT_DOGEUSDT_SPOT_2021_2026.csv,1000.0,0.0018,0.1,False
0.010862,379.8064,178.1792,41.6234,100.0,379806395421.7244,2106,1133.9,267832.0,33,0.95,3.23,7.19,geometric,16.23,50.54,geometric_increase,"[3.23, 3.31, 3.4, 3.48, 3.57, 3.66, 3.75, 3.85, 3.95, 4.05, 4.15, 4.25, 4.36, 4.47, 4.58, 4.7, 4.82, 4.94, 5.07, 5.19, 5.33, 5.46, 5.6, 5.74, 5.89, 6.04, 6.19, 6.34, 6.51, 6.67, 6.84, 7.01, 7.19]","[16.227, 16.8144, 17.4208, 18.0504, 18.7031, 19.3789, 20.0801, 20.8043, 21.5581, 22.3371, 23.1435, 23.9794, 24.8469, 25.7438, 26.6744, 27.6388, 28.6389, 29.6727, 30.7465, 31.8561, 33.0078, 34.2016, 35.4375, 36.7176, 38.0462, 39.4211, 40.8444, 42.3203, 43.851, 45.4365, 47.0787, 48.78, 50.5423]",C:/Users/Madness/PycharmProjects/Crupto_Data_Joiner/Raw_Data_Spot/BYBIT_DOGEUSDT_SPOT_2021_2026.csv,1000.0,0.0018,0.1,False
0.010793,379.5684,173.0737,44.1055,100.0,379568429009.2346,1193,2002.3,268604.0,29,1.1,3.83,6.53,front_heavy,27.91,41.53,pyramid,"[6.53, 6.43, 6.34, 6.24, 6.14, 6.05, 5.95, 5.86, 5.76, 5.66, 5.57, 5.47, 5.37, 5.28, 5.18, 5.08, 4.99, 4.89, 4.79, 4.7, 4.6, 4.51, 4.41, 4.31, 4.22, 4.12, 4.02, 3.93, 3.83]","[27.9056, 28.8836, 29.8447, 30.8227, 31.8006, 32.7786, 33.7397, 34.7177, 35.6956, 36.6567, 37.6347, 38.6126, 39.5906, 40.5517, 41.5297, 40.5517, 39.5906, 38.6126, 37.6347, 36.6567, 35.6956, 34.7177, 33.7397, 32.7786, 31.8006, 30.8227, 29.8447, 28.8836, 27.9056]",C:/Users/Madness/PycharmProjects/Crupto_Data_Joiner/Raw_Data_Spot/BYBIT_DOGEUSDT_SPOT_2021_2026.csv,1000.0,0.0018,0.1,False
0.010754,378.0987,143.2801,29.1723,100.0,378098686321.9234,743,3214.7,268571.0,34,1.9,0.29,6.73,front_heavy,21.25,37.57,pyramid,"[6.73, 6.53, 6.34, 6.14, 5.95, 5.75, 5.56, 5.36, 5.17, 4.97, 4.78, 4.58, 4.39, 4.19, 4.0, 3.8, 3.61, 3.41, 3.22, 3.02, 2.83, 2.63, 2.44, 2.24, 2.05, 1.85, 1.66, 1.46, 1.27, 1.07, 0.88, 0.68, 0.49, 0.29]","[21.2497, 22.2095, 23.1692, 24.1289, 25.0886, 26.0527, 27.0125, 27.9722, 28.9319, 29.8916, 30.8513, 31.8111, 32.7708, 33.7349, 34.6946, 35.6543, 36.6141, 37.5738, 36.6141, 35.6543, 34.6946, 33.7349, 32.7708, 31.8111, 30.8513, 29.8916, 28.9319, 27.9722, 27.0125, 26.0527, 25.0886, 24.1289, 23.1692, 22.2095]",C:/Users/Madness/PycharmProjects/Crupto_Data_Joiner/Raw_Data_Spot/BYBIT_DOGEUSDT_SPOT_2021_2026.csv,1000.0,0.0018,0.1,False
0.010746,137.2565,107.8877,31.0565,100.0,137256498604.0881,1987,1201.8,161303.0,35,1.0,5.33,6.25,linear,5.95,52.53,pyramid,"[5.33, 5.36, 5.38, 5.41, 5.44, 5.47, 5.49, 5.52, 5.55, 5.57, 5.6, 5.63, 5.65, 5.68, 5.71, 5.74, 5.76, 5.79, 5.82, 5.84, 5.87, 5.9, 5.93, 5.95, 5.98, 6.01, 6.03, 6.06, 6.09, 6.11, 6.14, 6.17, 6.2, 6.22, 6.25]","[5.9458, 8.6857, 11.4256, 14.1656, 16.9055, 19.6472, 22.3871, 25.127, 27.8669, 30.6068, 33.3468, 36.0867, 38.8266, 41.5683, 44.3082, 47.0481, 49.788, 52.528, 49.788, 47.0481, 44.3082, 41.5683, 38.8266, 36.0867, 33.3468, 30.6068, 27.8669, 25.127, 22.3871, 19.6472, 16.9055, 14.1656, 11.4256, 8.6857, 5.9458]",C:/Users/Madness/PycharmProjects/Crupto_Data_Joiner/Raw_Data_Spot/BYBIT_DOGEUSDT_SPOT_2021_2026.csv,1000.0,0.0018,0.1,False
0.010552,130.0852,97.6905,12.2223,100.0,130085180366.6724,968,2466.5,158442.0,33,2.4,4.75,6.92,random,2.28,60.08,pyramid,"[5.32, 5.99, 5.02, 5.31, 5.4, 5.66, 6.91, 6.41, 5.61, 6.2, 5.55, 6.82, 4.95, 6.91, 5.7, 5.24, 6.06, 5.35, 5.12, 4.91, 6.01, 6.35, 6.38, 5.54, 5.37, 5.94, 5.1, 4.87, 5.56, 5.71, 6.3, 6.34, 6.63]","[2.2795, 5.8922, 9.5038, 13.1166, 16.7294, 20.341, 23.9538, 27.5666, 31.1782, 34.791, 38.4038, 42.0166, 45.6282, 49.241, 52.8538, 56.4654, 60.0782, 56.4654, 52.8538, 49.241, 45.6282, 42.0166, 38.4038, 34.791, 31.1782, 27.5666, 23.9538, 20.341, 16.7294, 13.1166, 9.5038, 5.8922, 2.2795]",C:/Users/Madness/PycharmProjects/Crupto_Data_Joiner/Raw_Data_Spot/BYBIT_DOGEUSDT_SPOT_2021_2026.csv,1000.0,0.0018,0.1,False
0.0105,367.1611,199.5823,60.9673,100.0,367161149376.1073,2247,1063.1,267832.0,35,0.65,4.49,6.27,geometric,28.57,28.57,flat,"[4.49, 4.53, 4.58, 4.62, 4.67, 4.72, 4.76, 4.81, 4.86, 4.9, 4.95, 5.0, 5.05, 5.1, 5.15, 5.2, 5.25, 5.31, 5.36, 5.41, 5.46, 5.52, 5.57, 5.63, 5.68, 5.74, 5.8, 5.85, 5.91, 5.97, 6.03, 6.09, 6.15, 6.21, 6.27]","[28.5714, 28.5714, 28.5714, 28.5714, 28.5714, 28.5714, 28.5714, 28.5714, 28.5714, 28.5714, 28.5714, 28.5714, 28.5714, 28.5714, 28.5714, 28.5714, 28.5714, 28.5714, 28.5714, 28.5714, 28.5714, 28.5714, 28.5714, 28.5714, 28.5714, 28.5714, 28.5714, 28.5714, 28.5714, 28.5714, 28.5714, 28.5714, 28.5714, 28.5714, 28.5714]",C:/Users/Madness/PycharmProjects/Crupto_Data_Joiner/Raw_Data_Spot/BYBIT_DOGEUSDT_SPOT_2021_2026.csv,1000.0,0.0018,0.1,False
0.010476,366.3109,110.3132,25.0757,100.0,366310865994.1473,533,4481.6,267837.0,31,2.5,6.12,7.85,geometric,19.53,49.39,geometric_increase,"[6.12, 6.17, 6.22, 6.27, 6.33, 6.38, 6.43, 6.49, 6.54, 6.59, 6.65, 6.7, 6.76, 6.82, 6.87, 6.93, 6.99, 7.05, 7.11, 7.17, 7.22, 7.29, 7.35, 7.41, 7.47, 7.53, 7.59, 7.66, 7.72, 7.79, 7.85]","[19.5292, 20.1438, 20.773, 21.4264, 22.0992, 22.7961, 23.5124, 24.2481, 25.0128, 25.7969, 26.6052, 27.4425, 28.304, 29.1945, 30.1093, 31.0579, 32.0307, 33.0375, 34.0732, 35.1477, 36.2512, 37.3886, 38.5647, 39.7747, 41.0234, 42.3108, 43.6418, 45.0115, 46.4247, 47.8816, 49.3868]",C:/Users/Madness/PycharmProjects/Crupto_Data_Joiner/Raw_Data_Spot/BYBIT_DOGEUSDT_SPOT_2021_2026.csv,1000.0,0.0018,0.1,False
0.010464,365.7736,138.3303,27.4695,100.0,365773592978.908,1228,1945.1,267788.0,32,1.7,3.2,8.16,geometric,11.04,66.87,geometric_increase,"[3.2, 3.3, 3.4, 3.5, 3.61, 3.72, 3.84, 3.95, 4.07, 4.2, 4.33, 4.46, 4.6, 4.74, 4.88, 5.03, 5.19, 5.35, 5.51, 5.68, 5.85, 6.03, 6.22, 6.41, 6.61, 6.81, 7.02, 7.23, 7.45, 7.68, 7.92, 8.16]","[11.0372, 11.6967, 12.3981, 13.1388, 13.9263, 14.7581, 15.6416, 16.5767, 17.5685, 18.6217, 19.7341, 20.9153, 22.1679, 23.4944, 24.8995, 26.3884, 27.9683, 29.6417, 31.416, 33.2962, 35.2871, 37.3985, 39.6355, 42.0078, 44.5204, 47.1856, 50.0082, 53.0007, 56.1728, 59.532, 63.0954, 66.8704]",C:/Users/Madness/PycharmProjects/Crupto_Data_Joiner/Raw_Data_Spot/BYBIT_DOGEUSDT_SPOT_2021_2026.csv,1000.0,0.0018,0.1,False
0.010464,135.02,47.0768,19.9562,100.0,135020004498.2448,386,6142.4,162133.0,31,3.0,7.03,9.79,random,8.22,56.3,linear_increase,"[8.37, 8.9, 7.1, 9.36, 7.8, 9.56, 7.87, 8.78, 8.9, 8.05, 9.34, 7.52, 7.38, 7.81, 7.21, 9.72, 8.09, 8.03, 9.64, 8.5, 7.34, 9.08, 9.44, 9.68, 7.47, 7.06, 7.44, 9.35, 9.66, 8.52, 7.89]","[8.2169, 9.8195, 11.4222, 13.0249, 14.6276, 16.2303, 17.833, 19.4357, 21.0384, 22.6411, 24.2438, 25.8465, 27.4491, 29.0518, 30.6545, 32.2572, 33.8617, 35.4644, 37.067, 38.6697, 40.2724, 41.8751, 43.4778, 45.0805, 46.6832, 48.2859, 49.8886, 51.4913, 53.0939, 54.6966, 56.2993]",C:/Users/Madness/PycharmProjects/Crupto_Data_Joiner/Raw_Data_Spot/BYBIT_DOGEUSDT_SPOT_2021_2026.csv,1000.0,0.0018,0.1,False
0.010365,364.4587,160.9648,36.7602,100.0,364458700613.002,1078,2215.7,268580.0,30,1.3,4.4,6.91,random,23.37,45.68,geometric_increase,"[6.36, 6.9, 5.6, 5.29, 5.18, 4.54, 4.71, 5.09, 4.48, 5.33, 5.57, 6.42, 4.8, 5.55, 6.25, 4.85, 6.48, 5.82, 5.36, 5.98, 5.66, 6.59, 4.49, 6.42, 6.29, 5.36, 5.86, 4.5, 5.56, 5.67]","[23.3737, 23.9193, 24.4767, 25.0516, 25.6383, 26.2367, 26.8469, 27.4747, 28.12, 28.7771, 29.4518, 30.1382, 30.8423, 31.5639, 32.3031, 33.0541, 33.8285, 34.6205, 35.4302, 36.2574, 37.1022, 37.9705, 38.8564, 39.7658, 40.6986, 41.6491, 42.623, 43.6145, 44.6353, 45.6796]",C:/Users/Madness/PycharmProjects/Crupto_Data_Joiner/Raw_Data_Spot/BYBIT_DOGEUSDT_SPOT_2021_2026.csv,1000.0,0.0018,0.1,False
0.010365,362.3826,132.7544,17.9417,100.0,362382594409.45,623,3832.4,267808.0,34,2.7,1.07,8.15,random,12.33,46.49,linear_increase,"[6.68, 2.82, 7.61, 1.77, 7.95, 2.16, 2.69, 1.37, 3.93, 2.24, 6.39, 7.83, 4.56, 4.16, 7.0, 4.15, 2.82, 6.03, 5.14, 3.3, 2.82, 2.82, 2.38, 1.76, 3.23, 4.7, 2.44, 3.91, 5.72, 3.57, 2.24, 3.83, 3.47, 2.1]","[12.3309, 13.3655, 14.4002, 15.4348, 16.4695, 17.5087, 18.5433, 19.578, 20.6126, 21.6473, 22.682, 23.7166, 24.7513, 25.7904, 26.8251, 27.8598, 28.8944, 29.9291, 30.9638, 31.9984, 33.0331, 34.0722, 35.1069, 36.1416, 37.1762, 38.2109, 39.2455, 40.2802, 41.3149, 42.354, 43.3887, 44.4233, 45.458, 46.4927]",C:/Users/Madness/PycharmProjects/Crupto_Data_Joiner/Raw_Data_Spot/BYBIT_DOGEUSDT_SPOT_2021_2026.csv,1000.0,0.0018,0.1,False
0.010334,132.0726,64.1863,22.4461,100.0,132072579790.6114,1257,1899.8,161354.0,34,1.8,3.33,6.37,geometric,3.4,100.62,geometric_increase,"[3.33, 3.4, 3.46, 3.53, 3.6, 3.67, 3.75, 3.82, 3.9, 3.97, 4.05, 4.13, 4.22, 4.3, 4.38, 4.47, 4.56, 4.65, 4.74, 4.84, 4.93, 5.03, 5.13, 5.23, 5.34, 5.44, 5.55, 5.66, 5.77, 5.89, 6.01, 6.12, 6.25, 6.37]","[3.4008, 3.7689, 4.1755, 4.6277, 5.1281, 5.6822, 6.2957, 6.9767, 7.7307, 8.5661, 9.4924, 10.5181, 11.6553, 12.9153, 14.3117, 15.8584, 17.5733, 19.4729, 21.5779, 23.9103, 26.495, 29.3596, 32.5329, 36.0509, 39.9479, 44.2655, 49.0517, 54.3534, 60.2286, 66.7394, 73.9545, 81.9499, 90.8082, 100.6246]",C:/Users/Madness/PycharmProjects/Crupto_Data_Joiner/Raw_Data_Spot/BYBIT_DOGEUSDT_SPOT_2021_2026.csv,1000.0,0.0018,0.1,False
0.010176,31.9995,31.3046,15.4553,100.0,31999514084.8214,1378,1733.3,79309.0,34,1.4,7.91,8.0,random,1.05,57.78,pyramid,"[7.95, 7.96, 7.96, 7.92, 7.98, 7.92, 7.96, 7.95, 7.97, 7.94, 7.98, 7.98, 7.93, 7.99, 7.92, 7.99, 7.94, 7.99, 7.93, 8.0, 7.96, 7.98, 7.94, 8.0, 8.0, 7.97, 7.98, 7.99, 7.99, 7.99, 7.95, 7.91, 7.96, 7.97]","[1.0468, 4.384, 7.7212, 11.0584, 14.3955, 17.7317, 21.0688, 24.406, 27.7432, 31.0804, 34.4175, 37.7547, 41.0919, 44.428, 47.7652, 51.1023, 54.4395, 57.7767, 54.4395, 51.1023, 47.7652, 44.428, 41.0919, 37.7547, 34.4175, 31.0804, 27.7432, 24.406, 21.0688, 17.7317, 14.3955, 11.0584, 7.7212, 4.384]",C:/Users/Madness/PycharmProjects/Crupto_Data_Joiner/Raw_Data_Spot/BYBIT_DOGEUSDT_SPOT_2021_2026.csv,1000.0,0.0018,0.1,False
0.010074,124.9012,50.1391,25.1995,100.0,124901185437.7872,868,2751.1,158902.0,30,1.85,5.15,9.76,geometric,5.63,99.37,geometric_increase,"[5.15, 5.26, 5.38, 5.5, 5.62, 5.75, 5.88, 6.01, 6.14, 6.28, 6.42, 6.56, 6.71, 6.86, 7.01, 7.17, 7.33, 7.49, 7.66, 7.83, 8.0, 8.18, 8.36, 8.55, 8.74, 8.94, 9.14, 9.34, 9.55, 9.76]","[5.6257, 6.2122, 6.8593, 7.5705, 8.3593, 9.2289, 10.1896, 11.2513, 12.421, 13.7153, 15.1411, 16.7186, 18.4578, 20.3791, 22.5027, 24.8419, 27.4306, 30.2856, 33.4372, 36.9157, 40.7583, 45.002, 49.6838, 54.8578, 60.5678, 66.8709, 73.8314, 81.5165, 90.0005, 99.3677]",C:/Users/Madness/PycharmProjects/Crupto_Data_Joiner/Raw_Data_Spot/BYBIT_DOGEUSDT_SPOT_2021_2026.csv,1000.0,0.0018,0.1,False
0.010023,51.7336,29.3849,66.6088,100.0,51733565644.4898,3930,607.8,102014.0,34,0.45,2.16,4.76,front_heavy,4.1,94.41,geometric_increase,"[4.76, 4.68, 4.6, 4.52, 4.44, 4.37, 4.29, 4.21, 4.13, 4.05, 3.97, 3.89, 3.81, 3.74, 3.66, 3.58, 3.5, 3.42, 3.34, 3.26, 3.18, 3.11, 3.03, 2.95, 2.87, 2.79, 2.71, 2.63, 2.55, 2.48, 2.4, 2.32, 2.24, 2.16]","[4.0983, 4.5066, 4.9569, 5.4492, 5.9949, 6.594, 7.2503, 7.9715, 8.7691, 9.6429, 10.6045, 11.6615, 12.8254, 14.1037, 15.508, 17.0573, 18.7592, 20.629, 22.6858, 24.9487, 27.4367, 30.1727, 33.1797, 36.4881, 40.1285, 44.1315, 48.5312, 53.3699, 58.6931, 64.5468, 70.9843, 78.0629, 85.8474, 94.4104]",C:/Users/Madness/PycharmProjects/Crupto_Data_Joiner/Raw_Data_Spot/BYBIT_DOGEUSDT_SPOT_2021_2026.csv,1000.0,0.0018,0.1,False
0.009992,123.8807,217.8939,12.6679,100.0,123880661379.2163,3360,710.6,158902.0,35,1.35,3.22,9.54,back_heavy,0.61,58.17,pyramid,"[3.22, 3.23, 3.24, 3.27, 3.31, 3.36, 3.42, 3.49, 3.57, 3.66, 3.77, 3.88, 4.01, 4.14, 4.29, 4.45, 4.62, 4.8, 4.99, 5.19, 5.41, 5.63, 5.87, 6.11, 6.37, 6.64, 6.92, 7.21, 7.51, 7.82, 8.14, 8.47, 8.82, 9.17, 9.54]","[0.6129, 3.999, 7.3851, 10.7706, 14.1566, 17.5427, 20.9288, 24.3149, 27.701, 31.0865, 34.4726, 37.8586, 41.2447, 44.6308, 48.0169, 51.4024, 54.7885, 58.1746, 54.7885, 51.4024, 48.0169, 44.6308, 41.2447, 37.8586, 34.4726, 31.0865, 27.701, 24.3149, 20.9288, 17.5427, 14.1566, 10.7706, 7.3851, 3.999, 0.6129]",C:/Users/Madness/PycharmProjects/Crupto_Data_Joiner/Raw_Data_Spot/BYBIT_DOGEUSDT_SPOT_2021_2026.csv,1000.0,0.0018,0.1,False
0.009918,348.7948,121.9645,33.4983,100.0,348794783109.9744,611,3880.3,268604.0,35,1.75,6.88,7.81,front_heavy,28.57,28.57,flat,"[7.81, 7.78, 7.76, 7.73, 7.7, 7.67, 7.65, 7.62, 7.59, 7.56, 7.54, 7.51, 7.48, 7.45, 7.43, 7.4, 7.37, 7.34, 7.32, 7.29, 7.26, 7.24, 7.21, 7.18, 7.15, 7.13, 7.1, 7.07, 7.04, 7.02, 6.99, 6.96, 6.93, 6.91, 6.88]","[28.5714, 28.5714, 28.5714, 28.5714, 28.5714, 28.5714, 28.5714, 28.5714, 28.5714, 28.5714, 28.5714, 28.5714, 28.5714, 28.5714, 28.5714, 28.5714, 28.5714, 28.5714, 28.5714, 28.5714, 28.5714, 28.5714, 28.5714, 28.5714, 28.5714, 28.5714, 28.5714, 28.5714, 28.5714, 28.5714, 28.5714, 28.5714, 28.5714, 28.5714, 28.5714]",C:/Users/Madness/PycharmProjects/Crupto_Data_Joiner/Raw_Data_Spot/BYBIT_DOGEUSDT_SPOT_2021_2026.csv,1000.0,0.0018,0.1,False
0.00984,346.053,124.5512,39.2436,100.0,346053020341.0745,657,3635.8,268605.0,34,1.55,6.66,7.47,front_heavy,20.91,37.58,random,"[7.47, 7.45, 7.42, 7.4, 7.37, 7.35, 7.32, 7.3, 7.27, 7.25, 7.22, 7.2, 7.18, 7.15, 7.13, 7.1, 7.08, 7.05, 7.03, 7.0, 6.98, 6.95, 6.93, 6.91, 6.88, 6.86, 6.83, 6.81, 6.78, 6.76, 6.73, 6.71, 6.68, 6.66]","[31.4248, 24.9939, 26.3916, 25.7414, 21.3671, 30.4253, 31.6548, 36.0158, 34.2909, 26.9179, 34.8128, 31.5973, 29.8193, 25.1885, 29.377, 29.3372, 25.5424, 32.7959, 37.5771, 32.5571, 29.4965, 26.6304, 35.8876, 26.5685, 30.8322, 34.972, 25.5999, 24.9895, 31.0047, 29.5761, 20.9071, 34.5651, 22.0704, 29.0719]",C:/Users/Madness/PycharmProjects/Crupto_Data_Joiner/Raw_Data_Spot/BYBIT_DOGEUSDT_SPOT_2021_2026.csv,1000.0,0.0018,0.1,False
0.009785,126.1663,54.064,22.5362,100.0,126166332090.1868,598,3964.6,162077.0,30,2.2,2.97,8.33,front_heavy,7.32,59.35,linear_increase,"[8.33, 8.15, 7.96, 7.78, 7.59, 7.41, 7.22, 7.04, 6.85, 6.67, 6.48, 6.3, 6.11, 5.93, 5.74, 5.56, 5.37, 5.19, 5.0, 4.82, 4.63, 4.45, 4.26, 4.08, 3.89, 3.71, 3.52, 3.34, 3.15, 2.97]","[7.3188, 9.1131, 10.9074, 12.7017, 14.496, 16.2884, 18.0827, 19.877, 21.6713, 23.4656, 25.2599, 27.0542, 28.8485, 30.6428, 32.4371, 34.2295, 36.0238, 37.8181, 39.6124, 41.4067, 43.201, 44.9953, 46.7896, 48.5839, 50.3782, 52.1706, 53.9649, 55.7592, 57.5535, 59.3478]",C:/Users/Madness/PycharmProjects/Crupto_Data_Joiner/Raw_Data_Spot/BYBIT_DOGEUSDT_SPOT_2021_2026.csv,1000.0,0.0018,0.1,False
0.009771,341.5559,219.6098,16.6998,100.0,341555900350.9732,2789,856.4,267795.0,30,1.85,1.78,8.58,geometric,1.04,65.63,linear_increase,"[1.78, 1.88, 1.98, 2.09, 2.21, 2.33, 2.46, 2.6, 2.75, 2.9, 3.06, 3.23, 3.41, 3.6, 3.8, 4.02, 4.24, 4.48, 4.72, 4.99, 5.27, 5.56, 5.87, 6.2, 6.54, 6.91, 7.29, 7.7, 8.13, 8.58]","[1.0364, 3.2647, 5.4911, 7.7194, 9.9458, 12.1741, 14.4005, 16.6288, 18.8551, 21.0834, 23.3098, 25.5381, 27.7645, 29.9928, 32.2192, 34.4475, 36.6739, 38.9022, 41.1285, 43.3568, 45.5832, 47.8115, 50.0379, 52.2662, 54.4926, 56.7209, 58.9473, 61.1756, 63.4019, 65.6302]",C:/Users/Madness/PycharmProjects/Crupto_Data_Joiner/Raw_Data_Spot/BYBIT_DOGEUSDT_SPOT_2021_2026.csv,1000.0,0.0018,0.1,False
0.009741,342.5776,116.4283,21.1423,100.0,342577586802.7788,578,4130.6,268607.0,35,2.7,4.68,8.23,geometric,13.04,44.1,linear_increase,"[4.68, 4.76, 4.84, 4.92, 5.0, 5.09, 5.17, 5.26, 5.34, 5.43, 5.53, 5.62, 5.71, 5.81, 5.9, 6.0, 6.1, 6.21, 6.31, 6.42, 6.52, 6.63, 6.74, 6.86, 6.97, 7.09, 7.21, 7.33, 7.45, 7.57, 7.7, 7.83, 7.96, 8.09, 8.23]","[13.0396, 13.9512, 14.8669, 15.7785, 16.6942, 17.6099, 18.5215, 19.4331, 20.3488, 21.2645, 22.1761, 23.0877, 24.0034, 24.9191, 25.8307, 26.7422, 27.658, 28.5737, 29.4853, 30.401, 31.3125, 32.2283, 33.1398, 34.0514, 34.9671, 35.8828, 36.7944, 37.706, 38.6217, 39.5333, 40.449, 41.3606, 42.2763, 43.1879, 44.1036]",C:/Users/Madness/PycharmProjects/Crupto_Data_Joiner/Raw_Data_Spot/BYBIT_DOGEUSDT_SPOT_2021_2026.csv,1000.0,0.0018,0.1,False
0.009721,120.5171,35.1203,9.3044,100.0,120517055313.92,272,8782.0,158895.0,33,7.5,3.4,4.92,linear,1.05,143.3,geometric_increase,"[3.4, 3.45, 3.5, 3.54, 3.59, 3.64, 3.68, 3.73, 3.78, 3.83, 3.88, 3.92, 3.97, 4.02, 4.06, 4.11, 4.16, 4.21, 4.26, 4.3, 4.35, 4.4, 4.44, 4.49, 4.54, 4.59, 4.63, 4.68, 4.73, 4.78, 4.82, 4.87, 4.92]","[1.0503, 1.2242, 1.4276, 1.6643, 1.9416, 2.2634, 2.6406, 3.077, 3.5911, 4.1866, 4.8819, 5.6918, 6.6349, 7.737, 9.024, 10.5219, 12.2675, 14.3053, 16.6797, 19.4498, 22.6821, 26.4471, 30.8371, 35.9593, 41.9285, 48.8925, 57.0105, 66.4783, 77.5179, 90.3883, 105.3963, 122.897, 143.3046]",C:/Users/Madness/PycharmProjects/Crupto_Data_Joiner/Raw_Data_Spot/BYBIT_DOGEUSDT_SPOT_2021_2026.csv,1000.0,0.0018,0.1,False
0.009699,339.1404,353.4195,81.8044,100.0,339140447755.297,4693,509.0,267832.0,28,0.35,1.73,5.39,random,35.71,35.71,flat,"[2.12, 4.55, 4.03, 4.06, 3.14, 2.23, 2.57, 2.21, 4.02, 4.21, 2.46, 1.94, 4.59, 4.04, 3.47, 5.2, 2.06, 4.56, 4.8, 2.73, 4.82, 3.23, 2.53, 4.07, 5.36, 3.55, 4.72, 5.32]","[35.7143, 35.7143, 35.7143, 35.7143, 35.7143, 35.7143, 35.7143, 35.7143, 35.7143, 35.7143, 35.7143, 35.7143, 35.7143, 35.7143, 35.7143, 35.7143, 35.7143, 35.7143, 35.7143, 35.7143, 35.7143, 35.7143, 35.7143, 35.7143, 35.7143, 35.7143, 35.7143, 35.7143]",C:/Users/Madness/PycharmProjects/Crupto_Data_Joiner/Raw_Data_Spot/BYBIT_DOGEUSDT_SPOT_2021_2026.csv,1000.0,0.0018,0.1,False
0.009691,338.8551,179.4925,39.1268,100.0,338855118971.9906,1836,1301.0,267834.0,35,0.95,4.69,6.56,random,15.85,39.74,random,"[5.74, 6.15, 5.58, 5.24, 5.91, 5.0, 6.46, 5.89, 4.75, 5.28, 5.43, 5.33, 5.72, 5.75, 5.78, 5.51, 5.9, 6.2, 5.15, 5.76, 5.66, 6.08, 6.27, 5.0, 5.88, 6.54, 5.32, 6.47, 4.93, 6.26, 6.52, 6.52, 4.97, 6.13, 5.21]","[17.5661, 37.5854, 26.6176, 39.7417, 29.278, 37.5043, 36.957, 28.7203, 28.6547, 23.517, 32.439, 32.199, 34.5538, 36.6687, 29.5438, 17.2243, 19.4116, 30.2465, 32.7722, 28.6427, 29.9409, 29.1191, 33.5042, 15.8466, 28.2801, 26.4277, 18.4068, 27.8917, 26.6625, 33.114, 33.8029, 31.4411, 19.0594, 21.9511, 24.7082]",C:/Users/Madness/PycharmProjects/Crupto_Data_Joiner/Raw_Data_Spot/BYBIT_DOGEUSDT_SPOT_2021_2026.csv,1000.0,0.0018,0.1,False
0.009683,338.6033,224.4999,64.5251,100.0,338603252425.555,2266,1054.1,267835.0,29,0.55,4.95,5.09,random,34.48,34.48,flat,"[5.04, 5.03, 5.05, 4.95, 5.09, 5.09, 5.06, 5.03, 4.98, 5.08, 5.0, 4.99, 4.97, 5.01, 5.05, 5.0, 5.0, 5.08, 4.96, 5.08, 5.05, 5.0, 5.03, 5.05, 5.06, 5.04, 5.05, 5.04, 5.09]","[34.4828, 34.4828, 34.4828, 34.4828, 34.4828, 34.4828, 34.4828, 34.4828, 34.4828, 34.4828, 34.4828, 34.4828, 34.4828, 34.4828, 34.4828, 34.4828, 34.4828, 34.4828, 34.4828, 34.4828, 34.4828, 34.4828, 34.4828, 34.4828, 34.4828, 34.4828, 34.4828, 34.4828, 34.4828]",C:/Users/Madness/PycharmProjects/Crupto_Data_Joiner/Raw_Data_Spot/BYBIT_DOGEUSDT_SPOT_2021_2026.csv,1000.0,0.0018,0.1,False
0.009681,14.1813,34.7422,45.0029,100.0,14181289925.0142,14826,161.4,53673.0,31,0.25,2.58,8.79,linear,0.87,63.65,linear_increase,"[2.58, 2.79, 2.99, 3.2, 3.41, 3.62, 3.82, 4.03, 4.24, 4.44, 4.65, 4.86, 5.06, 5.27, 5.48, 5.68, 5.89, 6.1, 6.31, 6.51, 6.72, 6.93, 7.13, 7.34, 7.55, 7.75, 7.96, 8.17, 8.38, 8.58, 8.79]","[0.866, 2.959, 5.0519, 7.1442, 9.2371, 11.33, 13.423, 15.5159, 17.6082, 19.7011, 21.794, 23.887, 25.9799, 28.0722, 30.1651, 32.2581, 34.351, 36.4439, 38.5362, 40.6291, 42.7221, 44.815, 46.908, 49.0002, 51.0932, 53.1861, 55.279, 57.372, 59.4642, 61.5572, 63.6501]",C:/Users/Madness/PycharmProjects/Crupto_Data_Joiner/Raw_Data_Spot/BYBIT_DOGEUSDT_SPOT_2021_2026.csv,1000.0,0.0018,0.1,False
0.009658,337.7066,234.351,73.81,100.0,337706640041.6942,3183,722.3,267835.0,33,0.45,4.22,4.57,linear,10.54,55.2,random,"[4.22, 4.23, 4.24, 4.25, 4.26, 4.27, 4.29, 4.3, 4.31, 4.32, 4.33, 4.34, 4.35, 4.36, 4.37, 4.38, 4.39, 4.41, 4.42, 4.43, 4.44, 4.45, 4.46, 4.47, 4.48, 4.49, 4.5, 4.52, 4.53, 4.54, 4.55, 4.56, 4.57]","[32.7525, 39.5599, 55.2011, 17.5284, 54.5832, 45.1341, 12.8991, 10.9707, 14.9872, 14.2766, 16.671, 19.6165, 32.5568, 52.0857, 34.1325, 14.1453, 21.3801, 51.7227, 22.4306, 33.2803, 28.3189, 36.1742, 19.4054, 10.5407, 55.0029, 29.5702, 49.6398, 15.6643, 37.0599, 24.7504, 38.5404, 35.9348, 23.4836]",C:/Users/Madness/PycharmProjects/Crupto_Data_Joiner/Raw_Data_Spot/BYBIT_DOGEUSDT_SPOT_2021_2026.csv,1000.0,0.0018,0.1,False
0.009618,336.324,121.6608,28.6062,100.0,336324014586.2232,831,2873.6,267834.0,30,1.85,5.4,5.44,random,16.46,58.59,geometric_increase,"[5.41, 5.44, 5.41, 5.4, 5.43, 5.43, 5.43, 5.4, 5.43, 5.42, 5.42, 5.41, 5.42, 5.43, 5.43, 5.41, 5.42, 5.43, 5.43, 5.42, 5.41, 5.42, 5.42, 5.44, 5.41, 5.42, 5.41, 5.41, 5.43, 5.43]","[16.4618, 17.2003, 17.9686, 18.7726, 19.6124, 20.4879, 21.4051, 22.364, 23.3645, 24.4128, 25.5027, 26.6462, 27.8373, 29.0821, 30.3805, 31.7443, 33.1618, 34.6448, 36.1993, 37.8192, 39.5107, 41.2795, 43.1258, 45.0555, 47.0686, 49.1769, 51.3746, 53.6735, 56.0797, 58.587]",C:/Users/Madness/PycharmProjects/Crupto_Data_Joiner/Raw_Data_Spot/BYBIT_DOGEUSDT_SPOT_2021_2026.csv,1000.0,0.0018,0.1,False
0.009571,334.7163,239.3643,75.4952,100.0,334716275690.1102,3308,722.1,267852.0,32,0.45,3.62,9.15,geometric,31.25,31.25,flat,"[3.62, 3.73, 3.84, 3.96, 4.08, 4.2, 4.33, 4.46, 4.6, 4.74, 4.88, 5.03, 5.18, 5.34, 5.5, 5.67, 5.84, 6.02, 6.2, 6.39, 6.58, 6.78, 6.99, 7.2, 7.42, 7.65, 7.88, 8.12, 8.36, 8.62, 8.88, 9.15]","[31.25, 31.25, 31.25, 31.25, 31.25, 31.25, 31.25, 31.25, 31.25, 31.25, 31.25, 31.25, 31.25, 31.25, 31.25, 31.25, 31.25, 31.25, 31.25, 31.25, 31.25, 31.25, 31.25, 31.25, 31.25, 31.25, 31.25, 31.25, 31.25, 31.25, 31.25, 31.25]",C:/Users/Madness/PycharmProjects/Crupto_Data_Joiner/Raw_Data_Spot/BYBIT_DOGEUSDT_SPOT_2021_2026.csv,1000.0,0.0018,0.1,False
0.009552,334.0123,176.3844,59.4645,100.0,334012300364.0346,1836,1301.0,267835.0,34,0.7,5.38,6.0,geometric,29.41,29.41,flat,"[5.38, 5.4, 5.42, 5.43, 5.45, 5.47, 5.49, 5.51, 5.52, 5.54, 5.56, 5.58, 5.6, 5.62, 5.63, 5.65, 5.67, 5.69, 5.71, 5.73, 5.75, 5.77, 5.79, 5.8, 5.82, 5.84, 5.86, 5.88, 5.9, 5.92, 5.94, 5.96, 5.98, 6.0]","[29.4118, 29.4118, 29.4118, 29.4118, 29.4118, 29.4118, 29.4118, 29.4118, 29.4118, 29.4118, 29.4118, 29.4118, 29.4118, 29.4118, 29.4118, 29.4118, 29.4118, 29.4118, 29.4118, 29.4118, 29.4118, 29.4118, 29.4118, 29.4118, 29.4118, 29.4118, 29.4118, 29.4118, 29.4118, 29.4118, 29.4118, 29.4118, 29.4118, 29.4118]",C:/Users/Madness/PycharmProjects/Crupto_Data_Joiner/Raw_Data_Spot/BYBIT_DOGEUSDT_SPOT_2021_2026.csv,1000.0,0.0018,0.1,False
0.00949,331.7343,455.2701,52.9736,100.0,331734261967.2216,7358,324.8,267794.0,29,0.45,1.87,2.56,geometric,11.08,77.41,geometric_increase,"[1.87, 1.89, 1.91, 1.93, 1.96, 1.98, 2.0, 2.02, 2.05, 2.07, 2.09, 2.12, 2.14, 2.16, 2.19, 2.21, 2.24, 2.26, 2.29, 2.31, 2.34, 2.37, 2.39, 2.42, 2.45, 2.48, 2.5, 2.53, 2.56]","[11.0789, 11.8774, 12.728, 13.6464, 14.6275, 15.6765, 16.8037, 18.0144, 19.3085, 20.6967, 22.184, 23.7808, 25.4873, 27.319, 29.2864, 31.3894, 33.6491, 36.0652, 38.6588, 41.4403, 44.4201, 47.6138, 51.0372, 54.7058, 58.6406, 62.8571, 67.3764, 72.2192, 77.4116]",C:/Users/Madness/PycharmProjects/Crupto_Data_Joiner/Raw_Data_Spot/BYBIT_DOGEUSDT_SPOT_2021_2026.csv,1000.0,0.0018,0.1,False
0.009382,1507.7939,643.4892,13.0661,100.0,1507793922166.4858,183,11942.9,575843.0,30,6.5,2.87,3.09,geometric,33.33,33.33,flat,"[2.87, 2.88, 2.88, 2.89, 2.9, 2.91, 2.91, 2.92, 2.93, 2.94, 2.94, 2.95, 2.96, 2.97, 2.97, 2.98, 2.99, 3.0, 3.0, 3.01, 3.02, 3.03, 3.04, 3.04, 3.05, 3.06, 3.07, 3.07, 3.08, 3.09]","[33.3333, 33.3333, 33.3333, 33.3333, 33.3333, 33.3333, 33.3333, 33.3333, 33.3333, 33.3333, 33.3333, 33.3333, 33.3333, 33.3333, 33.3333, 33.3333, 33.3333, 33.3333, 33.3333, 33.3333, 33.3333, 33.3333, 33.3333, 33.3333, 33.3333, 33.3333, 33.3333, 33.3333, 33.3333, 33.3333]",C:/Users/Madness/PycharmProjects/Crupto_Data_Joiner/Raw_Data_Spot/BYBIT_DOGEUSDT_SPOT_2021_2026.csv,1000.0,0.0018,0.1,False
0.009343,326.6192,162.4278,43.0783,100.0,326619226104.7312,1541,1550.0,267806.0,34,0.95,5.15,7.35,back_heavy,21.54,37.28,pyramid,"[5.15, 5.15, 5.16, 5.17, 5.18, 5.2, 5.22, 5.25, 5.28, 5.31, 5.35, 5.39, 5.44, 5.49, 5.55, 5.6, 5.67, 5.73, 5.8, 5.88, 5.96, 6.04, 6.13, 6.22, 6.31, 6.41, 6.52, 6.62, 6.73, 6.85, 6.97, 7.09, 7.22, 7.35]","[21.5447, 22.4686, 23.3925, 24.3233, 25.2472, 26.1712, 27.0951, 28.0259, 28.9498, 29.8737, 30.7977, 31.7284, 32.6524, 33.5763, 34.5002, 35.431, 36.3549, 37.2789, 36.3549, 35.431, 34.5002, 33.5763, 32.6524, 31.7284, 30.7977, 29.8737, 28.9498, 28.0259, 27.0951, 26.1712, 25.2472, 24.3233, 23.3925, 22.4686]",C:/Users/Madness/PycharmProjects/Crupto_Data_Joiner/Raw_Data_Spot/BYBIT_DOGEUSDT_SPOT_2021_2026.csv,1000.0,0.0018,0.1,False
0.009182,321.0659,173.5262,63.4104,100.0,321065939073.774,1944,1228.7,267832.0,35,0.65,5.32,9.29,back_heavy,26.4,30.44,random,"[5.32, 5.32, 5.33, 5.35, 5.37, 5.41, 5.44, 5.49, 5.54, 5.6, 5.66, 5.74, 5.81, 5.9, 5.99, 6.09, 6.2, 6.31, 6.43, 6.56, 6.69, 6.83, 6.98, 7.14, 7.3, 7.47, 7.64, 7.82, 8.01, 8.21, 8.41, 8.62, 8.84, 9.06, 9.29]","[29.8498, 29.5364, 26.8301, 29.9581, 27.4739, 28.6533, 27.4226, 27.0922, 29.0237, 30.3683, 30.4367, 28.773, 30.3455, 28.3058, 26.4483, 30.2999, 28.4311, 26.3971, 27.7702, 29.8099, 28.0209, 27.2346, 26.6307, 30.0207, 26.625, 29.8669, 29.8498, 27.4169, 30.0435, 27.0181, 27.9069, 29.3598, 29.7473, 30.1689, 26.8643]",C:/Users/Madness/PycharmProjects/Crupto_Data_Joiner/Raw_Data_Spot/BYBIT_DOGEUSDT_SPOT_2021_2026.csv,1000.0,0.0018,0.1,False
0.009102,95.1743,28.6412,13.6264,100.0,95174333150.4925,417,5715.9,145812.0,33,4.0,4.04,7.61,front_heavy,2.84,57.76,linear_increase,"[7.61, 7.5, 7.39, 7.28, 7.16, 7.05, 6.94, 6.83, 6.72, 6.61, 6.49, 6.38, 6.27, 6.16, 6.05, 5.94, 5.82, 5.71, 5.6, 5.49, 5.38, 5.27, 5.16, 5.04, 4.93, 4.82, 4.71, 4.6, 4.49, 4.37, 4.26, 4.15, 4.04]","[2.8429, 4.5589, 6.2748, 7.9907, 9.7087, 11.4247, 13.1406, 14.8565, 16.5725, 18.2884, 20.0064, 21.7223, 23.4383, 25.1542, 26.8702, 28.5861, 30.302, 32.02, 33.736, 35.4519, 37.1678, 38.8838, 40.5997, 42.3177, 44.0336, 45.7496, 47.4655, 49.1815, 50.8974, 52.6154, 54.3313, 56.0473, 57.7632]",C:/Users/Madness/PycharmProjects/Crupto_Data_Joiner/Raw_Data_Spot/BYBIT_DOGEUSDT_SPOT_2021_2026.csv,1000.0,0.0018,0.1,False
0.009081,319.282,170.9603,41.6112,100.0,319281989001.1898,1000,2388.5,268577.0,34,1.05,1.26,9.45,random,8.59,48.68,random,"[4.84, 7.52, 8.32, 7.01, 7.31, 1.53, 7.78, 2.08, 8.77, 3.81, 6.38, 2.29, 7.17, 7.93, 1.64, 6.96, 8.89, 3.59, 5.16, 3.2, 8.47, 1.59, 5.13, 6.02, 1.58, 5.34, 3.78, 2.22, 7.86, 9.19, 8.0, 1.99, 3.48, 1.97]","[31.3656, 8.5896, 28.6717, 22.3581, 20.1173, 48.6834, 41.8508, 44.9867, 31.1215, 38.1212, 44.1753, 12.3743, 29.6283, 44.8394, 41.7057, 14.5316, 23.4511, 15.2881, 18.248, 11.6244, 38.5588, 38.7743, 12.7679, 21.9491, 37.9826, 42.7107, 42.6271, 13.067, 26.4044, 21.2828, 35.5505, 36.584, 37.8705, 22.1382]",C:/Users/Madness/PycharmProjects/Crupto_Data_Joiner/Raw_Data_Spot/BYBIT_DOGEUSDT_SPOT_2021_2026.csv,1000.0,0.0018,0.1,False
0.008963,313.3969,191.2086,46.9564,100.0,313396878791.9792,3953,604.3,267828.0,33,0.7,1.91,5.89,linear,9.55,68.85,geometric_increase,"[1.91, 2.03, 2.16, 2.28, 2.41, 2.53, 2.66, 2.78, 2.9, 3.03, 3.15, 3.28, 3.4, 3.53, 3.65, 3.78, 3.9, 4.02, 4.15, 4.27, 4.4, 4.52, 4.65, 4.77, 4.89, 5.02, 5.14, 5.27, 5.39, 5.52, 5.64, 5.77, 5.89]","[9.5477, 10.1556, 10.8022, 11.4907, 12.222, 13.0002, 13.8284, 14.7086, 15.646, 16.6424, 17.7022, 18.8292, 20.0276, 21.3036, 22.6601, 24.1033, 25.6384, 27.2713, 29.0072, 30.8544, 32.8198, 34.9097, 37.1331, 39.4974, 42.0126, 44.6879, 47.5335, 50.5607, 53.7807, 57.2057, 60.8489, 64.7237, 68.8453]",C:/Users/Madness/PycharmProjects/Crupto_Data_Joiner/Raw_Data_Spot/BYBIT_DOGEUSDT_SPOT_2021_2026.csv,1000.0,0.0018,0.1,False
0.008963,313.3582,132.8288,29.6365,100.0,313358219223.049,1149,2078.9,267807.0,32,1.55,4.62,5.15,linear,13.12,49.38,linear_increase,"[4.62, 4.64, 4.65, 4.67, 4.69, 4.71, 4.72, 4.74, 4.76, 4.77, 4.79, 4.81, 4.83, 4.84, 4.86, 4.88, 4.89, 4.91, 4.93, 4.94, 4.96, 4.98, 5.0, 5.01, 5.03, 5.05, 5.06, 5.08, 5.1, 5.12, 5.13, 5.15]","[13.123, 14.2934, 15.4606, 16.631, 17.8014, 18.9718, 20.1391, 21.3095, 22.4799, 23.6471, 24.8175, 25.9879, 27.1583, 28.3256, 29.496, 30.6664, 31.8336, 33.004, 34.1744, 35.3417, 36.5121, 37.6825, 38.8529, 40.0201, 41.1905, 42.3609, 43.5282, 44.6986, 45.869, 47.0394, 48.2066, 49.377]",C:/Users/Madness/PycharmProjects/Crupto_Data_Joiner/Raw_Data_Spot/BYBIT_DOGEUSDT_SPOT_2021_2026.csv,1000.0,0.0018,0.1,False
0.008954,46.2017,124.1315,78.5708,100.0,46201675143.0369,7498,318.6,101997.0,31,0.25,3.69,4.14,linear,7.44,57.08,linear_increase,"[3.69, 3.7, 3.72, 3.74, 3.75, 3.76, 3.78, 3.8, 3.81, 3.82, 3.84, 3.86, 3.87, 3.88, 3.9, 3.92, 3.93, 3.94, 3.96, 3.97, 3.99, 4.0, 4.02, 4.04, 4.05, 4.06, 4.08, 4.09, 4.11, 4.12, 4.14]","[7.4376, 9.0926, 10.7468, 12.4018, 14.0568, 15.7109, 17.366, 19.0201, 20.6751, 22.3301, 23.9843, 25.6393, 27.2943, 28.9485, 30.6035, 32.2585, 33.9126, 35.5676, 37.2218, 38.8768, 40.5318, 42.186, 43.841, 45.496, 47.1501, 48.8052, 50.4593, 52.1143, 53.7693, 55.4235, 57.0785]",C:/Users/Madness/PycharmProjects/Crupto_Data_Joiner/Raw_Data_Spot/BYBIT_DOGEUSDT_SPOT_2021_2026.csv,1000.0,0.0018,0.1,False
0.008933,115.2667,99.2302,70.3593,100.0,115266661258.3462,2369,1008.3,162131.0,30,0.5,4.62,8.53,random,13.53,53.13,linear_increase,"[6.96, 8.41, 5.19, 5.7, 7.73, 5.81, 5.64, 5.17, 6.73, 5.09, 5.7, 8.01, 5.27, 5.91, 4.68, 7.9, 7.47, 7.18, 5.39, 5.45, 8.4, 7.09, 7.08, 7.38, 6.74, 6.66, 5.89, 5.71, 4.78, 7.64]","[13.5326, 14.8983, 16.2641, 17.6298, 18.9956, 20.3596, 21.7253, 23.0911, 24.4568, 25.8226, 27.1883, 28.5541, 29.9198, 31.2856, 32.6513, 34.0153, 35.3811, 36.7468, 38.1126, 39.4783, 40.8441, 42.2098, 43.5756, 44.9414, 46.3071, 47.6711, 49.0368, 50.4026, 51.7683, 53.1341]",C:/Users/Madness/PycharmProjects/Crupto_Data_Joiner/Raw_Data_Spot/BYBIT_DOGEUSDT_SPOT_2021_2026.csv,1000.0,0.0018,0.1,False
0.008782,108.8397,42.1971,19.7152,100.0,108839725443.9481,650,3673.2,158872.0,32,2.5,2.38,8.47,random,4.24,101.04,geometric_increase,"[3.97, 6.12, 7.02, 3.93, 6.41, 7.53, 6.94, 4.0, 2.44, 3.95, 7.19, 5.1, 4.82, 8.21, 3.63, 3.52, 6.21, 3.73, 5.67, 4.29, 5.98, 7.26, 3.49, 5.76, 4.09, 2.67, 3.73, 8.26, 6.36, 6.67, 8.45, 6.14]","[4.2429, 4.7013, 5.2082, 5.7637, 6.3887, 7.0762, 7.8401, 8.6803, 9.6178, 10.6525, 11.7983, 13.0691, 14.4788, 16.0343, 17.7634, 19.6731, 21.7911, 24.1382, 26.7354, 29.6172, 32.8046, 36.3393, 40.2489, 44.5821, 49.3875, 54.6999, 60.5955, 67.1162, 74.3452, 82.3519, 91.2197, 101.0389]",C:/Users/Madness/PycharmProjects/Crupto_Data_Joiner/Raw_Data_Spot/BYBIT_DOGEUSDT_SPOT_2021_2026.csv,1000.0,0.0018,0.1,False
0.00875,44.5522,28.9162,11.8015,100.0,44552208617.4734,759,3110.5,101312.0,30,2.4,9.1,9.63,back_heavy,1.22,65.45,pyramid,"[9.1, 9.1, 9.1, 9.11, 9.11, 9.12, 9.12, 9.13, 9.14, 9.15, 9.16, 9.18, 9.19, 9.21, 9.22, 9.24, 9.26, 9.28, 9.3, 9.33, 9.35, 9.38, 9.41, 9.43, 9.46, 9.49, 9.53, 9.56, 9.59, 9.63]","[1.2164, 5.4982, 9.7811, 14.0629, 18.3458, 22.6277, 26.9095, 31.1924, 35.4743, 39.7571, 44.039, 48.3208, 52.6037, 56.8856, 61.1685, 65.4503, 61.1685, 56.8856, 52.6037, 48.3208, 44.039, 39.7571, 35.4743, 31.1924, 26.9095, 22.6277, 18.3458, 14.0629, 9.7811, 5.4982]",C:/Users/Madness/PycharmProjects/Crupto_Data_Joiner/Raw_Data_Spot/BYBIT_DOGEUSDT_SPOT_2021_2026.csv,1000.0,0.0018,0.1,False
0.008731,305.3023,182.0945,63.4289,100.0,305302347461.1818,2159,1106.4,267834.0,35,0.6,5.06,5.25,random,28.57,28.57,flat,"[5.23, 5.09, 5.23, 5.24, 5.1, 5.06, 5.08, 5.08, 5.17, 5.21, 5.25, 5.07, 5.21, 5.12, 5.1, 5.14, 5.24, 5.15, 5.15, 5.16, 5.24, 5.2, 5.18, 5.21, 5.19, 5.23, 5.24, 5.23, 5.08, 5.18, 5.23, 5.19, 5.11, 5.1, 5.22]","[28.5714, 28.5714, 28.5714, 28.5714, 28.5714, 28.5714, 28.5714, 28.5714, 28.5714, 28.5714, 28.5714, 28.5714, 28.5714, 28.5714, 28.5714, 28.5714, 28.5714, 28.5714, 28.5714, 28.5714, 28.5714, 28.5714, 28.5714, 28.5714, 28.5714, 28.5714, 28.5714, 28.5714, 28.5714, 28.5714, 28.5714, 28.5714, 28.5714, 28.5714, 28.5714]",C:/Users/Madness/PycharmProjects/Crupto_Data_Joiner/Raw_Data_Spot/BYBIT_DOGEUSDT_SPOT_2021_2026.csv,1000.0,0.0018,0.1,False
0.008705,1172.4725,583.5133,19.4646,100.0,1172472508699.7996,369,6202.2,527052.0,30,3.5,1.98,4.48,random,15.58,52.94,random,"[2.93, 4.38, 3.45, 2.26, 3.4, 3.85, 3.74, 3.59, 2.89, 2.45, 2.16, 2.86, 2.83, 3.47, 4.34, 2.62, 3.98, 3.31, 2.44, 2.15, 3.59, 3.36, 2.42, 3.11, 3.52, 2.48, 2.92, 2.0, 3.59, 2.96]","[48.8668, 40.5225, 24.0576, 16.9869, 23.1311, 50.608, 46.9392, 22.7726, 22.1702, 19.6259, 34.3439, 15.5757, 48.9586, 34.8373, 31.4927, 50.1203, 27.5227, 17.8819, 28.607, 35.061, 52.94, 19.8812, 38.2851, 27.7723, 37.241, 35.0208, 26.5073, 38.8043, 48.0292, 35.4368]",C:/Users/Madness/PycharmProjects/Crupto_Data_Joiner/Raw_Data_Spot/BYBIT_DOGEUSDT_SPOT_2021_2026.csv,1000.0,0.0018,0.1,False
0.00867,112.2542,40.3799,24.6548,100.0,112254183969.2644,535,4431.5,162411.0,34,2.4,8.04,8.4,random,6.65,52.18,linear_increase,"[8.3, 8.18, 8.35, 8.24, 8.27, 8.36, 8.35, 8.31, 8.39, 8.37, 8.17, 8.38, 8.4, 8.35, 8.26, 8.36, 8.21, 8.29, 8.31, 8.31, 8.05, 8.25, 8.16, 8.05, 8.06, 8.12, 8.37, 8.33, 8.09, 8.22, 8.33, 8.3, 8.34, 8.35]","[6.6456, 8.0257, 9.405, 10.785, 12.165, 13.5443, 14.9244, 16.3037, 17.6837, 19.0637, 20.443, 21.8231, 23.2031, 24.5824, 25.9624, 27.3424, 28.7218, 30.1018, 31.4811, 32.8611, 34.2411, 35.6205, 37.0005, 38.3805, 39.7598, 41.1398, 42.5199, 43.8992, 45.2792, 46.6585, 48.0385, 49.4186, 50.7979, 52.1779]",C:/Users/Madness/PycharmProjects/Crupto_Data_Joiner/Raw_Data_Spot/BYBIT_DOGEUSDT_SPOT_2021_2026.csv,1000.0,0.0018,0.1,False
0.008647,2036.6838,541.1583,12.089,100.0,2036683806146.0745,375,6366.2,697412.0,31,5.0,1.09,5.41,geometric,4.53,61.83,pyramid,"[1.09, 1.15, 1.21, 1.28, 1.35, 1.42, 1.5, 1.58, 1.67, 1.76, 1.86, 1.96, 2.07, 2.18, 2.3, 2.43, 2.56, 2.7, 2.85, 3.01, 3.17, 3.35, 3.53, 3.72, 3.93, 4.14, 4.37, 4.61, 4.86, 5.13, 5.41]","[4.5299, 8.351, 12.1702, 15.9913, 19.8105, 23.6315, 27.4526, 31.2718, 35.0928, 38.9121, 42.7331, 46.5542, 50.3734, 54.1944, 58.0137, 61.8347, 58.0137, 54.1944, 50.3734, 46.5542, 42.7331, 38.9121, 35.0928, 31.2718, 27.4526, 23.6315, 19.8105, 15.9913, 12.1702, 8.351, 4.5299]",C:/Users/Madness/PycharmProjects/Crupto_Data_Joiner/Raw_Data_Spot/BYBIT_DOGEUSDT_SPOT_2021_2026.csv,1000.0,0.0018,0.1,False
0.008646,107.2005,124.654,38.0481,100.0,107200501522.1237,4731,504.9,158900.0,32,0.6,3.13,8.76,geometric,3.62,58.88,linear_increase,"[3.13, 3.24, 3.34, 3.46, 3.57, 3.7, 3.82, 3.95, 4.08, 4.22, 4.36, 4.51, 4.66, 4.82, 4.98, 5.15, 5.32, 5.5, 5.69, 5.88, 6.08, 6.29, 6.5, 6.72, 6.94, 7.18, 7.42, 7.67, 7.93, 8.2, 8.47, 8.76]","[3.6188, 5.4022, 7.1838, 8.9672, 10.7488, 12.5322, 14.3139, 16.0973, 17.8807, 19.6623, 21.4457, 23.2273, 25.0107, 26.7942, 28.5758, 30.3592, 32.1408, 33.9242, 35.7058, 37.4893, 39.2727, 41.0543, 42.8377, 44.6193, 46.4027, 48.1861, 49.9678, 51.7512, 53.5328, 55.3162, 57.0978, 58.8812]",C:/Users/Madness/PycharmProjects/Crupto_Data_Joiner/Raw_Data_Spot/BYBIT_DOGEUSDT_SPOT_2021_2026.csv,1000.0,0.0018,0.1,False
0.008622,301.5407,294.8422,85.2499,100.0,301540657402.0052,4479,533.3,267852.0,30,0.35,3.4,8.14,back_heavy,33.33,33.33,flat,"[3.4, 3.41, 3.42, 3.45, 3.49, 3.54, 3.6, 3.68, 3.76, 3.86, 3.96, 4.08, 4.21, 4.35, 4.5, 4.67, 4.84, 5.03, 5.23, 5.43, 5.65, 5.89, 6.13, 6.38, 6.65, 6.92, 7.21, 7.51, 7.82, 8.14]","[33.3333, 33.3333, 33.3333, 33.3333, 33.3333, 33.3333, 33.3333, 33.3333, 33.3333, 33.3333, 33.3333, 33.3333, 33.3333, 33.3333, 33.3333, 33.3333, 33.3333, 33.3333, 33.3333, 33.3333, 33.3333, 33.3333, 33.3333, 33.3333, 33.3333, 33.3333, 33.3333, 33.3333, 33.3333, 33.3333]",C:/Users/Madness/PycharmProjects/Crupto_Data_Joiner/Raw_Data_Spot/BYBIT_DOGEUSDT_SPOT_2021_2026.csv,1000.0,0.0018,0.1,False
0.008518,298.8509,840.5304,86.64,100.0,298850853743.3656,10320,231.5,268277.0,30,0.25,1.49,1.89,geometric,20.43,49.59,random,"[1.49, 1.5, 1.51, 1.53, 1.54, 1.55, 1.57, 1.58, 1.59, 1.6, 1.62, 1.63, 1.64, 1.66, 1.67, 1.69, 1.7, 1.71, 1.73, 1.74, 1.76, 1.77, 1.78, 1.8, 1.81, 1.83, 1.84, 1.86, 1.87, 1.89]","[30.3197, 29.5157, 27.2077, 31.1971, 33.7212, 36.872, 24.4891, 24.018, 40.066, 31.6984, 29.9523, 20.435, 31.3138, 34.6245, 42.4691, 49.5877, 39.3615, 37.8618, 32.0312, 42.0845, 23.3611, 34.0194, 47.6773, 23.0066, 33.2587, 44.8938, 21.2994, 34.041, 22.8338, 46.7826]",C:/Users/Madness/PycharmProjects/Crupto_Data_Joiner/Raw_Data_Spot/BYBIT_DOGEUSDT_SPOT_2021_2026.csv,1000.0,0.0018,0.1,False
0.008461,1139.1225,567.7757,18.586,100.0,1139122513187.3628,464,5145.1,526926.0,30,3.5,2.62,3.67,front_heavy,32.4,34.27,linear_increase,"[3.67, 3.63, 3.6, 3.56, 3.53, 3.49, 3.45, 3.42, 3.38, 3.34, 3.31, 3.27, 3.24, 3.2, 3.16, 3.13, 3.09, 3.05, 3.02, 2.98, 2.95, 2.91, 2.87, 2.84, 2.8, 2.76, 2.73, 2.69, 2.66, 2.62]","[32.3966, 32.4635, 32.5304, 32.5861, 32.6531, 32.72, 32.7869, 32.8538, 32.9096, 32.9765, 33.0434, 33.1103, 33.1772, 33.233, 33.2999, 33.3668, 33.4337, 33.4895, 33.5564, 33.6233, 33.6902, 33.7571, 33.8129, 33.8798, 33.9467, 34.0136, 34.0805, 34.1363, 34.2032, 34.2701]",C:/Users/Madness/PycharmProjects/Crupto_Data_Joiner/Raw_Data_Spot/BYBIT_DOGEUSDT_SPOT_2021_2026.csv,1000.0,0.0018,0.1,False
0.008457,105.2728,76.4386,25.3702,100.0,105272750338.2877,1230,1942.0,159222.0,32,1.3,0.92,9.52,random,5.58,56.92,linear_increase,"[7.55, 9.25, 3.17, 6.7, 5.68, 2.63, 6.22, 5.57, 1.91, 5.64, 8.31, 4.53, 3.37, 7.83, 5.3, 3.05, 9.2, 9.51, 2.39, 8.96, 4.91, 7.58, 1.43, 4.32, 8.87, 9.33, 3.85, 7.77, 9.35, 1.45, 5.52, 1.99]","[5.5794, 7.235, 8.8921, 10.5477, 12.2048, 13.8604, 15.5159, 17.1731, 18.8286, 20.4842, 22.1413, 23.7968, 25.454, 27.1095, 28.7651, 30.4222, 32.0778, 33.7349, 35.3905, 37.046, 38.7032, 40.3587, 42.0158, 43.6714, 45.3269, 46.9841, 48.6396, 50.2952, 51.9523, 53.6079, 55.265, 56.9206]",C:/Users/Madness/PycharmProjects/Crupto_Data_Joiner/Raw_Data_Spot/BYBIT_DOGEUSDT_SPOT_2021_2026.csv,1000.0,0.0018,0.1,False
0.008441,296.7925,107.7167,19.4065,100.0,296792474120.194,578,4130.6,268574.0,33,2.9,6.34,7.28,linear,8.42,59.4,random,"[6.34, 6.37, 6.4, 6.43, 6.46, 6.49, 6.52, 6.55, 6.58, 6.6, 6.63, 6.66, 6.69, 6.72, 6.75, 6.78, 6.81, 6.84, 6.87, 6.9, 6.93, 6.96, 6.99, 7.02, 7.04, 7.07, 7.1, 7.13, 7.16, 7.19, 7.22, 7.25, 7.28]","[11.1246, 12.5869, 8.4156, 27.5792, 32.0539, 11.2415, 21.4741, 59.3992, 12.7879, 45.4963, 15.4749, 37.4133, 57.6956, 41.1897, 39.2046, 27.1625, 16.9117, 34.7227, 57.7578, 26.2156, 32.6206, 22.0188, 18.703, 22.5452, 55.3376, 14.7109, 26.0804, 18.268, 32.0759, 49.7808, 38.5868, 14.4477, 58.9166]",C:/Users/Madness/PycharmProjects/Crupto_Data_Joiner/Raw_Data_Spot/BYBIT_DOGEUSDT_SPOT_2021_2026.csv,1000.0,0.0018,0.1,False
0.008398,104.1112,421.1074,67.0424,100.0,104111221292.6533,10759,222.0,158897.0,30,0.25,1.92,2.68,geometric,10.4,75.99,geometric_increase,"[1.92, 1.94, 1.96, 1.99, 2.01, 2.03, 2.06, 2.08, 2.11, 2.13, 2.15, 2.18, 2.2, 2.23, 2.26, 2.28, 2.31, 2.33, 2.36, 2.39, 2.42, 2.44, 2.47, 2.5, 2.53, 2.56, 2.59, 2.62, 2.65, 2.68]","[10.3999, 11.1384, 11.9281, 12.7763, 13.6829, 14.653, 15.6937, 16.8075, 18.0018, 19.279, 20.6487, 22.1135, 23.6831, 25.3649, 27.166, 29.0939, 31.1583, 33.3714, 35.738, 38.2752, 40.9928, 43.9029, 47.0202, 50.3568, 53.9323, 57.7613, 61.8608, 66.2528, 70.9543, 75.9922]",C:/Users/Madness/PycharmProjects/Crupto_Data_Joiner/Raw_Data_Spot/BYBIT_DOGEUSDT_SPOT_2021_2026.csv,1000.0,0.0018,0.1,False
0.008369,294.306,114.0626,25.8916,100.0,294306012024.8374,696,3431.0,268604.0,33,1.9,2.44,8.83,front_heavy,5.15,50.52,random,"[8.83, 8.63, 8.43, 8.23, 8.03, 7.83, 7.63, 7.43, 7.23, 7.03, 6.83, 6.63, 6.43, 6.23, 6.03, 5.83, 5.64, 5.44, 5.24, 5.04, 4.84, 4.64, 4.44, 4.24, 4.04, 3.84, 3.64, 3.44, 3.24, 3.04, 2.84, 2.64, 2.44]","[17.5479, 30.5078, 37.8211, 31.4049, 35.9573, 8.2501, 31.5482, 50.5186, 7.0004, 41.989, 31.8338, 32.3793, 9.5824, 34.8035, 19.8628, 12.7856, 26.5322, 30.8398, 39.109, 43.5661, 44.3353, 36.0584, 45.6861, 5.4315, 48.0851, 38.5708, 5.1474, 43.8693, 48.2784, 16.873, 35.782, 17.3071, 40.7356]",C:/Users/Madness/PycharmProjects/Crupto_Data_Joiner/Raw_Data_Spot/BYBIT_DOGEUSDT_SPOT_2021_2026.csv,1000.0,0.0018,0.1,False
0.008307,292.1047,92.6915,25.3517,100.0,292104668851.4347,308,7029.7,268596.0,32,2.8,9.37,9.99,front_heavy,27.91,34.59,pyramid,"[9.99, 9.97, 9.95, 9.93, 9.91, 9.89, 9.87, 9.85, 9.83, 9.81, 9.79, 9.77, 9.75, 9.73, 9.71, 9.69, 9.67, 9.65, 9.63, 9.61, 9.59, 9.57, 9.55, 9.53, 9.51, 9.49, 9.47, 9.45, 9.43, 9.41, 9.39, 9.37]","[27.9144, 28.3327, 28.7474, 29.1657, 29.584, 29.9987, 30.417, 30.8317, 31.25, 31.6683, 32.083, 32.5013, 32.916, 33.3343, 33.7526, 34.1673, 34.5856, 34.1673, 33.7526, 33.3343, 32.916, 32.5013, 32.083, 31.6683, 31.25, 30.8317, 30.417, 29.9987, 29.584, 29.1657, 28.7474, 28.3327]",C:/Users/Madness/PycharmProjects/Crupto_Data_Joiner/Raw_Data_Spot/BYBIT_DOGEUSDT_SPOT_2021_2026.csv,1000.0,0.0018,0.1,False
0.008305,1135.0188,584.8514,21.0853,100.0,1135018847556.1672,641,3725.4,530916.0,33,2.7,2.76,3.57,back_heavy,30.3,30.3,flat,"[2.76, 2.76, 2.76, 2.77, 2.77, 2.78, 2.79, 2.8, 2.81, 2.82, 2.84, 2.86, 2.87, 2.89, 2.92, 2.94, 2.96, 2.99, 3.02, 3.05, 3.08, 3.11, 3.14, 3.18, 3.22, 3.25, 3.29, 3.34, 3.38, 3.43, 3.47, 3.52, 3.57]","[30.303, 30.303, 30.303, 30.303, 30.303, 30.303, 30.303, 30.303, 30.303, 30.303, 30.303, 30.303, 30.303, 30.303, 30.303, 30.303, 30.303, 30.303, 30.303, 30.303, 30.303, 30.303, 30.303, 30.303, 30.303, 30.303, 30.303, 30.303, 30.303, 30.303, 30.303, 30.303, 30.303]",C:/Users/Madness/PycharmProjects/Crupto_Data_Joiner/Raw_Data_Spot/BYBIT_DOGEUSDT_SPOT_2021_2026.csv,1000.0,0.0018,0.1,False
0.008236,289.7039,124.8945,17.3696,100.0,289703921712.8032,510,4683.7,268629.0,30,2.7,8.95,9.4,back_heavy,4.73,64.17,random,"[8.95, 8.95, 8.95, 8.95, 8.96, 8.96, 8.97, 8.98, 8.98, 8.99, 9.0, 9.01, 9.03, 9.04, 9.05, 9.07, 9.09, 9.1, 9.12, 9.14, 9.16, 9.19, 9.21, 9.23, 9.26, 9.28, 9.31, 9.34, 9.37, 9.4]","[13.2943, 25.2794, 54.6921, 35.0697, 42.3743, 60.7669, 15.6038, 11.3305, 26.6745, 18.3984, 38.5441, 60.951, 49.7649, 18.218, 23.5992, 55.468, 17.839, 8.305, 64.175, 32.7991, 27.8379, 25.6994, 43.9989, 33.5252, 44.6225, 27.4893, 57.9341, 51.8434, 4.7259, 9.1761]",C:/Users/Madness/PycharmProjects/Crupto_Data_Joiner/Raw_Data_Spot/BYBIT_DOGEUSDT_SPOT_2021_2026.csv,1000.0,0.0018,0.1,False
0.008206,288.5835,156.4921,65.4305,100.0,288583545149.3916,1518,1573.6,268607.0,31,0.7,1.18,7.62,front_heavy,32.26,32.26,flat,"[7.62, 7.41, 7.19, 6.98, 6.76, 6.55, 6.33, 6.12, 5.9, 5.69, 5.47, 5.26, 5.04, 4.83, 4.61, 4.4, 4.19, 3.97, 3.76, 3.54, 3.33, 3.11, 2.9, 2.68, 2.47, 2.25, 2.04, 1.82, 1.61, 1.39, 1.18]","[32.2581, 32.2581, 32.2581, 32.2581, 32.2581, 32.2581, 32.2581, 32.2581, 32.2581, 32.2581, 32.2581, 32.2581, 32.2581, 32.2581, 32.2581, 32.2581, 32.2581, 32.2581, 32.2581, 32.2581, 32.2581, 32.2581, 32.2581, 32.2581, 32.2581, 32.2581, 32.2581, 32.2581, 32.2581, 32.2581, 32.2581]",C:/Users/Madness/PycharmProjects/Crupto_Data_Joiner/Raw_Data_Spot/BYBIT_DOGEUSDT_SPOT_2021_2026.csv,1000.0,0.0018,0.1,False
0.008193,1899.4219,641.4417,36.6245,100.0,1899421929633.84,5102,450.9,691893.0,28,1.0,0.67,2.14,back_heavy,9.9,61.52,linear_increase,"[0.67, 0.67, 0.68, 0.69, 0.7, 0.72, 0.74, 0.77, 0.8, 0.83, 0.87, 0.91, 0.96, 1.01, 1.07, 1.12, 1.19, 1.25, 1.32, 1.4, 1.48, 1.56, 1.65, 1.74, 1.83, 1.93, 2.03, 2.14]","[9.9044, 11.8171, 13.7272, 15.6399, 17.5527, 19.4627, 21.3755, 23.2882, 25.1982, 27.111, 29.0237, 30.9338, 32.8465, 34.7593, 36.6693, 38.5821, 40.4948, 42.4048, 44.3176, 46.2303, 48.1404, 50.0531, 51.9659, 53.8759, 55.7886, 57.7014, 59.6114, 61.5242]",C:/Users/Madness/PycharmProjects/Crupto_Data_Joiner/Raw_Data_Spot/BYBIT_DOGEUSDT_SPOT_2021_2026.csv,1000.0,0.0018,0.1,False
0.00819,288.0435,112.3553,44.8852,100.0,288043536388.2268,665,3550.4,268607.0,30,1.3,6.42,9.93,front_heavy,33.33,33.33,flat,"[9.93, 9.81, 9.69, 9.57, 9.45, 9.32, 9.2, 9.08, 8.96, 8.84, 8.72, 8.6, 8.48, 8.36, 8.24, 8.11, 7.99, 7.87, 7.75, 7.63, 7.51, 7.39, 7.27, 7.15, 7.03, 6.9, 6.78, 6.66, 6.54, 6.42]","[33.3333, 33.3333, 33.3333, 33.3333, 33.3333, 33.3333, 33.3333, 33.3333, 33.3333, 33.3333, 33.3333, 33.3333, 33.3333, 33.3333, 33.3333, 33.3333, 33.3333, 33.3333, 33.3333, 33.3333, 33.3333, 33.3333, 33.3333, 33.3333, 33.3333, 33.3333, 33.3333, 33.3333, 33.3333, 33.3333]",C:/Users/Madness/PycharmProjects/Crupto_Data_Joiner/Raw_Data_Spot/BYBIT_DOGEUSDT_SPOT_2021_2026.csv,1000.0,0.0018,0.1,False
0.008167,285.5813,205.5893,70.5773,100.0,285581306941.3826,2542,939.6,267831.0,33,0.5,3.28,5.18,front_heavy,30.3,30.3,flat,"[5.18, 5.12, 5.06, 5.0, 4.94, 4.88, 4.82, 4.76, 4.7, 4.65, 4.59, 4.53, 4.47, 4.41, 4.35, 4.29, 4.23, 4.17, 4.11, 4.05, 3.99, 3.93, 3.87, 3.81, 3.76, 3.7, 3.64, 3.58, 3.52, 3.46, 3.4, 3.34, 3.28]","[30.303, 30.303, 30.303, 30.303, 30.303, 30.303, 30.303, 30.303, 30.303, 30.303, 30.303, 30.303, 30.303, 30.303, 30.303, 30.303, 30.303, 30.303, 30.303, 30.303, 30.303, 30.303, 30.303, 30.303, 30.303, 30.303, 30.303, 30.303, 30.303, 30.303, 30.303, 30.303, 30.303]",C:/Users/Madness/PycharmProjects/Crupto_Data_Joiner/Raw_Data_Spot/BYBIT_DOGEUSDT_SPOT_2021_2026.csv,1000.0,0.0018,0.1,False
0.008043,102.8411,60.2756,30.0904,100.0,102841096017.4413,1692,1411.3,161393.0,32,1.2,4.01,9.28,back_heavy,3.92,103.82,geometric_increase,"[4.01, 4.02, 4.03, 4.06, 4.1, 4.15, 4.21, 4.28, 4.36, 4.45, 4.56, 4.67, 4.8, 4.94, 5.08, 5.24, 5.41, 5.59, 5.79, 5.99, 6.2, 6.43, 6.66, 6.91, 7.17, 7.44, 7.72, 8.01, 8.31, 8.62, 8.95, 9.28]","[3.9212, 4.3576, 4.8439, 5.3834, 5.9848, 6.6515, 7.3921, 8.2169, 9.1328, 10.1517, 11.2824, 12.5402, 13.9389, 15.4922, 17.2191, 19.1384, 21.2709, 23.6421, 26.278, 29.2077, 32.4639, 36.0826, 40.1052, 44.5745, 49.5438, 55.0664, 61.2059, 68.0293, 75.6121, 84.0404, 93.4086, 103.8215]",C:/Users/Madness/PycharmProjects/Crupto_Data_Joiner/Raw_Data_Spot/BYBIT_DOGEUSDT_SPOT_2021_2026.csv,1000.0,0.0018,0.1,False
0.007976,278.8984,246.9896,77.5454,100.0,278898367771.8097,3659,652.8,267832.0,34,0.4,2.91,5.05,random,29.41,29.41,flat,"[4.48, 3.02, 4.66, 3.77, 4.36, 4.1, 4.54, 3.97, 3.19, 3.28, 3.23, 3.04, 4.57, 4.78, 4.47, 4.55, 4.58, 3.43, 4.65, 4.74, 3.46, 4.22, 4.13, 3.0, 4.46, 3.47, 4.55, 4.81, 4.52, 4.32, 3.08, 3.86, 4.22, 4.95]","[29.4118, 29.4118, 29.4118, 29.4118, 29.4118, 29.4118, 29.4118, 29.4118, 29.4118, 29.4118, 29.4118, 29.4118, 29.4118, 29.4118, 29.4118, 29.4118, 29.4118, 29.4118, 29.4118, 29.4118, 29.4118, 29.4118, 29.4118, 29.4118, 29.4118, 29.4118, 29.4118, 29.4118, 29.4118, 29.4118, 29.4118, 29.4118, 29.4118, 29.4118]",C:/Users/Madness/PycharmProjects/Crupto_Data_Joiner/Raw_Data_Spot/BYBIT_DOGEUSDT_SPOT_2021_2026.csv,1000.0,0.0018,0.1,False
0.00793,277.2783,188.6825,72.8145,100.0,277278294496.37,2547,937.9,267832.0,34,0.5,5.1,6.43,back_heavy,29.41,29.41,flat,"[5.1, 5.1, 5.1, 5.11, 5.12, 5.13, 5.14, 5.16, 5.18, 5.2, 5.22, 5.25, 5.28, 5.31, 5.34, 5.37, 5.41, 5.45, 5.5, 5.54, 5.59, 5.64, 5.69, 5.75, 5.8, 5.86, 5.93, 5.99, 6.06, 6.13, 6.2, 6.27, 6.35, 6.43]","[29.4118, 29.4118, 29.4118, 29.4118, 29.4118, 29.4118, 29.4118, 29.4118, 29.4118, 29.4118, 29.4118, 29.4118, 29.4118, 29.4118, 29.4118, 29.4118, 29.4118, 29.4118, 29.4118, 29.4118, 29.4118, 29.4118, 29.4118, 29.4118, 29.4118, 29.4118, 29.4118, 29.4118, 29.4118, 29.4118, 29.4118, 29.4118, 29.4118, 29.4118]",C:/Users/Madness/PycharmProjects/Crupto_Data_Joiner/Raw_Data_Spot/BYBIT_DOGEUSDT_SPOT_2021_2026.csv,1000.0,0.0018,0.1,False
0.007893,1078.5543,505.877,18.3747,100.0,1078554326868.7496,436,5475.9,530856.0,32,3.5,3.37,4.16,back_heavy,31.25,31.25,flat,"[3.37, 3.37, 3.37, 3.38, 3.38, 3.39, 3.4, 3.41, 3.42, 3.44, 3.45, 3.47, 3.49, 3.51, 3.53, 3.55, 3.58, 3.61, 3.64, 3.67, 3.7, 3.73, 3.77, 3.8, 3.84, 3.88, 3.93, 3.97, 4.01, 4.06, 4.11, 4.16]","[31.25, 31.25, 31.25, 31.25, 31.25, 31.25, 31.25, 31.25, 31.25, 31.25, 31.25, 31.25, 31.25, 31.25, 31.25, 31.25, 31.25, 31.25, 31.25, 31.25, 31.25, 31.25, 31.25, 31.25, 31.25, 31.25, 31.25, 31.25, 31.25, 31.25, 31.25, 31.25]",C:/Users/Madness/PycharmProjects/Crupto_Data_Joiner/Raw_Data_Spot/BYBIT_DOGEUSDT_SPOT_2021_2026.csv,1000.0,0.0018,0.1,False
0.007772,271.7564,306.03,81.4582,100.0,271756361464.6028,3989,598.8,267822.0,29,0.35,3.01,4.0,front_heavy,34.48,34.48,flat,"[4.0, 3.96, 3.93, 3.89, 3.86, 3.82, 3.79, 3.75, 3.72, 3.68, 3.65, 3.61, 3.58, 3.54, 3.5, 3.47, 3.43, 3.4, 3.36, 3.33, 3.29, 3.26, 3.22, 3.19, 3.15, 3.12, 3.08, 3.05, 3.01]","[34.4828, 34.4828, 34.4828, 34.4828, 34.4828, 34.4828, 34.4828, 34.4828, 34.4828, 34.4828, 34.4828, 34.4828, 34.4828, 34.4828, 34.4828, 34.4828, 34.4828, 34.4828, 34.4828, 34.4828, 34.4828, 34.4828, 34.4828, 34.4828, 34.4828, 34.4828, 34.4828, 34.4828, 34.4828]",C:/Users/Madness/PycharmProjects/Crupto_Data_Joiner/Raw_Data_Spot/BYBIT_DOGEUSDT_SPOT_2021_2026.csv,1000.0,0.0018,0.1,False
0.007702,1037.378,508.1193,17.0079,100.0,1037377989525.9014,362,6595.2,527052.0,30,4.0,2.75,4.16,front_heavy,33.33,33.33,flat,"[4.16, 4.11, 4.06, 4.01, 3.97, 3.92, 3.87, 3.82, 3.77, 3.72, 3.67, 3.63, 3.58, 3.53, 3.48, 3.43, 3.38, 3.33, 3.28, 3.24, 3.19, 3.14, 3.09, 3.04, 2.99, 2.94, 2.9, 2.85, 2.8, 2.75]","[33.3333, 33.3333, 33.3333, 33.3333, 33.3333, 33.3333, 33.3333, 33.3333, 33.3333, 33.3333, 33.3333, 33.3333, 33.3333, 33.3333, 33.3333, 33.3333, 33.3333, 33.3333, 33.3333, 33.3333, 33.3333, 33.3333, 33.3333, 33.3333, 33.3333, 33.3333, 33.3333, 33.3333, 33.3333, 33.3333]",C:/Users/Madness/PycharmProjects/Crupto_Data_Joiner/Raw_Data_Spot/BYBIT_DOGEUSDT_SPOT_2021_2026.csv,1000.0,0.0018,0.1,False
0.007678,268.4153,190.7584,56.4503,100.0,268415312224.2794,5131,465.5,267798.0,32,0.55,1.96,8.67,geometric,9.49,72.28,geometric_increase,"[1.96, 2.06, 2.16, 2.26, 2.37, 2.49, 2.61, 2.74, 2.88, 3.02, 3.17, 3.32, 3.49, 3.66, 3.84, 4.02, 4.22, 4.43, 4.65, 4.88, 5.12, 5.37, 5.63, 5.91, 6.2, 6.5, 6.82, 7.16, 7.51, 7.88, 8.26, 8.67]","[9.4922, 10.1264, 10.822, 11.5584, 12.3358, 13.1746, 14.0543, 15.0158, 16.0182, 17.1229, 18.2685, 19.5164, 20.8257, 22.2372, 23.7511, 25.3468, 27.0652, 28.9063, 30.8498, 32.9365, 35.1663, 37.5394, 40.0966, 42.7969, 45.7019, 48.791, 52.1051, 55.6237, 59.3879, 63.3976, 67.6936, 72.2761]",C:/Users/Madness/PycharmProjects/Crupto_Data_Joiner/Raw_Data_Spot/BYBIT_DOGEUSDT_SPOT_2021_2026.csv,1000.0,0.0018,0.1,False
0.00763,266.7388,123.6291,38.4306,100.0,266738806264.6766,1470,1624.5,267794.0,32,1.1,3.33,6.39,random,14.68,47.82,linear_increase,"[5.38, 4.12, 6.26, 3.69, 5.06, 4.82, 5.38, 5.43, 6.26, 5.67, 5.81, 4.93, 5.92, 5.44, 4.2, 4.32, 3.68, 5.03, 4.71, 3.58, 4.27, 5.51, 6.12, 3.49, 3.99, 5.55, 4.77, 3.94, 4.24, 3.78, 4.77, 5.49]","[14.6837, 15.7536, 16.8212, 17.8911, 18.9587, 20.0286, 21.0962, 22.1661, 23.2338, 24.3037, 25.3713, 26.4412, 27.5088, 28.5787, 29.6463, 30.7162, 31.7838, 32.8537, 33.9213, 34.9912, 36.0588, 37.1287, 38.1963, 39.2662, 40.3339, 41.4038, 42.4714, 43.5413, 44.6089, 45.6788, 46.7464, 47.8163]",C:/Users/Madness/PycharmProjects/Crupto_Data_Joiner/Raw_Data_Spot/BYBIT_DOGEUSDT_SPOT_2021_2026.csv,1000.0,0.0018,0.1,False
0.007601,1221.6606,548.3178,12.934,100.0,1221660636440.9214,200,10926.9,575851.0,34,6.0,2.97,3.16,linear,29.41,29.41,flat,"[2.97, 2.98, 2.98, 2.99, 2.99, 3.0, 3.0, 3.01, 3.02, 3.02, 3.03, 3.03, 3.04, 3.04, 3.05, 3.06, 3.06, 3.07, 3.07, 3.08, 3.09, 3.09, 3.1, 3.1, 3.11, 3.11, 3.12, 3.13, 3.13, 3.14, 3.14, 3.15, 3.15, 3.16]","[29.4118, 29.4118, 29.4118, 29.4118, 29.4118, 29.4118, 29.4118, 29.4118, 29.4118, 29.4118, 29.4118, 29.4118, 29.4118, 29.4118, 29.4118, 29.4118, 29.4118, 29.4118, 29.4118, 29.4118, 29.4118, 29.4118, 29.4118, 29.4118, 29.4118, 29.4118, 29.4118, 29.4118, 29.4118, 29.4118, 29.4118, 29.4118, 29.4118, 29.4118]",C:/Users/Madness/PycharmProjects/Crupto_Data_Joiner/Raw_Data_Spot/BYBIT_DOGEUSDT_SPOT_2021_2026.csv,1000.0,0.0018,0.1,False
0.007558,264.2924,126.6402,36.2892,100.0,264292365296.5258,1564,1526.9,267831.0,34,1.15,4.46,8.52,back_heavy,12.39,46.43,linear_increase,"[4.46, 4.46, 4.47, 4.49, 4.52, 4.55, 4.59, 4.64, 4.7, 4.76, 4.83, 4.91, 5.0, 5.09, 5.19, 5.3, 5.41, 5.54, 5.67, 5.81, 5.95, 6.1, 6.26, 6.43, 6.61, 6.79, 6.98, 7.18, 7.38, 7.6, 7.82, 8.04, 8.28, 8.52]","[12.3944, 13.4252, 14.4575, 15.4883, 16.5191, 17.5514, 18.5822, 19.6146, 20.6454, 21.6762, 22.7085, 23.7393, 24.7701, 25.8024, 26.8332, 27.864, 28.8964, 29.9272, 30.9595, 31.9903, 33.0211, 34.0534, 35.0842, 36.115, 37.1474, 38.1782, 39.2089, 40.2413, 41.2721, 42.3044, 43.3352, 44.366, 45.3984, 46.4292]",C:/Users/Madness/PycharmProjects/Crupto_Data_Joiner/Raw_Data_Spot/BYBIT_DOGEUSDT_SPOT_2021_2026.csv,1000.0,0.0018,0.1,False
0.007503,1010.9312,394.0142,14.3477,100.0,1010931184709.4144,220,9933.6,527146.0,35,6.0,3.68,4.35,random,22.86,34.48,random,"[3.86, 4.25, 4.18, 4.12, 4.17, 3.7, 3.68, 3.97, 4.35, 3.68, 4.34, 3.73, 3.88, 3.86, 4.07, 3.93, 3.79, 4.2, 4.31, 3.78, 3.74, 3.71, 3.8, 4.08, 4.0, 3.85, 3.96, 3.95, 4.02, 4.03, 4.3, 4.19, 4.09, 4.04, 4.29]","[29.4032, 23.4659, 34.4837, 26.5785, 25.9384, 27.2638, 33.2392, 29.1985, 25.798, 29.7339, 27.4923, 30.9975, 29.6102, 27.0735, 22.8638, 26.4072, 31.3521, 31.245, 23.2684, 28.4632, 29.6316, 30.2646, 32.6181, 24.3297, 26.0169, 26.6118, 26.4714, 33.3962, 24.6605, 31.9875, 24.4701, 33.5937, 23.9585, 33.8198, 34.2934]",C:/Users/Madness/PycharmProjects/Crupto_Data_Joiner/Raw_Data_Spot/BYBIT_DOGEUSDT_SPOT_2021_2026.csv,1000.0,0.0018,0.1,False
0.007464,260.9226,152.3604,29.5761,100.0,260922602711.859,2047,1166.9,267794.0,34,1.2,3.23,5.44,geometric,7.42,51.4,linear_increase,"[3.23, 3.28, 3.33, 3.39, 3.44, 3.5, 3.55, 3.61, 3.67, 3.72, 3.78, 3.84, 3.9, 3.97, 4.03, 4.09, 4.16, 4.23, 4.29, 4.36, 4.43, 4.5, 4.57, 4.65, 4.72, 4.79, 4.87, 4.95, 5.03, 5.11, 5.19, 5.27, 5.35, 5.44]","[7.4228, 8.7551, 10.0874, 11.4213, 12.7537, 14.086, 15.4183, 16.7507, 18.0846, 19.4169, 20.7492, 22.0816, 23.4155, 24.7478, 26.0801, 27.4125, 28.7448, 30.0787, 31.4111, 32.7434, 34.0757, 35.408, 36.742, 38.0743, 39.4066, 40.739, 42.0729, 43.4052, 44.7375, 46.0699, 47.4022, 48.7361, 50.0684, 51.4008]",C:/Users/Madness/PycharmProjects/Crupto_Data_Joiner/Raw_Data_Spot/BYBIT_DOGEUSDT_SPOT_2021_2026.csv,1000.0,0.0018,0.1,False
0.007439,95.076,48.0468,44.851,100.0,95076010975.1684,1496,1596.6,161351.0,34,0.95,5.59,6.7,random,6.7,77.85,geometric_increase,"[5.8, 6.62, 6.39, 5.99, 6.06, 6.27, 6.52, 5.95, 6.12, 5.76, 6.57, 6.65, 6.6, 5.87, 6.07, 6.52, 6.21, 6.08, 6.45, 6.53, 6.63, 5.72, 6.28, 5.72, 6.61, 5.75, 6.41, 6.16, 6.13, 5.67, 5.87, 6.15, 6.14, 6.59]","[6.6992, 7.2161, 7.7729, 8.3727, 9.0189, 9.7149, 10.4638, 11.2716, 12.1415, 13.0777, 14.0868, 15.1738, 16.3453, 17.6062, 18.965, 20.4281, 22.0039, 23.7023, 25.5308, 27.5009, 29.6227, 31.9085, 34.3707, 37.0227, 39.8794, 42.9564, 46.2712, 49.8411, 53.687, 57.8294, 62.2917, 67.0986, 72.2758, 77.8524]",C:/Users/Madness/PycharmProjects/Crupto_Data_Joiner/Raw_Data_Spot/BYBIT_DOGEUSDT_SPOT_2021_2026.csv,1000.0,0.0018,0.1,False
0.007419,95.6597,55.5013,47.7967,100.0,95659656488.8117,1639,1457.3,162075.0,34,0.85,6.87,8.24,geometric,7.25,51.57,linear_increase,"[6.87, 6.91, 6.95, 6.98, 7.02, 7.06, 7.1, 7.14, 7.18, 7.22, 7.26, 7.3, 7.34, 7.38, 7.42, 7.46, 7.5, 7.54, 7.59, 7.63, 7.67, 7.71, 7.76, 7.8, 7.84, 7.88, 7.93, 7.97, 8.02, 8.06, 8.1, 8.15, 8.19, 8.24]","[7.2492, 8.5927, 9.9353, 11.2788, 12.6223, 13.965, 15.3084, 16.6511, 17.9946, 19.3381, 20.6808, 22.0242, 23.3677, 24.7104, 26.0539, 27.3973, 28.74, 30.0835, 31.4262, 32.7697, 34.1131, 35.4558, 36.7993, 38.1428, 39.4854, 40.8289, 42.1724, 43.5151, 44.8586, 46.2012, 47.5447, 48.8882, 50.2309, 51.5743]",C:/Users/Madness/PycharmProjects/Crupto_Data_Joiner/Raw_Data_Spot/BYBIT_DOGEUSDT_SPOT_2021_2026.csv,1000.0,0.0018,0.1,False
0.007415,259.2799,338.6722,91.2671,100.0,259279932010.2466,5558,429.8,267827.0,33,0.3,3.23,3.62,linear,11.8,47.25,random,"[3.23, 3.24, 3.25, 3.27, 3.28, 3.29, 3.3, 3.32, 3.33, 3.34, 3.35, 3.36, 3.38, 3.39, 3.4, 3.41, 3.42, 3.44, 3.45, 3.46, 3.47, 3.49, 3.5, 3.51, 3.52, 3.53, 3.55, 3.56, 3.57, 3.58, 3.6, 3.61, 3.62]","[32.5896, 35.648, 42.1846, 44.2659, 23.7124, 42.5656, 16.2551, 12.2901, 41.114, 34.7097, 46.4142, 21.7723, 27.2524, 18.7244, 30.4642, 15.0346, 44.1901, 38.9128, 43.1565, 36.4488, 31.7483, 27.3935, 15.0099, 21.1338, 11.8033, 42.8125, 43.2059, 31.2033, 23.8923, 15.6396, 16.7948, 47.2485, 24.4091]",C:/Users/Madness/PycharmProjects/Crupto_Data_Joiner/Raw_Data_Spot/BYBIT_DOGEUSDT_SPOT_2021_2026.csv,1000.0,0.0018,0.1,False
0.0074,260.2481,103.1203,37.8591,100.0,260248059394.3637,548,4308.5,268607.0,33,1.5,9.12,9.62,front_heavy,30.3,30.3,flat,"[9.62, 9.6, 9.59, 9.57, 9.56, 9.54, 9.53, 9.51, 9.49, 9.48, 9.46, 9.45, 9.43, 9.42, 9.4, 9.39, 9.37, 9.35, 9.34, 9.32, 9.31, 9.29, 9.28, 9.26, 9.24, 9.23, 9.21, 9.2, 9.18, 9.17, 9.15, 9.14, 9.12]","[30.303, 30.303, 30.303, 30.303, 30.303, 30.303, 30.303, 30.303, 30.303, 30.303, 30.303, 30.303, 30.303, 30.303, 30.303, 30.303, 30.303, 30.303, 30.303, 30.303, 30.303, 30.303, 30.303, 30.303, 30.303, 30.303, 30.303, 30.303, 30.303, 30.303, 30.303, 30.303, 30.303]",C:/Users/Madness/PycharmProjects/Crupto_Data_Joiner/Raw_Data_Spot/BYBIT_DOGEUSDT_SPOT_2021_2026.csv,1000.0,0.0018,0.1,False
0.007395,260.0974,162.0419,75.5097,100.0,260097379837.4684,2007,1190.1,268628.0,30,0.55,6.46,7.64,back_heavy,31.03,35.63,linear_increase,"[6.46, 6.46, 6.47, 6.47, 6.48, 6.5, 6.51, 6.53, 6.55, 6.57, 6.6, 6.63, 6.66, 6.7, 6.74, 6.78, 6.82, 6.87, 6.91, 6.97, 7.02, 7.08, 7.14, 7.2, 7.27, 7.34, 7.41, 7.48, 7.56, 7.64]","[31.0326, 31.1906, 31.3486, 31.5065, 31.6696, 31.8276, 31.9855, 32.1435, 32.3015, 32.4594, 32.6174, 32.7805, 32.9384, 33.0964, 33.2544, 33.4123, 33.5703, 33.7282, 33.8862, 34.0493, 34.2072, 34.3652, 34.5232, 34.6811, 34.8391, 34.9971, 35.1601, 35.3181, 35.4761, 35.634]",C:/Users/Madness/PycharmProjects/Crupto_Data_Joiner/Raw_Data_Spot/BYBIT_DOGEUSDT_SPOT_2021_2026.csv,1000.0,0.0018,0.1,False
0.007393,258.5212,288.4422,81.7162,100.0,258521234162.021,4380,545.4,267831.0,34,0.35,2.77,3.62,front_heavy,29.41,29.41,flat,"[3.62, 3.59, 3.57, 3.54, 3.52, 3.49, 3.47, 3.44, 3.41, 3.39, 3.36, 3.34, 3.31, 3.29, 3.26, 3.23, 3.21, 3.18, 3.16, 3.13, 3.1, 3.08, 3.05, 3.03, 3.0, 2.98, 2.95, 2.92, 2.9, 2.87, 2.85, 2.82, 2.8, 2.77]","[29.4118, 29.4118, 29.4118, 29.4118, 29.4118, 29.4118, 29.4118, 29.4118, 29.4118, 29.4118, 29.4118, 29.4118, 29.4118, 29.4118, 29.4118, 29.4118, 29.4118, 29.4118, 29.4118, 29.4118, 29.4118, 29.4118, 29.4118, 29.4118, 29.4118, 29.4118, 29.4118, 29.4118, 29.4118, 29.4118, 29.4118, 29.4118, 29.4118, 29.4118]",C:/Users/Madness/PycharmProjects/Crupto_Data_Joiner/Raw_Data_Spot/BYBIT_DOGEUSDT_SPOT_2021_2026.csv,1000.0,0.0018,0.1,False
0.007388,258.2799,165.2268,61.2882,100.0,258279911352.8034,2209,1081.3,267801.0,29,0.6,5.26,5.41,geometric,23.58,48.19,geometric_increase,"[5.26, 5.27, 5.27, 5.28, 5.28, 5.29, 5.29, 5.3, 5.3, 5.31, 5.31, 5.32, 5.32, 5.33, 5.33, 5.34, 5.35, 5.35, 5.36, 5.36, 5.37, 5.37, 5.38, 5.38, 5.39, 5.39, 5.4, 5.4, 5.41]","[23.579, 24.1957, 24.8125, 25.4579, 26.1176, 26.7917, 27.4802, 28.1973, 28.9288, 29.6746, 30.4347, 31.2236, 32.0267, 32.8586, 33.7048, 34.5797, 35.4689, 36.3868, 37.3334, 38.2944, 39.284, 40.3023, 41.3493, 42.4107, 43.5151, 44.6338, 45.7955, 46.9716, 48.1907]",C:/Users/Madness/PycharmProjects/Crupto_Data_Joiner/Raw_Data_Spot/BYBIT_DOGEUSDT_SPOT_2021_2026.csv,1000.0,0.0018,0.1,False
0.007386,258.2752,279.45,79.588,100.0,258275189634.2145,4636,515.3,267831.0,34,0.35,3.13,4.33,geometric,27.18,31.64,linear_increase,"[3.13, 3.16, 3.19, 3.22, 3.26, 3.29, 3.32, 3.35, 3.39, 3.42, 3.45, 3.49, 3.52, 3.56, 3.59, 3.63, 3.66, 3.7, 3.74, 3.77, 3.81, 3.85, 3.89, 3.92, 3.96, 4.0, 4.04, 4.08, 4.12, 4.16, 4.2, 4.25, 4.29, 4.33]","[27.1836, 27.3205, 27.4514, 27.5882, 27.7251, 27.8559, 27.9928, 28.1296, 28.2665, 28.3974, 28.5342, 28.671, 28.8019, 28.9388, 29.0756, 29.2065, 29.3433, 29.4802, 29.617, 29.7479, 29.8848, 30.0216, 30.1525, 30.2893, 30.4262, 30.5571, 30.6939, 30.8307, 30.9676, 31.0985, 31.2353, 31.3722, 31.503, 31.6399]",C:/Users/Madness/PycharmProjects/Crupto_Data_Joiner/Raw_Data_Spot/BYBIT_DOGEUSDT_SPOT_2021_2026.csv,1000.0,0.0018,0.1,False
0.00737,257.6646,281.7881,90.5996,100.0,257664642397.0021,3361,710.7,267804.0,31,0.35,2.48,4.18,front_heavy,13.55,47.3,random,"[4.18, 4.12, 4.07, 4.01, 3.95, 3.9, 3.84, 3.78, 3.73, 3.67, 3.61, 3.56, 3.5, 3.44, 3.39, 3.33, 3.27, 3.22, 3.16, 3.1, 3.05, 2.99, 2.93, 2.88, 2.82, 2.76, 2.71, 2.65, 2.59, 2.54, 2.48]","[40.2455, 22.9881, 29.6327, 27.5786, 40.7814, 17.0491, 33.5087, 30.9217, 15.4207, 33.8332, 38.254, 35.6848, 28.552, 45.0057, 40.2813, 46.5418, 37.9473, 28.8914, 13.5511, 14.6139, 45.2826, 24.3843, 41.1744, 21.059, 47.295, 26.7837, 33.6099, 47.17, 17.966, 35.7533, 38.2391]",C:/Users/Madness/PycharmProjects/Crupto_Data_Joiner/Raw_Data_Spot/BYBIT_DOGEUSDT_SPOT_2021_2026.csv,1000.0,0.0018,0.1,False
0.007346,94.803,30.0557,11.6534,100.0,94802977980.3028,327,7276.6,162145.0,32,5.5,4.51,5.01,random,1.8,130.63,geometric_increase,"[4.7, 4.57, 4.94, 4.78, 4.92, 4.64, 4.55, 4.67, 5.01, 4.87, 4.75, 4.89, 4.61, 4.68, 4.71, 4.68, 4.66, 4.65, 4.71, 4.59, 4.86, 4.8, 4.7, 4.94, 4.77, 4.76, 4.6, 4.88, 4.75, 4.85, 4.53, 4.9]","[1.8019, 2.0697, 2.3748, 2.7274, 3.1308, 3.5952, 4.1292, 4.7394, 5.4429, 6.2497, 7.1752, 8.238, 9.4585, 10.8603, 12.4706, 14.3183, 16.4388, 18.8746, 21.6715, 24.8836, 28.5704, 32.8047, 37.6645, 43.2463, 49.6537, 57.012, 65.4602, 75.1611, 86.2977, 99.0853, 113.768, 130.6255]",C:/Users/Madness/PycharmProjects/Crupto_Data_Joiner/Raw_Data_Spot/BYBIT_DOGEUSDT_SPOT_2021_2026.csv,1000.0,0.0018,0.1,False
0.007307,94.2823,89.5355,92.3869,100.0,94282307334.6799,2433,981.7,162127.0,29,0.4,1.5,7.95,front_heavy,16.21,62.51,geometric_increase,"[7.95, 7.72, 7.49, 7.26, 7.03, 6.8, 6.57, 6.34, 6.11, 5.88, 5.65, 5.42, 5.19, 4.96, 4.72, 4.49, 4.26, 4.03, 3.8, 3.57, 3.34, 3.11, 2.88, 2.65, 2.42, 2.19, 1.96, 1.73, 1.5]","[16.2078, 17.007, 17.85, 18.7288, 19.6553, 20.6256, 21.6435, 22.7132, 23.8345, 25.0115, 26.2482, 27.5445, 28.9044, 30.3319, 31.8311, 33.4017, 35.0519, 36.7817, 38.5989, 40.5075, 42.5077, 44.6072, 46.8101, 49.1204, 51.546, 54.0909, 56.7631, 59.5664, 62.5089]",C:/Users/Madness/PycharmProjects/Crupto_Data_Joiner/Raw_Data_Spot/BYBIT_DOGEUSDT_SPOT_2021_2026.csv,1000.0,0.0018,0.1,False
0.007305,255.4808,131.8357,68.664,100.0,255480795273.9086,1740,1372.7,267855.0,32,0.65,1.13,9.7,random,27.07,35.83,geometric_increase,"[9.45, 2.28, 7.48, 5.77, 6.18, 8.18, 9.28, 4.29, 9.47, 8.75, 1.99, 6.37, 7.88, 6.26, 4.63, 6.45, 4.24, 6.64, 5.25, 2.56, 5.49, 3.07, 1.14, 3.54, 6.76, 2.07, 5.3, 3.3, 3.88, 1.75, 2.69, 8.1]","[27.0701, 27.3151, 27.5642, 27.8133, 28.0665, 28.3196, 28.5769, 28.8383, 29.0996, 29.365, 29.6305, 29.9, 30.1736, 30.4472, 30.7208, 31.0026, 31.2843, 31.5661, 31.8519, 32.1419, 32.4359, 32.7299, 33.028, 33.3261, 33.6283, 33.9346, 34.2408, 34.5512, 34.8656, 35.1841, 35.5027, 35.8253]",C:/Users/Madness/PycharmProjects/Crupto_Data_Joiner/Raw_Data_Spot/BYBIT_DOGEUSDT_SPOT_2021_2026.csv,1000.0,0.0018,0.1,False
0.007282,90.2863,47.6469,21.793,100.0,90286295247.45,960,2487.5,158898.0,30,1.85,3.6,5.76,random,3.47,117.48,geometric_increase,"[4.03, 5.73, 5.28, 4.75, 5.67, 4.6, 5.19, 4.66, 5.22, 3.71, 4.02, 4.76, 5.05, 5.39, 4.64, 3.88, 3.9, 5.48, 5.24, 4.79, 5.38, 5.25, 4.31, 4.34, 4.6, 5.0, 5.26, 3.63, 5.69, 4.17]","[3.4651, 3.9132, 4.4172, 4.9889, 5.6329, 6.3609, 7.1823, 8.111, 9.1587, 10.3417, 11.6788, 13.1862, 14.8919, 16.8146, 18.9871, 21.4395, 24.2093, 27.3384, 30.8688, 34.8567, 39.3602, 44.4447, 50.1873, 56.6695, 63.9918, 72.2591, 81.5928, 92.1352, 104.038, 117.4785]",C:/Users/Madness/PycharmProjects/Crupto_Data_Joiner/Raw_Data_Spot/BYBIT_DOGEUSDT_SPOT_2021_2026.csv,1000.0,0.0018,0.1,False
0.007227,92.302,62.6721,39.4273,100.0,92302023669.5306,2410,991.1,161301.0,34,0.85,4.04,6.82,back_heavy,4.17,93.79,geometric_increase,"[4.04, 4.04, 4.05, 4.06, 4.08, 4.1, 4.13, 4.17, 4.2, 4.25, 4.3, 4.35, 4.41, 4.47, 4.54, 4.61, 4.69, 4.78, 4.87, 4.96, 5.06, 5.17, 5.28, 5.39, 5.51, 5.64, 5.77, 5.9, 6.04, 6.19, 6.34, 6.49, 6.65, 6.82]","[4.1746, 4.5824, 5.0438, 5.5375, 6.0848, 6.6858, 7.3511, 8.0809, 8.875, 9.755, 10.7208, 11.7833, 12.9423, 14.2301, 15.6359, 17.1812, 18.8768, 20.7441, 22.7939, 25.0475, 27.5265, 30.2523, 33.2357, 36.5303, 40.1361, 44.1068, 48.4745, 53.2608, 58.53, 64.325, 70.6781, 77.6751, 85.3482, 93.7939]",C:/Users/Madness/PycharmProjects/Crupto_Data_Joiner/Raw_Data_Spot/BYBIT_DOGEUSDT_SPOT_2021_2026.csv,1000.0,0.0018,0.1,False
0.007182,91.8074,56.9833,37.456,100.0,91807406826.0339,2033,1174.9,161369.0,35,0.95,4.3,5.98,back_heavy,4.27,89.52,geometric_increase,"[4.3, 4.3, 4.31, 4.31, 4.32, 4.34, 4.35, 4.37, 4.39, 4.42, 4.45, 4.48, 4.51, 4.55, 4.58, 4.63, 4.67, 4.72, 4.77, 4.82, 4.88, 4.94, 5.0, 5.07, 5.14, 5.21, 5.28, 5.36, 5.44, 5.52, 5.61, 5.7, 5.79, 5.88, 5.98]","[4.2681, 4.6679, 5.1046, 5.5825, 6.1057, 6.6774, 7.303, 7.9866, 8.7345, 9.552, 10.4466, 11.4244, 12.4941, 13.664, 14.9435, 16.3434, 17.874, 19.5471, 21.3773, 23.3795, 25.5684, 27.963, 30.5812, 33.4442, 36.5761, 40.0014, 43.7473, 47.8434, 52.3235, 57.2224, 62.5812, 68.4411, 74.8496, 81.8582, 89.5231]",C:/Users/Madness/PycharmProjects/Crupto_Data_Joiner/Raw_Data_Spot/BYBIT_DOGEUSDT_SPOT_2021_2026.csv,1000.0,0.0018,0.1,False
0.007176,966.3198,409.8585,10.1407,100.0,966319840209.1794,195,11110.7,526966.0,34,8.5,1.77,5.48,linear,4.83,53.99,linear_increase,"[1.77, 1.88, 1.99, 2.11, 2.22, 2.33, 2.44, 2.56, 2.67, 2.78, 2.89, 3.01, 3.12, 3.23, 3.34, 3.46, 3.57, 3.68, 3.79, 3.91, 4.02, 4.13, 4.24, 4.36, 4.47, 4.58, 4.69, 4.81, 4.92, 5.03, 5.14, 5.26, 5.37, 5.48]","[4.8292, 6.3182, 7.8091, 9.2981, 10.789, 12.2779, 13.7688, 15.2578, 16.7487, 18.2377, 19.7286, 21.2176, 22.7066, 24.1975, 25.6864, 27.1773, 28.6663, 30.1572, 31.6462, 33.1371, 34.6261, 36.117, 37.606, 39.0949, 40.5858, 42.0748, 43.5657, 45.0547, 46.5456, 48.0346, 49.5255, 51.0145, 52.5053, 53.9943]",C:/Users/Madness/PycharmProjects/Crupto_Data_Joiner/Raw_Data_Spot/BYBIT_DOGEUSDT_SPOT_2021_2026.csv,1000.0,0.0018,0.1,False
0.007096,249.5041,124.07,19.033,100.0,249504123519.7506,631,3785.3,268576.0,35,2.1,7.42,8.34,linear,6.79,53.86,random,"[7.42, 7.45, 7.47, 7.5, 7.53, 7.56, 7.58, 7.61, 7.64, 7.66, 7.69, 7.72, 7.74, 7.77, 7.8, 7.83, 7.85, 7.88, 7.91, 7.93, 7.96, 7.99, 8.02, 8.04, 8.07, 8.1, 8.12, 8.15, 8.18, 8.2, 8.23, 8.26, 8.29, 8.31, 8.34]","[13.9595, 10.8097, 10.0853, 53.8608, 44.1511, 50.4239, 28.6113, 25.8934, 37.28, 14.3083, 21.4263, 25.1959, 13.1734, 51.2342, 36.3517, 28.5576, 29.2096, 53.0371, 9.157, 6.7906, 50.3515, 19.3684, 24.3078, 7.837, 11.5261, 30.594, 53.3645, 12.1727, 12.2129, 39.6678, 48.7417, 42.1603, 29.3357, 47.7302, 7.1126]",C:/Users/Madness/PycharmProjects/Crupto_Data_Joiner/Raw_Data_Spot/BYBIT_DOGEUSDT_SPOT_2021_2026.csv,1000.0,0.0018,0.1,False
0.007036,961.5532,376.8691,12.1641,100.0,961553190778.111,136,15929.8,530886.0,28,8.5,4.59,5.69,front_heavy,31.56,39.87,pyramid,"[5.69, 5.65, 5.61, 5.57, 5.53, 5.49, 5.45, 5.4, 5.36, 5.32, 5.28, 5.24, 5.2, 5.16, 5.12, 5.08, 5.04, 5.0, 4.96, 4.92, 4.88, 4.83, 4.79, 4.75, 4.71, 4.67, 4.63, 4.59]","[31.5647, 32.1482, 32.7505, 33.3528, 33.9363, 34.5198, 35.1221, 35.7244, 36.3079, 36.8913, 37.4936, 38.096, 38.6794, 39.2629, 39.8652, 39.2629, 38.6794, 38.096, 37.4936, 36.8913, 36.3079, 35.7244, 35.1221, 34.5198, 33.9363, 33.3528, 32.7505, 32.1482]",C:/Users/Madness/PycharmProjects/Crupto_Data_Joiner/Raw_Data_Spot/BYBIT_DOGEUSDT_SPOT_2021_2026.csv,1000.0,0.0018,0.1,False
0.00692,243.3654,111.8542,62.1706,100.0,243365427744.4678,1100,2132.4,268604.0,34,0.85,3.59,9.12,front_heavy,29.41,29.41,flat,"[9.12, 8.95, 8.78, 8.62, 8.45, 8.28, 8.11, 7.95, 7.78, 7.61, 7.44, 7.28, 7.11, 6.94, 6.77, 6.61, 6.44, 6.27, 6.1, 5.94, 5.77, 5.6, 5.43, 5.27, 5.1, 4.93, 4.76, 4.6, 4.43, 4.26, 4.09, 3.93, 3.76, 3.59]","[29.4118, 29.4118, 29.4118, 29.4118, 29.4118, 29.4118, 29.4118, 29.4118, 29.4118, 29.4118, 29.4118, 29.4118, 29.4118, 29.4118, 29.4118, 29.4118, 29.4118, 29.4118, 29.4118, 29.4118, 29.4118, 29.4118, 29.4118, 29.4118, 29.4118, 29.4118, 29.4118, 29.4118, 29.4118, 29.4118, 29.4118, 29.4118, 29.4118, 29.4118]",C:/Users/Madness/PycharmProjects/Crupto_Data_Joiner/Raw_Data_Spot/BYBIT_DOGEUSDT_SPOT_2021_2026.csv,1000.0,0.0018,0.1,False
0.006905,1109.7502,418.9649,12.9482,100.0,1109750162088.2278,147,14738.8,575859.0,30,7.5,4.09,5.3,linear,33.33,33.33,flat,"[4.09, 4.13, 4.17, 4.22, 4.26, 4.3, 4.34, 4.38, 4.42, 4.47, 4.51, 4.55, 4.59, 4.63, 4.67, 4.72, 4.76, 4.8, 4.84, 4.88, 4.92, 4.97, 5.01, 5.05, 5.09, 5.13, 5.17, 5.22, 5.26, 5.3]","[33.3333, 33.3333, 33.3333, 33.3333, 33.3333, 33.3333, 33.3333, 33.3333, 33.3333, 33.3333, 33.3333, 33.3333, 33.3333, 33.3333, 33.3333, 33.3333, 33.3333, 33.3333, 33.3333, 33.3333, 33.3333, 33.3333, 33.3333, 33.3333, 33.3333, 33.3333, 33.3333, 33.3333, 33.3333, 33.3333]",C:/Users/Madness/PycharmProjects/Crupto_Data_Joiner/Raw_Data_Spot/BYBIT_DOGEUSDT_SPOT_2021_2026.csv,1000.0,0.0018,0.1,False
0.006835,238.998,73.4506,21.4569,100.0,238998030530.5646,587,4069.1,267833.0,34,2.7,4.74,9.03,linear,9.12,67.41,geometric_increase,"[4.74, 4.87, 5.0, 5.13, 5.26, 5.39, 5.52, 5.65, 5.78, 5.91, 6.04, 6.17, 6.3, 6.43, 6.56, 6.69, 6.82, 6.95, 7.08, 7.21, 7.34, 7.47, 7.6, 7.73, 7.86, 7.99, 8.12, 8.25, 8.38, 8.51, 8.64, 8.77, 8.9, 9.03]","[9.115, 9.6841, 10.2906, 10.9343, 11.6177, 12.3431, 13.1151, 13.9338, 14.8061, 15.7297, 16.714, 17.7589, 18.8692, 20.0494, 21.3019, 22.6337, 24.0471, 25.5515, 27.1469, 28.8449, 30.6478, 32.5627, 34.5989, 36.761, 39.0608, 41.5005, 44.0964, 46.851, 49.7805, 52.8919, 56.197, 59.7119, 63.4437, 67.4088]",C:/Users/Madness/PycharmProjects/Crupto_Data_Joiner/Raw_Data_Spot/BYBIT_DOGEUSDT_SPOT_2021_2026.csv,1000.0,0.0018,0.1,False
0.006829,238.7789,82.7248,24.9994,100.0,238778903786.6132,831,2873.0,267833.0,33,2.1,4.23,8.31,linear,8.81,71.63,geometric_increase,"[4.23, 4.36, 4.48, 4.61, 4.74, 4.87, 5.0, 5.12, 5.25, 5.38, 5.51, 5.63, 5.76, 5.89, 6.02, 6.14, 6.27, 6.4, 6.52, 6.65, 6.78, 6.91, 7.04, 7.16, 7.29, 7.42, 7.54, 7.67, 7.8, 7.93, 8.06, 8.18, 8.31]","[8.8143, 9.41, 10.0474, 10.7264, 11.4523, 12.2276, 13.0549, 13.9394, 14.8812, 15.888, 16.9651, 18.1124, 19.3378, 20.6464, 22.0435, 23.5342, 25.1264, 26.8278, 28.6438, 30.582, 32.6502, 34.859, 37.2187, 39.737, 42.4271, 45.2967, 48.3614, 51.6342, 55.1282, 58.8589, 62.8419, 67.093, 71.6328]",C:/Users/Madness/PycharmProjects/Crupto_Data_Joiner/Raw_Data_Spot/BYBIT_DOGEUSDT_SPOT_2021_2026.csv,1000.0,0.0018,0.1,False
0.006819,238.4404,202.5686,82.0707,100.0,238440432422.5279,3318,719.9,267831.0,33,0.4,4.37,4.95,random,17.59,43.38,random,"[4.69, 4.86, 4.89, 4.88, 4.53, 4.48, 4.49, 4.43, 4.93, 4.57, 4.9, 4.48, 4.88, 4.85, 4.49, 4.46, 4.65, 4.73, 4.62, 4.61, 4.56, 4.64, 4.46, 4.46, 4.82, 4.88, 4.41, 4.55, 4.58, 4.43, 4.58, 4.47, 4.53]","[28.2741, 37.01, 33.7309, 18.936, 23.7659, 22.8255, 28.1256, 33.8423, 37.1461, 32.675, 21.1963, 22.6028, 40.0292, 21.5634, 19.963, 40.817, 43.3784, 39.0228, 39.4765, 37.3276, 30.3983, 39.5879, 29.1238, 24.1, 18.2967, 43.2794, 39.0187, 23.7206, 35.8097, 21.6624, 22.5615, 33.1453, 17.5873]",C:/Users/Madness/PycharmProjects/Crupto_Data_Joiner/Raw_Data_Spot/BYBIT_DOGEUSDT_SPOT_2021_2026.csv,1000.0,0.0018,0.1,False
0.006789,1091.0124,638.6111,26.9327,100.0,1091012353084.3405,1311,1821.9,575821.0,34,1.65,0.51,4.79,linear,11.53,47.3,linear_increase,"[0.51, 0.64, 0.77, 0.9, 1.03, 1.16, 1.29, 1.42, 1.55, 1.68, 1.81, 1.94, 2.07, 2.2, 2.33, 2.46, 2.59, 2.71, 2.84, 2.97, 3.1, 3.23, 3.36, 3.49, 3.62, 3.75, 3.88, 4.01, 4.14, 4.27, 4.4, 4.53, 4.66, 4.79]","[11.5269, 12.6098, 13.696, 14.779, 15.8619, 16.9481, 18.0311, 19.114, 20.1969, 21.2832, 22.3661, 23.449, 24.5353, 25.6182, 26.7011, 27.7874, 28.8703, 29.9532, 31.0362, 32.1224, 33.2053, 34.2883, 35.3745, 36.4574, 37.5404, 38.6266, 39.7095, 40.7925, 41.8754, 42.9616, 44.0446, 45.1275, 46.2137, 47.2967]",C:/Users/Madness/PycharmProjects/Crupto_Data_Joiner/Raw_Data_Spot/BYBIT_DOGEUSDT_SPOT_2021_2026.csv,1000.0,0.0018,0.1,False
0.006776,238.3192,145.3969,36.267,100.0,238319222103.2308,1704,1401.7,268607.0,35,0.95,3.94,8.74,random,13.51,44.27,random,"[6.37, 8.06, 6.93, 7.39, 7.58, 4.67, 4.83, 7.43, 5.41, 8.28, 8.33, 8.65, 6.23, 7.97, 8.51, 5.31, 6.24, 6.15, 7.2, 7.59, 7.34, 4.23, 7.48, 4.51, 6.36, 7.03, 8.08, 8.11, 4.2, 5.12, 4.07, 8.65, 6.83, 6.64, 5.51]","[13.5066, 35.9378, 32.9855, 43.4826, 42.4152, 17.8127, 19.2706, 17.6513, 35.0162, 40.8114, 37.1614, 30.0905, 43.644, 25.5605, 36.3023, 44.274, 27.1538, 14.8656, 33.0844, 19.229, 21.7126, 36.849, 20.4474, 29.8666, 22.1084, 30.8976, 21.2649, 28.3566, 27.711, 18.9895, 38.7808, 27.1122, 27.2111, 19.2967, 19.1405]",C:/Users/Madness/PycharmProjects/Crupto_Data_Joiner/Raw_Data_Spot/BYBIT_DOGEUSDT_SPOT_2021_2026.csv,1000.0,0.0018,0.1,False
0.006765,84.6804,31.1479,24.8136,100.0,84680415437.597,640,3730.6,159675.0,30,2.2,7.01,7.7,back_heavy,4.53,107.49,geometric_increase,"[7.01, 7.01, 7.01, 7.02, 7.02, 7.03, 7.04, 7.05, 7.06, 7.08, 7.09, 7.11, 7.13, 7.15, 7.17, 7.19, 7.22, 7.25, 7.28, 7.31, 7.34, 7.37, 7.41, 7.44, 7.48, 7.52, 7.56, 7.61, 7.65, 7.7]","[4.5324, 5.055, 5.6389, 6.2888, 7.015, 7.8235, 8.7264, 9.7326, 10.8556, 12.1074, 13.5044, 15.0631, 16.8, 18.739, 20.8997, 23.3104, 25.9996, 29.0002, 32.3452, 36.0766, 40.2377, 44.8809, 50.0571, 55.8323, 62.2738, 69.458, 77.4702, 86.4077, 96.3754, 107.4931]",C:/Users/Madness/PycharmProjects/Crupto_Data_Joiner/Raw_Data_Spot/BYBIT_DOGEUSDT_SPOT_2021_2026.csv,1000.0,0.0018,0.1,False
0.006743,237.1257,63.0506,9.0911,100.0,237125674596.3399,108,20235.0,268608.0,35,9.0,5.67,5.73,random,7.94,69.13,geometric_increase,"[5.72, 5.72, 5.67, 5.68, 5.7, 5.73, 5.71, 5.73, 5.69, 5.68, 5.69, 5.68, 5.71, 5.71, 5.7, 5.71, 5.72, 5.72, 5.69, 5.69, 5.67, 5.73, 5.68, 5.7, 5.68, 5.68, 5.73, 5.69, 5.71, 5.72, 5.71, 5.71, 5.71, 5.68, 5.71]","[7.9351, 8.4569, 9.0138, 9.6059, 10.2358, 10.909, 11.6255, 12.3906, 13.2044, 14.0722, 14.9996, 15.9837, 17.0354, 18.1547, 19.3497, 20.6204, 21.9776, 23.4213, 24.9596, 26.6007, 28.35, 30.2127, 32.1999, 34.3168, 36.5716, 38.9778, 41.5381, 44.2688, 47.1805, 50.2816, 53.5854, 57.1082, 60.8635, 64.8648, 69.1284]",C:/Users/Madness/PycharmProjects/Crupto_Data_Joiner/Raw_Data_Spot/BYBIT_DOGEUSDT_SPOT_2021_2026.csv,1000.0,0.0018,0.1,False
0.00674,235.6465,94.2988,21.6306,100.0,235646502835.2813,781,3057.0,267806.0,31,2.2,4.87,9.49,geometric,8.68,55.84,linear_increase,"[4.87, 4.98, 5.09, 5.21, 5.32, 5.44, 5.57, 5.69, 5.82, 5.95, 6.08, 6.22, 6.36, 6.5, 6.65, 6.8, 6.95, 7.11, 7.27, 7.43, 7.6, 7.77, 7.94, 8.12, 8.3, 8.49, 8.68, 8.88, 9.08, 9.28, 9.49]","[8.6791, 10.251, 11.8229, 13.3948, 14.9667, 16.5386, 18.1105, 19.6824, 21.2543, 22.8262, 24.3981, 25.97, 27.5419, 29.1138, 30.6857, 32.2585, 33.8304, 35.4023, 36.9742, 38.5461, 40.118, 41.6899, 43.2618, 44.8337, 46.4056, 47.9775, 49.5494, 51.1213, 52.6932, 54.2651, 55.837]",C:/Users/Madness/PycharmProjects/Crupto_Data_Joiner/Raw_Data_Spot/BYBIT_DOGEUSDT_SPOT_2021_2026.csv,1000.0,0.0018,0.1,False
0.006739,86.0722,147.893,83.2275,100.0,86072238681.5193,4587,520.8,161303.0,28,0.3,4.71,8.14,back_heavy,13.74,57.69,linear_increase,"[4.71, 4.71, 4.73, 4.75, 4.79, 4.83, 4.88, 4.94, 5.01, 5.09, 5.18, 5.28, 5.39, 5.51, 5.63, 5.77, 5.91, 6.07, 6.23, 6.41, 6.59, 6.78, 6.99, 7.2, 7.42, 7.65, 7.89, 8.14]","[13.7368, 15.364, 16.9941, 18.6213, 20.2486, 21.8758, 23.5059, 25.1331, 26.7603, 28.3875, 30.0176, 31.6448, 33.272, 34.8992, 36.5293, 38.1565, 39.7838, 41.411, 43.0411, 44.6683, 46.2955, 47.9227, 49.5528, 51.18, 52.8072, 54.4345, 56.0645, 57.6918]",C:/Users/Madness/PycharmProjects/Crupto_Data_Joiner/Raw_Data_Spot/BYBIT_DOGEUSDT_SPOT_2021_2026.csv,1000.0,0.0018,0.1,False
0.006717,917.8224,465.5014,24.8519,100.0,917822390388.1974,616,3876.0,530865.0,34,2.3,3.77,4.08,back_heavy,16.35,45.52,random,"[3.77, 3.77, 3.77, 3.77, 3.77, 3.78, 3.78, 3.78, 3.79, 3.79, 3.8, 3.8, 3.81, 3.82, 3.83, 3.83, 3.84, 3.85, 3.86, 3.87, 3.88, 3.9, 3.91, 3.92, 3.93, 3.95, 3.96, 3.98, 3.99, 4.01, 4.03, 4.04, 4.06, 4.08]","[38.3919, 45.5163, 44.3707, 26.5723, 44.5045, 33.4876, 17.372, 18.9043, 44.0488, 21.5634, 24.4149, 37.5933, 28.0481, 21.9669, 42.5123, 22.4749, 17.1629, 41.3311, 31.3072, 16.3456, 33.8555, 31.048, 19.2869, 20.6185, 22.6296, 27.0656, 17.5831, 20.213, 27.5652, 23.6163, 40.9047, 33.9872, 43.5638, 20.1733]",C:/Users/Madness/PycharmProjects/Crupto_Data_Joiner/Raw_Data_Spot/BYBIT_DOGEUSDT_SPOT_2021_2026.csv,1000.0,0.0018,0.1,False
0.006682,1073.8858,429.1838,15.8075,100.0,1073885785199.8184,217,10070.9,575846.0,31,5.5,1.71,5.83,random,32.26,32.26,flat,"[4.26, 1.73, 4.47, 3.84, 4.39, 4.79, 4.85, 3.28, 4.07, 4.22, 5.72, 5.7, 2.71, 4.15, 5.29, 3.65, 5.67, 5.79, 1.91, 2.35, 2.15, 4.22, 3.79, 4.51, 5.8, 2.23, 5.18, 4.24, 2.41, 4.35, 4.31]","[32.2581, 32.2581, 32.2581, 32.2581, 32.2581, 32.2581, 32.2581, 32.2581, 32.2581, 32.2581, 32.2581, 32.2581, 32.2581, 32.2581, 32.2581, 32.2581, 32.2581, 32.2581, 32.2581, 32.2581, 32.2581, 32.2581, 32.2581, 32.2581, 32.2581, 32.2581, 32.2581, 32.2581, 32.2581, 32.2581, 32.2581]",C:/Users/Madness/PycharmProjects/Crupto_Data_Joiner/Raw_Data_Spot/BYBIT_DOGEUSDT_SPOT_2021_2026.csv,1000.0,0.0018,0.1,False
0.006642,86.0003,29.7029,16.9138,100.0,86000306770.0082,347,6804.1,162417.0,32,3.5,7.39,9.38,front_heavy,4.67,57.83,linear_increase,"[9.38, 9.32, 9.25, 9.19, 9.12, 9.06, 8.99, 8.93, 8.87, 8.8, 8.74, 8.67, 8.61, 8.55, 8.48, 8.42, 8.35, 8.29, 8.22, 8.16, 8.1, 8.03, 7.97, 7.9, 7.84, 7.78, 7.71, 7.65, 7.58, 7.52, 7.45, 7.39]","[4.6711, 6.386, 8.1009, 9.8152, 11.5301, 13.245, 14.96, 16.6742, 18.3891, 20.104, 21.819, 23.5339, 25.2481, 26.963, 28.678, 30.3929, 32.1071, 33.822, 35.537, 37.2519, 38.9661, 40.681, 42.396, 44.1109, 45.8258, 47.54, 49.255, 50.9699, 52.6848, 54.3991, 56.114, 57.8289]",C:/Users/Madness/PycharmProjects/Crupto_Data_Joiner/Raw_Data_Spot/BYBIT_DOGEUSDT_SPOT_2021_2026.csv,1000.0,0.0018,0.1,False
0.006632,82.2268,256.8038,85.1456,100.0,82226802933.9602,5373,444.6,158898.0,32,0.25,2.55,4.4,front_heavy,19.31,43.19,pyramid,"[4.4, 4.34, 4.28, 4.22, 4.16, 4.1, 4.04, 3.98, 3.92, 3.86, 3.8, 3.74, 3.68, 3.62, 3.56, 3.5, 3.45, 3.39, 3.33, 3.27, 3.21, 3.15, 3.09, 3.03, 2.97, 2.91, 2.85, 2.79, 2.73, 2.67, 2.61, 2.55]","[19.3099, 20.8079, 22.2933, 23.7912, 25.2766, 26.7746, 28.26, 29.7579, 31.2559, 32.7413, 34.2392, 35.7246, 37.2226, 38.708, 40.2059, 41.6913, 43.1893, 41.6913, 40.2059, 38.708, 37.2226, 35.7246, 34.2392, 32.7413, 31.2559, 29.7579, 28.26, 26.7746, 25.2766, 23.7912, 22.2933, 20.8079]",C:/Users/Madness/PycharmProjects/Crupto_Data_Joiner/Raw_Data_Spot/BYBIT_DOGEUSDT_SPOT_2021_2026.csv,1000.0,0.0018,0.1,False
0.006611,232.4688,70.1595,22.5339,100.0,232468782284.0036,494,4833.2,268583.0,34,2.9,5.45,6.8,random,10.74,61.84,geometric_increase,"[6.16, 6.49, 6.0, 6.37, 6.44, 5.56, 6.2, 6.33, 6.72, 5.59, 6.17, 5.49, 6.08, 6.34, 6.09, 5.46, 5.52, 6.37, 6.45, 6.56, 6.56, 6.58, 5.72, 6.71, 6.21, 6.4, 6.38, 6.73, 6.72, 6.73, 6.61, 5.68, 6.07, 5.49]","[10.745, 11.3285, 11.9466, 12.5992, 13.2825, 14.0081, 14.772, 15.5743, 16.4227, 17.3172, 18.2615, 19.2558, 20.3038, 21.4094, 22.5764, 23.8087, 25.1024, 26.4729, 27.9125, 29.4327, 31.0373, 32.7264, 34.5076, 36.3887, 38.3696, 40.4617, 42.6653, 44.9878, 47.437, 50.0244, 52.7461, 55.6215, 58.6503, 61.8443]",C:/Users/Madness/PycharmProjects/Crupto_Data_Joiner/Raw_Data_Spot/BYBIT_DOGEUSDT_SPOT_2021_2026.csv,1000.0,0.0018,0.1,False
0.006511,227.7183,287.9728,91.484,100.0,227718344317.917,5500,434.6,267852.0,35,0.3,2.67,6.34,linear,28.57,28.57,flat,"[2.67, 2.78, 2.89, 2.99, 3.1, 3.21, 3.32, 3.43, 3.53, 3.64, 3.75, 3.86, 3.97, 4.07, 4.18, 4.29, 4.4, 4.5, 4.61, 4.72, 4.83, 4.94, 5.04, 5.15, 5.26, 5.37, 5.48, 5.58, 5.69, 5.8, 5.91, 6.02, 6.12, 6.23, 6.34]","[28.5714, 28.5714, 28.5714, 28.5714, 28.5714, 28.5714, 28.5714, 28.5714, 28.5714, 28.5714, 28.5714, 28.5714, 28.5714, 28.5714, 28.5714, 28.5714, 28.5714, 28.5714, 28.5714, 28.5714, 28.5714, 28.5714, 28.5714, 28.5714, 28.5714, 28.5714, 28.5714, 28.5714, 28.5714, 28.5714, 28.5714, 28.5714, 28.5714, 28.5714, 28.5714]",C:/Users/Madness/PycharmProjects/Crupto_Data_Joiner/Raw_Data_Spot/BYBIT_DOGEUSDT_SPOT_2021_2026.csv,1000.0,0.0018,0.1,False
0.006455,1037.3167,577.2128,48.8743,100.0,1037316713045.4238,2269,1013.8,575821.0,28,0.95,0.18,7.37,linear,15.42,56.01,linear_increase,"[0.18, 0.45, 0.71, 0.98, 1.25, 1.51, 1.78, 2.04, 2.31, 2.58, 2.84, 3.11, 3.38, 3.64, 3.91, 4.17, 4.44, 4.71, 4.97, 5.24, 5.51, 5.77, 6.04, 6.3, 6.57, 6.84, 7.1, 7.37]","[15.4166, 16.9185, 18.4241, 19.926, 21.4316, 22.9334, 24.4391, 25.9409, 27.4466, 28.9484, 30.4502, 31.9559, 33.4577, 34.9634, 36.4652, 37.9708, 39.4727, 40.9783, 42.4802, 43.982, 45.4876, 46.9895, 48.4951, 49.997, 51.5026, 53.0044, 54.5101, 56.0119]",C:/Users/Madness/PycharmProjects/Crupto_Data_Joiner/Raw_Data_Spot/BYBIT_DOGEUSDT_SPOT_2021_2026.csv,1000.0,0.0018,0.1,False
0.006452,869.0418,523.7959,55.8082,100.0,869041829535.6802,5515,433.4,527055.0,29,0.75,0.73,9.97,back_heavy,10.24,80.53,geometric_increase,"[0.73, 0.74, 0.78, 0.84, 0.92, 1.02, 1.15, 1.31, 1.48, 1.68, 1.91, 2.16, 2.43, 2.72, 3.04, 3.38, 3.75, 4.14, 4.55, 4.98, 5.44, 5.93, 6.43, 6.96, 7.52, 8.1, 8.7, 9.32, 9.97]","[10.2351, 11.0161, 11.8601, 12.7671, 13.7434, 14.7921, 15.9258, 17.1414, 18.4515, 19.8624, 21.3835, 23.0179, 24.7752, 26.6711, 28.7086, 30.9037, 33.2688, 35.8102, 38.5501, 41.4978, 44.6691, 48.0829, 51.7612, 55.7167, 59.9776, 64.563, 69.501, 74.8138, 80.5329]",C:/Users/Madness/PycharmProjects/Crupto_Data_Joiner/Raw_Data_Spot/BYBIT_DOGEUSDT_SPOT_2021_2026.csv,1000.0,0.0018,0.1,False
0.006433,79.7594,174.0869,70.1234,100.0,79759421845.2404,6085,392.6,158898.0,30,0.3,3.76,4.14,geometric,9.14,57.53,linear_increase,"[3.76, 3.77, 3.79, 3.8, 3.81, 3.82, 3.84, 3.85, 3.86, 3.87, 3.89, 3.9, 3.91, 3.93, 3.94, 3.95, 3.97, 3.98, 3.99, 4.0, 4.02, 4.03, 4.04, 4.06, 4.07, 4.09, 4.1, 4.11, 4.13, 4.14]","[9.1354, 10.8042, 12.4731, 14.1419, 15.8107, 17.4795, 19.1484, 20.8172, 22.486, 24.1548, 25.8236, 27.4925, 29.1613, 30.8301, 32.4989, 34.1677, 35.8366, 37.5054, 39.1742, 40.843, 42.5119, 44.1807, 45.8495, 47.5183, 49.1871, 50.856, 52.5248, 54.1936, 55.8624, 57.5312]",C:/Users/Madness/PycharmProjects/Crupto_Data_Joiner/Raw_Data_Spot/BYBIT_DOGEUSDT_SPOT_2021_2026.csv,1000.0,0.0018,0.1,False
0.006401,225.0816,100.5151,55.7089,100.0,225081583630.647,993,2362.1,268597.0,35,0.95,7.03,8.79,front_heavy,25.83,31.47,pyramid,"[8.79, 8.74, 8.69, 8.63, 8.58, 8.53, 8.48, 8.43, 8.38, 8.32, 8.27, 8.22, 8.17, 8.12, 8.07, 8.01, 7.96, 7.91, 7.86, 7.81, 7.75, 7.7, 7.65, 7.6, 7.55, 7.5, 7.44, 7.39, 7.34, 7.29, 7.24, 7.19, 7.13, 7.08, 7.03]","[25.8328, 26.1641, 26.4955, 26.8268, 27.1581, 27.4923, 27.8236, 28.155, 28.4863, 28.8176, 29.149, 29.4803, 29.8116, 30.1458, 30.4772, 30.8085, 31.1398, 31.4712, 31.1398, 30.8085, 30.4772, 30.1458, 29.8116, 29.4803, 29.149, 28.8176, 28.4863, 28.155, 27.8236, 27.4923, 27.1581, 26.8268, 26.4955, 26.1641, 25.8328]",C:/Users/Madness/PycharmProjects/Crupto_Data_Joiner/Raw_Data_Spot/BYBIT_DOGEUSDT_SPOT_2021_2026.csv,1000.0,0.0018,0.1,False
0.006298,221.4693,139.9313,87.3708,100.0,221469325672.0456,1895,1260.5,268595.0,30,0.5,7.1,9.37,random,33.33,33.33,flat,"[8.15, 7.63, 7.14, 7.19, 7.66, 7.72, 9.24, 8.84, 7.13, 8.21, 8.73, 8.16, 8.7, 8.18, 8.29, 7.18, 9.05, 7.36, 8.07, 8.48, 7.68, 8.56, 7.66, 8.68, 8.85, 7.43, 7.59, 7.63, 7.35, 8.87]","[33.3333, 33.3333, 33.3333, 33.3333, 33.3333, 33.3333, 33.3333, 33.3333, 33.3333, 33.3333, 33.3333, 33.3333, 33.3333, 33.3333, 33.3333, 33.3333, 33.3333, 33.3333, 33.3333, 33.3333, 33.3333, 33.3333, 33.3333, 33.3333, 33.3333, 33.3333, 33.3333, 33.3333, 33.3333, 33.3333]",C:/Users/Madness/PycharmProjects/Crupto_Data_Joiner/Raw_Data_Spot/BYBIT_DOGEUSDT_SPOT_2021_2026.csv,1000.0,0.0018,0.1,False
0.006298,1012.1164,401.58,38.0483,100.0,1012116362592.684,1558,1475.7,575829.0,30,1.1,2.12,5.12,geometric,11.72,55.86,random,"[2.12, 2.19, 2.25, 2.32, 2.39, 2.47, 2.54, 2.62, 2.7, 2.79, 2.87, 2.96, 3.05, 3.15, 3.24, 3.35, 3.45, 3.55, 3.66, 3.78, 3.89, 4.01, 4.14, 4.27, 4.4, 4.53, 4.67, 4.82, 4.97, 5.12]","[40.6202, 54.6604, 34.7104, 52.2517, 20.7902, 13.208, 16.693, 54.2923, 55.1846, 45.6177, 11.7235, 40.3961, 26.632, 21.6865, 13.6601, 11.8315, 39.3358, 41.4444, 33.0099, 35.4506, 55.8568, 12.2157, 54.0322, 24.8915, 19.5459, 30.8212, 31.3454, 43.277, 47.1862, 17.6293]",C:/Users/Madness/PycharmProjects/Crupto_Data_Joiner/Raw_Data_Spot/BYBIT_DOGEUSDT_SPOT_2021_2026.csv,1000.0,0.0018,0.1,False
0.006281,1009.4528,436.5211,14.5855,100.0,1009452815045.1392,249,8776.6,575843.0,29,5.0,1.12,8.25,linear,13.96,55.0,linear_increase,"[1.12, 1.37, 1.63, 1.88, 2.14, 2.39, 2.65, 2.9, 3.16, 3.41, 3.67, 3.92, 4.18, 4.43, 4.69, 4.94, 5.19, 5.45, 5.7, 5.96, 6.21, 6.47, 6.72, 6.98, 7.23, 7.49, 7.74, 8.0, 8.25]","[13.9627, 15.4278, 16.893, 18.3613, 19.8264, 21.2916, 22.7567, 24.2219, 25.6871, 27.1553, 28.6205, 30.0857, 31.5508, 33.016, 34.4843, 35.9494, 37.4146, 38.8797, 40.3449, 41.8101, 43.2783, 44.7435, 46.2087, 47.6738, 49.139, 50.6041, 52.0724, 53.5376, 55.0027]",C:/Users/Madness/PycharmProjects/Crupto_Data_Joiner/Raw_Data_Spot/BYBIT_DOGEUSDT_SPOT_2021_2026.csv,1000.0,0.0018,0.1,False
0.006225,218.8451,82.5765,35.8707,100.0,218845128988.3184,612,3857.9,268562.0,30,1.6,1.1,9.63,front_heavy,20.75,50.0,geometric_increase,"[9.63, 9.34, 9.04, 8.75, 8.45, 8.16, 7.87, 7.57, 7.28, 6.98, 6.69, 6.39, 6.1, 5.81, 5.51, 5.22, 4.92, 4.63, 4.34, 4.04, 3.75, 3.45, 3.16, 2.86, 2.57, 2.28, 1.98, 1.69, 1.39, 1.1]","[20.7536, 21.3926, 22.0477, 22.7271, 23.4307, 24.1506, 24.8947, 25.663, 26.4475, 27.2644, 28.1056, 28.971, 29.8606, 30.7827, 31.729, 32.7076, 33.7105, 34.7458, 35.8215, 36.9214, 38.0618, 39.2265, 40.4397, 41.6852, 42.9631, 44.2895, 45.6483, 47.0556, 48.5033, 49.9996]",C:/Users/Madness/PycharmProjects/Crupto_Data_Joiner/Raw_Data_Spot/BYBIT_DOGEUSDT_SPOT_2021_2026.csv,1000.0,0.0018,0.1,False
0.006128,215.5308,73.3109,28.8908,100.0,215530770719.474,489,4884.9,268628.0,34,2.2,7.39,9.06,front_heavy,16.65,42.18,pyramid,"[9.06, 9.01, 8.96, 8.91, 8.86, 8.81, 8.76, 8.71, 8.66, 8.6, 8.55, 8.5, 8.45, 8.4, 8.35, 8.3, 8.25, 8.2, 8.15, 8.1, 8.05, 8.0, 7.95, 7.9, 7.85, 7.79, 7.74, 7.69, 7.64, 7.59, 7.54, 7.49, 7.44, 7.39]","[16.6484, 18.15, 19.6515, 21.1531, 22.6547, 24.1563, 25.6578, 27.1594, 28.661, 30.1626, 31.6641, 33.1657, 34.6673, 36.1688, 37.6704, 39.172, 40.6736, 42.1751, 40.6736, 39.172, 37.6704, 36.1688, 34.6673, 33.1657, 31.6641, 30.1626, 28.661, 27.1594, 25.6578, 24.1563, 22.6547, 21.1531, 19.6515, 18.15]",C:/Users/Madness/PycharmProjects/Crupto_Data_Joiner/Raw_Data_Spot/BYBIT_DOGEUSDT_SPOT_2021_2026.csv,1000.0,0.0018,0.1,False
0.006064,212.0451,180.5819,85.1113,100.0,212045074602.7524,2912,820.3,267827.0,34,0.4,5.17,5.68,random,29.41,29.41,flat,"[5.2, 5.38, 5.59, 5.32, 5.36, 5.5, 5.19, 5.25, 5.24, 5.37, 5.23, 5.63, 5.57, 5.61, 5.42, 5.34, 5.38, 5.25, 5.42, 5.41, 5.54, 5.29, 5.64, 5.31, 5.55, 5.62, 5.31, 5.35, 5.61, 5.34, 5.59, 5.48, 5.57, 5.59]","[29.4118, 29.4118, 29.4118, 29.4118, 29.4118, 29.4118, 29.4118, 29.4118, 29.4118, 29.4118, 29.4118, 29.4118, 29.4118, 29.4118, 29.4118, 29.4118, 29.4118, 29.4118, 29.4118, 29.4118, 29.4118, 29.4118, 29.4118, 29.4118, 29.4118, 29.4118, 29.4118, 29.4118, 29.4118, 29.4118, 29.4118, 29.4118, 29.4118, 29.4118]",C:/Users/Madness/PycharmProjects/Crupto_Data_Joiner/Raw_Data_Spot/BYBIT_DOGEUSDT_SPOT_2021_2026.csv,1000.0,0.0018,0.1,False
0.006014,821.7457,543.6798,26.2967,100.0,821745710770.5983,908,2629.4,530855.0,30,1.75,3.27,3.84,geometric,33.33,33.33,flat,"[3.27, 3.29, 3.31, 3.32, 3.34, 3.36, 3.38, 3.4, 3.42, 3.44, 3.46, 3.48, 3.49, 3.51, 3.53, 3.55, 3.57, 3.59, 3.61, 3.63, 3.65, 3.67, 3.69, 3.71, 3.74, 3.76, 3.78, 3.8, 3.82, 3.84]","[33.3333, 33.3333, 33.3333, 33.3333, 33.3333, 33.3333, 33.3333, 33.3333, 33.3333, 33.3333, 33.3333, 33.3333, 33.3333, 33.3333, 33.3333, 33.3333, 33.3333, 33.3333, 33.3333, 33.3333, 33.3333, 33.3333, 33.3333, 33.3333, 33.3333, 33.3333, 33.3333, 33.3333, 33.3333, 33.3333]",C:/Users/Madness/PycharmProjects/Crupto_Data_Joiner/Raw_Data_Spot/BYBIT_DOGEUSDT_SPOT_2021_2026.csv,1000.0,0.0018,0.1,False
0.005979,74.1149,37.9469,23.6886,100.0,74114875344.6907,1012,2360.4,158887.0,30,1.7,5.25,5.45,geometric,3.14,121.1,geometric_increase,"[5.25, 5.26, 5.26, 5.27, 5.28, 5.28, 5.29, 5.3, 5.3, 5.31, 5.32, 5.32, 5.33, 5.34, 5.35, 5.35, 5.36, 5.37, 5.37, 5.38, 5.39, 5.39, 5.4, 5.41, 5.41, 5.42, 5.43, 5.44, 5.44, 5.45]","[3.1404, 3.5608, 4.0405, 4.5845, 5.1977, 5.8951, 6.6863, 7.5815, 8.6003, 9.7575, 11.0631, 12.5517, 14.2332, 16.1422, 18.3133, 20.7712, 23.5555, 26.7157, 30.3062, 34.3714, 38.9856, 44.2179, 50.1526, 56.8834, 64.5144, 73.174, 82.9958, 94.1381, 106.7689, 121.1011]",C:/Users/Madness/PycharmProjects/Crupto_Data_Joiner/Raw_Data_Spot/BYBIT_DOGEUSDT_SPOT_2021_2026.csv,1000.0,0.0018,0.1,False
0.005964,814.9799,510.548,29.7575,100.0,814979899675.5099,1104,2163.7,530878.0,31,1.5,2.72,5.35,linear,32.26,32.26,flat,"[2.72, 2.81, 2.9, 2.98, 3.07, 3.16, 3.25, 3.33, 3.42, 3.51, 3.6, 3.68, 3.77, 3.86, 3.95, 4.04, 4.12, 4.21, 4.3, 4.39, 4.47, 4.56, 4.65, 4.74, 4.82, 4.91, 5.0, 5.09, 5.17, 5.26, 5.35]","[32.2581, 32.2581, 32.2581, 32.2581, 32.2581, 32.2581, 32.2581, 32.2581, 32.2581, 32.2581, 32.2581, 32.2581, 32.2581, 32.2581, 32.2581, 32.2581, 32.2581, 32.2581, 32.2581, 32.2581, 32.2581, 32.2581, 32.2581, 32.2581, 32.2581, 32.2581, 32.2581, 32.2581, 32.2581, 32.2581, 32.2581]",C:/Users/Madness/PycharmProjects/Crupto_Data_Joiner/Raw_Data_Spot/BYBIT_DOGEUSDT_SPOT_2021_2026.csv,1000.0,0.0018,0.1,False
0.005945,207.8221,81.2141,24.7386,100.0,207822146405.3896,812,2941.6,267802.0,32,2.0,4.94,5.88,geometric,8.84,74.85,geometric_increase,"[4.94, 4.97, 5.0, 5.02, 5.05, 5.08, 5.11, 5.14, 5.17, 5.2, 5.23, 5.25, 5.28, 5.31, 5.34, 5.37, 5.4, 5.44, 5.47, 5.5, 5.53, 5.56, 5.59, 5.62, 5.65, 5.69, 5.72, 5.75, 5.78, 5.81, 5.85, 5.88]","[8.8358, 9.4662, 10.1418, 10.8654, 11.6413, 12.4712, 13.3608, 14.3144, 15.3364, 16.4312, 17.6032, 18.8597, 20.2049, 21.6463, 23.191, 24.8463, 26.6182, 28.5181, 30.5534, 32.7329, 35.0696, 37.5709, 40.2526, 43.1251, 46.2014, 49.499, 53.031, 56.8149, 60.8681, 65.2125, 69.8656, 74.8506]",C:/Users/Madness/PycharmProjects/Crupto_Data_Joiner/Raw_Data_Spot/BYBIT_DOGEUSDT_SPOT_2021_2026.csv,1000.0,0.0018,0.1,False
0.005808,782.33,430.7012,7.4026,100.0,782330048915.243,108,20060.4,527053.0,34,9.0,1.19,7.2,geometric,5.9,82.14,geometric_increase,"[1.19, 1.26, 1.33, 1.4, 1.48, 1.56, 1.65, 1.74, 1.84, 1.94, 2.05, 2.17, 2.29, 2.42, 2.55, 2.7, 2.85, 3.01, 3.18, 3.35, 3.54, 3.74, 3.95, 4.17, 4.41, 4.65, 4.91, 5.19, 5.48, 5.79, 6.11, 6.46, 6.82, 7.2]","[5.9026, 6.3934, 6.9239, 7.4983, 8.1207, 8.7953, 9.5264, 10.318, 11.1743, 12.1038, 13.1084, 14.1966, 15.3767, 16.6529, 18.0377, 19.5352, 21.1581, 22.9147, 24.8175, 26.879, 29.1117, 31.5304, 34.1496, 36.986, 40.0563, 43.3835, 46.9886, 50.8902, 55.1176, 59.696, 64.6545, 70.0244, 75.8392, 82.1386]",C:/Users/Madness/PycharmProjects/Crupto_Data_Joiner/Raw_Data_Spot/BYBIT_DOGEUSDT_SPOT_2021_2026.csv,1000.0,0.0018,0.1,False
0.005808,931.1962,569.1635,18.6728,100.0,931196191020.9462,488,4689.8,575159.0,34,2.8,0.48,5.7,random,29.41,29.41,flat,"[2.78, 1.2, 3.37, 5.56, 2.12, 1.1, 1.66, 3.14, 4.03, 4.43, 0.61, 5.29, 3.65, 2.17, 4.07, 3.73, 3.09, 5.09, 3.03, 1.56, 2.63, 1.1, 2.56, 0.64, 3.7, 3.25, 1.73, 2.91, 2.29, 4.45, 5.41, 5.11, 2.15, 1.34]","[29.4118, 29.4118, 29.4118, 29.4118, 29.4118, 29.4118, 29.4118, 29.4118, 29.4118, 29.4118, 29.4118, 29.4118, 29.4118, 29.4118, 29.4118, 29.4118, 29.4118, 29.4118, 29.4118, 29.4118, 29.4118, 29.4118, 29.4118, 29.4118, 29.4118, 29.4118, 29.4118, 29.4118, 29.4118, 29.4118, 29.4118, 29.4118, 29.4118, 29.4118]",C:/Users/Madness/PycharmProjects/Crupto_Data_Joiner/Raw_Data_Spot/BYBIT_DOGEUSDT_SPOT_2021_2026.csv,1000.0,0.0018,0.1,False
0.005775,72.2305,53.9433,41.8731,100.0,72230525462.8808,1513,1578.8,159599.0,33,0.8,7.55,9.76,random,6.54,55.55,pyramid,"[9.27, 8.53, 9.55, 8.71, 7.98, 7.69, 8.5, 8.68, 9.64, 8.38, 8.22, 8.85, 9.03, 7.96, 8.42, 9.35, 9.35, 9.61, 7.56, 7.64, 9.24, 7.68, 9.54, 8.62, 8.82, 9.17, 8.97, 8.78, 8.02, 8.24, 9.73, 9.02, 7.56]","[6.5407, 9.6035, 12.667, 15.7298, 18.7933, 21.8561, 24.9196, 27.9824, 31.046, 34.1087, 37.1715, 40.235, 43.2978, 46.3614, 49.4241, 52.4877, 55.5504, 52.4877, 49.4241, 46.3614, 43.2978, 40.235, 37.1715, 34.1087, 31.046, 27.9824, 24.9196, 21.8561, 18.7933, 15.7298, 12.667, 9.6035, 6.5407]",C:/Users/Madness/PycharmProjects/Crupto_Data_Joiner/Raw_Data_Spot/BYBIT_DOGEUSDT_SPOT_2021_2026.csv,1000.0,0.0018,0.1,False
0.005739,922.1067,301.6655,22.9177,100.0,922106688935.9518,702,3401.7,575782.0,31,2.3,3.39,5.16,back_heavy,32.26,32.26,flat,"[3.39, 3.39, 3.4, 3.41, 3.42, 3.44, 3.46, 3.49, 3.52, 3.55, 3.59, 3.63, 3.67, 3.72, 3.78, 3.83, 3.89, 3.96, 4.03, 4.1, 4.18, 4.26, 4.34, 4.43, 4.52, 4.62, 4.72, 4.82, 4.93, 5.04, 5.16]","[32.2581, 32.2581, 32.2581, 32.2581, 32.2581, 32.2581, 32.2581, 32.2581, 32.2581, 32.2581, 32.2581, 32.2581, 32.2581, 32.2581, 32.2581, 32.2581, 32.2581, 32.2581, 32.2581, 32.2581, 32.2581, 32.2581, 32.2581, 32.2581, 32.2581, 32.2581, 32.2581, 32.2581, 32.2581, 32.2581, 32.2581]",C:/Users/Madness/PycharmProjects/Crupto_Data_Joiner/Raw_Data_Spot/BYBIT_DOGEUSDT_SPOT_2021_2026.csv,1000.0,0.0018,0.1,False
0.005715,769.7463,336.1788,15.5085,100.0,769746344704.3994,334,7022.7,527061.0,35,4.5,3.72,6.92,geometric,16.79,39.94,random,"[3.72, 3.79, 3.86, 3.93, 4.0, 4.08, 4.15, 4.23, 4.3, 4.38, 4.47, 4.55, 4.63, 4.72, 4.8, 4.89, 4.98, 5.07, 5.17, 5.26, 5.36, 5.46, 5.56, 5.66, 5.77, 5.87, 5.98, 6.09, 6.2, 6.32, 6.43, 6.55, 6.67, 6.79, 6.92]","[16.7887, 32.6451, 23.8952, 21.2035, 21.9181, 31.2666, 35.2787, 17.438, 18.8564, 35.0139, 18.7512, 31.8542, 32.4818, 17.5432, 23.4526, 36.6862, 26.0355, 23.8626, 35.3295, 18.3087, 30.3089, 36.3489, 29.2859, 38.2933, 31.0489, 39.9402, 39.65, 31.477, 20.7392, 37.5024, 30.9401, 23.1153, 37.2703, 18.5553, 36.9148]",C:/Users/Madness/PycharmProjects/Crupto_Data_Joiner/Raw_Data_Spot/BYBIT_DOGEUSDT_SPOT_2021_2026.csv,1000.0,0.0018,0.1,False
0.005691,73.3829,42.8283,29.3511,100.0,73382918894.9229,1112,2147.5,162079.0,32,1.35,7.31,8.58,geometric,4.21,58.29,linear_increase,"[7.31, 7.35, 7.39, 7.42, 7.46, 7.5, 7.54, 7.58, 7.62, 7.66, 7.7, 7.74, 7.78, 7.82, 7.86, 7.9, 7.94, 7.98, 8.02, 8.06, 8.11, 8.15, 8.19, 8.23, 8.28, 8.32, 8.36, 8.4, 8.45, 8.49, 8.54, 8.58]","[4.2123, 5.9566, 7.7009, 9.4453, 11.1896, 12.934, 14.6783, 16.4227, 18.167, 19.9114, 21.6557, 23.4001, 25.1444, 26.8888, 28.6331, 30.3775, 32.1225, 33.8669, 35.6112, 37.3556, 39.0999, 40.8443, 42.5886, 44.333, 46.0773, 47.8217, 49.566, 51.3104, 53.0547, 54.7991, 56.5434, 58.2877]",C:/Users/Madness/PycharmProjects/Crupto_Data_Joiner/Raw_Data_Spot/BYBIT_DOGEUSDT_SPOT_2021_2026.csv,1000.0,0.0018,0.1,False
0.00565,198.6555,63.2331,7.9868,100.0,198655543896.7506,177,13394.6,268585.0,30,8.0,7.44,9.47,linear,3.54,63.13,pyramid,"[7.44, 7.51, 7.58, 7.65, 7.72, 7.79, 7.86, 7.93, 8.0, 8.07, 8.14, 8.21, 8.28, 8.35, 8.42, 8.49, 8.56, 8.63, 8.7, 8.77, 8.84, 8.91, 8.98, 9.05, 9.12, 9.19, 9.26, 9.33, 9.4, 9.47]","[3.5354, 7.5078, 11.4826, 15.455, 19.4274, 23.3999, 27.3747, 31.3471, 35.3195, 39.292, 43.2668, 47.2392, 51.2116, 55.1841, 59.1589, 63.1313, 59.1589, 55.1841, 51.2116, 47.2392, 43.2668, 39.292, 35.3195, 31.3471, 27.3747, 23.3999, 19.4274, 15.455, 11.4826, 7.5078]",C:/Users/Madness/PycharmProjects/Crupto_Data_Joiner/Raw_Data_Spot/BYBIT_DOGEUSDT_SPOT_2021_2026.csv,1000.0,0.0018,0.1,False
0.005617,197.5842,62.7908,25.4433,100.0,197584168097.1678,447,5342.3,268628.0,30,2.6,7.85,8.78,linear,12.91,67.77,geometric_increase,"[7.85, 7.88, 7.91, 7.95, 7.98, 8.01, 8.04, 8.07, 8.11, 8.14, 8.17, 8.2, 8.23, 8.27, 8.3, 8.33, 8.36, 8.4, 8.43, 8.46, 8.49, 8.52, 8.56, 8.59, 8.62, 8.65, 8.68, 8.72, 8.75, 8.78]","[12.908, 13.6669, 14.4714, 15.3232, 16.226, 17.1797, 18.1916, 19.2619, 20.3958, 21.5952, 22.8656, 24.2106, 25.6358, 27.1446, 28.7426, 30.4335, 32.2244, 34.1209, 36.1285, 38.2543, 40.5058, 42.8901, 45.4127, 48.0864, 50.9166, 53.9124, 57.0848, 60.4429, 64.0011, 67.7668]",C:/Users/Madness/PycharmProjects/Crupto_Data_Joiner/Raw_Data_Spot/BYBIT_DOGEUSDT_SPOT_2021_2026.csv,1000.0,0.0018,0.1,False
0.005614,196.2624,84.463,20.9741,100.0,196262363494.1054,822,2905.1,267796.0,32,2.1,4.92,7.93,linear,7.22,55.28,linear_increase,"[4.92, 5.02, 5.11, 5.21, 5.31, 5.41, 5.5, 5.6, 5.7, 5.79, 5.89, 5.99, 6.09, 6.18, 6.28, 6.38, 6.47, 6.57, 6.67, 6.76, 6.86, 6.96, 7.06, 7.15, 7.25, 7.35, 7.44, 7.54, 7.64, 7.74, 7.83, 7.93]","[7.2225, 8.7729, 10.3232, 11.8735, 13.4238, 14.9741, 16.5228, 18.0731, 19.6234, 21.1738, 22.7241, 24.2744, 25.8247, 27.375, 28.9253, 30.4756, 32.0244, 33.5747, 35.125, 36.6753, 38.2256, 39.7759, 41.3262, 42.8766, 44.4269, 45.9772, 47.5259, 49.0762, 50.6265, 52.1768, 53.7271, 55.2775]",C:/Users/Madness/PycharmProjects/Crupto_Data_Joiner/Raw_Data_Spot/BYBIT_DOGEUSDT_SPOT_2021_2026.csv,1000.0,0.0018,0.1,False
0.005584,763.0235,479.9716,37.1039,100.0,763023510656.0037,1067,2238.6,530856.0,30,1.3,3.63,6.95,back_heavy,13.38,52.1,random,"[3.63, 3.63, 3.65, 3.67, 3.69, 3.73, 3.77, 3.82, 3.88, 3.95, 4.02, 4.11, 4.2, 4.3, 4.4, 4.52, 4.64, 4.77, 4.91, 5.06, 5.21, 5.37, 5.54, 5.72, 5.9, 6.1, 6.3, 6.51, 6.72, 6.95]","[44.3123, 43.9217, 43.0149, 21.6815, 32.6912, 13.3788, 29.9757, 31.8183, 52.0988, 36.3425, 23.643, 44.8575, 31.82, 26.7134, 33.7934, 17.4868, 49.261, 36.1438, 44.0338, 46.1108, 39.1208, 28.9381, 26.6777, 14.3519, 21.8242, 38.8576, 50.0065, 15.5576, 47.8107, 13.7558]",C:/Users/Madness/PycharmProjects/Crupto_Data_Joiner/Raw_Data_Spot/BYBIT_DOGEUSDT_SPOT_2021_2026.csv,1000.0,0.0018,0.1,False
0.005564,119.6169,49.022,21.5036,100.0,119616944039.3377,467,4679.9,209696.0,30,2.4,0.95,9.49,front_heavy,8.44,58.22,linear_increase,"[9.49, 9.2, 8.9, 8.61, 8.31, 8.02, 7.72, 7.43, 7.13, 6.84, 6.55, 6.25, 5.96, 5.66, 5.37, 5.07, 4.78, 4.48, 4.19, 3.89, 3.6, 3.31, 3.01, 2.72, 2.42, 2.13, 1.83, 1.54, 1.24, 0.95]","[8.4448, 10.1604, 11.8784, 13.5941, 15.3097, 17.0277, 18.7433, 20.459, 22.177, 23.8926, 25.6083, 27.3262, 29.0419, 30.7575, 32.4755, 34.1912, 35.9091, 37.6248, 39.3404, 41.0584, 42.7741, 44.4897, 46.2077, 47.9233, 49.639, 51.3569, 53.0726, 54.7882, 56.5062, 58.2219]",C:/Users/Madness/PycharmProjects/Crupto_Data_Joiner/Raw_Data_Spot/BYBIT_DOGEUSDT_SPOT_2021_2026.csv,1000.0,0.0018,0.1,False
0.005478,737.5662,380.746,11.0437,100.0,737566242194.8335,231,9427.6,526966.0,33,6.5,3.5,7.28,linear,12.79,48.91,pyramid,"[3.5, 3.62, 3.74, 3.85, 3.97, 4.09, 4.21, 4.33, 4.44, 4.56, 4.68, 4.8, 4.92, 5.04, 5.15, 5.27, 5.39, 5.51, 5.63, 5.74, 5.86, 5.98, 6.1, 6.22, 6.34, 6.45, 6.57, 6.69, 6.81, 6.93, 7.04, 7.16, 7.28]","[12.7898, 15.0466, 17.3034, 19.5644, 21.8212, 24.078, 26.3348, 28.5915, 30.8483, 33.1094, 35.3661, 37.6229, 39.8797, 42.1365, 44.3975, 46.6543, 48.9111, 46.6543, 44.3975, 42.1365, 39.8797, 37.6229, 35.3661, 33.1094, 30.8483, 28.5915, 26.3348, 24.078, 21.8212, 19.5644, 17.3034, 15.0466, 12.7898]",C:/Users/Madness/PycharmProjects/Crupto_Data_Joiner/Raw_Data_Spot/BYBIT_DOGEUSDT_SPOT_2021_2026.csv,1000.0,0.0018,0.1,False
0.005463,746.525,512.0383,31.7906,100.0,746525021733.4052,1189,2008.9,530879.0,31,1.4,2.68,4.84,random,32.26,32.26,flat,"[2.77, 3.4, 3.59, 4.31, 2.88, 3.71, 2.7, 4.35, 2.96, 4.47, 3.43, 4.18, 3.06, 2.93, 2.99, 3.58, 3.25, 4.83, 4.2, 3.67, 4.64, 2.79, 2.85, 4.34, 3.32, 4.64, 4.21, 3.18, 3.22, 3.74, 2.88]","[32.2581, 32.2581, 32.2581, 32.2581, 32.2581, 32.2581, 32.2581, 32.2581, 32.2581, 32.2581, 32.2581, 32.2581, 32.2581, 32.2581, 32.2581, 32.2581, 32.2581, 32.2581, 32.2581, 32.2581, 32.2581, 32.2581, 32.2581, 32.2581, 32.2581, 32.2581, 32.2581, 32.2581, 32.2581, 32.2581, 32.2581]",C:/Users/Madness/PycharmProjects/Crupto_Data_Joiner/Raw_Data_Spot/BYBIT_DOGEUSDT_SPOT_2021_2026.csv,1000.0,0.0018,0.1,False
0.005435,742.5759,373.7399,7.8934,100.0,742575939205.8042,115,18824.8,530851.0,29,10.0,3.72,5.88,back_heavy,11.9,57.06,linear_increase,"[3.72, 3.72, 3.73, 3.74, 3.76, 3.79, 3.82, 3.86, 3.9, 3.94, 4.0, 4.05, 4.12, 4.19, 4.26, 4.34, 4.43, 4.52, 4.61, 4.71, 4.82, 4.94, 5.05, 5.18, 5.31, 5.44, 5.58, 5.73, 5.88]","[11.9048, 13.5183, 15.1293, 16.7428, 18.3564, 19.9673, 21.5809, 23.1944, 24.8053, 26.4189, 28.0324, 29.6434, 31.2569, 32.8705, 34.484, 36.095, 37.7085, 39.322, 40.933, 42.5465, 44.1601, 45.771, 47.3846, 48.9981, 50.6091, 52.2226, 53.8361, 55.4471, 57.0606]",C:/Users/Madness/PycharmProjects/Crupto_Data_Joiner/Raw_Data_Spot/BYBIT_DOGEUSDT_SPOT_2021_2026.csv,1000.0,0.0018,0.1,False
0.005432,873.1766,548.7696,24.6456,100.0,873176644410.4695,526,4371.0,575880.0,33,2.0,2.13,7.49,back_heavy,8.95,57.34,random,"[2.13, 2.14, 2.15, 2.18, 2.21, 2.26, 2.32, 2.39, 2.46, 2.55, 2.65, 2.76, 2.88, 3.01, 3.16, 3.31, 3.47, 3.64, 3.83, 4.02, 4.22, 4.44, 4.66, 4.9, 5.14, 5.4, 5.67, 5.95, 6.23, 6.53, 6.84, 7.16, 7.49]","[52.6816, 22.8079, 26.4746, 22.8882, 20.5483, 22.8353, 11.5816, 9.8011, 56.1442, 36.1071, 49.3461, 46.3993, 33.7525, 45.9042, 8.95, 9.3829, 10.3565, 26.5823, 50.2494, 21.7541, 15.4725, 33.7866, 28.304, 36.4731, 57.3359, 45.1896, 32.6726, 9.6586, 55.3607, 34.3306, 24.0939, 13.4109, 29.3638]",C:/Users/Madness/PycharmProjects/Crupto_Data_Joiner/Raw_Data_Spot/BYBIT_DOGEUSDT_SPOT_2021_2026.csv,1000.0,0.0018,0.1,False
0.005389,67.3938,68.4424,52.539,100.0,67393802817.6954,2048,1166.3,159598.0,33,0.55,3.06,8.38,front_heavy,7.8,54.21,pyramid,"[8.38, 8.21, 8.05, 7.88, 7.72, 7.55, 7.38, 7.22, 7.05, 6.88, 6.72, 6.55, 6.38, 6.22, 6.05, 5.89, 5.72, 5.55, 5.39, 5.22, 5.06, 4.89, 4.72, 4.56, 4.39, 4.22, 4.06, 3.89, 3.73, 3.56, 3.39, 3.23, 3.06]","[7.7988, 10.6999, 13.601, 16.5013, 19.4024, 22.3035, 25.2046, 28.1057, 31.0059, 33.907, 36.8081, 39.7092, 42.6103, 45.5114, 48.4116, 51.3127, 54.2138, 51.3127, 48.4116, 45.5114, 42.6103, 39.7092, 36.8081, 33.907, 31.0059, 28.1057, 25.2046, 22.3035, 19.4024, 16.5013, 13.601, 10.6999, 7.7988]",C:/Users/Madness/PycharmProjects/Crupto_Data_Joiner/Raw_Data_Spot/BYBIT_DOGEUSDT_SPOT_2021_2026.csv,1000.0,0.0018,0.1,False
0.005384,17.173,17.8142,35.9371,100.0,17172977094.7718,2267,1053.7,79888.0,34,0.65,2.27,8.73,front_heavy,1.31,57.51,linear_increase,"[8.73, 8.53, 8.34, 8.14, 7.95, 7.75, 7.56, 7.36, 7.16, 6.97, 6.77, 6.58, 6.38, 6.19, 5.99, 5.79, 5.6, 5.4, 5.21, 5.01, 4.81, 4.62, 4.42, 4.23, 4.03, 3.84, 3.64, 3.44, 3.25, 3.05, 2.86, 2.66, 2.47, 2.27]","[1.3133, 3.0154, 4.7192, 6.4214, 8.1251, 9.8273, 11.5311, 13.2332, 14.937, 16.6391, 18.3429, 20.0451, 21.7488, 23.451, 25.1548, 26.8569, 28.5607, 30.2628, 31.9666, 33.6688, 35.3725, 37.0747, 38.7785, 40.4806, 42.1844, 43.8865, 45.5903, 47.2925, 48.9962, 50.6984, 52.4022, 54.1043, 55.8081, 57.5102]",C:/Users/Madness/PycharmProjects/Crupto_Data_Joiner/Raw_Data_Spot/BYBIT_DOGEUSDT_SPOT_2021_2026.csv,1000.0,0.0018,0.1,False
0.005362,17.1039,5.9406,25.6005,100.0,17103877615.7955,2497,945.5,79887.0,31,0.7,5.39,9.3,front_heavy,0.94,65.67,pyramid,"[9.3, 9.17, 9.04, 8.91, 8.78, 8.65, 8.52, 8.39, 8.26, 8.13, 8.0, 7.87, 7.74, 7.61, 7.48, 7.34, 7.21, 7.08, 6.95, 6.82, 6.69, 6.56, 6.43, 6.3, 6.17, 6.04, 5.91, 5.78, 5.65, 5.52, 5.39]","[0.9371, 5.2521, 9.568, 13.8831, 18.1981, 22.5141, 26.8291, 31.1441, 35.4601, 39.7751, 44.0901, 48.4061, 52.7211, 57.0362, 61.3521, 65.6671, 61.3521, 57.0362, 52.7211, 48.4061, 44.0901, 39.7751, 35.4601, 31.1441, 26.8291, 22.5141, 18.1981, 13.8831, 9.568, 5.2521, 0.9371]",C:/Users/Madness/PycharmProjects/Crupto_Data_Joiner/Raw_Data_Spot/BYBIT_DOGEUSDT_SPOT_2021_2026.csv,1000.0,0.0018,0.1,False
0.00533,728.329,451.6678,27.2085,100.0,728329024148.7528,951,2511.0,530886.0,35,1.7,2.99,4.96,linear,28.57,28.57,flat,"[2.99, 3.05, 3.11, 3.16, 3.22, 3.28, 3.34, 3.4, 3.45, 3.51, 3.57, 3.63, 3.69, 3.74, 3.8, 3.86, 3.92, 3.98, 4.03, 4.09, 4.15, 4.21, 4.26, 4.32, 4.38, 4.44, 4.5, 4.55, 4.61, 4.67, 4.73, 4.79, 4.84, 4.9, 4.96]","[28.5714, 28.5714, 28.5714, 28.5714, 28.5714, 28.5714, 28.5714, 28.5714, 28.5714, 28.5714, 28.5714, 28.5714, 28.5714, 28.5714, 28.5714, 28.5714, 28.5714, 28.5714, 28.5714, 28.5714, 28.5714, 28.5714, 28.5714, 28.5714, 28.5714, 28.5714, 28.5714, 28.5714, 28.5714, 28.5714, 28.5714, 28.5714, 28.5714, 28.5714, 28.5714]",C:/Users/Madness/PycharmProjects/Crupto_Data_Joiner/Raw_Data_Spot/BYBIT_DOGEUSDT_SPOT_2021_2026.csv,1000.0,0.0018,0.1,False
0.00531,137.3399,33.4978,9.9384,100.0,137339913313.51,205,10561.4,230144.0,33,8.5,4.48,6.29,back_heavy,1.94,123.44,geometric_increase,"[4.48, 4.48, 4.49, 4.5, 4.51, 4.52, 4.54, 4.57, 4.59, 4.62, 4.66, 4.69, 4.73, 4.78, 4.83, 4.88, 4.93, 4.99, 5.05, 5.12, 5.19, 5.26, 5.34, 5.42, 5.5, 5.58, 5.67, 5.77, 5.87, 5.97, 6.07, 6.18, 6.29]","[1.9386, 2.2074, 2.5127, 2.8619, 3.2578, 3.7092, 4.2234, 4.8092, 5.4768, 6.235, 7.0999, 8.083, 9.2035, 10.4789, 11.9324, 13.5861, 15.4692, 17.6138, 20.0549, 22.8335, 25.9992, 29.6032, 33.7053, 38.3772, 43.6977, 49.7545, 56.6498, 64.502, 73.4426, 83.622, 95.2126, 108.4101, 123.4367]",C:/Users/Madness/PycharmProjects/Crupto_Data_Joiner/Raw_Data_Spot/BYBIT_DOGEUSDT_SPOT_2021_2026.csv,1000.0,0.0018,0.1,False
0.005279,184.6099,63.5871,29.3498,100.0,184609936581.4245,701,3346.1,267835.0,33,2.0,4.31,9.48,random,9.98,67.31,geometric_increase,"[5.52, 4.96, 6.79, 9.05, 9.35, 6.12, 4.84, 4.72, 4.63, 5.27, 9.28, 7.64, 5.45, 5.71, 5.71, 8.9, 6.69, 5.45, 8.93, 4.68, 8.45, 7.3, 4.74, 6.13, 5.0, 4.61, 8.77, 5.16, 8.44, 4.36, 4.93, 8.06, 4.6]","[9.9793, 10.5918, 11.2438, 11.9353, 12.6682, 13.4469, 14.2733, 15.1516, 16.0819, 17.0703, 18.1188, 19.2339, 20.4154, 21.6695, 23.0026, 24.4166, 25.9158, 27.5084, 29.2007, 30.9947, 32.8988, 34.9212, 37.0683, 39.3461, 41.7651, 44.3316, 47.0558, 49.9483, 53.0193, 56.2772, 59.7365, 63.4077, 67.3051]",C:/Users/Madness/PycharmProjects/Crupto_Data_Joiner/Raw_Data_Spot/BYBIT_DOGEUSDT_SPOT_2021_2026.csv,1000.0,0.0018,0.1,False
0.005205,182.0076,220.3647,87.2288,100.0,182007609767.6986,2931,815.0,267827.0,30,0.35,0.41,8.28,random,33.33,33.33,flat,"[4.25, 8.13, 8.07, 7.2, 6.02, 3.82, 4.04, 0.62, 3.28, 2.55, 2.42, 5.88, 7.01, 4.57, 7.69, 7.64, 2.74, 2.1, 5.6, 6.3, 2.18, 6.9, 6.37, 6.06, 3.19, 5.94, 4.96, 0.7, 4.99, 6.05]","[33.3333, 33.3333, 33.3333, 33.3333, 33.3333, 33.3333, 33.3333, 33.3333, 33.3333, 33.3333, 33.3333, 33.3333, 33.3333, 33.3333, 33.3333, 33.3333, 33.3333, 33.3333, 33.3333, 33.3333, 33.3333, 33.3333, 33.3333, 33.3333, 33.3333, 33.3333, 33.3333, 33.3333, 33.3333, 33.3333]",C:/Users/Madness/PycharmProjects/Crupto_Data_Joiner/Raw_Data_Spot/BYBIT_DOGEUSDT_SPOT_2021_2026.csv,1000.0,0.0018,0.1,False
0.005205,183.0703,66.8158,35.1782,100.0,183070303251.5621,721,3312.8,268608.0,33,1.65,7.89,9.44,linear,13.56,47.05,linear_increase,"[7.89, 7.94, 7.99, 8.04, 8.08, 8.13, 8.18, 8.23, 8.28, 8.33, 8.37, 8.42, 8.47, 8.52, 8.57, 8.62, 8.66, 8.71, 8.76, 8.81, 8.86, 8.91, 8.96, 9.0, 9.05, 9.1, 9.15, 9.2, 9.25, 9.29, 9.34, 9.39, 9.44]","[13.5569, 14.6034, 15.65, 16.6966, 17.7431, 18.7897, 19.8362, 20.8828, 21.9293, 22.9759, 24.0224, 25.069, 26.1156, 27.1621, 28.2087, 29.2552, 30.3042, 31.3508, 32.3973, 33.4439, 34.4904, 35.537, 36.5835, 37.6301, 38.6767, 39.7232, 40.7698, 41.8163, 42.8629, 43.9094, 44.956, 46.0025, 47.0491]",C:/Users/Madness/PycharmProjects/Crupto_Data_Joiner/Raw_Data_Spot/BYBIT_DOGEUSDT_SPOT_2021_2026.csv,1000.0,0.0018,0.1,False
0.005198,182.764,56.0241,14.9063,100.0,182763952218.7509,251,9344.5,268579.0,35,4.5,1.34,8.35,front_heavy,9.67,47.47,linear_increase,"[8.35, 8.14, 7.94, 7.73, 7.53, 7.32, 7.11, 6.91, 6.7, 6.49, 6.29, 6.08, 5.88, 5.67, 5.46, 5.26, 5.05, 4.84, 4.64, 4.43, 4.23, 4.02, 3.81, 3.61, 3.4, 3.2, 2.99, 2.78, 2.58, 2.37, 2.16, 1.96, 1.75, 1.55, 1.34]","[9.6734, 10.7852, 11.8969, 13.0087, 14.1205, 15.2323, 16.3441, 17.4559, 18.5676, 19.6772, 20.789, 21.9007, 23.0125, 24.1243, 25.2361, 26.3479, 27.4596, 28.5714, 29.6832, 30.795, 31.9068, 33.0186, 34.1303, 35.2421, 36.3539, 37.4657, 38.5752, 39.687, 40.7988, 41.9106, 43.0223, 44.1341, 45.2459, 46.3577, 47.4695]",C:/Users/Madness/PycharmProjects/Crupto_Data_Joiner/Raw_Data_Spot/BYBIT_DOGEUSDT_SPOT_2021_2026.csv,1000.0,0.0018,0.1,False
0.005178,180.9928,200.7738,87.1064,100.0,180992760603.3896,3236,738.1,267791.0,34,0.35,2.22,5.35,front_heavy,29.41,29.41,flat,"[5.35, 5.26, 5.16, 5.07, 4.97, 4.88, 4.78, 4.69, 4.59, 4.5, 4.4, 4.31, 4.21, 4.12, 4.02, 3.93, 3.83, 3.74, 3.64, 3.55, 3.45, 3.36, 3.26, 3.17, 3.07, 2.98, 2.88, 2.79, 2.69, 2.6, 2.5, 2.41, 2.31, 2.22]","[29.4118, 29.4118, 29.4118, 29.4118, 29.4118, 29.4118, 29.4118, 29.4118, 29.4118, 29.4118, 29.4118, 29.4118, 29.4118, 29.4118, 29.4118, 29.4118, 29.4118, 29.4118, 29.4118, 29.4118, 29.4118, 29.4118, 29.4118, 29.4118, 29.4118, 29.4118, 29.4118, 29.4118, 29.4118, 29.4118, 29.4118, 29.4118, 29.4118, 29.4118]",C:/Users/Madness/PycharmProjects/Crupto_Data_Joiner/Raw_Data_Spot/BYBIT_DOGEUSDT_SPOT_2021_2026.csv,1000.0,0.0018,0.1,False
0.005066,178.2057,119.0237,88.0485,100.0,178205671058.3666,1738,1374.4,268628.0,34,0.5,6.79,8.26,front_heavy,29.41,29.41,flat,"[8.26, 8.22, 8.17, 8.13, 8.08, 8.04, 7.99, 7.95, 7.9, 7.86, 7.81, 7.77, 7.73, 7.68, 7.64, 7.59, 7.55, 7.5, 7.46, 7.41, 7.37, 7.32, 7.28, 7.24, 7.19, 7.15, 7.1, 7.06, 7.01, 6.97, 6.92, 6.88, 6.83, 6.79]","[29.4118, 29.4118, 29.4118, 29.4118, 29.4118, 29.4118, 29.4118, 29.4118, 29.4118, 29.4118, 29.4118, 29.4118, 29.4118, 29.4118, 29.4118, 29.4118, 29.4118, 29.4118, 29.4118, 29.4118, 29.4118, 29.4118, 29.4118, 29.4118, 29.4118, 29.4118, 29.4118, 29.4118, 29.4118, 29.4118, 29.4118, 29.4118, 29.4118, 29.4118]",C:/Users/Madness/PycharmProjects/Crupto_Data_Joiner/Raw_Data_Spot/BYBIT_DOGEUSDT_SPOT_2021_2026.csv,1000.0,0.0018,0.1,False
0.005044,679.3368,279.1314,16.5167,100.0,679336808332.7441,211,10267.5,527047.0,31,5.5,5.57,6.86,random,32.26,32.26,flat,"[6.72, 6.46, 6.45, 6.57, 6.79, 6.85, 6.61, 6.43, 6.3, 6.05, 6.27, 6.09, 6.67, 6.28, 6.35, 6.6, 6.53, 6.15, 6.64, 6.43, 5.88, 5.69, 5.99, 5.7, 6.71, 6.57, 5.66, 5.71, 5.93, 5.65, 6.41]","[32.2581, 32.2581, 32.2581, 32.2581, 32.2581, 32.2581, 32.2581, 32.2581, 32.2581, 32.2581, 32.2581, 32.2581, 32.2581, 32.2581, 32.2581, 32.2581, 32.2581, 32.2581, 32.2581, 32.2581, 32.2581, 32.2581, 32.2581, 32.2581, 32.2581, 32.2581, 32.2581, 32.2581, 32.2581, 32.2581, 32.2581]",C:/Users/Madness/PycharmProjects/Crupto_Data_Joiner/Raw_Data_Spot/BYBIT_DOGEUSDT_SPOT_2021_2026.csv,1000.0,0.0018,0.1,False
0.005018,176.468,68.0166,19.1983,100.0,176468032470.7027,427,5592.5,268605.0,35,2.8,6.91,8.03,front_heavy,10.34,47.87,pyramid,"[8.03, 8.0, 7.96, 7.93, 7.9, 7.87, 7.83, 7.8, 7.77, 7.73, 7.7, 7.67, 7.63, 7.6, 7.57, 7.54, 7.5, 7.47, 7.44, 7.4, 7.37, 7.34, 7.31, 7.27, 7.24, 7.21, 7.17, 7.14, 7.11, 7.07, 7.04, 7.01, 6.98, 6.94, 6.91]","[10.3434, 12.5543, 14.7653, 16.957, 19.1679, 21.3789, 23.5898, 25.8007, 28.0117, 30.2034, 32.4143, 34.6253, 36.8362, 39.0472, 41.2581, 43.4498, 45.6608, 47.8717, 45.6608, 43.4498, 41.2581, 39.0472, 36.8362, 34.6253, 32.4143, 30.2034, 28.0117, 25.8007, 23.5898, 21.3789, 19.1679, 16.957, 14.7653, 12.5543, 10.3434]",C:/Users/Madness/PycharmProjects/Crupto_Data_Joiner/Raw_Data_Spot/BYBIT_DOGEUSDT_SPOT_2021_2026.csv,1000.0,0.0018,0.1,False
0.005013,805.5809,401.3429,16.5744,100.0,805580888736.8884,338,6939.4,575843.0,31,4.0,2.01,5.91,random,22.49,42.02,linear_increase,"[2.25, 2.85, 4.99, 2.9, 2.38, 4.86, 5.12, 2.29, 5.51, 4.27, 4.02, 3.19, 2.75, 3.05, 5.12, 5.91, 5.56, 5.11, 3.52, 4.82, 3.07, 2.88, 2.78, 5.53, 4.0, 4.59, 2.81, 4.7, 4.29, 3.89, 5.22]","[22.4912, 23.1445, 23.7918, 24.4451, 25.0984, 25.7458, 26.3991, 27.0464, 27.6997, 28.353, 29.0004, 29.6537, 30.307, 30.9543, 31.6076, 32.2609, 32.9083, 33.5616, 34.2089, 34.8622, 35.5155, 36.1629, 36.8162, 37.4695, 38.1168, 38.7701, 39.4175, 40.0708, 40.7241, 41.3714, 42.0247]",C:/Users/Madness/PycharmProjects/Crupto_Data_Joiner/Raw_Data_Spot/BYBIT_DOGEUSDT_SPOT_2021_2026.csv,1000.0,0.0018,0.1,False
0.004988,174.4006,173.8433,96.5114,100.0,174400578267.7284,3056,781.6,267828.0,33,0.35,5.59,9.72,back_heavy,30.3,30.3,flat,"[5.59, 5.59, 5.61, 5.63, 5.65, 5.69, 5.74, 5.79, 5.85, 5.92, 5.99, 6.08, 6.17, 6.27, 6.38, 6.5, 6.62, 6.76, 6.9, 7.05, 7.2, 7.37, 7.54, 7.72, 7.91, 8.11, 8.32, 8.53, 8.75, 8.98, 9.22, 9.47, 9.72]","[30.303, 30.303, 30.303, 30.303, 30.303, 30.303, 30.303, 30.303, 30.303, 30.303, 30.303, 30.303, 30.303, 30.303, 30.303, 30.303, 30.303, 30.303, 30.303, 30.303, 30.303, 30.303, 30.303, 30.303, 30.303, 30.303, 30.303, 30.303, 30.303, 30.303, 30.303, 30.303, 30.303]",C:/Users/Madness/PycharmProjects/Crupto_Data_Joiner/Raw_Data_Spot/BYBIT_DOGEUSDT_SPOT_2021_2026.csv,1000.0,0.0018,0.1,False
0.004961,796.9531,238.1635,23.2105,100.0,796953118065.9479,566,4219.1,575744.0,30,2.5,3.84,7.63,linear,33.33,33.33,flat,"[3.84, 3.97, 4.1, 4.23, 4.36, 4.49, 4.62, 4.75, 4.89, 5.02, 5.15, 5.28, 5.41, 5.54, 5.67, 5.8, 5.93, 6.06, 6.19, 6.32, 6.45, 6.58, 6.72, 6.85, 6.98, 7.11, 7.24, 7.37, 7.5, 7.63]","[33.3333, 33.3333, 33.3333, 33.3333, 33.3333, 33.3333, 33.3333, 33.3333, 33.3333, 33.3333, 33.3333, 33.3333, 33.3333, 33.3333, 33.3333, 33.3333, 33.3333, 33.3333, 33.3333, 33.3333, 33.3333, 33.3333, 33.3333, 33.3333, 33.3333, 33.3333, 33.3333, 33.3333, 33.3333, 33.3333]",C:/Users/Madness/PycharmProjects/Crupto_Data_Joiner/Raw_Data_Spot/BYBIT_DOGEUSDT_SPOT_2021_2026.csv,1000.0,0.0018,0.1,False
0.004862,170.0153,246.1317,96.2247,100.0,170015330885.1489,3704,644.9,267831.0,29,0.3,2.93,6.83,random,34.48,34.48,flat,"[5.24, 5.75, 4.68, 3.9, 5.17, 3.94, 4.25, 5.98, 4.68, 6.23, 4.57, 3.37, 4.64, 4.26, 5.68, 5.16, 6.07, 4.86, 6.33, 3.02, 6.82, 6.48, 5.41, 6.71, 3.01, 3.71, 5.68, 4.26, 3.87]","[34.4828, 34.4828, 34.4828, 34.4828, 34.4828, 34.4828, 34.4828, 34.4828, 34.4828, 34.4828, 34.4828, 34.4828, 34.4828, 34.4828, 34.4828, 34.4828, 34.4828, 34.4828, 34.4828, 34.4828, 34.4828, 34.4828, 34.4828, 34.4828, 34.4828, 34.4828, 34.4828, 34.4828, 34.4828]",C:/Users/Madness/PycharmProjects/Crupto_Data_Joiner/Raw_Data_Spot/BYBIT_DOGEUSDT_SPOT_2021_2026.csv,1000.0,0.0018,0.1,False
0.004827,168.7807,178.0936,74.7371,100.0,168780699889.7832,2962,806.4,267831.0,31,0.4,4.86,6.16,front_heavy,17.57,47.05,random,"[6.16, 6.12, 6.07, 6.03, 5.99, 5.94, 5.9, 5.86, 5.81, 5.77, 5.73, 5.68, 5.64, 5.6, 5.55, 5.51, 5.47, 5.42, 5.38, 5.34, 5.29, 5.25, 5.21, 5.16, 5.12, 5.08, 5.03, 4.99, 4.95, 4.9, 4.86]","[22.964, 26.9108, 24.8972, 38.4715, 34.7624, 44.3724, 36.5033, 30.9555, 46.9314, 18.7341, 46.5888, 28.3791, 29.5432, 23.1843, 47.0537, 43.1559, 43.1524, 17.57, 18.1538, 34.4478, 44.6661, 41.1143, 23.6982, 21.8419, 28.851, 23.1948, 20.5799, 35.8356, 24.5756, 43.7921, 35.119]",C:/Users/Madness/PycharmProjects/Crupto_Data_Joiner/Raw_Data_Spot/BYBIT_DOGEUSDT_SPOT_2021_2026.csv,1000.0,0.0018,0.1,False
0.004819,250.3375,125.4559,86.0302,100.0,250337540781.1726,857,2550.2,326775.0,34,0.7,4.39,7.3,front_heavy,4.82,57.62,random,"[7.3, 7.21, 7.12, 7.04, 6.95, 6.86, 6.77, 6.68, 6.59, 6.51, 6.42, 6.33, 6.24, 6.15, 6.07, 5.98, 5.89, 5.8, 5.71, 5.62, 5.54, 5.45, 5.36, 5.27, 5.18, 5.1, 5.01, 4.92, 4.83, 4.74, 4.65, 4.57, 4.48, 4.39]","[52.1607, 37.3536, 4.9412, 18.1359, 11.1104, 8.1939, 39.2012, 37.0468, 37.0656, 12.7537, 55.8996, 48.9095, 25.665, 11.3057, 45.3538, 12.5909, 53.6879, 44.7349, 47.9657, 19.333, 8.9945, 51.1657, 16.4745, 8.2294, 12.2193, 18.3025, 14.8855, 36.1407, 25.46, 4.8229, 44.2381, 57.2376, 57.6236, 20.7969]",C:/Users/Madness/PycharmProjects/Crupto_Data_Joiner/Raw_Data_Spot/BYBIT_DOGEUSDT_SPOT_2021_2026.csv,1000.0,0.0018,0.1,False
0.004819,168.5177,304.8425,64.9045,100.0,168517654928.1214,14875,160.7,267831.0,31,0.3,1.31,9.24,back_heavy,5.62,58.9,linear_increase,"[1.31, 1.32, 1.35, 1.39, 1.45, 1.53, 1.63, 1.74, 1.87, 2.02, 2.19, 2.38, 2.58, 2.8, 3.04, 3.29, 3.57, 3.86, 4.16, 4.49, 4.83, 5.2, 5.57, 5.97, 6.39, 6.82, 7.27, 7.73, 8.22, 8.72, 9.24]","[5.6191, 7.3951, 9.1711, 10.9472, 12.7232, 14.4992, 16.2752, 18.0512, 19.8272, 21.6032, 23.3792, 25.1552, 26.9312, 28.7072, 30.4832, 32.257, 34.033, 35.809, 37.585, 39.361, 41.137, 42.913, 44.689, 46.465, 48.241, 50.017, 51.793, 53.5691, 55.3451, 57.1211, 58.8971]",C:/Users/Madness/PycharmProjects/Crupto_Data_Joiner/Raw_Data_Spot/BYBIT_DOGEUSDT_SPOT_2021_2026.csv,1000.0,0.0018,0.1,False
0.004769,166.742,123.0614,55.0573,100.0,166741954814.2699,2995,797.5,267827.0,30,0.6,4.21,9.48,geometric,10.54,56.12,linear_increase,"[4.21, 4.33, 4.45, 4.58, 4.71, 4.84, 4.98, 5.12, 5.27, 5.42, 5.57, 5.73, 5.89, 6.06, 6.23, 6.41, 6.59, 6.78, 6.97, 7.17, 7.37, 7.58, 7.79, 8.01, 8.24, 8.48, 8.72, 8.96, 9.22, 9.48]","[10.5447, 12.1164, 13.688, 15.2597, 16.8314, 18.4031, 19.9748, 21.5465, 23.1181, 24.6898, 26.2615, 27.8332, 29.4049, 30.9766, 32.5482, 34.1184, 35.6901, 37.2618, 38.8335, 40.4052, 41.9768, 43.5485, 45.1202, 46.6919, 48.2636, 49.8353, 51.4069, 52.9786, 54.5503, 56.122]",C:/Users/Madness/PycharmProjects/Crupto_Data_Joiner/Raw_Data_Spot/BYBIT_DOGEUSDT_SPOT_2021_2026.csv,1000.0,0.0018,0.1,False
0.004747,166.9489,143.9008,66.0073,100.0,166948915371.1566,2242,1065.4,268604.0,28,0.5,4.78,8.09,front_heavy,19.69,54.03,random,"[8.09, 7.97, 7.84, 7.72, 7.6, 7.48, 7.35, 7.23, 7.11, 6.99, 6.86, 6.74, 6.62, 6.5, 6.37, 6.25, 6.13, 6.01, 5.88, 5.76, 5.64, 5.52, 5.39, 5.27, 5.15, 5.03, 4.9, 4.78]","[20.4502, 37.6096, 36.1711, 20.8519, 52.3182, 31.3761, 43.6914, 31.3475, 29.2164, 54.0271, 36.9621, 48.0847, 36.5686, 53.6788, 25.0853, 48.9125, 49.7445, 46.1052, 50.4904, 19.8765, 26.9173, 31.3229, 26.2001, 46.1913, 32.8474, 19.688, 23.1305, 21.1346]",C:/Users/Madness/PycharmProjects/Crupto_Data_Joiner/Raw_Data_Spot/BYBIT_DOGEUSDT_SPOT_2021_2026.csv,1000.0,0.0018,0.1,False
0.004737,165.7329,439.1677,105.8292,100.0,165732869604.4176,5563,429.4,267902.0,34,0.25,2.88,8.8,geometric,7.01,47.45,random,"[2.88, 2.98, 3.08, 3.19, 3.3, 3.41, 3.53, 3.65, 3.78, 3.91, 4.04, 4.18, 4.32, 4.47, 4.63, 4.79, 4.95, 5.12, 5.3, 5.48, 5.67, 5.86, 6.06, 6.27, 6.49, 6.71, 6.94, 7.18, 7.43, 7.69, 7.95, 8.22, 8.51, 8.8]","[36.4694, 37.3757, 47.4486, 9.7364, 33.7464, 44.1732, 16.5164, 43.8241, 12.5506, 32.3151, 47.1956, 31.8258, 37.9876, 37.9042, 18.1145, 16.5304, 7.9687, 20.1486, 26.5325, 10.3757, 46.5038, 28.6437, 36.7232, 11.978, 28.5329, 39.7834, 13.9581, 44.9078, 27.6245, 31.0065, 43.5382, 32.442, 38.6121, 7.0064]",C:/Users/Madness/PycharmProjects/Crupto_Data_Joiner/Raw_Data_Spot/BYBIT_DOGEUSDT_SPOT_2021_2026.csv,1000.0,0.0018,0.1,False
0.004734,165.5318,463.1228,95.4591,100.0,165531837327.9083,6512,366.8,267831.0,33,0.25,2.76,2.92,front_heavy,22.81,36.98,random,"[2.92, 2.92, 2.91, 2.9, 2.9, 2.9, 2.89, 2.88, 2.88, 2.88, 2.87, 2.86, 2.86, 2.86, 2.85, 2.84, 2.84, 2.84, 2.83, 2.82, 2.82, 2.82, 2.81, 2.8, 2.8, 2.8, 2.79, 2.78, 2.78, 2.78, 2.77, 2.76, 2.76]","[30.7777, 29.5004, 32.8319, 33.3086, 31.0778, 34.9861, 25.6863, 28.7176, 28.7411, 31.4604, 24.5327, 36.8284, 25.9453, 35.7454, 32.0549, 35.5453, 32.5258, 22.8081, 36.9814, 29.8065, 28.4762, 28.9059, 28.2938, 31.0366, 31.2603, 29.8536, 28.1349, 35.045, 22.9081, 33.3027, 36.2692, 23.2907, 23.3614]",C:/Users/Madness/PycharmProjects/Crupto_Data_Joiner/Raw_Data_Spot/BYBIT_DOGEUSDT_SPOT_2021_2026.csv,1000.0,0.0018,0.1,False
0.004733,165.4698,64.0551,22.2312,100.0,165469756610.1379,834,2863.3,267798.0,33,2.2,4.17,7.58,geometric,5.45,88.4,geometric_increase,"[4.17, 4.25, 4.33, 4.41, 4.49, 4.58, 4.66, 4.75, 4.84, 4.93, 5.03, 5.12, 5.22, 5.32, 5.42, 5.52, 5.62, 5.73, 5.84, 5.95, 6.06, 6.17, 6.29, 6.41, 6.53, 6.65, 6.78, 6.9, 7.03, 7.17, 7.3, 7.44, 7.58]","[5.4459, 5.9414, 6.4828, 7.0719, 7.716, 8.4184, 9.1845, 10.0196, 10.9308, 11.9252, 13.0115, 14.1952, 15.4868, 16.8969, 18.4345, 20.1118, 21.9413, 23.9388, 26.1168, 28.493, 31.0851, 33.9142, 36.9999, 40.3669, 44.0417, 48.0492, 52.4212, 57.1913, 62.3966, 68.0743, 74.2687, 81.0275, 88.4002]",C:/Users/Madness/PycharmProjects/Crupto_Data_Joiner/Raw_Data_Spot/BYBIT_DOGEUSDT_SPOT_2021_2026.csv,1000.0,0.0018,0.1,False
0.004688,59.8787,108.4708,80.8788,100.0,59878748363.88,4951,482.4,161302.0,35,0.3,4.54,4.86,linear,8.79,48.36,linear_increase,"[4.54, 4.55, 4.56, 4.57, 4.58, 4.59, 4.6, 4.61, 4.62, 4.62, 4.63, 4.64, 4.65, 4.66, 4.67, 4.68, 4.69, 4.7, 4.71, 4.72, 4.73, 4.74, 4.75, 4.76, 4.77, 4.78, 4.78, 4.79, 4.8, 4.81, 4.82, 4.83, 4.84, 4.85, 4.86]","[8.7864, 9.9509, 11.1133, 12.2778, 13.4423, 14.6047, 15.7692, 16.9337, 18.0961, 19.2606, 20.4252, 21.5876, 22.7521, 23.9166, 25.079, 26.2435, 27.408, 28.5704, 29.7349, 30.8994, 32.0639, 33.2263, 34.3909, 35.5554, 36.7178, 37.8823, 39.0468, 40.2092, 41.3737, 42.5382, 43.7006, 44.8651, 46.0296, 47.192, 48.3565]",C:/Users/Madness/PycharmProjects/Crupto_Data_Joiner/Raw_Data_Spot/BYBIT_DOGEUSDT_SPOT_2021_2026.csv,1000.0,0.0018,0.1,False
0.004667,749.8638,353.8163,12.9539,100.0,749863772740.5565,191,11551.0,575743.0,35,6.0,2.28,6.41,random,26.04,31.11,linear_increase,"[5.21, 4.72, 3.07, 3.8, 2.71, 5.23, 4.41, 5.12, 6.33, 4.1, 4.75, 3.94, 3.8, 4.54, 4.18, 3.42, 2.84, 4.35, 4.33, 5.3, 4.17, 5.87, 3.53, 3.66, 3.17, 6.24, 3.71, 2.92, 3.95, 3.79, 4.68, 5.18, 6.28, 5.25, 4.02]","[26.0378, 26.1856, 26.3364, 26.4842, 26.6351, 26.7828, 26.9306, 27.0814, 27.2292, 27.3801, 27.5278, 27.6787, 27.8264, 27.9742, 28.125, 28.2728, 28.4237, 28.5714, 28.7192, 28.87, 29.0178, 29.1687, 29.3164, 29.4642, 29.615, 29.7628, 29.9136, 30.0614, 30.2123, 30.36, 30.5078, 30.6586, 30.8064, 30.9573, 31.105]",C:/Users/Madness/PycharmProjects/Crupto_Data_Joiner/Raw_Data_Spot/BYBIT_DOGEUSDT_SPOT_2021_2026.csv,1000.0,0.0018,0.1,False
0.004638,163.1004,63.9759,31.8613,100.0,163100412612.2364,820,2911.7,268605.0,32,1.65,2.87,7.12,front_heavy,10.21,69.67,geometric_increase,"[7.12, 6.98, 6.85, 6.71, 6.57, 6.43, 6.3, 6.16, 6.02, 5.89, 5.75, 5.61, 5.47, 5.34, 5.2, 5.06, 4.93, 4.79, 4.65, 4.52, 4.38, 4.24, 4.1, 3.97, 3.83, 3.69, 3.56, 3.42, 3.28, 3.14, 3.01, 2.87]","[10.2089, 10.8601, 11.5548, 12.2932, 13.0809, 13.9152, 14.8047, 15.7524, 16.7581, 17.8279, 18.9674, 20.1795, 21.4702, 22.8422, 24.3015, 25.8567, 27.5078, 29.2664, 31.1355, 33.1268, 35.243, 37.4958, 39.8911, 42.4404, 45.1525, 48.039, 51.1087, 54.376, 57.8497, 61.5473, 65.4803, 69.6662]",C:/Users/Madness/PycharmProjects/Crupto_Data_Joiner/Raw_Data_Spot/BYBIT_DOGEUSDT_SPOT_2021_2026.csv,1000.0,0.0018,0.1,False
0.004557,159.353,96.3467,38.758,100.0,159353044313.6836,2565,931.2,267831.0,35,0.9,3.37,9.96,linear,5.83,51.32,linear_increase,"[3.37, 3.56, 3.76, 3.95, 4.15, 4.34, 4.53, 4.73, 4.92, 5.11, 5.31, 5.5, 5.7, 5.89, 6.08, 6.28, 6.47, 6.67, 6.86, 7.05, 7.25, 7.44, 7.63, 7.83, 8.02, 8.22, 8.41, 8.6, 8.8, 8.99, 9.18, 9.38, 9.57, 9.77, 9.96]","[5.8271, 7.1656, 8.5024, 9.8409, 11.1794, 12.5162, 13.8547, 15.1932, 16.53, 17.8685, 19.2053, 20.5438, 21.8823, 23.2191, 24.5576, 25.8961, 27.2329, 28.5714, 29.9099, 31.2467, 32.5852, 33.9238, 35.2605, 36.5991, 37.9376, 39.2744, 40.6129, 41.9497, 43.2882, 44.6267, 45.9635, 47.302, 48.6405, 49.9773, 51.3158]",C:/Users/Madness/PycharmProjects/Crupto_Data_Joiner/Raw_Data_Spot/BYBIT_DOGEUSDT_SPOT_2021_2026.csv,1000.0,0.0018,0.1,False
0.004557,613.491,263.0278,20.7482,100.0,613491021777.928,291,7853.1,526925.0,30,4.0,4.41,9.25,random,33.33,33.33,flat,"[5.71, 7.8, 5.23, 8.33, 8.59, 8.35, 7.52, 4.51, 7.43, 6.6, 6.02, 6.98, 7.67, 5.21, 7.37, 5.06, 5.16, 5.53, 7.71, 6.81, 7.27, 6.41, 7.21, 9.14, 7.32, 7.66, 5.7, 8.44, 6.09, 8.29]","[33.3333, 33.3333, 33.3333, 33.3333, 33.3333, 33.3333, 33.3333, 33.3333, 33.3333, 33.3333, 33.3333, 33.3333, 33.3333, 33.3333, 33.3333, 33.3333, 33.3333, 33.3333, 33.3333, 33.3333, 33.3333, 33.3333, 33.3333, 33.3333, 33.3333, 33.3333, 33.3333, 33.3333, 33.3333, 33.3333]",C:/Users/Madness/PycharmProjects/Crupto_Data_Joiner/Raw_Data_Spot/BYBIT_DOGEUSDT_SPOT_2021_2026.csv,1000.0,0.0018,0.1,False
0.004441,54.7527,63.523,40.0454,100.0,54752697888.4558,3166,754.4,158449.0,34,0.6,5.17,6.35,geometric,3.2,55.62,linear_increase,"[5.17, 5.2, 5.23, 5.27, 5.3, 5.33, 5.37, 5.4, 5.43, 5.47, 5.5, 5.54, 5.57, 5.61, 5.64, 5.68, 5.71, 5.75, 5.78, 5.82, 5.86, 5.89, 5.93, 5.97, 6.0, 6.04, 6.08, 6.12, 6.16, 6.19, 6.23, 6.27, 6.31, 6.35]","[3.1998, 4.7883, 6.3768, 7.9654, 9.5539, 11.1431, 12.7316, 14.3201, 15.9086, 17.4972, 19.0857, 20.6742, 22.2627, 23.8519, 25.4404, 27.029, 28.6175, 30.206, 31.7946, 33.3831, 34.9716, 36.5608, 38.1493, 39.7378, 41.3264, 42.9149, 44.5034, 46.0919, 47.6805, 49.2696, 50.8582, 52.4467, 54.0352, 55.6238]",C:/Users/Madness/PycharmProjects/Crupto_Data_Joiner/Raw_Data_Spot/BYBIT_DOGEUSDT_SPOT_2021_2026.csv,1000.0,0.0018,0.1,False
0.004432,57.1434,38.9823,32.1815,100.0,57143394930.2629,1327,1800.1,162077.0,33,1.1,6.3,8.35,random,3.64,56.97,linear_increase,"[7.43, 8.26, 7.45, 6.83, 6.49, 7.81, 7.18, 8.33, 7.92, 6.33, 8.23, 8.23, 7.71, 7.25, 8.06, 6.34, 8.29, 6.34, 6.67, 7.74, 7.52, 8.3, 6.79, 6.69, 8.23, 7.06, 7.78, 6.62, 7.95, 6.9, 6.75, 6.45, 6.72]","[3.637, 5.3037, 6.9704, 8.6371, 10.3038, 11.9705, 13.6372, 15.3039, 16.9706, 18.6362, 20.3029, 21.9696, 23.6363, 25.303, 26.9696, 28.6363, 30.303, 31.9697, 33.6364, 35.3031, 36.9698, 38.6365, 40.3032, 41.9699, 43.6355, 45.3022, 46.9689, 48.6356, 50.3023, 51.969, 53.6357, 55.3024, 56.9691]",C:/Users/Madness/PycharmProjects/Crupto_Data_Joiner/Raw_Data_Spot/BYBIT_DOGEUSDT_SPOT_2021_2026.csv,1000.0,0.0018,0.1,False
0.004331,53.7017,129.8583,20.0723,100.0,53701734364.931,6638,359.9,158901.0,30,0.65,2.86,9.56,geometric,0.71,65.96,linear_increase,"[2.86, 2.98, 3.11, 3.24, 3.38, 3.52, 3.67, 3.83, 3.99, 4.16, 4.34, 4.52, 4.71, 4.91, 5.12, 5.34, 5.57, 5.8, 6.05, 6.31, 6.57, 6.85, 7.14, 7.45, 7.76, 8.09, 8.44, 8.8, 9.17, 9.56]","[0.7071, 2.9568, 5.2066, 7.458, 9.7077, 11.9575, 14.2072, 16.457, 18.7084, 20.9581, 23.2078, 25.4576, 27.7073, 29.9587, 32.2085, 34.4582, 36.7079, 38.9593, 41.2091, 43.4588, 45.7086, 47.9583, 50.2097, 52.4595, 54.7092, 56.9589, 59.2087, 61.4601, 63.7098, 65.9596]",C:/Users/Madness/PycharmProjects/Crupto_Data_Joiner/Raw_Data_Spot/BYBIT_DOGEUSDT_SPOT_2021_2026.csv,1000.0,0.0018,0.1,False
0.004239,570.7765,248.9584,10.7102,100.0,570776476441.2161,196,11261.1,526962.0,34,8.0,3.37,6.64,linear,7.5,51.33,linear_increase,"[3.37, 3.47, 3.57, 3.67, 3.77, 3.87, 3.96, 4.06, 4.16, 4.26, 4.36, 4.46, 4.56, 4.66, 4.76, 4.86, 4.96, 5.05, 5.15, 5.25, 5.35, 5.45, 5.55, 5.65, 5.75, 5.85, 5.95, 6.05, 6.14, 6.24, 6.34, 6.44, 6.54, 6.64]","[7.4952, 8.8238, 10.1517, 11.4803, 12.8081, 14.1368, 15.4646, 16.7933, 18.1211, 19.4497, 20.7776, 22.1062, 23.4349, 24.7627, 26.0913, 27.4192, 28.7478, 30.0757, 31.4043, 32.7322, 34.0608, 35.3887, 36.7173, 38.0459, 39.3738, 40.7024, 42.0303, 43.3589, 44.6868, 46.0154, 47.3432, 48.6719, 49.9997, 51.3284]",C:/Users/Madness/PycharmProjects/Crupto_Data_Joiner/Raw_Data_Spot/BYBIT_DOGEUSDT_SPOT_2021_2026.csv,1000.0,0.0018,0.1,False
0.004223,147.6254,288.2493,33.0583,100.0,147625372149.3602,6704,356.5,267788.0,32,0.5,2.67,6.45,geometric,4.16,58.34,pyramid,"[2.67, 2.75, 2.83, 2.91, 2.99, 3.08, 3.17, 3.26, 3.35, 3.45, 3.55, 3.65, 3.76, 3.86, 3.98, 4.09, 4.21, 4.33, 4.46, 4.58, 4.72, 4.85, 4.99, 5.14, 5.29, 5.44, 5.59, 5.76, 5.92, 6.09, 6.27, 6.45]","[4.1604, 7.5468, 10.9323, 14.3188, 17.7052, 21.0917, 24.4772, 27.8637, 31.2501, 34.6366, 38.0221, 41.4085, 44.795, 48.1814, 51.567, 54.9534, 58.3399, 54.9534, 51.567, 48.1814, 44.795, 41.4085, 38.0221, 34.6366, 31.2501, 27.8637, 24.4772, 21.0917, 17.7052, 14.3188, 10.9323, 7.5468]",C:/Users/Madness/PycharmProjects/Crupto_Data_Joiner/Raw_Data_Spot/BYBIT_DOGEUSDT_SPOT_2021_2026.csv,1000.0,0.0018,0.1,False
0.004191,564.4839,308.8199,23.3335,100.0,564483948772.538,516,4435.3,527060.0,35,2.5,4.6,8.31,geometric,28.57,28.57,flat,"[4.6, 4.68, 4.76, 4.85, 4.93, 5.02, 5.11, 5.2, 5.29, 5.38, 5.47, 5.57, 5.67, 5.77, 5.87, 5.97, 6.08, 6.18, 6.29, 6.4, 6.51, 6.63, 6.74, 6.86, 6.98, 7.11, 7.23, 7.36, 7.49, 7.62, 7.75, 7.89, 8.03, 8.17, 8.31]","[28.5714, 28.5714, 28.5714, 28.5714, 28.5714, 28.5714, 28.5714, 28.5714, 28.5714, 28.5714, 28.5714, 28.5714, 28.5714, 28.5714, 28.5714, 28.5714, 28.5714, 28.5714, 28.5714, 28.5714, 28.5714, 28.5714, 28.5714, 28.5714, 28.5714, 28.5714, 28.5714, 28.5714, 28.5714, 28.5714, 28.5714, 28.5714, 28.5714, 28.5714, 28.5714]",C:/Users/Madness/PycharmProjects/Crupto_Data_Joiner/Raw_Data_Spot/BYBIT_DOGEUSDT_SPOT_2021_2026.csv,1000.0,0.0018,0.1,False
0.00419,147.3416,89.5096,57.3739,100.0,147341564763.8886,1799,1327.7,268596.0,31,0.7,5.28,6.89,front_heavy,13.56,50.96,linear_increase,"[6.89, 6.84, 6.78, 6.73, 6.68, 6.62, 6.57, 6.51, 6.46, 6.41, 6.35, 6.3, 6.25, 6.19, 6.14, 6.08, 6.03, 5.98, 5.92, 5.87, 5.82, 5.76, 5.71, 5.66, 5.6, 5.55, 5.49, 5.44, 5.39, 5.33, 5.28]","[13.5569, 14.8034, 16.05, 17.2965, 18.5431, 19.7896, 21.0361, 22.2827, 23.5323, 24.7788, 26.0254, 27.2719, 28.5184, 29.765, 31.0115, 32.2581, 33.5046, 34.7511, 35.9977, 37.2442, 38.4908, 39.7373, 40.9839, 42.2334, 43.48, 44.7265, 45.9731, 47.2196, 48.4661, 49.7127, 50.9592]",C:/Users/Madness/PycharmProjects/Crupto_Data_Joiner/Raw_Data_Spot/BYBIT_DOGEUSDT_SPOT_2021_2026.csv,1000.0,0.0018,0.1,False
0.004183,52.3628,41.5936,41.5999,100.0,52362802658.3312,1944,1228.7,159673.0,35,0.8,5.32,8.75,random,3.54,53.6,linear_increase,"[7.39, 7.69, 6.48, 5.54, 6.63, 7.49, 5.51, 7.19, 8.74, 6.26, 8.42, 7.59, 6.65, 6.85, 5.33, 8.51, 5.9, 6.38, 5.41, 5.73, 7.4, 7.64, 8.7, 6.63, 6.69, 5.79, 7.96, 6.74, 8.24, 6.24, 6.53, 5.71, 8.35, 8.64, 7.26]","[3.5447, 5.0168, 6.4888, 7.9609, 9.4336, 10.9057, 12.3777, 13.8498, 15.3219, 16.7939, 18.266, 19.7387, 21.2108, 22.6828, 24.1549, 25.627, 27.099, 28.5718, 30.0438, 31.5159, 32.9879, 34.46, 35.9321, 37.4041, 38.8769, 40.3489, 41.821, 43.293, 44.7651, 46.2371, 47.7092, 49.182, 50.654, 52.1261, 53.5981]",C:/Users/Madness/PycharmProjects/Crupto_Data_Joiner/Raw_Data_Spot/BYBIT_DOGEUSDT_SPOT_2021_2026.csv,1000.0,0.0018,0.1,False
0.004149,145.8642,65.429,33.5907,100.0,145864167788.1293,930,2568.5,268570.0,33,1.45,2.19,6.81,front_heavy,9.44,69.23,geometric_increase,"[6.81, 6.67, 6.52, 6.38, 6.23, 6.09, 5.94, 5.8, 5.65, 5.51, 5.37, 5.22, 5.08, 4.93, 4.79, 4.64, 4.5, 4.36, 4.21, 4.07, 3.92, 3.78, 3.63, 3.49, 3.34, 3.2, 3.06, 2.91, 2.77, 2.62, 2.48, 2.33, 2.19]","[9.4428, 10.0499, 10.6943, 11.3808, 12.114, 12.8916, 13.7182, 14.6008, 15.5371, 16.5365, 17.599, 18.7291, 19.9316, 21.2112, 22.5749, 24.0249, 25.5683, 27.2099, 28.9588, 30.8174, 32.7975, 34.906, 37.1476, 39.534, 42.0722, 44.7761, 47.6505, 50.7117, 53.969, 57.4365, 61.1258, 65.051, 69.2307]",C:/Users/Madness/PycharmProjects/Crupto_Data_Joiner/Raw_Data_Spot/BYBIT_DOGEUSDT_SPOT_2021_2026.csv,1000.0,0.0018,0.1,False
0.004109,143.7104,203.9963,100.0883,100.0,143710378204.4209,3101,770.3,267853.0,35,0.3,5.86,6.39,front_heavy,3.76,53.46,random,"[6.39, 6.37, 6.36, 6.34, 6.33, 6.31, 6.3, 6.28, 6.27, 6.25, 6.23, 6.22, 6.2, 6.19, 6.17, 6.16, 6.14, 6.12, 6.11, 6.09, 6.08, 6.06, 6.05, 6.03, 6.02, 6.0, 5.98, 5.97, 5.95, 5.94, 5.92, 5.91, 5.89, 5.88, 5.86]","[35.1299, 53.456, 34.7392, 46.7911, 33.6351, 32.7782, 27.2236, 28.174, 15.6753, 35.0142, 5.0538, 32.8032, 44.1894, 32.2525, 13.5121, 4.2108, 39.8138, 42.2222, 38.152, 26.6958, 12.4114, 51.5817, 47.073, 15.906, 37.7634, 34.8355, 15.5846, 31.7129, 14.3835, 5.5172, 20.2428, 12.552, 46.6436, 3.764, 28.5065]",C:/Users/Madness/PycharmProjects/Crupto_Data_Joiner/Raw_Data_Spot/BYBIT_DOGEUSDT_SPOT_2021_2026.csv,1000.0,0.0018,0.1,False
0.00406,652.506,371.8988,17.9176,100.0,652506014507.3524,314,7590.9,575820.0,28,3.5,5.52,5.61,back_heavy,23.5,46.35,random,"[5.52, 5.52, 5.52, 5.52, 5.52, 5.52, 5.52, 5.53, 5.53, 5.53, 5.53, 5.53, 5.54, 5.54, 5.54, 5.55, 5.55, 5.56, 5.56, 5.56, 5.57, 5.57, 5.58, 5.59, 5.59, 5.6, 5.6, 5.61]","[36.4473, 23.5048, 42.1775, 34.9707, 44.3373, 36.5465, 34.9982, 41.081, 26.7611, 41.8138, 40.2656, 45.5054, 32.3315, 46.0398, 27.2074, 25.3781, 46.1445, 36.2049, 24.491, 30.2433, 26.739, 33.9348, 36.7779, 26.3423, 34.7448, 44.1059, 46.3484, 34.5574]",C:/Users/Madness/PycharmProjects/Crupto_Data_Joiner/Raw_Data_Spot/BYBIT_DOGEUSDT_SPOT_2021_2026.csv,1000.0,0.0018,0.1,False
0.00406,554.7374,259.0064,12.7941,100.0,554737364613.6497,176,12417.8,530856.0,30,6.5,6.82,9.47,linear,3.86,61.11,random,"[6.82, 6.91, 7.0, 7.09, 7.19, 7.28, 7.37, 7.46, 7.55, 7.64, 7.73, 7.83, 7.92, 8.01, 8.1, 8.19, 8.28, 8.37, 8.46, 8.56, 8.65, 8.74, 8.83, 8.92, 9.01, 9.1, 9.2, 9.29, 9.38, 9.47]","[22.8366, 23.847, 33.1699, 57.2372, 27.0088, 5.5952, 40.2479, 46.1569, 41.1033, 35.8984, 46.6257, 6.4693, 36.4082, 52.1369, 5.711, 52.5683, 30.277, 10.7217, 46.9544, 42.5152, 3.8621, 59.2803, 15.3962, 46.3904, 4.1908, 8.7664, 61.1143, 52.9791, 58.7163, 25.8154]",C:/Users/Madness/PycharmProjects/Crupto_Data_Joiner/Raw_Data_Spot/BYBIT_DOGEUSDT_SPOT_2021_2026.csv,1000.0,0.0018,0.1,False
0.004043,20.5799,11.7149,16.2114,100.0,20579891762.1197,886,2664.8,101293.0,35,1.9,9.24,9.38,back_heavy,0.82,56.33,linear_increase,"[9.24, 9.24, 9.24, 9.24, 9.24, 9.24, 9.24, 9.25, 9.25, 9.25, 9.25, 9.25, 9.26, 9.26, 9.26, 9.27, 9.27, 9.28, 9.28, 9.28, 9.29, 9.29, 9.3, 9.3, 9.31, 9.32, 9.32, 9.33, 9.33, 9.34, 9.35, 9.36, 9.36, 9.37, 9.38]","[0.8166, 2.4491, 4.0816, 5.7148, 7.3473, 8.9798, 10.6123, 12.2448, 13.8779, 15.5104, 17.1429, 18.7754, 20.4079, 22.0411, 23.6736, 25.3061, 26.9386, 28.5711, 30.2043, 31.8368, 33.4693, 35.1018, 36.7349, 38.3674, 39.9999, 41.6324, 43.265, 44.8981, 46.5306, 48.1631, 49.7956, 51.4281, 53.0613, 54.6938, 56.3263]",C:/Users/Madness/PycharmProjects/Crupto_Data_Joiner/Raw_Data_Spot/BYBIT_DOGEUSDT_SPOT_2021_2026.csv,1000.0,0.0018,0.1,False
0.003966,533.9025,257.7315,10.6343,100.0,533902503933.9919,199,10981.8,526925.0,35,8.0,3.97,4.36,geometric,8.01,49.13,linear_increase,"[3.97, 3.98, 3.99, 4.0, 4.01, 4.03, 4.04, 4.05, 4.06, 4.07, 4.08, 4.09, 4.1, 4.11, 4.13, 4.14, 4.15, 4.16, 4.17, 4.18, 4.19, 4.21, 4.22, 4.23, 4.24, 4.25, 4.26, 4.28, 4.29, 4.3, 4.31, 4.32, 4.34, 4.35, 4.36]","[8.0121, 9.2228, 10.4283, 11.6391, 12.8499, 14.0606, 15.2661, 16.4769, 17.6877, 18.8984, 20.1039, 21.3147, 22.5254, 23.7362, 24.9417, 26.1525, 27.3632, 28.574, 29.7795, 30.9902, 32.201, 33.4065, 34.6173, 35.828, 37.0388, 38.2443, 39.4551, 40.6658, 41.8766, 43.0821, 44.2928, 45.5036, 46.7144, 47.9199, 49.1306]",C:/Users/Madness/PycharmProjects/Crupto_Data_Joiner/Raw_Data_Spot/BYBIT_DOGEUSDT_SPOT_2021_2026.csv,1000.0,0.0018,0.1,False
0.003906,136.5636,398.1656,112.7338,100.0,136563637665.5115,4063,587.9,267827.0,32,0.25,0.95,4.64,front_heavy,11.59,52.96,random,"[4.64, 4.52, 4.4, 4.28, 4.16, 4.04, 3.93, 3.81, 3.69, 3.57, 3.45, 3.33, 3.21, 3.09, 2.97, 2.85, 2.74, 2.62, 2.5, 2.38, 2.26, 2.14, 2.02, 1.9, 1.78, 1.66, 1.55, 1.43, 1.31, 1.19, 1.07, 0.95]","[44.1571, 32.6211, 24.9345, 20.0915, 46.0631, 15.2547, 45.7922, 32.4622, 50.7193, 52.9586, 26.6195, 39.7501, 25.6976, 21.8792, 20.9168, 25.9592, 18.3505, 12.0343, 11.589, 38.1866, 51.473, 51.5415, 51.4917, 38.8126, 12.3146, 35.7168, 45.2191, 14.3889, 34.4679, 19.7832, 26.4357, 12.3178]",C:/Users/Madness/PycharmProjects/Crupto_Data_Joiner/Raw_Data_Spot/BYBIT_DOGEUSDT_SPOT_2021_2026.csv,1000.0,0.0018,0.1,False
0.003832,133.948,122.6018,42.0152,100.0,133948025487.6912,3741,638.5,267795.0,31,0.65,3.33,7.82,linear,5.36,59.15,linear_increase,"[3.33, 3.48, 3.63, 3.78, 3.93, 4.08, 4.23, 4.38, 4.53, 4.68, 4.83, 4.98, 5.13, 5.28, 5.43, 5.58, 5.72, 5.87, 6.02, 6.17, 6.32, 6.47, 6.62, 6.77, 6.92, 7.07, 7.22, 7.37, 7.52, 7.67, 7.82]","[5.3641, 7.1572, 8.9504, 10.7436, 12.535, 14.3282, 16.1213, 17.9145, 19.7077, 21.5008, 23.294, 25.0871, 26.8786, 28.6717, 30.4649, 32.2581, 34.0512, 35.8444, 37.6375, 39.429, 41.2222, 43.0153, 44.8085, 46.6016, 48.3948, 50.188, 51.9811, 53.7726, 55.5657, 57.3589, 59.152]",C:/Users/Madness/PycharmProjects/Crupto_Data_Joiner/Raw_Data_Spot/BYBIT_DOGEUSDT_SPOT_2021_2026.csv,1000.0,0.0018,0.1,False
0.00382,133.5495,105.2928,58.5458,100.0,133549470190.6951,2661,897.6,267804.0,31,0.55,4.92,9.22,geometric,11.31,53.21,linear_increase,"[4.92, 5.02, 5.13, 5.24, 5.35, 5.46, 5.58, 5.7, 5.82, 5.94, 6.07, 6.19, 6.33, 6.46, 6.6, 6.74, 6.88, 7.02, 7.17, 7.32, 7.48, 7.64, 7.8, 7.96, 8.13, 8.3, 8.48, 8.66, 8.84, 9.03, 9.22]","[11.3106, 12.7077, 14.1049, 15.502, 16.8943, 18.2914, 19.6886, 21.0857, 22.4829, 23.8801, 25.2772, 26.6744, 28.0666, 29.4637, 30.8609, 32.2581, 33.6552, 35.0524, 36.4495, 37.8418, 39.2389, 40.6361, 42.0332, 43.4304, 44.8276, 46.2247, 47.6219, 49.0141, 50.4112, 51.8084, 53.2056]",C:/Users/Madness/PycharmProjects/Crupto_Data_Joiner/Raw_Data_Spot/BYBIT_DOGEUSDT_SPOT_2021_2026.csv,1000.0,0.0018,0.1,False
0.00373,130.4418,388.9098,98.2283,100.0,130441816267.857,5352,446.3,267834.0,33,0.25,3.37,4.56,geometric,30.3,30.3,flat,"[3.37, 3.4, 3.43, 3.47, 3.5, 3.53, 3.57, 3.6, 3.63, 3.67, 3.7, 3.74, 3.77, 3.81, 3.85, 3.88, 3.92, 3.96, 3.99, 4.03, 4.07, 4.11, 4.15, 4.19, 4.23, 4.27, 4.31, 4.35, 4.39, 4.43, 4.47, 4.52, 4.56]","[30.303, 30.303, 30.303, 30.303, 30.303, 30.303, 30.303, 30.303, 30.303, 30.303, 30.303, 30.303, 30.303, 30.303, 30.303, 30.303, 30.303, 30.303, 30.303, 30.303, 30.303, 30.303, 30.303, 30.303, 30.303, 30.303, 30.303, 30.303, 30.303, 30.303, 30.303, 30.303, 30.303]",C:/Users/Madness/PycharmProjects/Crupto_Data_Joiner/Raw_Data_Spot/BYBIT_DOGEUSDT_SPOT_2021_2026.csv,1000.0,0.0018,0.1,False
0.003697,130.028,42.1968,19.0665,100.0,130027975804.937,311,7027.0,268615.0,32,3.5,7.56,9.0,front_heavy,8.38,54.12,linear_increase,"[9.0, 8.95, 8.91, 8.86, 8.81, 8.77, 8.72, 8.67, 8.63, 8.58, 8.54, 8.49, 8.44, 8.4, 8.35, 8.3, 8.26, 8.21, 8.16, 8.12, 8.07, 8.02, 7.98, 7.93, 7.89, 7.84, 7.79, 7.75, 7.7, 7.65, 7.61, 7.56]","[8.3824, 9.8578, 11.3332, 12.8086, 14.2841, 15.7595, 17.234, 18.7094, 20.1848, 21.6602, 23.1357, 24.6111, 26.0865, 27.5619, 29.0373, 30.5127, 31.9873, 33.4627, 34.9381, 36.4135, 37.8889, 39.3643, 40.8398, 42.3152, 43.7906, 45.266, 46.7405, 48.2159, 49.6914, 51.1668, 52.6422, 54.1176]",C:/Users/Madness/PycharmProjects/Crupto_Data_Joiner/Raw_Data_Spot/BYBIT_DOGEUSDT_SPOT_2021_2026.csv,1000.0,0.0018,0.1,False
0.003689,504.1244,289.6736,21.0262,100.0,504124400940.5918,412,5304.9,530851.0,35,2.9,1.93,9.74,random,28.57,28.57,flat,"[4.12, 9.71, 2.41, 4.4, 8.03, 8.72, 2.06, 2.71, 6.28, 6.76, 6.45, 4.56, 4.42, 3.44, 8.97, 8.7, 7.1, 6.49, 2.39, 9.03, 6.63, 2.36, 9.48, 6.93, 9.41, 3.25, 7.7, 9.61, 4.61, 3.69, 5.78, 3.76, 7.18, 9.25, 6.54]","[28.5714, 28.5714, 28.5714, 28.5714, 28.5714, 28.5714, 28.5714, 28.5714, 28.5714, 28.5714, 28.5714, 28.5714, 28.5714, 28.5714, 28.5714, 28.5714, 28.5714, 28.5714, 28.5714, 28.5714, 28.5714, 28.5714, 28.5714, 28.5714, 28.5714, 28.5714, 28.5714, 28.5714, 28.5714, 28.5714, 28.5714, 28.5714, 28.5714, 28.5714, 28.5714]",C:/Users/Madness/PycharmProjects/Crupto_Data_Joiner/Raw_Data_Spot/BYBIT_DOGEUSDT_SPOT_2021_2026.csv,1000.0,0.0018,0.1,False
0.003671,589.976,337.0574,11.5176,100.0,589976049469.5803,112,19331.6,575821.0,31,6.0,4.54,6.06,linear,10.69,53.48,random,"[4.54, 4.59, 4.64, 4.69, 4.74, 4.79, 4.84, 4.89, 4.95, 5.0, 5.05, 5.1, 5.15, 5.2, 5.25, 5.3, 5.35, 5.4, 5.45, 5.5, 5.55, 5.6, 5.65, 5.71, 5.76, 5.81, 5.86, 5.91, 5.96, 6.01, 6.06]","[50.6032, 23.8491, 13.8929, 17.9794, 17.2117, 16.0355, 36.359, 45.4658, 33.3371, 20.9551, 10.694, 25.9073, 51.4172, 46.2934, 35.0305, 53.4781, 38.8964, 44.8723, 17.8433, 28.4665, 42.6453, 36.9144, 31.886, 47.7554, 51.9072, 20.8435, 29.0056, 52.9391, 23.419, 20.9878, 13.1089]",C:/Users/Madness/PycharmProjects/Crupto_Data_Joiner/Raw_Data_Spot/BYBIT_DOGEUSDT_SPOT_2021_2026.csv,1000.0,0.0018,0.1,False
0.00364,127.2388,74.0409,42.628,100.0,127238784407.3264,1920,1244.0,267794.0,34,0.9,4.66,4.73,random,7.02,76.27,geometric_increase,"[4.68, 4.67, 4.7, 4.71, 4.71, 4.72, 4.73, 4.73, 4.66, 4.67, 4.69, 4.72, 4.69, 4.73, 4.72, 4.71, 4.71, 4.73, 4.69, 4.67, 4.67, 4.69, 4.71, 4.71, 4.73, 4.7, 4.72, 4.69, 4.69, 4.72, 4.66, 4.71, 4.71, 4.69]","[7.0188, 7.5442, 8.1105, 8.7177, 9.3711, 10.0762, 10.8304, 11.6417, 12.5157, 13.4522, 14.4623, 15.5459, 16.7111, 17.9662, 19.3112, 20.7596, 22.3169, 23.9886, 25.7882, 27.7212, 29.7985, 32.0338, 34.4351, 37.0161, 39.7931, 42.7743, 45.9815, 49.4283, 53.1364, 57.1195, 61.4021, 66.006, 70.9529, 76.2728]",C:/Users/Madness/PycharmProjects/Crupto_Data_Joiner/Raw_Data_Spot/BYBIT_DOGEUSDT_SPOT_2021_2026.csv,1000.0,0.0018,0.1,False
0.003598,491.6538,337.73,38.0273,100.0,491653800669.0562,737,3240.2,530856.0,30,1.35,5.58,6.32,random,8.45,52.24,random,"[5.67, 5.75, 5.99, 5.76, 5.64, 5.59, 6.17, 5.59, 5.84, 5.74, 6.05, 5.62, 5.71, 6.15, 5.81, 6.12, 5.78, 5.9, 5.6, 5.94, 5.8, 5.77, 5.66, 5.63, 5.67, 5.68, 5.8, 5.82, 6.26, 6.28]","[45.2463, 41.0304, 22.3296, 32.8544, 34.3223, 52.2445, 37.0813, 10.1471, 44.2716, 30.878, 38.1138, 40.7835, 27.1268, 40.3913, 12.0546, 38.6707, 28.2287, 21.5801, 8.4527, 31.1973, 28.2877, 51.7467, 20.7449, 34.1157, 40.3586, 44.672, 52.1231, 36.6558, 20.4758, 33.8145]",C:/Users/Madness/PycharmProjects/Crupto_Data_Joiner/Raw_Data_Spot/BYBIT_DOGEUSDT_SPOT_2021_2026.csv,1000.0,0.0018,0.1,False
0.003542,124.5259,108.0038,113.5475,100.0,124525902385.1864,1627,1441.7,268567.0,31,0.4,5.52,9.61,front_heavy,4.68,57.64,random,"[9.61, 9.47, 9.34, 9.2, 9.06, 8.93, 8.79, 8.66, 8.52, 8.38, 8.25, 8.11, 7.97, 7.84, 7.7, 7.56, 7.43, 7.29, 7.16, 7.02, 6.88, 6.75, 6.61, 6.47, 6.34, 6.2, 6.07, 5.93, 5.79, 5.66, 5.52]","[33.1828, 17.8644, 9.3001, 51.7537, 24.4387, 51.6471, 49.1867, 31.061, 32.1522, 50.1629, 54.9708, 24.0687, 23.174, 32.656, 14.639, 35.246, 20.5401, 50.1211, 21.9637, 47.2949, 7.0341, 57.6423, 48.2691, 4.6783, 36.8681, 18.2532, 39.7089, 14.3944, 27.1227, 16.9739, 53.6309]",C:/Users/Madness/PycharmProjects/Crupto_Data_Joiner/Raw_Data_Spot/BYBIT_DOGEUSDT_SPOT_2021_2026.csv,1000.0,0.0018,0.1,False
0.003491,470.0354,302.5541,24.5234,100.0,470035386323.249,635,3604.1,526921.0,34,2.1,4.59,7.65,linear,9.47,50.54,random,"[4.59, 4.68, 4.78, 4.87, 4.96, 5.05, 5.15, 5.24, 5.33, 5.42, 5.52, 5.61, 5.7, 5.8, 5.89, 5.98, 6.07, 6.17, 6.26, 6.35, 6.44, 6.54, 6.63, 6.72, 6.82, 6.91, 7.0, 7.09, 7.19, 7.28, 7.37, 7.46, 7.56, 7.65]","[25.0443, 16.6741, 22.7024, 45.8407, 13.4826, 47.732, 11.9533, 31.154, 13.6045, 30.8991, 27.6152, 31.3128, 50.5393, 22.1373, 48.6185, 21.1769, 37.2303, 33.3407, 9.918, 45.6967, 26.1082, 35.6346, 32.9566, 40.5733, 17.5901, 18.4656, 30.7846, 36.3401, 41.5965, 31.1207, 10.8378, 9.4747, 48.1309, 33.7138]",C:/Users/Madness/PycharmProjects/Crupto_Data_Joiner/Raw_Data_Spot/BYBIT_DOGEUSDT_SPOT_2021_2026.csv,1000.0,0.0018,0.1,False
0.00348,43.142,27.579,45.0877,100.0,43142005030.6037,1912,1249.3,158904.0,35,0.8,5.33,8.33,geometric,2.92,101.82,geometric_increase,"[5.33, 5.4, 5.47, 5.54, 5.62, 5.69, 5.77, 5.84, 5.92, 6.0, 6.08, 6.16, 6.24, 6.32, 6.41, 6.49, 6.58, 6.66, 6.75, 6.84, 6.93, 7.02, 7.12, 7.21, 7.3, 7.4, 7.5, 7.6, 7.7, 7.8, 7.9, 8.01, 8.11, 8.22, 8.33]","[2.9201, 3.2422, 3.5986, 3.9953, 4.4353, 4.923, 5.4643, 6.0668, 6.735, 7.4762, 8.2994, 9.2136, 10.2277, 11.3537, 12.6034, 13.9919, 15.5325, 17.2431, 19.1415, 21.2488, 23.5888, 26.1867, 29.0695, 32.2699, 35.8238, 39.7685, 44.1471, 49.0074, 54.4046, 60.3939, 67.0439, 74.4261, 82.6211, 91.7184, 101.8178]",C:/Users/Madness/PycharmProjects/Crupto_Data_Joiner/Raw_Data_Spot/BYBIT_DOGEUSDT_SPOT_2021_2026.csv,1000.0,0.0018,0.1,False
0.003395,118.687,77.345,41.5052,100.0,118687008589.3891,1664,1435.4,267798.0,29,0.85,5.48,7.28,random,8.55,60.42,linear_increase,"[5.8, 6.45, 6.47, 6.25, 6.51, 6.31, 6.5, 7.27, 6.05, 6.55, 7.0, 6.73, 5.56, 7.12, 6.63, 5.84, 6.26, 6.84, 6.9, 6.34, 6.1, 5.79, 6.68, 5.59, 7.17, 6.42, 6.67, 6.08, 5.99]","[8.5467, 10.4006, 12.2546, 14.1031, 15.9571, 17.811, 19.6595, 21.5135, 23.3675, 25.2214, 27.0699, 28.9239, 30.7778, 32.6318, 34.4803, 36.3343, 38.1882, 40.0422, 41.8907, 43.7447, 45.5986, 47.4526, 49.3011, 51.1551, 53.009, 54.863, 56.7169, 58.5654, 60.4194]",C:/Users/Madness/PycharmProjects/Crupto_Data_Joiner/Raw_Data_Spot/BYBIT_DOGEUSDT_SPOT_2021_2026.csv,1000.0,0.0018,0.1,False
0.003389,544.7439,226.3666,38.1946,100.0,544743908437.092,781,3058.3,575858.0,32,1.25,4.74,8.51,geometric,4.25,52.77,random,"[4.74, 4.83, 4.92, 5.02, 5.11, 5.21, 5.31, 5.41, 5.51, 5.62, 5.72, 5.83, 5.95, 6.06, 6.17, 6.29, 6.41, 6.53, 6.66, 6.78, 6.91, 7.05, 7.18, 7.32, 7.46, 7.6, 7.74, 7.89, 8.04, 8.19, 8.35, 8.51]","[50.5677, 39.5443, 26.9949, 44.4841, 50.9508, 51.983, 4.2496, 34.065, 42.6537, 15.7411, 21.5915, 26.6383, 28.8043, 52.7747, 26.4235, 15.2602, 36.4714, 48.9348, 27.7538, 50.3309, 28.9926, 24.2009, 44.3159, 5.4189, 16.126, 25.874, 20.9817, 8.4214, 26.6621, 50.6984, 25.074, 27.0168]",C:/Users/Madness/PycharmProjects/Crupto_Data_Joiner/Raw_Data_Spot/BYBIT_DOGEUSDT_SPOT_2021_2026.csv,1000.0,0.0018,0.1,False
0.003367,118.4038,33.6935,10.0505,100.0,118403812189.2126,154,15231.1,268600.0,34,7.5,8.23,8.31,back_heavy,4.16,54.66,linear_increase,"[8.23, 8.23, 8.23, 8.23, 8.23, 8.23, 8.23, 8.23, 8.23, 8.24, 8.24, 8.24, 8.24, 8.24, 8.24, 8.25, 8.25, 8.25, 8.25, 8.26, 8.26, 8.26, 8.27, 8.27, 8.27, 8.28, 8.28, 8.28, 8.29, 8.29, 8.3, 8.3, 8.31, 8.31]","[4.1589, 5.6893, 7.2197, 8.7501, 10.281, 11.8114, 13.3418, 14.8722, 16.4026, 17.933, 19.4639, 20.9943, 22.5247, 24.0551, 25.5855, 27.1159, 28.6463, 30.1772, 31.7076, 33.238, 34.7684, 36.2988, 37.8292, 39.3596, 40.8906, 42.4209, 43.9513, 45.4817, 47.0121, 48.5425, 50.0735, 51.6039, 53.1343, 54.6646]",C:/Users/Madness/PycharmProjects/Crupto_Data_Joiner/Raw_Data_Spot/BYBIT_DOGEUSDT_SPOT_2021_2026.csv,1000.0,0.0018,0.1,False
0.003336,449.1798,208.4815,10.3593,100.0,449179841117.4944,169,12932.2,526955.0,28,8.5,5.38,9.57,back_heavy,9.49,61.94,linear_increase,"[5.38, 5.39, 5.4, 5.43, 5.47, 5.52, 5.59, 5.66, 5.75, 5.85, 5.95, 6.08, 6.21, 6.35, 6.51, 6.67, 6.85, 7.04, 7.24, 7.45, 7.68, 7.91, 8.16, 8.42, 8.69, 8.97, 9.27, 9.57]","[9.4926, 11.4342, 13.3787, 15.3203, 17.2619, 19.2035, 21.148, 23.0896, 25.0311, 26.9727, 28.9172, 30.8588, 32.8004, 34.742, 36.6865, 38.6281, 40.5697, 42.5113, 44.4558, 46.3974, 48.339, 50.2806, 52.2251, 54.1667, 56.1083, 58.0499, 59.9944, 61.936]",C:/Users/Madness/PycharmProjects/Crupto_Data_Joiner/Raw_Data_Spot/BYBIT_DOGEUSDT_SPOT_2021_2026.csv,1000.0,0.0018,0.1,False
0.003318,42.8101,61.05,108.9028,100.0,42810068673.1197,3215,743.0,162127.0,32,0.3,4.28,7.37,front_heavy,10.32,69.29,geometric_increase,"[7.37, 7.27, 7.17, 7.07, 6.97, 6.87, 6.77, 6.67, 6.57, 6.47, 6.37, 6.27, 6.17, 6.07, 5.97, 5.87, 5.78, 5.68, 5.58, 5.48, 5.38, 5.28, 5.18, 5.08, 4.98, 4.88, 4.78, 4.68, 4.58, 4.48, 4.38, 4.28]","[10.3151, 10.9689, 11.6639, 12.4032, 13.1891, 14.0245, 14.9139, 15.8581, 16.8637, 17.9325, 19.069, 20.2774, 21.5617, 22.9285, 24.3818, 25.926, 27.5695, 29.3165, 31.1744, 33.1496, 35.2504, 37.4843, 39.8597, 42.3862, 45.0722, 47.9282, 50.9659, 54.1948, 57.6296, 61.282, 65.1647, 69.2945]",C:/Users/Madness/PycharmProjects/Crupto_Data_Joiner/Raw_Data_Spot/BYBIT_DOGEUSDT_SPOT_2021_2026.csv,1000.0,0.0018,0.1,False
0.003281,114.7159,358.1613,40.5617,100.0,114715919825.8071,9688,246.7,267807.0,32,0.35,2.45,6.78,back_heavy,4.51,57.99,pyramid,"[2.45, 2.45, 2.47, 2.49, 2.52, 2.56, 2.61, 2.67, 2.74, 2.81, 2.9, 3.0, 3.1, 3.21, 3.33, 3.46, 3.6, 3.75, 3.91, 4.08, 4.25, 4.44, 4.63, 4.83, 5.05, 5.27, 5.5, 5.73, 5.98, 6.24, 6.51, 6.78]","[4.5102, 7.8522, 11.1958, 14.5378, 17.8798, 21.2233, 24.5653, 27.9073, 31.2493, 34.5928, 37.9348, 41.2768, 44.6203, 47.9623, 51.3043, 54.6479, 57.9899, 54.6479, 51.3043, 47.9623, 44.6203, 41.2768, 37.9348, 34.5928, 31.2493, 27.9073, 24.5653, 21.2233, 17.8798, 14.5378, 11.1958, 7.8522]",C:/Users/Madness/PycharmProjects/Crupto_Data_Joiner/Raw_Data_Spot/BYBIT_DOGEUSDT_SPOT_2021_2026.csv,1000.0,0.0018,0.1,False
0.003281,115.3726,153.9125,120.023,100.0,115372573300.8705,2705,883.1,268608.0,30,0.3,4.91,7.74,front_heavy,33.33,33.33,flat,"[7.74, 7.64, 7.54, 7.45, 7.35, 7.25, 7.15, 7.06, 6.96, 6.86, 6.76, 6.67, 6.57, 6.47, 6.37, 6.28, 6.18, 6.08, 5.98, 5.89, 5.79, 5.69, 5.59, 5.5, 5.4, 5.3, 5.2, 5.11, 5.01, 4.91]","[33.3333, 33.3333, 33.3333, 33.3333, 33.3333, 33.3333, 33.3333, 33.3333, 33.3333, 33.3333, 33.3333, 33.3333, 33.3333, 33.3333, 33.3333, 33.3333, 33.3333, 33.3333, 33.3333, 33.3333, 33.3333, 33.3333, 33.3333, 33.3333, 33.3333, 33.3333, 33.3333, 33.3333, 33.3333, 33.3333]",C:/Users/Madness/PycharmProjects/Crupto_Data_Joiner/Raw_Data_Spot/BYBIT_DOGEUSDT_SPOT_2021_2026.csv,1000.0,0.0018,0.1,False
0.003275,447.4585,268.5435,23.6697,100.0,447458481769.274,508,4700.8,530856.0,31,2.4,4.22,7.33,front_heavy,11.41,57.1,random,"[7.33, 7.23, 7.12, 7.02, 6.92, 6.81, 6.71, 6.6, 6.5, 6.4, 6.29, 6.19, 6.09, 5.98, 5.88, 5.78, 5.67, 5.57, 5.46, 5.36, 5.26, 5.15, 5.05, 4.95, 4.84, 4.74, 4.63, 4.53, 4.43, 4.32, 4.22]","[26.9232, 38.2013, 13.8409, 50.732, 39.4763, 53.0438, 34.4533, 11.4089, 29.2526, 23.0951, 54.6381, 24.2491, 39.8317, 25.8678, 30.0258, 57.1042, 21.0479, 26.6879, 55.839, 38.5127, 18.4304, 21.3271, 43.9643, 22.5953, 21.5829, 55.8585, 23.8576, 12.0923, 29.5572, 37.4495, 19.0533]",C:/Users/Madness/PycharmProjects/Crupto_Data_Joiner/Raw_Data_Spot/BYBIT_DOGEUSDT_SPOT_2021_2026.csv,1000.0,0.0018,0.1,False
0.00322,113.2324,57.8736,42.7567,100.0,113232399270.1407,930,2349.9,268604.0,35,1.1,7.42,9.21,front_heavy,11.32,46.84,pyramid,"[9.21, 9.16, 9.1, 9.05, 9.0, 8.95, 8.89, 8.84, 8.79, 8.74, 8.68, 8.63, 8.58, 8.53, 8.47, 8.42, 8.37, 8.32, 8.26, 8.21, 8.16, 8.1, 8.05, 8.0, 7.95, 7.89, 7.84, 7.79, 7.74, 7.68, 7.63, 7.58, 7.53, 7.47, 7.42]","[11.3176, 13.4066, 15.4972, 17.5862, 19.6752, 21.7658, 23.8548, 25.9438, 28.0344, 30.1234, 32.214, 34.303, 36.392, 38.4826, 40.5716, 42.6606, 44.7512, 46.8402, 44.7512, 42.6606, 40.5716, 38.4826, 36.392, 34.303, 32.214, 30.1234, 28.0344, 25.9438, 23.8548, 21.7658, 19.6752, 17.5862, 15.4972, 13.4066, 11.3176]",C:/Users/Madness/PycharmProjects/Crupto_Data_Joiner/Raw_Data_Spot/BYBIT_DOGEUSDT_SPOT_2021_2026.csv,1000.0,0.0018,0.1,False
0.003203,431.2607,338.1059,58.5226,100.0,431260713105.2432,1394,1713.1,526916.0,31,0.8,4.71,5.75,geometric,4.27,54.53,random,"[4.71, 4.74, 4.77, 4.8, 4.84, 4.87, 4.9, 4.93, 4.97, 5.0, 5.03, 5.07, 5.1, 5.14, 5.17, 5.2, 5.24, 5.27, 5.31, 5.34, 5.38, 5.42, 5.45, 5.49, 5.53, 5.56, 5.6, 5.64, 5.67, 5.71, 5.75]","[41.8798, 24.7753, 52.4264, 10.6246, 24.9153, 7.7558, 27.7433, 30.6244, 54.5262, 25.5585, 4.2668, 32.1572, 26.4285, 40.1185, 47.3073, 40.1628, 41.5219, 41.1905, 47.628, 48.3811, 43.7581, 34.1524, 12.4585, 15.8979, 48.4838, 49.1058, 42.6914, 26.8679, 11.1083, 10.279, 35.2049]",C:/Users/Madness/PycharmProjects/Crupto_Data_Joiner/Raw_Data_Spot/BYBIT_DOGEUSDT_SPOT_2021_2026.csv,1000.0,0.0018,0.1,False
0.003189,512.4393,160.3561,22.1235,100.0,512439285098.0816,399,5973.8,575777.0,33,2.9,4.9,6.4,front_heavy,30.3,30.3,flat,"[6.4, 6.35, 6.31, 6.26, 6.21, 6.17, 6.12, 6.07, 6.02, 5.98, 5.93, 5.88, 5.84, 5.79, 5.74, 5.7, 5.65, 5.6, 5.56, 5.51, 5.46, 5.42, 5.37, 5.32, 5.28, 5.23, 5.18, 5.13, 5.09, 5.04, 4.99, 4.95, 4.9]","[30.303, 30.303, 30.303, 30.303, 30.303, 30.303, 30.303, 30.303, 30.303, 30.303, 30.303, 30.303, 30.303, 30.303, 30.303, 30.303, 30.303, 30.303, 30.303, 30.303, 30.303, 30.303, 30.303, 30.303, 30.303, 30.303, 30.303, 30.303, 30.303, 30.303, 30.303, 30.303, 30.303]",C:/Users/Madness/PycharmProjects/Crupto_Data_Joiner/Raw_Data_Spot/BYBIT_DOGEUSDT_SPOT_2021_2026.csv,1000.0,0.0018,0.1,False
0.003168,40.4575,36.7789,68.7971,100.0,40457548287.3396,3103,769.8,161302.0,35,0.45,4.09,7.92,random,4.16,90.33,geometric_increase,"[5.06, 5.05, 5.57, 5.45, 4.22, 6.12, 6.55, 6.97, 4.49, 7.09, 7.37, 4.75, 7.82, 7.92, 4.81, 5.49, 6.33, 6.97, 5.65, 5.5, 5.67, 4.62, 6.23, 6.18, 5.97, 5.69, 5.7, 7.33, 6.09, 5.51, 4.59, 7.86, 7.86, 5.59, 4.66]","[4.1638, 4.5584, 4.9893, 5.4628, 5.9791, 6.5465, 7.1672, 7.8455, 8.5878, 9.4027, 10.2922, 11.267, 12.3357, 13.5025, 14.7823, 16.1838, 17.7153, 19.3941, 21.2307, 23.2422, 25.4435, 27.8539, 30.4926, 33.3808, 36.542, 40.004, 43.7924, 47.9412, 52.4826, 57.4527, 62.8942, 68.8519, 75.3749, 82.5144, 90.3301]",C:/Users/Madness/PycharmProjects/Crupto_Data_Joiner/Raw_Data_Spot/BYBIT_DOGEUSDT_SPOT_2021_2026.csv,1000.0,0.0018,0.1,False
0.003165,426.1411,265.2857,32.4163,100.0,426141121461.5596,662,3543.2,526924.0,31,1.7,4.16,6.56,front_heavy,10.7,57.41,random,"[6.56, 6.48, 6.4, 6.32, 6.24, 6.16, 6.08, 6.0, 5.92, 5.84, 5.76, 5.68, 5.6, 5.52, 5.44, 5.36, 5.28, 5.2, 5.12, 5.04, 4.96, 4.88, 4.8, 4.72, 4.64, 4.56, 4.48, 4.4, 4.32, 4.24, 4.16]","[31.9818, 39.4929, 10.9565, 39.8997, 27.2036, 52.6429, 19.425, 17.3012, 34.0382, 38.0994, 21.4478, 21.8411, 12.6241, 53.2857, 49.5706, 33.355, 35.1575, 27.7453, 57.4054, 14.5817, 15.4268, 10.7048, 35.3935, 39.4165, 12.7096, 46.5163, 50.2359, 47.9502, 55.7242, 33.9191, 13.9479]",C:/Users/Madness/PycharmProjects/Crupto_Data_Joiner/Raw_Data_Spot/BYBIT_DOGEUSDT_SPOT_2021_2026.csv,1000.0,0.0018,0.1,False
0.003148,505.7785,294.5031,19.9837,100.0,505778486295.2881,394,6059.9,575777.0,35,2.8,4.72,8.66,linear,28.57,28.57,flat,"[4.72, 4.84, 4.95, 5.07, 5.18, 5.3, 5.42, 5.53, 5.65, 5.76, 5.88, 5.99, 6.11, 6.23, 6.34, 6.46, 6.57, 6.69, 6.81, 6.92, 7.04, 7.15, 7.27, 7.39, 7.5, 7.62, 7.73, 7.85, 7.96, 8.08, 8.2, 8.31, 8.43, 8.54, 8.66]","[28.5714, 28.5714, 28.5714, 28.5714, 28.5714, 28.5714, 28.5714, 28.5714, 28.5714, 28.5714, 28.5714, 28.5714, 28.5714, 28.5714, 28.5714, 28.5714, 28.5714, 28.5714, 28.5714, 28.5714, 28.5714, 28.5714, 28.5714, 28.5714, 28.5714, 28.5714, 28.5714, 28.5714, 28.5714, 28.5714, 28.5714, 28.5714, 28.5714, 28.5714, 28.5714]",C:/Users/Madness/PycharmProjects/Crupto_Data_Joiner/Raw_Data_Spot/BYBIT_DOGEUSDT_SPOT_2021_2026.csv,1000.0,0.0018,0.1,False
0.00309,496.5787,300.5553,33.8411,100.0,496578740450.1406,444,4922.4,575807.0,32,1.85,4.75,6.73,random,5.04,78.36,random,"[6.62, 5.45, 5.45, 4.94, 5.38, 5.62, 5.53, 5.01, 4.98, 6.63, 6.47, 6.71, 6.52, 5.49, 6.34, 6.28, 4.76, 4.94, 6.56, 5.35, 5.1, 5.05, 6.58, 5.95, 5.69, 6.34, 5.79, 5.81, 5.15, 4.99, 4.84, 5.7]","[53.779, 19.104, 58.735, 5.0431, 23.8052, 34.032, 43.3328, 10.7318, 16.0932, 14.1616, 59.3108, 8.6642, 57.5588, 55.7614, 8.3559, 7.4354, 5.2852, 45.0885, 15.3106, 78.3623, 42.2763, 28.0149, 6.8867, 65.2218, 35.0005, 13.4125, 11.1427, 52.0051, 25.2444, 45.0241, 44.4283, 11.392]",C:/Users/Madness/PycharmProjects/Crupto_Data_Joiner/Raw_Data_Spot/BYBIT_DOGEUSDT_SPOT_2021_2026.csv,1000.0,0.0018,0.1,False
0.003074,38.0783,32.2141,44.8656,100.0,38078269330.5948,2954,808.6,158825.0,30,0.7,4.21,7.18,linear,1.9,139.34,geometric_increase,"[4.21, 4.31, 4.41, 4.52, 4.62, 4.72, 4.82, 4.93, 5.03, 5.13, 5.23, 5.34, 5.44, 5.54, 5.64, 5.75, 5.85, 5.95, 6.05, 6.16, 6.26, 6.36, 6.46, 6.57, 6.67, 6.77, 6.87, 6.98, 7.08, 7.18]","[1.8973, 2.1997, 2.5511, 2.9589, 3.431, 3.9794, 4.6148, 5.3527, 6.2066, 7.198, 8.3483, 9.6803, 11.2262, 13.0196, 15.0987, 17.5092, 20.3062, 23.5477, 27.3086, 31.6699, 36.7277, 42.5921, 49.3929, 57.2814, 66.4286, 77.0376, 89.3393, 103.6069, 120.1507, 139.3387]",C:/Users/Madness/PycharmProjects/Crupto_Data_Joiner/Raw_Data_Spot/BYBIT_DOGEUSDT_SPOT_2021_2026.csv,1000.0,0.0018,0.1,False
0.003051,107.245,59.59,54.7005,100.0,107244951260.8869,1558,1533.1,268561.0,31,0.8,4.48,7.17,front_heavy,9.5,75.71,geometric_increase,"[7.17, 7.08, 6.99, 6.9, 6.81, 6.72, 6.63, 6.54, 6.45, 6.36, 6.27, 6.18, 6.09, 6.0, 5.91, 5.82, 5.74, 5.65, 5.56, 5.47, 5.38, 5.29, 5.2, 5.11, 5.02, 4.93, 4.84, 4.75, 4.66, 4.57, 4.48]","[9.5019, 10.1842, 10.9104, 11.6917, 12.5335, 13.4303, 14.3932, 15.422, 16.5279, 17.7108, 18.9763, 20.3353, 21.7933, 23.3559, 25.0285, 26.8221, 28.7423, 30.8, 33.0063, 35.3722, 37.9031, 40.6211, 43.5316, 46.6457, 49.9909, 53.5672, 57.4076, 61.5176, 65.9246, 70.6453, 75.7071]",C:/Users/Madness/PycharmProjects/Crupto_Data_Joiner/Raw_Data_Spot/BYBIT_DOGEUSDT_SPOT_2021_2026.csv,1000.0,0.0018,0.1,False
0.003007,405.0852,236.5887,26.1992,100.0,405085197242.5618,464,5145.7,527060.0,34,2.3,5.52,7.7,random,29.41,29.41,flat,"[7.05, 6.44, 7.33, 7.31, 6.54, 6.61, 7.11, 6.99, 6.82, 6.45, 6.14, 6.11, 7.19, 5.81, 7.66, 6.56, 6.15, 6.79, 7.54, 6.59, 7.09, 6.14, 6.31, 7.33, 7.7, 6.04, 5.79, 6.58, 5.89, 6.71, 6.98, 6.08, 6.75, 6.7]","[29.4118, 29.4118, 29.4118, 29.4118, 29.4118, 29.4118, 29.4118, 29.4118, 29.4118, 29.4118, 29.4118, 29.4118, 29.4118, 29.4118, 29.4118, 29.4118, 29.4118, 29.4118, 29.4118, 29.4118, 29.4118, 29.4118, 29.4118, 29.4118, 29.4118, 29.4118, 29.4118, 29.4118, 29.4118, 29.4118, 29.4118, 29.4118, 29.4118, 29.4118]",C:/Users/Madness/PycharmProjects/Crupto_Data_Joiner/Raw_Data_Spot/BYBIT_DOGEUSDT_SPOT_2021_2026.csv,1000.0,0.0018,0.1,False
0.003006,404.893,396.4066,56.0581,100.0,404892998642.3078,2318,1030.4,527050.0,34,0.65,3.7,5.55,linear,29.41,29.41,flat,"[3.7, 3.76, 3.81, 3.87, 3.92, 3.98, 4.04, 4.09, 4.15, 4.2, 4.26, 4.32, 4.37, 4.43, 4.48, 4.54, 4.6, 4.65, 4.71, 4.77, 4.82, 4.88, 4.93, 4.99, 5.05, 5.1, 5.16, 5.21, 5.27, 5.33, 5.38, 5.44, 5.49, 5.55]","[29.4118, 29.4118, 29.4118, 29.4118, 29.4118, 29.4118, 29.4118, 29.4118, 29.4118, 29.4118, 29.4118, 29.4118, 29.4118, 29.4118, 29.4118, 29.4118, 29.4118, 29.4118, 29.4118, 29.4118, 29.4118, 29.4118, 29.4118, 29.4118, 29.4118, 29.4118, 29.4118, 29.4118, 29.4118, 29.4118, 29.4118, 29.4118, 29.4118, 29.4118]",C:/Users/Madness/PycharmProjects/Crupto_Data_Joiner/Raw_Data_Spot/BYBIT_DOGEUSDT_SPOT_2021_2026.csv,1000.0,0.0018,0.1,False
0.002991,7.1588,24.5701,34.4279,100.0,7158793105.815,4916,485.9,69011.0,33,0.35,4.4,7.21,front_heavy,0.68,59.92,linear_increase,"[7.21, 7.12, 7.03, 6.95, 6.86, 6.77, 6.68, 6.6, 6.51, 6.42, 6.33, 6.24, 6.16, 6.07, 5.98, 5.89, 5.8, 5.72, 5.63, 5.54, 5.45, 5.37, 5.28, 5.19, 5.1, 5.01, 4.93, 4.84, 4.75, 4.66, 4.58, 4.49, 4.4]","[0.6812, 2.5333, 4.3839, 6.2361, 8.0866, 9.9388, 11.7893, 13.6399, 15.492, 17.3442, 19.1947, 21.0469, 22.8975, 24.7496, 26.6002, 28.4507, 30.3029, 32.1551, 34.0056, 35.8561, 37.7083, 39.5605, 41.411, 43.2616, 45.1137, 46.9659, 48.8164, 50.6686, 52.5192, 54.3713, 56.2219, 58.0724, 59.9246]",C:/Users/Madness/PycharmProjects/Crupto_Data_Joiner/Raw_Data_Spot/BYBIT_DOGEUSDT_SPOT_2021_2026.csv,1000.0,0.0018,0.1,False
0.002932,103.0817,140.5965,124.2083,100.0,103081657343.2997,2508,952.4,268574.0,31,0.3,4.1,9.79,random,32.26,32.26,flat,"[9.3, 5.78, 9.64, 8.49, 9.58, 8.81, 5.09, 5.2, 7.04, 8.81, 7.96, 9.62, 7.41, 5.88, 8.91, 7.89, 6.38, 7.69, 4.99, 4.56, 4.36, 9.4, 4.47, 6.4, 8.49, 6.82, 4.79, 4.57, 4.95, 6.94, 4.56]","[32.2581, 32.2581, 32.2581, 32.2581, 32.2581, 32.2581, 32.2581, 32.2581, 32.2581, 32.2581, 32.2581, 32.2581, 32.2581, 32.2581, 32.2581, 32.2581, 32.2581, 32.2581, 32.2581, 32.2581, 32.2581, 32.2581, 32.2581, 32.2581, 32.2581, 32.2581, 32.2581, 32.2581, 32.2581, 32.2581, 32.2581]",C:/Users/Madness/PycharmProjects/Crupto_Data_Joiner/Raw_Data_Spot/BYBIT_DOGEUSDT_SPOT_2021_2026.csv,1000.0,0.0018,0.1,False
0.002917,102.5647,47.673,47.8392,100.0,102564732847.1687,883,2673.9,268564.0,33,1.05,8.79,9.71,front_heavy,11.63,48.98,linear_increase,"[9.71, 9.68, 9.65, 9.62, 9.6, 9.57, 9.54, 9.51, 9.48, 9.45, 9.42, 9.39, 9.36, 9.34, 9.31, 9.28, 9.25, 9.22, 9.19, 9.16, 9.14, 9.11, 9.08, 9.05, 9.02, 8.99, 8.96, 8.93, 8.9, 8.88, 8.85, 8.82, 8.79]","[11.6292, 12.7971, 13.9633, 15.1312, 16.2975, 17.4653, 18.6316, 19.7994, 20.9657, 22.1336, 23.2998, 24.4677, 25.634, 26.8018, 27.9681, 29.1359, 30.3038, 31.4701, 32.6379, 33.8042, 34.9721, 36.1383, 37.3062, 38.4724, 39.6403, 40.8066, 41.9744, 43.1407, 44.3086, 45.4748, 46.6427, 47.8089, 48.9768]",C:/Users/Madness/PycharmProjects/Crupto_Data_Joiner/Raw_Data_Spot/BYBIT_DOGEUSDT_SPOT_2021_2026.csv,1000.0,0.0018,0.1,False
0.002908,36.0494,467.9628,79.4068,100.0,36049409124.3818,11281,211.7,158897.0,31,0.2,2.1,2.55,back_heavy,12.84,64.6,geometric_increase,"[2.1, 2.1, 2.1, 2.1, 2.11, 2.11, 2.12, 2.12, 2.13, 2.14, 2.15, 2.16, 2.17, 2.18, 2.2, 2.21, 2.23, 2.24, 2.26, 2.28, 2.3, 2.32, 2.34, 2.36, 2.39, 2.41, 2.44, 2.46, 2.49, 2.52, 2.55]","[12.8393, 13.5504, 14.3014, 15.0924, 15.9273, 16.8062, 17.7369, 18.7197, 19.7543, 20.8449, 21.9994, 23.2178, 24.5041, 25.8584, 27.2885, 28.7986, 30.3925, 32.0743, 33.848, 35.7216, 37.699, 39.7843, 41.9854, 44.3064, 46.7592, 49.3478, 52.0763, 54.9606, 58.0006, 61.2084, 64.596]",C:/Users/Madness/PycharmProjects/Crupto_Data_Joiner/Raw_Data_Spot/BYBIT_DOGEUSDT_SPOT_2021_2026.csv,1000.0,0.0018,0.1,False
0.002895,464.6943,279.1157,24.1835,100.0,464694297850.1722,322,7107.5,575520.0,31,2.6,3.09,7.56,front_heavy,3.27,53.77,random,"[7.56, 7.41, 7.26, 7.11, 6.96, 6.81, 6.67, 6.52, 6.37, 6.22, 6.07, 5.92, 5.77, 5.62, 5.47, 5.32, 5.18, 5.03, 4.88, 4.73, 4.58, 4.43, 4.28, 4.13, 3.98, 3.83, 3.69, 3.54, 3.39, 3.24, 3.09]","[43.8586, 39.4404, 42.2227, 29.2626, 50.4037, 4.2766, 45.0514, 25.4894, 47.8931, 9.816, 40.8735, 29.4697, 6.7252, 41.5472, 47.527, 19.6765, 27.9956, 48.6368, 31.1746, 53.7733, 8.091, 12.4183, 48.8544, 18.8341, 3.2682, 26.6236, 36.381, 48.8089, 51.5607, 49.1637, 10.8821]",C:/Users/Madness/PycharmProjects/Crupto_Data_Joiner/Raw_Data_Spot/BYBIT_DOGEUSDT_SPOT_2021_2026.csv,1000.0,0.0018,0.1,False
0.002849,456.7166,167.9527,25.3123,100.0,456716574597.6827,565,4225.8,575111.0,35,2.1,4.88,5.66,front_heavy,28.57,28.57,flat,"[5.66, 5.64, 5.61, 5.59, 5.57, 5.55, 5.52, 5.5, 5.48, 5.45, 5.43, 5.41, 5.38, 5.36, 5.34, 5.32, 5.29, 5.27, 5.25, 5.22, 5.2, 5.18, 5.16, 5.13, 5.11, 5.09, 5.06, 5.04, 5.02, 4.99, 4.97, 4.95, 4.93, 4.9, 4.88]","[28.5714, 28.5714, 28.5714, 28.5714, 28.5714, 28.5714, 28.5714, 28.5714, 28.5714, 28.5714, 28.5714, 28.5714, 28.5714, 28.5714, 28.5714, 28.5714, 28.5714, 28.5714, 28.5714, 28.5714, 28.5714, 28.5714, 28.5714, 28.5714, 28.5714, 28.5714, 28.5714, 28.5714, 28.5714, 28.5714, 28.5714, 28.5714, 28.5714, 28.5714, 28.5714]",C:/Users/Madness/PycharmProjects/Crupto_Data_Joiner/Raw_Data_Spot/BYBIT_DOGEUSDT_SPOT_2021_2026.csv,1000.0,0.0018,0.1,False
0.002771,445.1039,247.4364,13.2551,100.0,445103889826.5178,205,11627.1,575732.0,33,5.0,3.94,8.78,random,22.49,38.6,pyramid,"[4.5, 8.22, 7.84, 4.0, 6.35, 3.95, 8.68, 4.45, 7.77, 8.37, 4.61, 7.55, 4.1, 5.52, 4.72, 5.23, 7.22, 7.28, 6.22, 6.41, 5.98, 5.17, 4.0, 8.42, 4.43, 8.08, 5.2, 6.54, 5.31, 5.02, 4.91, 5.09, 5.02]","[22.4946, 23.5007, 24.5068, 25.5129, 26.519, 27.5251, 28.5312, 29.5373, 30.5502, 31.5563, 32.5624, 33.5685, 34.5746, 35.5808, 36.5869, 37.593, 38.5991, 37.593, 36.5869, 35.5808, 34.5746, 33.5685, 32.5624, 31.5563, 30.5502, 29.5373, 28.5312, 27.5251, 26.519, 25.5129, 24.5068, 23.5007, 22.4946]",C:/Users/Madness/PycharmProjects/Crupto_Data_Joiner/Raw_Data_Spot/BYBIT_DOGEUSDT_SPOT_2021_2026.csv,1000.0,0.0018,0.1,False
0.002747,96.5597,43.3207,39.5303,100.0,96559707849.7045,1144,2087.4,268563.0,33,1.2,6.76,7.43,back_heavy,6.6,81.73,geometric_increase,"[6.76, 6.76, 6.76, 6.77, 6.77, 6.78, 6.78, 6.79, 6.8, 6.81, 6.83, 6.84, 6.85, 6.87, 6.89, 6.91, 6.93, 6.95, 6.97, 7.0, 7.02, 7.05, 7.08, 7.11, 7.14, 7.17, 7.2, 7.24, 7.27, 7.31, 7.35, 7.39, 7.43]","[6.5989, 7.1385, 7.7232, 8.3547, 9.0383, 9.7774, 10.5781, 11.4429, 12.3789, 13.3922, 14.4878, 15.6728, 16.9558, 18.3429, 19.8436, 21.4667, 23.2233, 25.1231, 27.1782, 29.4024, 31.8079, 34.4103, 37.2253, 40.271, 43.5657, 47.1302, 50.9853, 55.157, 59.6696, 64.5518, 69.833, 75.5463, 81.727]",C:/Users/Madness/PycharmProjects/Crupto_Data_Joiner/Raw_Data_Spot/BYBIT_DOGEUSDT_SPOT_2021_2026.csv,1000.0,0.0018,0.1,False
0.002723,437.5958,159.3501,40.05,100.0,437595785274.2454,429,5094.6,575842.0,35,1.7,5.48,5.82,geometric,6.91,57.24,random,"[5.48, 5.49, 5.5, 5.51, 5.52, 5.53, 5.54, 5.55, 5.56, 5.57, 5.58, 5.59, 5.6, 5.61, 5.62, 5.63, 5.64, 5.65, 5.66, 5.67, 5.68, 5.69, 5.7, 5.71, 5.72, 5.73, 5.74, 5.75, 5.76, 5.77, 5.78, 5.79, 5.8, 5.81, 5.82]","[57.2379, 10.995, 24.878, 6.9057, 12.0681, 54.5682, 14.8809, 28.2556, 15.8825, 26.5498, 30.6052, 47.9712, 23.0555, 32.9096, 35.0521, 25.9097, 35.0785, 37.2812, 19.9642, 10.7615, 48.6113, 17.9346, 21.0448, 29.9764, 27.4385, 8.3366, 35.2743, 27.4422, 43.2155, 21.7904, 35.3985, 11.315, 33.7907, 38.6481, 48.9728]",C:/Users/Madness/PycharmProjects/Crupto_Data_Joiner/Raw_Data_Spot/BYBIT_DOGEUSDT_SPOT_2021_2026.csv,1000.0,0.0018,0.1,False
0.002705,13.8491,9.8409,55.8704,100.0,13849085661.2721,2690,888.0,101592.0,31,0.55,5.54,6.8,random,1.19,149.76,geometric_increase,"[5.66, 6.58, 6.72, 6.47, 5.69, 6.51, 6.02, 6.12, 5.91, 6.45, 5.8, 6.06, 5.8, 6.68, 6.32, 6.2, 6.13, 5.72, 6.0, 6.16, 6.1, 6.57, 5.66, 6.34, 5.95, 5.69, 6.21, 6.7, 6.75, 5.57, 5.92]","[1.1944, 1.4032, 1.6479, 1.9353, 2.2743, 2.6717, 3.1387, 3.6887, 4.3331, 5.0897, 5.9787, 7.0227, 8.2508, 9.6922, 11.385, 13.3741, 15.7113, 18.4571, 21.6833, 25.4708, 29.9229, 35.1495, 41.2921, 48.5079, 56.9854, 66.9425, 78.6396, 92.3819, 108.5242, 127.4865, 149.7647]",C:/Users/Madness/PycharmProjects/Crupto_Data_Joiner/Raw_Data_Spot/BYBIT_DOGEUSDT_SPOT_2021_2026.csv,1000.0,0.0018,0.1,False
0.002654,92.7862,274.5717,107.5255,100.0,92786187772.843,3857,619.3,267828.0,32,0.25,2.17,6.71,random,29.9,32.16,random,"[5.69, 6.54, 5.56, 3.31, 4.63, 5.87, 5.0, 5.67, 3.86, 2.93, 6.3, 3.36, 2.66, 4.82, 5.3, 5.3, 2.55, 6.55, 2.63, 4.85, 3.86, 4.1, 5.14, 6.22, 3.76, 6.23, 3.16, 5.55, 2.55, 5.77, 2.42, 5.63]","[31.7093, 30.7209, 30.3524, 31.9874, 30.9253, 31.3106, 31.5385, 31.4815, 32.0678, 31.6222, 31.4346, 30.7343, 31.6423, 31.9807, 31.9104, 32.1617, 30.5936, 30.2452, 31.7361, 31.7227, 31.0794, 31.8702, 30.4864, 29.9001, 31.9941, 30.9119, 30.0341, 32.0779, 32.1282, 30.4596, 30.9488, 30.2318]",C:/Users/Madness/PycharmProjects/Crupto_Data_Joiner/Raw_Data_Spot/BYBIT_DOGEUSDT_SPOT_2021_2026.csv,1000.0,0.0018,0.1,False
0.002647,33.1353,36.3015,98.7386,100.0,33135262482.1795,2737,872.7,159673.0,30,0.35,7.8,8.49,geometric,6.6,93.33,geometric_increase,"[7.8, 7.82, 7.85, 7.87, 7.89, 7.91, 7.94, 7.96, 7.98, 8.01, 8.03, 8.05, 8.08, 8.1, 8.13, 8.15, 8.17, 8.2, 8.22, 8.25, 8.27, 8.29, 8.32, 8.34, 8.37, 8.39, 8.42, 8.44, 8.47, 8.49]","[6.5982, 7.2296, 7.921, 8.679, 9.5089, 10.4193, 11.4151, 12.5069, 13.703, 15.0137, 16.4511, 18.0236, 19.7485, 21.6376, 23.7081, 25.9754, 28.46, 31.1825, 34.165, 37.4333, 41.0148, 44.9385, 49.2369, 53.9477, 59.1069, 64.7623, 70.9567, 77.7448, 85.1815, 93.3301]",C:/Users/Madness/PycharmProjects/Crupto_Data_Joiner/Raw_Data_Spot/BYBIT_DOGEUSDT_SPOT_2021_2026.csv,1000.0,0.0018,0.1,False
0.002506,88.1159,45.0678,51.3025,100.0,88115871881.6844,1175,2032.8,268605.0,31,0.9,5.35,8.32,front_heavy,9.0,77.73,geometric_increase,"[8.32, 8.22, 8.12, 8.02, 7.92, 7.82, 7.73, 7.63, 7.53, 7.43, 7.33, 7.23, 7.13, 7.03, 6.93, 6.84, 6.74, 6.64, 6.54, 6.44, 6.34, 6.24, 6.14, 6.04, 5.94, 5.84, 5.75, 5.65, 5.55, 5.45, 5.35]","[8.9959, 9.6667, 10.3871, 11.1608, 11.9924, 12.8865, 13.8467, 14.8787, 15.9878, 17.1796, 18.4596, 19.8361, 21.3146, 22.9024, 24.6097, 26.4438, 28.4148, 30.5329, 32.808, 35.2532, 37.8803, 40.7041, 43.7373, 46.9975, 50.5003, 54.2641, 58.3081, 62.6536, 67.3234, 72.3414, 77.7325]",C:/Users/Madness/PycharmProjects/Crupto_Data_Joiner/Raw_Data_Spot/BYBIT_DOGEUSDT_SPOT_2021_2026.csv,1000.0,0.0018,0.1,False
0.002421,30.9174,341.6451,133.0254,100.0,30917370815.9939,4531,527.2,161306.0,30,0.2,2.55,8.07,random,17.26,48.77,random,"[3.58, 6.32, 7.08, 5.18, 4.28, 7.64, 7.68, 5.28, 4.16, 5.31, 5.56, 3.24, 2.59, 3.12, 3.23, 6.11, 3.35, 6.23, 6.08, 8.06, 5.09, 4.77, 3.68, 6.58, 5.13, 4.21, 5.48, 4.79, 4.39, 6.62]","[31.9986, 38.4243, 20.5528, 35.9202, 24.8405, 17.2573, 41.5899, 48.6416, 45.7004, 41.4954, 39.0149, 48.7716, 26.5651, 39.9008, 23.8011, 36.4517, 28.0416, 22.8561, 25.7028, 19.8441, 36.5934, 32.0695, 47.2124, 35.1406, 18.6747, 46.6454, 24.8996, 23.1514, 32.1639, 46.0784]",C:/Users/Madness/PycharmProjects/Crupto_Data_Joiner/Raw_Data_Spot/BYBIT_DOGEUSDT_SPOT_2021_2026.csv,1000.0,0.0018,0.1,False
0.002406,329.6617,204.4168,15.879,100.0,329661659758.6623,177,12445.8,531564.0,30,4.0,2.91,9.56,front_heavy,33.33,33.33,flat,"[9.56, 9.33, 9.1, 8.87, 8.64, 8.41, 8.18, 7.95, 7.73, 7.5, 7.27, 7.04, 6.81, 6.58, 6.35, 6.12, 5.89, 5.66, 5.43, 5.2, 4.97, 4.74, 4.52, 4.29, 4.06, 3.83, 3.6, 3.37, 3.14, 2.91]","[33.3333, 33.3333, 33.3333, 33.3333, 33.3333, 33.3333, 33.3333, 33.3333, 33.3333, 33.3333, 33.3333, 33.3333, 33.3333, 33.3333, 33.3333, 33.3333, 33.3333, 33.3333, 33.3333, 33.3333, 33.3333, 33.3333, 33.3333, 33.3333, 33.3333, 33.3333, 33.3333, 33.3333, 33.3333, 33.3333]",C:/Users/Madness/PycharmProjects/Crupto_Data_Joiner/Raw_Data_Spot/BYBIT_DOGEUSDT_SPOT_2021_2026.csv,1000.0,0.0018,0.1,False
0.002387,321.4288,203.9088,22.2891,100.0,321428755736.137,398,5998.7,526926.0,35,2.5,4.99,7.16,front_heavy,24.46,33.11,geometric_increase,"[7.16, 7.1, 7.03, 6.97, 6.9, 6.84, 6.78, 6.71, 6.65, 6.59, 6.52, 6.46, 6.39, 6.33, 6.27, 6.2, 6.14, 6.08, 6.01, 5.95, 5.88, 5.82, 5.76, 5.69, 5.63, 5.56, 5.5, 5.44, 5.37, 5.31, 5.25, 5.18, 5.12, 5.05, 4.99]","[24.4566, 24.6782, 24.8999, 25.1215, 25.3432, 25.5723, 25.8013, 26.0304, 26.2668, 26.4958, 26.7323, 26.9761, 27.2125, 27.4564, 27.7076, 27.9514, 28.2026, 28.4538, 28.7124, 28.9637, 29.2297, 29.4883, 29.7543, 30.0202, 30.2862, 30.5596, 30.833, 31.1064, 31.3872, 31.6679, 31.9487, 32.2369, 32.525, 32.8132, 33.1087]",C:/Users/Madness/PycharmProjects/Crupto_Data_Joiner/Raw_Data_Spot/BYBIT_DOGEUSDT_SPOT_2021_2026.csv,1000.0,0.0018,0.1,False
0.002369,379.904,228.6089,36.5361,100.0,379904024541.9568,460,4967.9,575159.0,33,1.75,8.17,8.3,back_heavy,8.52,50.7,random,"[8.17, 8.17, 8.17, 8.17, 8.17, 8.17, 8.17, 8.18, 8.18, 8.18, 8.18, 8.19, 8.19, 8.19, 8.19, 8.2, 8.2, 8.21, 8.21, 8.22, 8.22, 8.23, 8.23, 8.24, 8.24, 8.25, 8.26, 8.26, 8.27, 8.28, 8.28, 8.29, 8.3]","[42.9842, 41.2823, 35.9336, 38.1054, 9.1456, 42.7781, 10.8484, 44.9988, 39.2451, 37.9644, 8.6169, 33.5602, 36.6919, 10.4245, 42.8016, 50.7036, 36.1812, 27.9349, 10.5321, 30.5921, 25.4847, 17.9189, 42.4256, 37.7629, 44.5948, 9.7015, 24.5501, 49.0379, 22.005, 35.7203, 39.82, 8.5247, 11.1286]",C:/Users/Madness/PycharmProjects/Crupto_Data_Joiner/Raw_Data_Spot/BYBIT_DOGEUSDT_SPOT_2021_2026.csv,1000.0,0.0018,0.1,False
0.00236,379.3048,300.4079,78.8352,100.0,379304778683.6168,1930,1143.1,575858.0,30,0.45,2.8,8.98,geometric,4.96,66.39,random,"[2.8, 2.91, 3.03, 3.16, 3.29, 3.42, 3.56, 3.71, 3.86, 4.02, 4.18, 4.36, 4.54, 4.72, 4.91, 5.12, 5.33, 5.54, 5.77, 6.01, 6.25, 6.51, 6.78, 7.06, 7.35, 7.65, 7.96, 8.29, 8.63, 8.98]","[63.9747, 17.32, 32.2391, 41.9418, 9.2914, 22.0248, 60.7675, 49.9364, 14.1662, 4.9638, 31.5446, 62.2019, 9.1344, 50.1485, 55.2645, 5.5807, 32.3913, 42.7221, 33.9504, 55.8959, 28.9283, 52.3811, 46.0977, 18.9908, 66.3919, 7.0443, 31.9655, 24.4274, 9.5165, 18.7966]",C:/Users/Madness/PycharmProjects/Crupto_Data_Joiner/Raw_Data_Spot/BYBIT_DOGEUSDT_SPOT_2021_2026.csv,1000.0,0.0018,0.1,False
0.002338,375.6119,142.5571,29.5261,100.0,375611922403.3877,449,5095.3,575722.0,31,1.95,8.02,9.75,back_heavy,10.48,47.86,random,"[8.02, 8.02, 8.03, 8.04, 8.05, 8.07, 8.09, 8.11, 8.14, 8.18, 8.21, 8.25, 8.3, 8.34, 8.4, 8.45, 8.51, 8.58, 8.64, 8.71, 8.79, 8.87, 8.95, 9.04, 9.13, 9.22, 9.32, 9.42, 9.53, 9.64, 9.75]","[36.7681, 36.1984, 44.8188, 34.4389, 41.2448, 28.331, 10.4762, 40.5315, 33.941, 13.01, 39.2684, 44.2491, 37.8037, 15.7532, 39.9145, 41.7458, 22.3621, 38.1947, 47.8567, 46.728, 21.5953, 25.5023, 12.3349, 22.1818, 14.7971, 38.7476, 24.059, 23.0845, 40.1176, 47.1129, 36.8323]",C:/Users/Madness/PycharmProjects/Crupto_Data_Joiner/Raw_Data_Spot/BYBIT_DOGEUSDT_SPOT_2021_2026.csv,1000.0,0.0018,0.1,False
0.002317,19.3407,6.5098,31.4809,100.0,19340706269.1564,1039,2298.4,130121.0,30,1.55,6.82,9.98,linear,1.01,161.29,geometric_increase,"[6.82, 6.93, 7.04, 7.15, 7.26, 7.36, 7.47, 7.58, 7.69, 7.8, 7.91, 8.02, 8.13, 8.24, 8.35, 8.45, 8.56, 8.67, 8.78, 8.89, 9.0, 9.11, 9.22, 9.33, 9.44, 9.54, 9.65, 9.76, 9.87, 9.98]","[1.0119, 1.2055, 1.4352, 1.7088, 2.0367, 2.4264, 2.8885, 3.4409, 4.0991, 4.8839, 5.8157, 6.9283, 8.2499, 9.8271, 11.7063, 13.9417, 16.6056, 19.7806, 23.5597, 28.0615, 33.4255, 39.8117, 47.4214, 56.4844, 67.2769, 80.1344, 95.4468, 113.6864, 135.4108, 161.2885]",C:/Users/Madness/PycharmProjects/Crupto_Data_Joiner/Raw_Data_Spot/BYBIT_DOGEUSDT_SPOT_2021_2026.csv,1000.0,0.0018,0.1,False
0.002302,80.4543,104.6879,79.2616,100.0,80454313971.5873,3748,637.3,267788.0,34,0.35,4.53,5.25,front_heavy,11.13,47.7,linear_increase,"[5.25, 5.23, 5.21, 5.18, 5.16, 5.14, 5.12, 5.1, 5.08, 5.05, 5.03, 5.01, 4.99, 4.97, 4.94, 4.92, 4.9, 4.88, 4.86, 4.84, 4.81, 4.79, 4.77, 4.75, 4.73, 4.7, 4.68, 4.66, 4.64, 4.62, 4.6, 4.57, 4.55, 4.53]","[11.1266, 12.2352, 13.3438, 14.4524, 15.561, 16.6662, 17.7748, 18.8834, 19.992, 21.1006, 22.2092, 23.3178, 24.4264, 25.5317, 26.6403, 27.7489, 28.8575, 29.9661, 31.0747, 32.1833, 33.2919, 34.3971, 35.5057, 36.6143, 37.7229, 38.8315, 39.9401, 41.0487, 42.1573, 43.2625, 44.3711, 45.4797, 46.5883, 47.6969]",C:/Users/Madness/PycharmProjects/Crupto_Data_Joiner/Raw_Data_Spot/BYBIT_DOGEUSDT_SPOT_2021_2026.csv,1000.0,0.0018,0.1,False
0.002301,369.8414,206.8378,8.9786,100.0,369841443606.7292,74,29814.1,575888.0,31,8.5,2.25,9.13,front_heavy,19.92,48.15,random,"[9.13, 8.9, 8.67, 8.44, 8.21, 7.98, 7.75, 7.52, 7.3, 7.07, 6.84, 6.61, 6.38, 6.15, 5.92, 5.69, 5.46, 5.23, 5.0, 4.77, 4.54, 4.31, 4.08, 3.86, 3.63, 3.4, 3.17, 2.94, 2.71, 2.48, 2.25]","[25.4546, 45.9851, 40.3652, 19.9235, 23.2961, 32.459, 27.922, 21.3222, 33.9182, 36.2542, 30.9573, 36.9003, 20.2146, 22.4583, 45.0692, 26.8463, 25.2451, 30.1266, 38.86, 29.9242, 42.2078, 43.8266, 37.0955, 20.8181, 30.7621, 32.4626, 39.9321, 48.1507, 22.9482, 24.9398, 43.3545]",C:/Users/Madness/PycharmProjects/Crupto_Data_Joiner/Raw_Data_Spot/BYBIT_DOGEUSDT_SPOT_2021_2026.csv,1000.0,0.0018,0.1,False
0.002275,306.2686,219.0458,30.7364,100.0,306268588354.5635,465,5044.3,526919.0,29,1.75,0.4,9.84,front_heavy,34.48,34.48,flat,"[9.84, 9.5, 9.17, 8.83, 8.49, 8.15, 7.82, 7.48, 7.14, 6.81, 6.47, 6.13, 5.79, 5.46, 5.12, 4.78, 4.45, 4.11, 3.77, 3.43, 3.1, 2.76, 2.42, 2.09, 1.75, 1.41, 1.07, 0.74, 0.4]","[34.4828, 34.4828, 34.4828, 34.4828, 34.4828, 34.4828, 34.4828, 34.4828, 34.4828, 34.4828, 34.4828, 34.4828, 34.4828, 34.4828, 34.4828, 34.4828, 34.4828, 34.4828, 34.4828, 34.4828, 34.4828, 34.4828, 34.4828, 34.4828, 34.4828, 34.4828, 34.4828, 34.4828, 34.4828]",C:/Users/Madness/PycharmProjects/Crupto_Data_Joiner/Raw_Data_Spot/BYBIT_DOGEUSDT_SPOT_2021_2026.csv,1000.0,0.0018,0.1,False
0.002269,305.5016,169.4308,9.4477,100.0,305501618425.1675,131,16682.3,526917.0,30,8.0,6.16,7.68,back_heavy,10.46,56.2,linear_increase,"[6.16, 6.16, 6.17, 6.18, 6.19, 6.21, 6.23, 6.25, 6.28, 6.31, 6.34, 6.38, 6.42, 6.47, 6.51, 6.57, 6.62, 6.68, 6.75, 6.81, 6.88, 6.96, 7.03, 7.12, 7.2, 7.29, 7.38, 7.48, 7.58, 7.68]","[10.4632, 12.0398, 13.6179, 15.1946, 16.7727, 18.3493, 19.926, 21.5041, 23.0807, 24.6589, 26.2355, 27.8136, 29.3903, 30.9669, 32.545, 34.1217, 35.6998, 37.2764, 38.8531, 40.4312, 42.0078, 43.5859, 45.1626, 46.7407, 48.3173, 49.894, 51.4721, 53.0487, 54.6268, 56.2035]",C:/Users/Madness/PycharmProjects/Crupto_Data_Joiner/Raw_Data_Spot/BYBIT_DOGEUSDT_SPOT_2021_2026.csv,1000.0,0.0018,0.1,False
0.002262,79.078,214.7124,122.5448,100.0,79078042258.078,3372,708.4,267831.0,32,0.25,2.13,9.53,random,31.25,31.25,flat,"[3.14, 9.28, 6.42, 7.52, 4.6, 8.87, 8.16, 6.6, 4.29, 9.34, 8.2, 2.54, 8.73, 6.7, 5.44, 2.21, 5.51, 5.96, 5.4, 4.96, 3.47, 2.25, 3.56, 2.65, 4.3, 4.94, 6.39, 6.51, 3.32, 6.39, 4.97, 6.34]","[31.25, 31.25, 31.25, 31.25, 31.25, 31.25, 31.25, 31.25, 31.25, 31.25, 31.25, 31.25, 31.25, 31.25, 31.25, 31.25, 31.25, 31.25, 31.25, 31.25, 31.25, 31.25, 31.25, 31.25, 31.25, 31.25, 31.25, 31.25, 31.25, 31.25, 31.25, 31.25]",C:/Users/Madness/PycharmProjects/Crupto_Data_Joiner/Raw_Data_Spot/BYBIT_DOGEUSDT_SPOT_2021_2026.csv,1000.0,0.0018,0.1,False
0.002258,79.3835,50.9276,52.5543,100.0,79383516096.3848,1588,1504.2,268568.0,35,0.75,7.36,7.44,back_heavy,7.51,49.63,linear_increase,"[7.36, 7.36, 7.36, 7.36, 7.36, 7.36, 7.36, 7.36, 7.36, 7.37, 7.37, 7.37, 7.37, 7.37, 7.37, 7.38, 7.38, 7.38, 7.38, 7.38, 7.39, 7.39, 7.39, 7.4, 7.4, 7.4, 7.41, 7.41, 7.41, 7.42, 7.42, 7.43, 7.43, 7.44, 7.44]","[7.5101, 8.7493, 9.9875, 11.2267, 12.466, 13.7042, 14.9434, 16.1826, 17.4209, 18.6601, 19.8993, 21.1376, 22.3768, 23.616, 24.8542, 26.0935, 27.3327, 28.5719, 29.8101, 31.0494, 32.2886, 33.5268, 34.766, 36.0053, 37.2435, 38.4827, 39.722, 40.9602, 42.1994, 43.4386, 44.6769, 45.9161, 47.1553, 48.3935, 49.6328]",C:/Users/Madness/PycharmProjects/Crupto_Data_Joiner/Raw_Data_Spot/BYBIT_DOGEUSDT_SPOT_2021_2026.csv,1000.0,0.0018,0.1,False
0.002238,78.7189,23.2325,17.0172,100.0,78718933130.5576,224,9713.5,268608.0,32,4.5,9.17,9.38,linear,5.18,93.95,geometric_increase,"[9.17, 9.18, 9.18, 9.19, 9.2, 9.2, 9.21, 9.22, 9.22, 9.23, 9.24, 9.24, 9.25, 9.26, 9.26, 9.27, 9.28, 9.29, 9.29, 9.3, 9.31, 9.31, 9.32, 9.33, 9.33, 9.34, 9.35, 9.35, 9.36, 9.37, 9.37, 9.38]","[5.1827, 5.6901, 6.2478, 6.8597, 7.5319, 8.2705, 9.0803, 9.9706, 10.9472, 12.0193, 13.197, 14.4901, 15.9099, 17.4683, 19.1795, 21.0585, 23.1223, 25.3871, 27.875, 30.606, 33.6043, 36.896, 40.5113, 44.4802, 48.838, 53.6228, 58.8769, 64.6454, 70.9786, 77.9328, 85.5682, 93.9512]",C:/Users/Madness/PycharmProjects/Crupto_Data_Joiner/Raw_Data_Spot/BYBIT_DOGEUSDT_SPOT_2021_2026.csv,1000.0,0.0018,0.1,False
0.002219,78.0308,36.295,41.1062,100.0,78030806867.3346,1059,2255.0,268605.0,35,1.15,6.1,8.81,random,6.2,77.24,geometric_increase,"[7.18, 7.32, 7.98, 6.31, 7.93, 6.37, 7.19, 6.35, 8.65, 7.46, 6.14, 8.17, 6.75, 8.21, 7.88, 7.77, 7.14, 8.58, 8.38, 6.84, 6.47, 8.58, 7.78, 6.41, 7.67, 8.16, 7.05, 7.72, 6.59, 8.17, 6.58, 8.01, 7.8, 6.74, 6.79]","[6.2049, 6.6816, 7.1959, 7.7514, 8.3483, 8.9902, 9.6809, 10.4278, 11.2311, 12.0945, 13.0254, 14.0277, 15.1087, 16.2724, 17.5261, 18.8737, 20.3264, 21.8917, 23.5772, 25.394, 27.3496, 29.4555, 31.7227, 34.1627, 36.794, 39.6243, 42.6761, 45.9606, 49.5004, 53.3104, 57.417, 61.8351, 66.5948, 71.7224, 77.2442]",C:/Users/Madness/PycharmProjects/Crupto_Data_Joiner/Raw_Data_Spot/BYBIT_DOGEUSDT_SPOT_2021_2026.csv,1000.0,0.0018,0.1,False
0.002208,297.4318,251.9388,74.3393,100.0,297431798233.5128,1228,1779.8,527048.0,32,0.65,4.76,7.17,random,4.14,57.75,random,"[4.99, 5.28, 5.78, 4.89, 7.04, 6.73, 4.86, 5.48, 6.97, 5.94, 6.64, 5.5, 6.4, 6.97, 5.01, 5.08, 5.8, 6.27, 6.84, 5.44, 6.51, 6.74, 4.77, 6.58, 4.88, 7.14, 6.07, 6.34, 6.51, 6.02, 4.91, 5.8]","[46.0668, 30.3211, 16.4747, 33.5777, 16.6162, 43.4865, 46.8318, 5.41, 32.4722, 4.1391, 7.4412, 34.7048, 12.6498, 44.3378, 9.3908, 57.3665, 21.3715, 26.2204, 53.4696, 5.1942, 13.3524, 47.1435, 18.7864, 36.7935, 29.1461, 38.8462, 40.7983, 37.4338, 57.7526, 48.4697, 29.736, 54.1987]",C:/Users/Madness/PycharmProjects/Crupto_Data_Joiner/Raw_Data_Spot/BYBIT_DOGEUSDT_SPOT_2021_2026.csv,1000.0,0.0018,0.1,False
0.002192,1618.6219,744.8563,16.0998,100.0,1618621939273.9495,223,9799.9,1235981.0,29,4.5,0.69,4.38,linear,22.12,50.58,geometric_increase,"[0.69, 0.82, 0.95, 1.09, 1.22, 1.35, 1.48, 1.61, 1.74, 1.88, 2.01, 2.14, 2.27, 2.4, 2.54, 2.67, 2.8, 2.93, 3.06, 3.19, 3.33, 3.46, 3.59, 3.72, 3.85, 3.98, 4.12, 4.25, 4.38]","[22.1224, 22.7879, 23.4663, 24.1706, 24.8942, 25.6437, 26.4125, 27.2008, 28.0213, 28.8613, 29.727, 30.6122, 31.5361, 32.4794, 33.4486, 34.4565, 35.4902, 36.5498, 37.6482, 38.7724, 39.9354, 41.1371, 42.3712, 43.6375, 44.9491, 46.293, 47.6821, 49.11, 50.5831]",C:/Users/Madness/PycharmProjects/Crupto_Data_Joiner/Raw_Data_Spot/BYBIT_DOGEUSDT_SPOT_2021_2026.csv,1000.0,0.0018,0.1,False
0.002129,1572.3175,754.0636,13.4258,100.0,1572317540103.828,208,10607.0,1236024.0,30,5.5,1.94,2.59,random,33.33,33.33,flat,"[2.59, 2.11, 2.13, 2.54, 2.44, 2.47, 2.2, 2.47, 2.27, 2.41, 2.23, 2.37, 2.01, 2.51, 2.44, 2.27, 2.37, 2.42, 2.29, 2.13, 2.48, 2.54, 2.12, 2.56, 2.23, 2.36, 2.19, 2.36, 1.98, 2.37]","[33.3333, 33.3333, 33.3333, 33.3333, 33.3333, 33.3333, 33.3333, 33.3333, 33.3333, 33.3333, 33.3333, 33.3333, 33.3333, 33.3333, 33.3333, 33.3333, 33.3333, 33.3333, 33.3333, 33.3333, 33.3333, 33.3333, 33.3333, 33.3333, 33.3333, 33.3333, 33.3333, 33.3333, 33.3333, 33.3333]",C:/Users/Madness/PycharmProjects/Crupto_Data_Joiner/Raw_Data_Spot/BYBIT_DOGEUSDT_SPOT_2021_2026.csv,1000.0,0.0018,0.1,False
0.002108,288.0747,184.8291,31.7221,100.0,288074736174.0133,449,4867.2,530856.0,33,1.9,8.48,8.91,front_heavy,30.3,30.3,flat,"[8.91, 8.9, 8.88, 8.87, 8.86, 8.84, 8.83, 8.82, 8.8, 8.79, 8.78, 8.76, 8.75, 8.74, 8.72, 8.71, 8.7, 8.68, 8.67, 8.65, 8.64, 8.63, 8.61, 8.6, 8.59, 8.57, 8.56, 8.55, 8.53, 8.52, 8.51, 8.49, 8.48]","[30.303, 30.303, 30.303, 30.303, 30.303, 30.303, 30.303, 30.303, 30.303, 30.303, 30.303, 30.303, 30.303, 30.303, 30.303, 30.303, 30.303, 30.303, 30.303, 30.303, 30.303, 30.303, 30.303, 30.303, 30.303, 30.303, 30.303, 30.303, 30.303, 30.303, 30.303, 30.303, 30.303]",C:/Users/Madness/PycharmProjects/Crupto_Data_Joiner/Raw_Data_Spot/BYBIT_DOGEUSDT_SPOT_2021_2026.csv,1000.0,0.0018,0.1,False
0.002072,1614.5286,752.3402,9.0054,100.0,1614528600681.7583,90,24282.0,1269671.0,33,9.5,0.62,4.68,back_heavy,5.71,86.75,geometric_increase,"[0.62, 0.62, 0.64, 0.66, 0.68, 0.72, 0.76, 0.81, 0.87, 0.94, 1.02, 1.1, 1.19, 1.29, 1.4, 1.51, 1.63, 1.77, 1.9, 2.05, 2.21, 2.37, 2.54, 2.72, 2.9, 3.1, 3.3, 3.51, 3.73, 3.95, 4.19, 4.43, 4.68]","[5.7122, 6.2189, 6.7701, 7.3726, 8.0265, 8.7387, 9.514, 10.3571, 11.2772, 12.2767, 13.365, 14.5513, 15.8427, 17.2486, 18.7805, 20.4456, 22.2602, 24.2358, 26.3843, 28.7266, 31.2744, 34.0511, 37.0707, 40.3611, 43.9435, 47.8411, 52.0867, 56.7083, 61.7385, 67.2172, 73.1816, 79.676, 86.745]",C:/Users/Madness/PycharmProjects/Crupto_Data_Joiner/Raw_Data_Spot/BYBIT_DOGEUSDT_SPOT_2021_2026.csv,1000.0,0.0018,0.1,False
0.002058,72.36,47.3494,48.407,100.0,72360046358.7609,1714,1393.6,268577.0,34,0.8,7.19,7.33,linear,5.7,53.12,linear_increase,"[7.19, 7.19, 7.2, 7.2, 7.21, 7.21, 7.22, 7.22, 7.22, 7.23, 7.23, 7.24, 7.24, 7.25, 7.25, 7.25, 7.26, 7.26, 7.27, 7.27, 7.27, 7.28, 7.28, 7.29, 7.29, 7.3, 7.3, 7.3, 7.31, 7.31, 7.32, 7.32, 7.33, 7.33]","[5.6994, 7.1368, 8.5735, 10.0109, 11.4476, 12.885, 14.3217, 15.7591, 17.1966, 18.6332, 20.0707, 21.5074, 22.9448, 24.3815, 25.8189, 27.2564, 28.693, 30.1305, 31.5671, 33.0046, 34.4421, 35.8787, 37.3162, 38.7528, 40.1903, 41.6269, 43.0644, 44.5019, 45.9385, 47.376, 48.8126, 50.2501, 51.6867, 53.1242]",C:/Users/Madness/PycharmProjects/Crupto_Data_Joiner/Raw_Data_Spot/BYBIT_DOGEUSDT_SPOT_2021_2026.csv,1000.0,0.0018,0.1,False
0.002013,1486.2565,755.3039,14.1841,100.0,1486256536545.4932,255,8974.9,1236029.0,31,4.5,2.01,2.92,back_heavy,32.26,32.26,flat,"[2.01, 2.01, 2.01, 2.02, 2.03, 2.04, 2.05, 2.06, 2.07, 2.09, 2.11, 2.13, 2.16, 2.18, 2.21, 2.24, 2.27, 2.3, 2.34, 2.38, 2.41, 2.46, 2.5, 2.54, 2.59, 2.64, 2.69, 2.75, 2.8, 2.86, 2.92]","[32.2581, 32.2581, 32.2581, 32.2581, 32.2581, 32.2581, 32.2581, 32.2581, 32.2581, 32.2581, 32.2581, 32.2581, 32.2581, 32.2581, 32.2581, 32.2581, 32.2581, 32.2581, 32.2581, 32.2581, 32.2581, 32.2581, 32.2581, 32.2581, 32.2581, 32.2581, 32.2581, 32.2581, 32.2581, 32.2581, 32.2581]",C:/Users/Madness/PycharmProjects/Crupto_Data_Joiner/Raw_Data_Spot/BYBIT_DOGEUSDT_SPOT_2021_2026.csv,1000.0,0.0018,0.1,False
0.002,1558.2908,765.9311,10.2759,100.0,1558290799728.4595,147,14866.6,1269710.0,34,7.5,1.79,2.29,linear,15.8,43.02,pyramid,"[1.79, 1.81, 1.82, 1.84, 1.85, 1.87, 1.88, 1.9, 1.91, 1.93, 1.94, 1.96, 1.97, 1.99, 2.0, 2.02, 2.03, 2.05, 2.06, 2.08, 2.09, 2.11, 2.12, 2.14, 2.15, 2.17, 2.18, 2.2, 2.21, 2.23, 2.24, 2.26, 2.27, 2.29]","[15.7992, 17.4022, 19.002, 20.605, 22.2047, 23.8077, 25.4075, 27.0105, 28.6103, 30.2133, 31.813, 33.416, 35.0158, 36.6188, 38.2185, 39.8216, 41.4213, 43.0243, 41.4213, 39.8216, 38.2185, 36.6188, 35.0158, 33.416, 31.813, 30.2133, 28.6103, 27.0105, 25.4075, 23.8077, 22.2047, 20.605, 19.002, 17.4022]",C:/Users/Madness/PycharmProjects/Crupto_Data_Joiner/Raw_Data_Spot/BYBIT_DOGEUSDT_SPOT_2021_2026.csv,1000.0,0.0018,0.1,False
0.001983,1463.9651,743.4843,14.0184,100.0,1463965143093.9578,264,8669.0,1235968.0,33,4.5,0.88,4.37,geometric,14.72,53.87,geometric_increase,"[0.88, 0.93, 0.97, 1.02, 1.08, 1.13, 1.19, 1.25, 1.31, 1.38, 1.45, 1.53, 1.61, 1.69, 1.77, 1.87, 1.96, 2.06, 2.17, 2.28, 2.4, 2.52, 2.65, 2.78, 2.93, 3.08, 3.24, 3.4, 3.58, 3.76, 3.95, 4.16, 4.37]","[14.717, 15.3268, 15.9596, 16.6202, 17.3084, 18.0244, 18.7727, 19.5488, 20.3572, 21.1979, 22.0755, 22.9902, 23.9417, 24.9302, 25.965, 27.0366, 28.1591, 29.3232, 30.5334, 31.7991, 33.1156, 34.4875, 35.9103, 37.3977, 38.9451, 40.5573, 42.2341, 43.9848, 45.8048, 47.6987, 49.6757, 51.7313, 53.87]",C:/Users/Madness/PycharmProjects/Crupto_Data_Joiner/Raw_Data_Spot/BYBIT_DOGEUSDT_SPOT_2021_2026.csv,1000.0,0.0018,0.1,False
0.00198,42.5414,29.0974,67.7814,100.0,42541386070.4528,1484,1472.8,209631.0,29,0.6,3.83,9.57,front_heavy,6.24,99.96,geometric_increase,"[9.57, 9.36, 9.16, 8.96, 8.75, 8.54, 8.34, 8.14, 7.93, 7.72, 7.52, 7.32, 7.11, 6.9, 6.7, 6.5, 6.29, 6.09, 5.88, 5.68, 5.47, 5.26, 5.06, 4.85, 4.65, 4.44, 4.24, 4.03, 3.83]","[6.2417, 6.8909, 7.6085, 8.402, 9.2753, 10.2434, 11.3103, 12.4872, 13.7857, 15.2208, 16.8078, 18.5581, 20.4906, 22.6243, 24.9783, 27.579, 30.4493, 33.6233, 37.1238, 40.9888, 45.2563, 49.9679, 55.1694, 60.9137, 67.2579, 74.2628, 81.9928, 90.5315, 99.9586]",C:/Users/Madness/PycharmProjects/Crupto_Data_Joiner/Raw_Data_Spot/BYBIT_DOGEUSDT_SPOT_2021_2026.csv,1000.0,0.0018,0.1,False
0.001942,1434.2732,779.1482,9.4545,100.0,1434273187857.8362,262,9112.9,1236029.0,32,6.5,1.13,3.97,back_heavy,1.1,61.4,linear_increase,"[1.13, 1.13, 1.14, 1.16, 1.18, 1.2, 1.24, 1.27, 1.32, 1.37, 1.43, 1.49, 1.56, 1.63, 1.71, 1.79, 1.89, 1.98, 2.09, 2.2, 2.31, 2.43, 2.56, 2.69, 2.83, 2.98, 3.13, 3.28, 3.45, 3.62, 3.79, 3.97]","[1.0975, 3.0429, 4.9882, 6.9336, 8.879, 10.8244, 12.7697, 14.7151, 16.6605, 18.6059, 20.5513, 22.4966, 24.442, 26.3874, 28.3328, 30.2781, 32.2219, 34.1672, 36.1126, 38.058, 40.0034, 41.9487, 43.8941, 45.8395, 47.7849, 49.7303, 51.6756, 53.621, 55.5664, 57.5118, 59.4571, 61.4025]",C:/Users/Madness/PycharmProjects/Crupto_Data_Joiner/Raw_Data_Spot/BYBIT_DOGEUSDT_SPOT_2021_2026.csv,1000.0,0.0018,0.1,False
0.001924,309.2353,184.4079,7.2354,100.0,309235255062.3902,76,28485.1,575805.0,32,9.5,5.28,6.34,front_heavy,14.78,47.72,linear_increase,"[6.34, 6.31, 6.27, 6.24, 6.2, 6.17, 6.13, 6.1, 6.07, 6.03, 6.0, 5.96, 5.93, 5.9, 5.86, 5.83, 5.79, 5.76, 5.72, 5.69, 5.66, 5.62, 5.59, 5.55, 5.52, 5.49, 5.45, 5.42, 5.38, 5.35, 5.31, 5.28]","[14.7758, 15.8373, 16.8988, 17.9663, 19.0278, 20.0893, 21.1508, 22.2183, 23.2798, 24.3413, 25.4028, 26.4642, 27.5318, 28.5933, 29.6547, 30.7162, 31.7838, 32.8453, 33.9067, 34.9682, 36.0358, 37.0972, 38.1587, 39.2202, 40.2817, 41.3492, 42.4107, 43.4722, 44.5337, 45.6012, 46.6627, 47.7242]",C:/Users/Madness/PycharmProjects/Crupto_Data_Joiner/Raw_Data_Spot/BYBIT_DOGEUSDT_SPOT_2021_2026.csv,1000.0,0.0018,0.1,False
0.001921,67.5383,31.7021,20.1175,100.0,67538326443.64,516,4235.2,268597.0,31,2.3,8.59,9.07,random,4.33,60.19,linear_increase,"[8.95, 8.79, 8.95, 8.91, 8.86, 8.86, 8.72, 8.88, 8.75, 8.95, 8.63, 8.64, 8.93, 8.68, 8.79, 8.66, 8.92, 8.88, 8.62, 8.87, 8.91, 8.64, 8.87, 9.01, 8.83, 8.75, 8.97, 8.89, 8.8, 8.73, 8.82]","[4.3267, 6.1891, 8.0508, 9.9132, 11.775, 13.6374, 15.4991, 17.3615, 19.2233, 21.0856, 22.9474, 24.8098, 26.6715, 28.5339, 30.3957, 32.2581, 34.1204, 35.9822, 37.8446, 39.7063, 41.5687, 43.4305, 45.2929, 47.1546, 49.017, 50.8788, 52.7412, 54.6029, 56.4653, 58.3271, 60.1894]",C:/Users/Madness/PycharmProjects/Crupto_Data_Joiner/Raw_Data_Spot/BYBIT_DOGEUSDT_SPOT_2021_2026.csv,1000.0,0.0018,0.1,False
0.001899,1402.4302,546.4669,11.6699,100.0,1402430191063.5037,128,17210.4,1235951.0,28,8.5,2.95,7.98,linear,12.35,94.6,random,"[2.95, 3.14, 3.32, 3.51, 3.7, 3.88, 4.07, 4.25, 4.44, 4.63, 4.81, 5.0, 5.19, 5.37, 5.56, 5.74, 5.93, 6.12, 6.3, 6.49, 6.68, 6.86, 7.05, 7.23, 7.42, 7.61, 7.79, 7.98]","[19.6775, 17.0213, 63.7341, 31.4152, 33.3833, 82.1831, 75.2177, 15.4327, 50.2309, 52.0575, 15.5774, 42.2943, 45.4522, 20.2467, 94.5962, 27.7106, 20.9478, 17.3493, 41.0884, 20.1181, 12.5642, 13.5836, 61.2643, 29.4536, 18.2368, 20.2596, 12.3455, 46.5584]",C:/Users/Madness/PycharmProjects/Crupto_Data_Joiner/Raw_Data_Spot/BYBIT_DOGEUSDT_SPOT_2021_2026.csv,1000.0,0.0018,0.1,False
0.001887,65.9436,78.9734,69.8013,100.0,65943644038.0165,3644,655.5,267785.0,34,0.4,5.21,6.77,linear,7.1,51.73,linear_increase,"[5.21, 5.26, 5.3, 5.35, 5.4, 5.45, 5.49, 5.54, 5.59, 5.64, 5.68, 5.73, 5.78, 5.82, 5.87, 5.92, 5.97, 6.01, 6.06, 6.11, 6.16, 6.2, 6.25, 6.3, 6.34, 6.39, 6.44, 6.49, 6.53, 6.58, 6.63, 6.68, 6.72, 6.77]","[7.0975, 8.4499, 9.8023, 11.1548, 12.5072, 13.8596, 15.212, 16.5645, 17.9169, 19.2686, 20.621, 21.9734, 23.3259, 24.6783, 26.0307, 27.3831, 28.7356, 30.088, 31.4404, 32.7928, 34.1452, 35.4977, 36.8501, 38.2025, 39.5549, 40.9066, 42.2591, 43.6115, 44.9639, 46.3163, 47.6688, 49.0212, 50.3736, 51.726]",C:/Users/Madness/PycharmProjects/Crupto_Data_Joiner/Raw_Data_Spot/BYBIT_DOGEUSDT_SPOT_2021_2026.csv,1000.0,0.0018,0.1,False
0.001875,1381.7423,638.0769,10.297,100.0,1381742343501.0435,148,14639.1,1234866.0,34,8.5,1.51,5.04,back_heavy,8.08,50.74,linear_increase,"[1.51, 1.51, 1.52, 1.54, 1.56, 1.59, 1.63, 1.67, 1.72, 1.77, 1.83, 1.9, 1.98, 2.06, 2.15, 2.24, 2.34, 2.45, 2.56, 2.68, 2.81, 2.94, 3.08, 3.22, 3.38, 3.54, 3.7, 3.87, 4.05, 4.24, 4.43, 4.63, 4.83, 5.04]","[8.0846, 9.3775, 10.6705, 11.9612, 13.2542, 14.5471, 15.8401, 17.1331, 18.4261, 19.7167, 21.0097, 22.3027, 23.5957, 24.8886, 26.1793, 27.4723, 28.7653, 30.0583, 31.3512, 32.6442, 33.9349, 35.2279, 36.5208, 37.8138, 39.1068, 40.3975, 41.6904, 42.9834, 44.2764, 45.5694, 46.8623, 48.153, 49.446, 50.739]",C:/Users/Madness/PycharmProjects/Crupto_Data_Joiner/Raw_Data_Spot/BYBIT_DOGEUSDT_SPOT_2021_2026.csv,1000.0,0.0018,0.1,False
0.001869,251.7606,315.4997,62.1715,100.0,251760552700.0902,1878,1271.9,527051.0,32,0.55,4.6,6.3,random,31.25,31.25,flat,"[5.11, 5.04, 5.98, 5.23, 5.66, 5.93, 5.4, 5.73, 6.17, 5.35, 5.79, 4.69, 5.02, 6.15, 4.76, 4.83, 5.95, 5.04, 5.59, 5.4, 4.67, 4.67, 5.21, 5.15, 5.92, 5.9, 5.05, 5.15, 5.75, 6.02, 6.17, 6.01]","[31.25, 31.25, 31.25, 31.25, 31.25, 31.25, 31.25, 31.25, 31.25, 31.25, 31.25, 31.25, 31.25, 31.25, 31.25, 31.25, 31.25, 31.25, 31.25, 31.25, 31.25, 31.25, 31.25, 31.25, 31.25, 31.25, 31.25, 31.25, 31.25, 31.25, 31.25, 31.25]",C:/Users/Madness/PycharmProjects/Crupto_Data_Joiner/Raw_Data_Spot/BYBIT_DOGEUSDT_SPOT_2021_2026.csv,1000.0,0.0018,0.1,False
0.001862,250.6197,147.2379,24.507,100.0,250619706580.8428,481,4963.6,526925.0,33,2.5,6.78,9.53,back_heavy,15.36,52.42,geometric_increase,"[6.78, 6.78, 6.79, 6.8, 6.82, 6.85, 6.88, 6.91, 6.95, 7.0, 7.05, 7.1, 7.17, 7.23, 7.31, 7.38, 7.47, 7.56, 7.65, 7.75, 7.85, 7.96, 8.08, 8.2, 8.33, 8.46, 8.6, 8.74, 8.89, 9.04, 9.2, 9.36, 9.53]","[15.3569, 15.9564, 16.5811, 17.2312, 17.9038, 18.6045, 19.3306, 20.0876, 20.8727, 21.6888, 22.5387, 23.4196, 24.337, 25.2882, 26.2759, 27.3031, 28.3725, 29.4813, 30.6351, 31.8339, 33.0778, 34.3723, 35.7147, 37.1133, 38.5626, 40.071, 41.6385, 43.2679, 44.9593, 46.7181, 48.5445, 50.4441, 52.4168]",C:/Users/Madness/PycharmProjects/Crupto_Data_Joiner/Raw_Data_Spot/BYBIT_DOGEUSDT_SPOT_2021_2026.csv,1000.0,0.0018,0.1,False
0.001858,64.933,269.885,43.8034,100.0,64933017665.4701,10499,227.6,267791.0,31,0.3,2.52,7.56,linear,3.44,63.0,pyramid,"[2.52, 2.69, 2.86, 3.02, 3.19, 3.36, 3.53, 3.7, 3.86, 4.03, 4.2, 4.37, 4.54, 4.7, 4.87, 5.04, 5.21, 5.38, 5.54, 5.71, 5.88, 6.05, 6.22, 6.38, 6.55, 6.72, 6.89, 7.06, 7.22, 7.39, 7.56]","[3.4383, 7.4089, 11.3795, 15.3501, 19.3216, 23.2922, 27.2628, 31.2334, 35.204, 39.1746, 43.1452, 47.1158, 51.0874, 55.058, 59.0286, 62.9992, 59.0286, 55.058, 51.0874, 47.1158, 43.1452, 39.1746, 35.204, 31.2334, 27.2628, 23.2922, 19.3216, 15.3501, 11.3795, 7.4089, 3.4383]",C:/Users/Madness/PycharmProjects/Crupto_Data_Joiner/Raw_Data_Spot/BYBIT_DOGEUSDT_SPOT_2021_2026.csv,1000.0,0.0018,0.1,False
0.001839,1356.7939,630.2097,12.0008,100.0,1356793855255.7117,181,12073.9,1235435.0,30,6.5,1.02,7.02,geometric,8.7,57.96,linear_increase,"[1.02, 1.09, 1.17, 1.25, 1.33, 1.42, 1.52, 1.62, 1.74, 1.86, 1.98, 2.12, 2.27, 2.42, 2.59, 2.77, 2.96, 3.16, 3.38, 3.61, 3.86, 4.12, 4.41, 4.71, 5.03, 5.38, 5.75, 6.15, 6.57, 7.02]","[8.7044, 10.4039, 12.1008, 13.8002, 15.4996, 17.1965, 18.8959, 20.5953, 22.2922, 23.9916, 25.691, 27.3879, 29.0873, 30.7867, 32.4836, 34.183, 35.8799, 37.5793, 39.2788, 40.9756, 42.6751, 44.3745, 46.0714, 47.7708, 49.4702, 51.1671, 52.8665, 54.5659, 56.2628, 57.9622]",C:/Users/Madness/PycharmProjects/Crupto_Data_Joiner/Raw_Data_Spot/BYBIT_DOGEUSDT_SPOT_2021_2026.csv,1000.0,0.0018,0.1,False
0.001832,1352.522,742.6875,19.1333,100.0,1352521989620.3018,385,5676.7,1235939.0,33,2.9,0.37,4.07,linear,17.08,48.81,geometric_increase,"[0.37, 0.49, 0.6, 0.72, 0.83, 0.95, 1.06, 1.18, 1.3, 1.41, 1.53, 1.64, 1.76, 1.87, 1.99, 2.1, 2.22, 2.34, 2.45, 2.57, 2.68, 2.8, 2.91, 3.03, 3.15, 3.26, 3.38, 3.49, 3.61, 3.72, 3.84, 3.95, 4.07]","[17.077, 17.6479, 18.2355, 18.8439, 19.4731, 20.1232, 20.7941, 21.4858, 22.2068, 22.9443, 23.7111, 24.5029, 25.3196, 26.1656, 27.0365, 27.9408, 28.87, 29.8368, 30.8328, 31.8579, 32.9247, 34.0206, 35.1583, 36.3292, 37.5419, 38.792, 40.088, 41.4257, 42.8092, 44.2385, 45.7137, 47.2388, 48.814]",C:/Users/Madness/PycharmProjects/Crupto_Data_Joiner/Raw_Data_Spot/BYBIT_DOGEUSDT_SPOT_2021_2026.csv,1000.0,0.0018,0.1,False
0.001794,1324.5942,663.4049,12.731,100.0,1324594226881.1929,234,9428.4,1236058.0,29,5.0,1.7,7.13,back_heavy,9.63,59.94,random,"[1.7, 1.71, 1.73, 1.76, 1.81, 1.87, 1.95, 2.04, 2.14, 2.26, 2.39, 2.54, 2.7, 2.87, 3.06, 3.26, 3.47, 3.7, 3.94, 4.2, 4.47, 4.75, 5.05, 5.36, 5.69, 6.03, 6.38, 6.75, 7.13]","[15.3214, 36.4674, 9.6341, 12.3749, 51.323, 14.7599, 39.1864, 24.7624, 47.8546, 32.7535, 47.6055, 34.4651, 41.5137, 39.5439, 42.2648, 20.3154, 58.2814, 25.7843, 48.9921, 59.9388, 44.7438, 43.9728, 29.8177, 11.3873, 25.1704, 14.7437, 54.154, 29.0414, 43.8266]",C:/Users/Madness/PycharmProjects/Crupto_Data_Joiner/Raw_Data_Spot/BYBIT_DOGEUSDT_SPOT_2021_2026.csv,1000.0,0.0018,0.1,False
0.001779,1312.2884,501.4179,15.1767,100.0,1312288430804.4414,164,13325.5,1235484.0,34,6.0,1.96,8.91,geometric,29.41,29.41,flat,"[1.96, 2.05, 2.15, 2.25, 2.35, 2.47, 2.58, 2.7, 2.83, 2.96, 3.1, 3.25, 3.4, 3.56, 3.73, 3.9, 4.08, 4.28, 4.48, 4.69, 4.91, 5.14, 5.38, 5.63, 5.9, 6.17, 6.46, 6.77, 7.08, 7.42, 7.76, 8.13, 8.51, 8.91]","[29.4118, 29.4118, 29.4118, 29.4118, 29.4118, 29.4118, 29.4118, 29.4118, 29.4118, 29.4118, 29.4118, 29.4118, 29.4118, 29.4118, 29.4118, 29.4118, 29.4118, 29.4118, 29.4118, 29.4118, 29.4118, 29.4118, 29.4118, 29.4118, 29.4118, 29.4118, 29.4118, 29.4118, 29.4118, 29.4118, 29.4118, 29.4118, 29.4118, 29.4118]",C:/Users/Madness/PycharmProjects/Crupto_Data_Joiner/Raw_Data_Spot/BYBIT_DOGEUSDT_SPOT_2021_2026.csv,1000.0,0.0018,0.1,False
0.001763,1299.458,662.2892,13.5027,100.0,1299457961302.7693,275,8322.2,1234986.0,28,4.5,0.74,8.69,geometric,8.18,63.25,linear_increase,"[0.74, 0.81, 0.89, 0.97, 1.07, 1.17, 1.28, 1.4, 1.54, 1.68, 1.84, 2.02, 2.21, 2.42, 2.65, 2.91, 3.19, 3.49, 3.82, 4.19, 4.59, 5.03, 5.51, 6.03, 6.61, 7.24, 7.93, 8.69]","[8.1833, 10.2228, 12.2622, 14.3017, 16.3411, 18.3806, 20.42, 22.4595, 24.4989, 26.5384, 28.5778, 30.6173, 32.6567, 34.6962, 36.7324, 38.7719, 40.8113, 42.8508, 44.8902, 46.9297, 48.9691, 51.0086, 53.048, 55.0875, 57.1269, 59.1663, 61.2058, 63.2452]",C:/Users/Madness/PycharmProjects/Crupto_Data_Joiner/Raw_Data_Spot/BYBIT_DOGEUSDT_SPOT_2021_2026.csv,1000.0,0.0018,0.1,False
0.001756,1294.3416,637.9095,9.1113,100.0,1294341557509.2415,118,18455.8,1234826.0,33,9.5,1.1,4.34,linear,5.4,55.2,linear_increase,"[1.1, 1.2, 1.3, 1.4, 1.5, 1.61, 1.71, 1.81, 1.91, 2.01, 2.11, 2.21, 2.32, 2.42, 2.52, 2.62, 2.72, 2.82, 2.92, 3.02, 3.12, 3.23, 3.33, 3.43, 3.53, 3.63, 3.73, 3.83, 3.94, 4.04, 4.14, 4.24, 4.34]","[5.4016, 6.9577, 8.5145, 10.0706, 11.6268, 13.1836, 14.7397, 16.2958, 17.8527, 19.4088, 20.9649, 22.521, 24.0778, 25.634, 27.1901, 28.7469, 30.303, 31.8591, 33.416, 34.9721, 36.5282, 38.0851, 39.6412, 41.1973, 42.7534, 44.3102, 45.8664, 47.4225, 48.9793, 50.5354, 52.0915, 53.6484, 55.2045]",C:/Users/Madness/PycharmProjects/Crupto_Data_Joiner/Raw_Data_Spot/BYBIT_DOGEUSDT_SPOT_2021_2026.csv,1000.0,0.0018,0.1,False
0.001734,60.9993,37.7055,69.6605,100.0,60999279401.0164,1324,1650.8,268608.0,32,0.65,3.91,9.56,front_heavy,8.95,74.38,geometric_increase,"[9.56, 9.38, 9.2, 9.01, 8.83, 8.65, 8.47, 8.28, 8.1, 7.92, 7.74, 7.56, 7.37, 7.19, 7.01, 6.83, 6.64, 6.46, 6.28, 6.1, 5.91, 5.73, 5.55, 5.37, 5.19, 5.0, 4.82, 4.64, 4.46, 4.27, 4.09, 3.91]","[8.9534, 9.5861, 10.2643, 10.9891, 11.7655, 12.5976, 13.4884, 14.4409, 15.4623, 16.5545, 17.7247, 18.9778, 20.3191, 21.7555, 23.2931, 24.939, 26.7014, 28.5892, 30.6097, 32.7729, 35.09, 37.57, 40.2252, 43.0686, 46.1125, 49.3709, 52.8612, 56.5975, 60.5969, 64.8808, 69.4663, 74.3758]",C:/Users/Madness/PycharmProjects/Crupto_Data_Joiner/Raw_Data_Spot/BYBIT_DOGEUSDT_SPOT_2021_2026.csv,1000.0,0.0018,0.1,False
0.001726,1345.1886,766.7683,14.081,100.0,1345188645262.0532,304,7528.3,1269700.0,33,4.0,1.32,3.42,back_heavy,19.48,44.41,geometric_increase,"[1.32, 1.32, 1.33, 1.34, 1.35, 1.37, 1.39, 1.42, 1.45, 1.49, 1.53, 1.57, 1.62, 1.67, 1.72, 1.78, 1.84, 1.91, 1.98, 2.06, 2.14, 2.22, 2.31, 2.4, 2.5, 2.6, 2.71, 2.82, 2.93, 3.04, 3.17, 3.29, 3.42]","[19.4797, 19.987, 20.5078, 21.042, 21.5942, 22.1554, 22.7345, 23.3271, 23.9377, 24.5617, 25.1992, 25.8592, 26.5326, 27.224, 27.9333, 28.6651, 29.4103, 30.178, 30.9637, 31.7718, 32.6023, 33.4508, 34.3262, 35.2196, 36.14, 37.0828, 38.048, 39.0402, 40.0593, 41.1053, 42.1783, 43.2782, 44.405]",C:/Users/Madness/PycharmProjects/Crupto_Data_Joiner/Raw_Data_Spot/BYBIT_DOGEUSDT_SPOT_2021_2026.csv,1000.0,0.0018,0.1,False
0.001726,1272.5644,509.4208,13.6577,100.0,1272564417545.186,148,14767.1,1235017.0,30,7.0,3.12,6.97,back_heavy,33.33,33.33,flat,"[3.12, 3.12, 3.14, 3.16, 3.19, 3.23, 3.28, 3.34, 3.41, 3.49, 3.58, 3.67, 3.78, 3.89, 4.02, 4.15, 4.29, 4.44, 4.6, 4.77, 4.95, 5.14, 5.34, 5.54, 5.76, 5.98, 6.21, 6.46, 6.71, 6.97]","[33.3333, 33.3333, 33.3333, 33.3333, 33.3333, 33.3333, 33.3333, 33.3333, 33.3333, 33.3333, 33.3333, 33.3333, 33.3333, 33.3333, 33.3333, 33.3333, 33.3333, 33.3333, 33.3333, 33.3333, 33.3333, 33.3333, 33.3333, 33.3333, 33.3333, 33.3333, 33.3333, 33.3333, 33.3333, 33.3333]",C:/Users/Madness/PycharmProjects/Crupto_Data_Joiner/Raw_Data_Spot/BYBIT_DOGEUSDT_SPOT_2021_2026.csv,1000.0,0.0018,0.1,False
0.001724,21.3727,13.0915,42.1441,100.0,21372675317.7295,1719,1389.2,158897.0,35,0.9,5.71,9.88,geometric,1.38,125.47,geometric_increase,"[5.71, 5.8, 5.9, 5.99, 6.09, 6.19, 6.29, 6.39, 6.5, 6.6, 6.71, 6.82, 6.93, 7.04, 7.16, 7.27, 7.39, 7.51, 7.63, 7.76, 7.88, 8.01, 8.14, 8.27, 8.41, 8.55, 8.68, 8.83, 8.97, 9.11, 9.26, 9.41, 9.57, 9.72, 9.88]","[1.3779, 1.5743, 1.7956, 2.0526, 2.3418, 2.6737, 3.0557, 3.4876, 3.9838, 4.5479, 5.194, 5.9293, 6.7718, 7.7321, 8.8316, 10.0845, 11.516, 13.1474, 15.0144, 17.1455, 19.5765, 22.3573, 25.5273, 29.1505, 33.2879, 38.0107, 43.4045, 49.5623, 56.5947, 64.6267, 73.7974, 84.2674, 96.2261, 109.8803, 125.473]",C:/Users/Madness/PycharmProjects/Crupto_Data_Joiner/Raw_Data_Spot/BYBIT_DOGEUSDT_SPOT_2021_2026.csv,1000.0,0.0018,0.1,False
0.001716,1267.321,724.2911,16.0972,100.0,1267321002070.9312,495,4825.4,1235973.0,30,3.0,0.41,6.3,linear,6.61,60.06,pyramid,"[0.41, 0.61, 0.82, 1.02, 1.22, 1.43, 1.63, 1.83, 2.03, 2.24, 2.44, 2.64, 2.85, 3.05, 3.25, 3.46, 3.66, 3.86, 4.07, 4.27, 4.47, 4.68, 4.88, 5.08, 5.28, 5.49, 5.69, 5.89, 6.1, 6.3]","[6.6072, 10.1714, 13.733, 17.2971, 20.8613, 24.4255, 27.9871, 31.5512, 35.1154, 38.6796, 42.2412, 45.8053, 49.3695, 52.9337, 56.4953, 60.0594, 56.4953, 52.9337, 49.3695, 45.8053, 42.2412, 38.6796, 35.1154, 31.5512, 27.9871, 24.4255, 20.8613, 17.2971, 13.733, 10.1714]",C:/Users/Madness/PycharmProjects/Crupto_Data_Joiner/Raw_Data_Spot/BYBIT_DOGEUSDT_SPOT_2021_2026.csv,1000.0,0.0018,0.1,False
0.001691,1317.6023,762.6606,20.4397,100.0,1317602264607.8486,544,4017.2,1269670.0,30,2.2,0.67,4.64,linear,4.58,59.85,random,"[0.67, 0.81, 0.94, 1.08, 1.22, 1.35, 1.49, 1.63, 1.77, 1.9, 2.04, 2.18, 2.31, 2.45, 2.59, 2.72, 2.86, 3.0, 3.13, 3.27, 3.41, 3.54, 3.68, 3.82, 3.96, 4.09, 4.23, 4.37, 4.5, 4.64]","[15.6605, 47.8335, 10.1679, 40.3522, 11.1461, 50.8025, 47.6819, 59.8521, 53.9852, 38.8757, 30.7745, 23.4701, 59.6845, 28.9214, 6.3032, 18.726, 55.9829, 26.3152, 45.3857, 45.5602, 11.727, 33.2568, 8.7212, 51.2549, 14.3241, 41.3075, 54.9519, 52.7888, 4.581, 9.6053]",C:/Users/Madness/PycharmProjects/Crupto_Data_Joiner/Raw_Data_Spot/BYBIT_DOGEUSDT_SPOT_2021_2026.csv,1000.0,0.0018,0.1,False
0.001684,1241.5936,704.418,15.7761,100.0,1241593622007.3345,311,7392.8,1234980.0,29,3.5,1.82,4.45,geometric,34.48,34.48,flat,"[1.82, 1.88, 1.94, 2.0, 2.07, 2.14, 2.2, 2.28, 2.35, 2.43, 2.5, 2.59, 2.67, 2.76, 2.85, 2.94, 3.03, 3.13, 3.23, 3.34, 3.45, 3.56, 3.67, 3.79, 3.92, 4.04, 4.17, 4.31, 4.45]","[34.4828, 34.4828, 34.4828, 34.4828, 34.4828, 34.4828, 34.4828, 34.4828, 34.4828, 34.4828, 34.4828, 34.4828, 34.4828, 34.4828, 34.4828, 34.4828, 34.4828, 34.4828, 34.4828, 34.4828, 34.4828, 34.4828, 34.4828, 34.4828, 34.4828, 34.4828, 34.4828, 34.4828, 34.4828]",C:/Users/Madness/PycharmProjects/Crupto_Data_Joiner/Raw_Data_Spot/BYBIT_DOGEUSDT_SPOT_2021_2026.csv,1000.0,0.0018,0.1,False
0.001678,1307.3827,777.2222,15.9988,100.0,1307382699466.6768,283,7723.1,1269754.0,34,3.5,0.2,3.25,linear,10.45,62.78,geometric_increase,"[0.2, 0.29, 0.38, 0.48, 0.57, 0.66, 0.75, 0.85, 0.94, 1.03, 1.12, 1.22, 1.31, 1.4, 1.49, 1.59, 1.68, 1.77, 1.86, 1.96, 2.05, 2.14, 2.23, 2.33, 2.42, 2.51, 2.6, 2.7, 2.79, 2.88, 2.97, 3.07, 3.16, 3.25]","[10.4524, 11.0355, 11.6517, 12.3023, 12.9897, 13.7149, 14.4805, 15.2887, 16.142, 17.0438, 17.9954, 18.9992, 20.0598, 21.1797, 22.3625, 23.6115, 24.9293, 26.3206, 27.7901, 29.3414, 30.9804, 32.7094, 34.5356, 36.4637, 38.4997, 40.6482, 42.9177, 45.3139, 47.844, 50.5152, 53.3357, 56.3126, 59.4566, 62.776]",C:/Users/Madness/PycharmProjects/Crupto_Data_Joiner/Raw_Data_Spot/BYBIT_DOGEUSDT_SPOT_2021_2026.csv,1000.0,0.0018,0.1,False
0.001672,1233.269,677.1079,26.0025,100.0,1233268968387.8904,637,3465.0,1235464.0,31,1.9,0.78,5.38,linear,32.26,32.26,flat,"[0.78, 0.93, 1.09, 1.24, 1.39, 1.55, 1.7, 1.85, 2.01, 2.16, 2.31, 2.47, 2.62, 2.77, 2.93, 3.08, 3.23, 3.39, 3.54, 3.69, 3.85, 4.0, 4.15, 4.31, 4.46, 4.61, 4.77, 4.92, 5.07, 5.23, 5.38]","[32.2581, 32.2581, 32.2581, 32.2581, 32.2581, 32.2581, 32.2581, 32.2581, 32.2581, 32.2581, 32.2581, 32.2581, 32.2581, 32.2581, 32.2581, 32.2581, 32.2581, 32.2581, 32.2581, 32.2581, 32.2581, 32.2581, 32.2581, 32.2581, 32.2581, 32.2581, 32.2581, 32.2581, 32.2581, 32.2581, 32.2581]",C:/Users/Madness/PycharmProjects/Crupto_Data_Joiner/Raw_Data_Spot/BYBIT_DOGEUSDT_SPOT_2021_2026.csv,1000.0,0.0018,0.1,False
0.001652,1218.877,730.7752,21.0562,100.0,1218876963591.6067,407,5423.0,1235489.0,29,2.5,1.43,4.01,linear,5.48,65.78,random,"[1.43, 1.52, 1.61, 1.71, 1.8, 1.89, 1.98, 2.08, 2.17, 2.26, 2.35, 2.44, 2.54, 2.63, 2.72, 2.81, 2.9, 3.0, 3.09, 3.18, 3.27, 3.36, 3.46, 3.55, 3.64, 3.73, 3.83, 3.92, 4.01]","[50.0443, 46.7625, 15.437, 31.3496, 46.2833, 17.0503, 25.3583, 47.907, 17.1744, 65.7777, 5.4777, 32.2701, 55.198, 48.0621, 9.4456, 31.0842, 20.2804, 56.5597, 5.6087, 36.4551, 14.2408, 39.761, 45.8007, 55.5669, 28.6159, 61.9133, 7.3738, 55.7427, 27.3991]",C:/Users/Madness/PycharmProjects/Crupto_Data_Joiner/Raw_Data_Spot/BYBIT_DOGEUSDT_SPOT_2021_2026.csv,1000.0,0.0018,0.1,False
0.001646,6.5798,67.5762,72.96,100.0,6579769904.9054,11029,216.6,89594.0,34,0.2,1.29,4.04,random,2.45,111.44,geometric_increase,"[3.37, 2.6, 1.54, 1.73, 3.11, 3.54, 2.73, 1.7, 2.63, 3.43, 2.14, 3.55, 3.93, 3.36, 3.28, 3.26, 2.25, 3.81, 3.96, 2.41, 1.94, 3.78, 2.73, 2.65, 2.3, 3.38, 2.87, 3.78, 3.27, 1.95, 2.78, 3.2, 3.53, 1.76]","[2.448, 2.7493, 3.0856, 3.4629, 3.89, 4.3667, 4.9019, 5.5015, 6.1771, 6.9347, 7.7858, 8.7422, 9.8126, 11.0176, 12.3689, 13.8839, 15.5891, 17.5019, 19.6487, 22.0587, 24.7641, 27.8, 31.2103, 35.0389, 39.3354, 44.1613, 49.578, 55.6615, 62.4879, 70.1538, 78.7585, 88.419, 99.2641, 111.44]",C:/Users/Madness/PycharmProjects/Crupto_Data_Joiner/Raw_Data_Spot/BYBIT_DOGEUSDT_SPOT_2021_2026.csv,1000.0,0.0018,0.1,False
0.001633,1203.4731,562.8154,11.9697,100.0,1203473056343.7886,209,10560.7,1234865.0,35,6.0,1.12,7.08,back_heavy,7.74,49.4,linear_increase,"[1.12, 1.13, 1.14, 1.17, 1.2, 1.25, 1.31, 1.37, 1.45, 1.54, 1.64, 1.74, 1.86, 1.99, 2.13, 2.28, 2.44, 2.61, 2.79, 2.98, 3.18, 3.39, 3.62, 3.85, 4.09, 4.34, 4.61, 4.88, 5.16, 5.46, 5.76, 6.07, 6.4, 6.73, 7.08]","[7.7388, 8.964, 10.1893, 11.4154, 12.6406, 13.8659, 15.0911, 16.3172, 17.5425, 18.7677, 19.993, 21.2191, 22.4443, 23.6696, 24.8948, 26.1209, 27.3462, 28.5714, 29.7967, 31.0219, 32.248, 33.4733, 34.6985, 35.9238, 37.1499, 38.3751, 39.6004, 40.8256, 42.0517, 43.277, 44.5022, 45.7275, 46.9536, 48.1788, 49.4041]",C:/Users/Madness/PycharmProjects/Crupto_Data_Joiner/Raw_Data_Spot/BYBIT_DOGEUSDT_SPOT_2021_2026.csv,1000.0,0.0018,0.1,False
0.001619,56.9236,20.1985,25.9,100.0,56923554221.6452,427,5529.4,268583.0,31,2.4,3.19,9.87,front_heavy,4.55,102.77,geometric_increase,"[9.87, 9.65, 9.42, 9.2, 8.98, 8.76, 8.53, 8.31, 8.09, 7.87, 7.64, 7.42, 7.2, 6.98, 6.75, 6.53, 6.31, 6.08, 5.86, 5.64, 5.42, 5.19, 4.97, 4.75, 4.53, 4.3, 4.08, 3.86, 3.64, 3.41, 3.19]","[4.5544, 5.0518, 5.6077, 6.2221, 6.8999, 7.6557, 8.4945, 9.4258, 10.4547, 11.6006, 12.8685, 14.2777, 15.843, 17.5741, 19.5002, 21.636, 24.001, 26.6293, 29.5453, 32.7783, 36.3672, 40.3511, 44.769, 49.6696, 55.1067, 61.1386, 67.8288, 75.2554, 83.4914, 92.6295, 102.7722]",C:/Users/Madness/PycharmProjects/Crupto_Data_Joiner/Raw_Data_Spot/BYBIT_DOGEUSDT_SPOT_2021_2026.csv,1000.0,0.0018,0.1,False
0.001613,1189.157,578.2314,14.7892,100.0,1189157047781.0896,177,12347.9,1234817.0,32,5.5,2.8,3.38,linear,8.13,52.23,random,"[2.8, 2.82, 2.84, 2.86, 2.87, 2.89, 2.91, 2.93, 2.95, 2.97, 2.99, 3.01, 3.02, 3.04, 3.06, 3.08, 3.1, 3.12, 3.14, 3.16, 3.17, 3.19, 3.21, 3.23, 3.25, 3.27, 3.29, 3.31, 3.32, 3.34, 3.36, 3.38]","[46.8207, 31.2764, 13.4956, 38.1139, 8.7751, 52.2326, 34.7592, 35.2884, 43.0819, 35.664, 44.2428, 8.1435, 17.4735, 19.599, 25.4633, 51.4388, 37.4054, 21.3062, 34.136, 39.0272, 16.1931, 13.8029, 50.1327, 8.1264, 25.2755, 43.1502, 40.0942, 48.2719, 18.2161, 22.2879, 27.6912, 49.0145]",C:/Users/Madness/PycharmProjects/Crupto_Data_Joiner/Raw_Data_Spot/BYBIT_DOGEUSDT_SPOT_2021_2026.csv,1000.0,0.0018,0.1,False
0.001607,255.6666,189.5978,42.0551,100.0,255666628762.3032,343,6672.3,572888.0,30,1.5,5.52,9.61,front_heavy,3.35,58.21,random,"[9.61, 9.47, 9.33, 9.19, 9.05, 8.9, 8.76, 8.62, 8.48, 8.34, 8.2, 8.06, 7.92, 7.78, 7.64, 7.49, 7.35, 7.21, 7.07, 6.93, 6.79, 6.65, 6.51, 6.37, 6.23, 6.08, 5.94, 5.8, 5.66, 5.52]","[50.9003, 18.257, 46.0249, 4.9496, 15.2313, 29.6005, 53.9317, 31.2732, 53.1267, 58.2076, 42.1714, 47.0125, 31.2675, 33.6595, 20.2208, 16.3502, 22.8412, 25.7299, 10.6128, 43.6272, 39.7452, 51.6767, 29.3721, 7.5757, 56.3408, 39.2428, 38.6205, 52.1734, 26.9059, 3.3511]",C:/Users/Madness/PycharmProjects/Crupto_Data_Joiner/Raw_Data_Spot/BYBIT_DOGEUSDT_SPOT_2021_2026.csv,1000.0,0.0018,0.1,False
0.001606,219.4856,141.8645,28.477,100.0,219485554882.9411,427,5493.2,530848.0,33,2.1,5.64,9.16,front_heavy,20.97,39.63,linear_increase,"[9.16, 9.05, 8.94, 8.83, 8.72, 8.61, 8.5, 8.39, 8.28, 8.17, 8.06, 7.95, 7.84, 7.73, 7.62, 7.51, 7.4, 7.29, 7.18, 7.07, 6.96, 6.85, 6.74, 6.63, 6.52, 6.41, 6.3, 6.19, 6.08, 5.97, 5.86, 5.75, 5.64]","[20.9749, 21.5581, 22.1414, 22.7246, 23.3079, 23.8911, 24.4744, 25.0576, 25.6408, 26.2241, 26.8073, 27.3906, 27.9738, 28.5571, 29.1403, 29.7235, 30.2995, 30.8827, 31.466, 32.0492, 32.6325, 33.2157, 33.799, 34.3822, 34.9654, 35.5487, 36.1319, 36.7152, 37.2984, 37.8817, 38.4649, 39.0481, 39.6314]",C:/Users/Madness/PycharmProjects/Crupto_Data_Joiner/Raw_Data_Spot/BYBIT_DOGEUSDT_SPOT_2021_2026.csv,1000.0,0.0018,0.1,False
0.001605,1184.1731,645.4214,16.4956,100.0,1184173108334.7927,332,7190.7,1235480.0,30,3.5,2.39,4.68,back_heavy,26.38,40.45,random,"[2.39, 2.39, 2.4, 2.41, 2.43, 2.46, 2.49, 2.52, 2.56, 2.61, 2.66, 2.72, 2.78, 2.85, 2.92, 3.0, 3.09, 3.18, 3.27, 3.37, 3.48, 3.59, 3.71, 3.83, 3.96, 4.09, 4.23, 4.38, 4.52, 4.68]","[39.2125, 26.3765, 30.2688, 39.6618, 31.6486, 40.4541, 29.2745, 29.0431, 30.1784, 36.5671, 36.1737, 38.0454, 38.1677, 39.9144, 26.4377, 30.0853, 36.0221, 28.5088, 27.3017, 33.0471, 36.0753, 32.2415, 33.0365, 39.2604, 26.8125, 39.1141, 28.203, 35.4904, 33.2385, 30.1385]",C:/Users/Madness/PycharmProjects/Crupto_Data_Joiner/Raw_Data_Spot/BYBIT_DOGEUSDT_SPOT_2021_2026.csv,1000.0,0.0018,0.1,False
0.001604,1181.9615,491.9332,13.8845,100.0,1181961523074.9038,164,13327.0,1234876.0,31,6.5,3.18,7.02,back_heavy,32.26,32.26,flat,"[3.18, 3.18, 3.2, 3.22, 3.25, 3.29, 3.33, 3.39, 3.45, 3.53, 3.61, 3.7, 3.79, 3.9, 4.02, 4.14, 4.27, 4.41, 4.56, 4.72, 4.89, 5.06, 5.25, 5.44, 5.64, 5.85, 6.06, 6.29, 6.53, 6.77, 7.02]","[32.2581, 32.2581, 32.2581, 32.2581, 32.2581, 32.2581, 32.2581, 32.2581, 32.2581, 32.2581, 32.2581, 32.2581, 32.2581, 32.2581, 32.2581, 32.2581, 32.2581, 32.2581, 32.2581, 32.2581, 32.2581, 32.2581, 32.2581, 32.2581, 32.2581, 32.2581, 32.2581, 32.2581, 32.2581, 32.2581, 32.2581]",C:/Users/Madness/PycharmProjects/Crupto_Data_Joiner/Raw_Data_Spot/BYBIT_DOGEUSDT_SPOT_2021_2026.csv,1000.0,0.0018,0.1,False
0.001575,1163.1815,745.7601,24.2619,100.0,1163181520128.4453,842,2731.9,1235946.0,34,1.85,0.83,3.57,linear,21.17,37.66,linear_increase,"[0.83, 0.91, 1.0, 1.08, 1.16, 1.25, 1.33, 1.41, 1.49, 1.58, 1.66, 1.74, 1.83, 1.91, 1.99, 2.08, 2.16, 2.24, 2.32, 2.41, 2.49, 2.57, 2.66, 2.74, 2.82, 2.91, 2.99, 3.07, 3.15, 3.24, 3.32, 3.4, 3.49, 3.57]","[21.1667, 21.6632, 22.1672, 22.6638, 23.1677, 23.6643, 24.1683, 24.6648, 25.1614, 25.6653, 26.1619, 26.6659, 27.1624, 27.6664, 28.163, 28.6595, 29.1635, 29.66, 30.164, 30.6606, 31.1571, 31.6611, 32.1577, 32.6616, 33.1582, 33.6621, 34.1587, 34.6553, 35.1592, 35.6558, 36.1598, 36.6563, 37.1603, 37.6568]",C:/Users/Madness/PycharmProjects/Crupto_Data_Joiner/Raw_Data_Spot/BYBIT_DOGEUSDT_SPOT_2021_2026.csv,1000.0,0.0018,0.1,False
0.00157,1223.3442,764.1707,16.132,100.0,1223344232283.8662,320,6894.5,1269672.0,33,2.9,1.12,4.65,back_heavy,30.3,30.3,flat,"[1.12, 1.12, 1.13, 1.15, 1.18, 1.21, 1.24, 1.29, 1.34, 1.4, 1.46, 1.54, 1.62, 1.7, 1.8, 1.9, 2.0, 2.12, 2.24, 2.36, 2.5, 2.64, 2.79, 2.94, 3.11, 3.27, 3.45, 3.63, 3.82, 4.02, 4.22, 4.43, 4.65]","[30.303, 30.303, 30.303, 30.303, 30.303, 30.303, 30.303, 30.303, 30.303, 30.303, 30.303, 30.303, 30.303, 30.303, 30.303, 30.303, 30.303, 30.303, 30.303, 30.303, 30.303, 30.303, 30.303, 30.303, 30.303, 30.303, 30.303, 30.303, 30.303, 30.303, 30.303, 30.303, 30.303]",C:/Users/Madness/PycharmProjects/Crupto_Data_Joiner/Raw_Data_Spot/BYBIT_DOGEUSDT_SPOT_2021_2026.csv,1000.0,0.0018,0.1,False
0.001567,1221.2143,765.2787,22.3632,100.0,1221214274215.2188,557,3923.9,1269664.0,30,1.95,0.77,6.04,geometric,29.78,36.89,linear_increase,"[0.77, 0.83, 0.89, 0.95, 1.02, 1.1, 1.18, 1.27, 1.36, 1.46, 1.57, 1.68, 1.81, 1.94, 2.08, 2.23, 2.4, 2.58, 2.77, 2.97, 3.19, 3.42, 3.67, 3.94, 4.23, 4.55, 4.88, 5.24, 5.63, 6.04]","[29.7751, 30.0204, 30.2658, 30.5112, 30.7566, 31.002, 31.2474, 31.4928, 31.7382, 31.9836, 32.229, 32.4744, 32.7198, 32.9652, 33.2106, 33.456, 33.7014, 33.9468, 34.1922, 34.4376, 34.683, 34.9284, 35.1738, 35.4192, 35.6646, 35.91, 36.1554, 36.4008, 36.6462, 36.8916]",C:/Users/Madness/PycharmProjects/Crupto_Data_Joiner/Raw_Data_Spot/BYBIT_DOGEUSDT_SPOT_2021_2026.csv,1000.0,0.0018,0.1,False
0.001563,1153.8258,648.5842,21.1468,100.0,1153825791075.6028,505,4327.5,1235928.0,29,2.3,1.0,8.88,geometric,28.32,41.45,geometric_increase,"[1.0, 1.08, 1.17, 1.26, 1.37, 1.48, 1.6, 1.73, 1.87, 2.02, 2.18, 2.36, 2.55, 2.76, 2.98, 3.22, 3.48, 3.77, 4.07, 4.4, 4.76, 5.14, 5.56, 6.01, 6.5, 7.03, 7.6, 8.21, 8.88]","[28.3202, 28.7112, 29.1022, 29.5008, 29.9072, 30.3135, 30.7275, 31.1491, 31.5785, 32.0078, 32.4448, 32.8894, 33.3418, 33.7941, 34.2618, 34.7294, 35.2047, 35.6877, 36.1784, 36.669, 37.175, 37.681, 38.1947, 38.7237, 39.2527, 39.7893, 40.3336, 40.8856, 41.4453]",C:/Users/Madness/PycharmProjects/Crupto_Data_Joiner/Raw_Data_Spot/BYBIT_DOGEUSDT_SPOT_2021_2026.csv,1000.0,0.0018,0.1,False
0.00156,1150.8107,664.3088,17.845,100.0,1150810664619.2817,370,6455.5,1235444.0,32,3.0,2.35,3.28,geometric,5.71,53.69,random,"[2.35, 2.38, 2.4, 2.43, 2.45, 2.48, 2.51, 2.53, 2.56, 2.59, 2.62, 2.65, 2.67, 2.7, 2.73, 2.76, 2.79, 2.82, 2.85, 2.88, 2.91, 2.95, 2.98, 3.01, 3.04, 3.08, 3.11, 3.14, 3.18, 3.21, 3.24, 3.28]","[43.6011, 49.3031, 18.0879, 20.9722, 48.1161, 41.6154, 29.884, 37.8288, 6.5803, 49.8153, 42.8393, 53.6888, 20.3935, 30.3481, 28.734, 21.4437, 50.1925, 5.7057, 38.1246, 44.4516, 9.7974, 35.3401, 31.0248, 21.6933, 25.5076, 30.8306, 16.8861, 19.9997, 14.4641, 36.6843, 32.9698, 43.076]",C:/Users/Madness/PycharmProjects/Crupto_Data_Joiner/Raw_Data_Spot/BYBIT_DOGEUSDT_SPOT_2021_2026.csv,1000.0,0.0018,0.1,False
0.001551,248.5947,69.7665,10.6063,100.0,248594668715.0624,109,19875.6,575151.0,30,7.5,4.93,8.41,front_heavy,15.28,61.38,geometric_increase,"[8.41, 8.29, 8.17, 8.05, 7.93, 7.81, 7.69, 7.57, 7.45, 7.33, 7.21, 7.09, 6.97, 6.85, 6.73, 6.61, 6.49, 6.37, 6.25, 6.13, 6.01, 5.89, 5.77, 5.65, 5.53, 5.41, 5.29, 5.17, 5.05, 4.93]","[15.2838, 16.0341, 16.82, 17.6485, 18.5127, 19.423, 20.376, 21.3788, 22.4278, 23.5302, 24.6859, 25.8985, 27.168, 28.5015, 29.9026, 31.3712, 32.911, 34.529, 36.2217, 38.0032, 39.8666, 41.8259, 43.8813, 46.0363, 48.2944, 50.6662, 53.1554, 55.7656, 58.5037, 61.377]",C:/Users/Madness/PycharmProjects/Crupto_Data_Joiner/Raw_Data_Spot/BYBIT_DOGEUSDT_SPOT_2021_2026.csv,1000.0,0.0018,0.1,False
0.00155,1179.0935,768.0759,16.6639,100.0,1179093518521.5095,705,3262.8,1254350.0,31,2.3,0.28,4.83,linear,2.34,64.17,pyramid,"[0.28, 0.43, 0.58, 0.74, 0.89, 1.04, 1.19, 1.34, 1.49, 1.64, 1.8, 1.95, 2.1, 2.25, 2.4, 2.55, 2.71, 2.86, 3.01, 3.16, 3.31, 3.46, 3.62, 3.77, 3.92, 4.07, 4.22, 4.38, 4.53, 4.68, 4.83]","[2.3388, 6.4606, 10.5836, 14.7054, 18.8273, 22.9502, 27.0721, 31.1939, 35.3168, 39.4387, 43.5605, 47.6835, 51.8053, 55.9272, 60.0501, 64.172, 60.0501, 55.9272, 51.8053, 47.6835, 43.5605, 39.4387, 35.3168, 31.1939, 27.0721, 22.9502, 18.8273, 14.7054, 10.5836, 6.4606, 2.3388]",C:/Users/Madness/PycharmProjects/Crupto_Data_Joiner/Raw_Data_Spot/BYBIT_DOGEUSDT_SPOT_2021_2026.csv,1000.0,0.0018,0.1,False
0.001548,1142.3047,670.7673,17.6141,100.0,1142304724750.1213,494,4656.4,1235443.0,31,2.7,0.44,7.69,back_heavy,5.94,58.58,linear_increase,"[0.44, 0.45, 0.47, 0.51, 0.57, 0.64, 0.73, 0.83, 0.96, 1.09, 1.25, 1.41, 1.6, 1.8, 2.02, 2.25, 2.5, 2.77, 3.05, 3.35, 3.66, 3.99, 4.34, 4.7, 5.08, 5.47, 5.89, 6.31, 6.76, 7.21, 7.69]","[5.9353, 7.6905, 9.4458, 11.1993, 12.9546, 14.7098, 16.4651, 18.2186, 19.9739, 21.7291, 23.4844, 25.2379, 26.9932, 28.7484, 30.5037, 32.2572, 34.0125, 35.7677, 37.523, 39.2783, 41.0318, 42.787, 44.5423, 46.2976, 48.0511, 49.8063, 51.5616, 53.3169, 55.0704, 56.8256, 58.5809]",C:/Users/Madness/PycharmProjects/Crupto_Data_Joiner/Raw_Data_Spot/BYBIT_DOGEUSDT_SPOT_2021_2026.csv,1000.0,0.0018,0.1,False
0.001496,1103.3964,592.0663,14.4528,100.0,1103396369156.5247,225,10171.6,1235443.0,29,4.5,2.5,5.08,geometric,34.48,34.48,flat,"[2.5, 2.56, 2.63, 2.7, 2.77, 2.84, 2.91, 2.98, 3.06, 3.14, 3.22, 3.3, 3.39, 3.47, 3.56, 3.66, 3.75, 3.84, 3.94, 4.04, 4.15, 4.25, 4.36, 4.48, 4.59, 4.71, 4.83, 4.95, 5.08]","[34.4828, 34.4828, 34.4828, 34.4828, 34.4828, 34.4828, 34.4828, 34.4828, 34.4828, 34.4828, 34.4828, 34.4828, 34.4828, 34.4828, 34.4828, 34.4828, 34.4828, 34.4828, 34.4828, 34.4828, 34.4828, 34.4828, 34.4828, 34.4828, 34.4828, 34.4828, 34.4828, 34.4828, 34.4828]",C:/Users/Madness/PycharmProjects/Crupto_Data_Joiner/Raw_Data_Spot/BYBIT_DOGEUSDT_SPOT_2021_2026.csv,1000.0,0.0018,0.1,False
0.001489,1098.806,568.1214,16.3853,100.0,1098806009309.1234,215,10261.6,1235435.0,32,4.5,2.79,4.53,back_heavy,9.21,52.95,random,"[2.79, 2.79, 2.8, 2.81, 2.82, 2.84, 2.86, 2.88, 2.91, 2.94, 2.97, 3.01, 3.05, 3.1, 3.14, 3.2, 3.25, 3.31, 3.38, 3.44, 3.51, 3.59, 3.67, 3.75, 3.83, 3.92, 4.01, 4.11, 4.21, 4.31, 4.42, 4.53]","[52.9522, 23.4579, 28.2548, 9.6219, 33.3783, 39.1304, 31.187, 15.5215, 45.792, 40.7457, 9.2146, 24.4973, 23.3104, 52.5414, 41.9257, 41.4551, 47.2212, 25.5824, 20.3887, 13.6006, 43.8816, 13.871, 39.4956, 37.2376, 17.2949, 23.8055, 45.9641, 28.3566, 26.952, 39.306, 41.4024, 22.6537]",C:/Users/Madness/PycharmProjects/Crupto_Data_Joiner/Raw_Data_Spot/BYBIT_DOGEUSDT_SPOT_2021_2026.csv,1000.0,0.0018,0.1,False
0.001488,1097.9938,592.0992,24.0007,100.0,1097993820773.6418,602,3666.4,1235480.0,32,2.1,1.25,9.84,geometric,31.25,31.25,flat,"[1.25, 1.34, 1.43, 1.53, 1.63, 1.74, 1.86, 1.99, 2.13, 2.28, 2.43, 2.6, 2.78, 2.97, 3.17, 3.39, 3.63, 3.88, 4.14, 4.43, 4.73, 5.06, 5.41, 5.78, 6.18, 6.6, 7.05, 7.54, 8.06, 8.61, 9.21, 9.84]","[31.25, 31.25, 31.25, 31.25, 31.25, 31.25, 31.25, 31.25, 31.25, 31.25, 31.25, 31.25, 31.25, 31.25, 31.25, 31.25, 31.25, 31.25, 31.25, 31.25, 31.25, 31.25, 31.25, 31.25, 31.25, 31.25, 31.25, 31.25, 31.25, 31.25, 31.25, 31.25]",C:/Users/Madness/PycharmProjects/Crupto_Data_Joiner/Raw_Data_Spot/BYBIT_DOGEUSDT_SPOT_2021_2026.csv,1000.0,0.0018,0.1,False
0.001478,1151.8474,782.0078,15.2464,100.0,1151847360948.106,369,6473.4,1269754.0,30,2.9,1.8,2.65,back_heavy,33.33,33.33,flat,"[1.8, 1.8, 1.8, 1.81, 1.82, 1.83, 1.84, 1.85, 1.86, 1.88, 1.9, 1.92, 1.95, 1.97, 2.0, 2.03, 2.06, 2.09, 2.13, 2.16, 2.2, 2.25, 2.29, 2.33, 2.38, 2.43, 2.48, 2.54, 2.59, 2.65]","[33.3333, 33.3333, 33.3333, 33.3333, 33.3333, 33.3333, 33.3333, 33.3333, 33.3333, 33.3333, 33.3333, 33.3333, 33.3333, 33.3333, 33.3333, 33.3333, 33.3333, 33.3333, 33.3333, 33.3333, 33.3333, 33.3333, 33.3333, 33.3333, 33.3333, 33.3333, 33.3333, 33.3333, 33.3333, 33.3333]",C:/Users/Madness/PycharmProjects/Crupto_Data_Joiner/Raw_Data_Spot/BYBIT_DOGEUSDT_SPOT_2021_2026.csv,1000.0,0.0018,0.1,False
0.001449,198.0591,164.8781,47.4142,100.0,198059054962.1936,802,2978.4,530855.0,34,1.05,5.39,9.08,front_heavy,24.65,34.18,pyramid,"[9.08, 8.97, 8.86, 8.74, 8.63, 8.52, 8.41, 8.3, 8.19, 8.07, 7.96, 7.85, 7.74, 7.63, 7.51, 7.4, 7.29, 7.18, 7.07, 6.96, 6.84, 6.73, 6.62, 6.51, 6.4, 6.28, 6.17, 6.06, 5.95, 5.84, 5.73, 5.61, 5.5, 5.39]","[24.6474, 25.2071, 25.7668, 26.33, 26.8897, 27.4494, 28.0091, 28.5722, 29.1319, 29.6916, 30.2513, 30.8145, 31.3742, 31.9339, 32.4936, 33.0567, 33.6164, 34.1761, 33.6164, 33.0567, 32.4936, 31.9339, 31.3742, 30.8145, 30.2513, 29.6916, 29.1319, 28.5722, 28.0091, 27.4494, 26.8897, 26.33, 25.7668, 25.2071]",C:/Users/Madness/PycharmProjects/Crupto_Data_Joiner/Raw_Data_Spot/BYBIT_DOGEUSDT_SPOT_2021_2026.csv,1000.0,0.0018,0.1,False
0.001447,1067.9756,679.0079,24.8634,100.0,1067975592407.9844,693,3153.8,1235474.0,31,1.75,0.93,5.11,linear,32.26,32.26,flat,"[0.93, 1.07, 1.21, 1.35, 1.49, 1.63, 1.77, 1.91, 2.04, 2.18, 2.32, 2.46, 2.6, 2.74, 2.88, 3.02, 3.16, 3.3, 3.44, 3.58, 3.72, 3.86, 4.0, 4.13, 4.27, 4.41, 4.55, 4.69, 4.83, 4.97, 5.11]","[32.2581, 32.2581, 32.2581, 32.2581, 32.2581, 32.2581, 32.2581, 32.2581, 32.2581, 32.2581, 32.2581, 32.2581, 32.2581, 32.2581, 32.2581, 32.2581, 32.2581, 32.2581, 32.2581, 32.2581, 32.2581, 32.2581, 32.2581, 32.2581, 32.2581, 32.2581, 32.2581, 32.2581, 32.2581, 32.2581, 32.2581]",C:/Users/Madness/PycharmProjects/Crupto_Data_Joiner/Raw_Data_Spot/BYBIT_DOGEUSDT_SPOT_2021_2026.csv,1000.0,0.0018,0.1,False
0.001435,1118.5029,773.0906,22.7185,100.0,1118502949633.1755,632,3492.4,1269676.0,29,1.8,1.37,4.73,back_heavy,15.89,48.51,random,"[1.37, 1.37, 1.39, 1.41, 1.44, 1.48, 1.52, 1.58, 1.64, 1.72, 1.8, 1.89, 1.99, 2.09, 2.21, 2.33, 2.47, 2.61, 2.76, 2.92, 3.08, 3.26, 3.44, 3.64, 3.84, 4.05, 4.27, 4.49, 4.73]","[41.9821, 23.4936, 43.5484, 47.5824, 40.046, 30.4752, 40.0865, 47.7789, 29.6083, 31.1803, 25.1638, 33.7926, 25.3026, 33.5788, 33.3303, 15.8936, 33.2609, 34.5382, 32.9026, 45.0568, 48.5129, 21.0778, 39.156, 31.3248, 44.1379, 44.0223, 21.3321, 44.161, 17.6736]",C:/Users/Madness/PycharmProjects/Crupto_Data_Joiner/Raw_Data_Spot/BYBIT_DOGEUSDT_SPOT_2021_2026.csv,1000.0,0.0018,0.1,False
0.001432,50.348,35.7858,59.1968,100.0,50347956544.87,1731,1380.0,268579.0,29,0.65,4.82,7.6,front_heavy,5.43,105.37,geometric_increase,"[7.6, 7.5, 7.4, 7.3, 7.2, 7.1, 7.0, 6.9, 6.81, 6.71, 6.61, 6.51, 6.41, 6.31, 6.21, 6.11, 6.01, 5.91, 5.81, 5.71, 5.61, 5.52, 5.42, 5.32, 5.22, 5.12, 5.02, 4.92, 4.82]","[5.4325, 6.0395, 6.7147, 7.4636, 8.2976, 9.2252, 10.255, 11.4011, 12.6748, 14.0903, 15.6648, 17.4122, 19.3583, 21.5199, 23.9255, 26.5978, 29.5679, 32.8727, 36.5435, 40.6257, 45.1645, 50.2084, 55.8167, 62.052, 68.9822, 76.6898, 85.2569, 94.78, 105.3669]",C:/Users/Madness/PycharmProjects/Crupto_Data_Joiner/Raw_Data_Spot/BYBIT_DOGEUSDT_SPOT_2021_2026.csv,1000.0,0.0018,0.1,False
0.001422,1048.0022,667.8011,25.1505,100.0,1048002162725.0406,782,2940.1,1234986.0,31,1.8,1.41,4.61,linear,31.27,33.06,random,"[1.41, 1.52, 1.62, 1.73, 1.84, 1.94, 2.05, 2.16, 2.26, 2.37, 2.48, 2.58, 2.69, 2.8, 2.9, 3.01, 3.12, 3.22, 3.33, 3.44, 3.54, 3.65, 3.76, 3.86, 3.97, 4.08, 4.18, 4.29, 4.4, 4.5, 4.61]","[32.0571, 32.0414, 31.9945, 32.2293, 32.4171, 31.2745, 32.151, 32.3232, 32.0728, 32.0571, 31.791, 32.1197, 32.6832, 32.965, 32.4484, 32.9493, 32.3702, 33.0432, 32.3075, 31.8693, 31.9475, 32.558, 31.9475, 32.4015, 33.0589, 33.0432, 32.4171, 32.4484, 31.9006, 31.6032, 31.5093]",C:/Users/Madness/PycharmProjects/Crupto_Data_Joiner/Raw_Data_Spot/BYBIT_DOGEUSDT_SPOT_2021_2026.csv,1000.0,0.0018,0.1,False
0.001419,1046.8261,716.848,15.9426,100.0,1046826111879.1968,528,4442.4,1235444.0,31,2.8,0.12,4.83,linear,3.33,61.19,linear_increase,"[0.12, 0.28, 0.43, 0.59, 0.75, 0.9, 1.06, 1.22, 1.38, 1.53, 1.69, 1.85, 2.0, 2.16, 2.32, 2.48, 2.63, 2.79, 2.95, 3.1, 3.26, 3.42, 3.57, 3.73, 3.89, 4.04, 4.2, 4.36, 4.52, 4.67, 4.83]","[3.3287, 5.2572, 7.1857, 9.1149, 11.0434, 12.9719, 14.9004, 16.8289, 18.7574, 20.6859, 22.6151, 24.5436, 26.4722, 28.4007, 30.3292, 32.2584, 34.1869, 36.1154, 38.0439, 39.9724, 41.9009, 43.8301, 45.7586, 47.6871, 49.6157, 51.5442, 53.4727, 55.4019, 57.3304, 59.2589, 61.1874]",C:/Users/Madness/PycharmProjects/Crupto_Data_Joiner/Raw_Data_Spot/BYBIT_DOGEUSDT_SPOT_2021_2026.csv,1000.0,0.0018,0.1,False
0.001418,1044.5926,494.5394,14.341,100.0,1044592589934.1864,209,10457.1,1234662.0,32,5.5,3.64,4.47,geometric,7.24,53.01,random,"[3.64, 3.66, 3.69, 3.71, 3.74, 3.76, 3.79, 3.81, 3.84, 3.86, 3.89, 3.92, 3.94, 3.97, 3.99, 4.02, 4.05, 4.07, 4.1, 4.13, 4.16, 4.18, 4.21, 4.24, 4.27, 4.3, 4.32, 4.35, 4.38, 4.41, 4.44, 4.47]","[28.5995, 45.8104, 49.3096, 25.4022, 7.8695, 34.5899, 27.193, 7.2431, 37.3715, 47.0376, 51.7467, 32.9385, 51.9574, 44.831, 19.3805, 20.6361, 30.9028, 53.0108, 38.5673, 15.0016, 38.2371, 8.2225, 16.4536, 37.5367, 35.1137, 34.6126, 47.3564, 33.377, 18.0281, 9.2276, 37.1494, 15.2863]",C:/Users/Madness/PycharmProjects/Crupto_Data_Joiner/Raw_Data_Spot/BYBIT_DOGEUSDT_SPOT_2021_2026.csv,1000.0,0.0018,0.1,False
0.001416,190.6988,185.5882,54.8934,100.0,190698808812.5772,1005,2349.3,526919.0,33,0.8,1.42,9.61,front_heavy,25.93,34.12,random,"[9.61, 9.35, 9.1, 8.84, 8.59, 8.33, 8.07, 7.82, 7.56, 7.31, 7.05, 6.79, 6.54, 6.28, 6.03, 5.77, 5.52, 5.26, 5.0, 4.75, 4.49, 4.24, 3.98, 3.72, 3.47, 3.21, 2.96, 2.7, 2.44, 2.19, 1.93, 1.68, 1.42]","[27.271, 33.2507, 29.1062, 32.9324, 31.9369, 27.122, 26.9256, 28.5171, 28.6322, 32.2281, 34.1243, 26.9527, 31.341, 28.8557, 25.9301, 32.0927, 27.3658, 28.6051, 28.8218, 32.3162, 31.2462, 33.2507, 32.56, 27.9414, 33.6706, 29.0588, 26.3771, 34.0972, 31.8354, 34.0227, 26.2552, 31.3342, 34.0227]",C:/Users/Madness/PycharmProjects/Crupto_Data_Joiner/Raw_Data_Spot/BYBIT_DOGEUSDT_SPOT_2021_2026.csv,1000.0,0.0018,0.1,False
0.001415,1044.6412,608.3334,20.8822,100.0,1044641230418.15,421,5461.2,1235973.0,33,2.5,1.95,6.65,back_heavy,7.01,56.41,random,"[1.95, 1.95, 1.97, 1.99, 2.02, 2.06, 2.12, 2.17, 2.24, 2.32, 2.41, 2.51, 2.61, 2.73, 2.85, 2.98, 3.12, 3.28, 3.44, 3.61, 3.79, 3.97, 4.17, 4.38, 4.59, 4.82, 5.05, 5.3, 5.55, 5.81, 6.08, 6.36, 6.65]","[47.4273, 31.0566, 42.5337, 11.386, 37.2084, 14.6094, 18.1541, 19.4478, 55.7068, 33.0643, 7.3198, 47.8494, 50.5786, 34.6337, 39.0706, 18.9874, 27.653, 27.7964, 36.5171, 17.4827, 38.7021, 36.3377, 21.646, 38.9117, 30.6962, 18.5675, 7.3624, 7.0087, 33.0496, 13.1356, 52.5157, 27.1698, 56.4143]",C:/Users/Madness/PycharmProjects/Crupto_Data_Joiner/Raw_Data_Spot/BYBIT_DOGEUSDT_SPOT_2021_2026.csv,1000.0,0.0018,0.1,False
0.001414,1042.3688,617.4403,14.0006,100.0,1042368830844.2388,303,7553.1,1235022.0,29,4.0,2.21,5.47,back_heavy,24.52,44.45,linear_increase,"[2.21, 2.21, 2.23, 2.25, 2.28, 2.31, 2.36, 2.41, 2.48, 2.55, 2.63, 2.71, 2.81, 2.91, 3.02, 3.15, 3.27, 3.41, 3.56, 3.71, 3.87, 4.04, 4.22, 4.41, 4.61, 4.81, 5.02, 5.24, 5.47]","[24.5179, 25.2297, 25.9415, 26.6532, 27.365, 28.0768, 28.7886, 29.5003, 30.2121, 30.9239, 31.6357, 32.3474, 33.0592, 33.771, 34.4828, 35.1945, 35.9063, 36.6181, 37.3299, 38.0416, 38.7534, 39.4652, 40.177, 40.8887, 41.6005, 42.3123, 43.0241, 43.7358, 44.4476]",C:/Users/Madness/PycharmProjects/Crupto_Data_Joiner/Raw_Data_Spot/BYBIT_DOGEUSDT_SPOT_2021_2026.csv,1000.0,0.0018,0.1,False
0.001414,1101.4747,694.7012,27.1112,100.0,1101474707501.8333,758,2883.4,1269672.0,32,1.5,0.73,8.52,geometric,31.25,31.25,flat,"[0.73, 0.79, 0.86, 0.93, 1.0, 1.09, 1.17, 1.27, 1.38, 1.49, 1.61, 1.75, 1.89, 2.05, 2.21, 2.4, 2.59, 2.81, 3.04, 3.29, 3.56, 3.86, 4.17, 4.52, 4.89, 5.3, 5.73, 6.21, 6.72, 7.27, 7.87, 8.52]","[31.25, 31.25, 31.25, 31.25, 31.25, 31.25, 31.25, 31.25, 31.25, 31.25, 31.25, 31.25, 31.25, 31.25, 31.25, 31.25, 31.25, 31.25, 31.25, 31.25, 31.25, 31.25, 31.25, 31.25, 31.25, 31.25, 31.25, 31.25, 31.25, 31.25, 31.25, 31.25]",C:/Users/Madness/PycharmProjects/Crupto_Data_Joiner/Raw_Data_Spot/BYBIT_DOGEUSDT_SPOT_2021_2026.csv,1000.0,0.0018,0.1,False
0.001409,49.2756,597.063,109.2327,100.0,49275632530.2478,6448,370.5,267831.0,30,0.2,3.31,3.33,front_heavy,32.05,34.83,random,"[3.33, 3.33, 3.33, 3.33, 3.33, 3.33, 3.33, 3.33, 3.32, 3.32, 3.32, 3.32, 3.32, 3.32, 3.32, 3.32, 3.32, 3.32, 3.32, 3.32, 3.32, 3.32, 3.31, 3.31, 3.31, 3.31, 3.31, 3.31, 3.31, 3.31]","[34.0864, 32.6474, 33.6547, 33.175, 34.3455, 33.9233, 33.1846, 32.868, 32.0909, 34.3071, 33.2518, 32.657, 33.4724, 33.6835, 32.0622, 33.8562, 32.9256, 32.3596, 34.0673, 32.1485, 32.0526, 34.8347, 33.7698, 33.0215, 32.9256, 32.868, 34.5182, 32.0909, 34.5661, 34.5853]",C:/Users/Madness/PycharmProjects/Crupto_Data_Joiner/Raw_Data_Spot/BYBIT_DOGEUSDT_SPOT_2021_2026.csv,1000.0,0.0018,0.1,False
0.001401,1033.5402,720.7799,99.6767,100.0,1033540193581.9984,9112,239.9,1235435.0,31,0.45,0.28,7.04,back_heavy,10.93,70.52,geometric_increase,"[0.28, 0.29, 0.31, 0.35, 0.4, 0.47, 0.55, 0.65, 0.76, 0.89, 1.03, 1.19, 1.36, 1.55, 1.75, 1.97, 2.2, 2.45, 2.71, 2.99, 3.28, 3.59, 3.92, 4.25, 4.61, 4.97, 5.36, 5.76, 6.17, 6.6, 7.04]","[10.9338, 11.6339, 12.3787, 13.1732, 14.0173, 14.916, 15.8744, 16.8923, 17.9747, 19.1267, 20.3531, 21.659, 23.0444, 24.5241, 26.0931, 27.7665, 29.549, 31.4409, 33.4568, 35.6019, 37.8859, 40.314, 42.896, 45.6468, 48.5715, 51.6848, 55.0016, 58.5271, 62.2759, 66.2681, 70.5185]",C:/Users/Madness/PycharmProjects/Crupto_Data_Joiner/Raw_Data_Spot/BYBIT_DOGEUSDT_SPOT_2021_2026.csv,1000.0,0.0018,0.1,False
0.001399,224.2733,155.0305,9.0294,100.0,224273276845.7454,62,34921.5,575111.0,32,7.5,4.01,9.81,front_heavy,8.17,50.48,random,"[9.81, 9.62, 9.44, 9.25, 9.06, 8.87, 8.69, 8.5, 8.31, 8.13, 7.94, 7.75, 7.56, 7.38, 7.19, 7.0, 6.82, 6.63, 6.44, 6.26, 6.07, 5.88, 5.69, 5.51, 5.32, 5.13, 4.95, 4.76, 4.57, 4.38, 4.2, 4.01]","[31.1515, 13.1209, 28.9958, 11.9157, 35.9551, 18.2046, 36.5365, 45.155, 19.6177, 25.9532, 20.4579, 35.5605, 9.9977, 41.2892, 46.1565, 25.3931, 33.8291, 46.0079, 23.7041, 20.6531, 50.4848, 50.1326, 8.173, 34.228, 29.7638, 28.2319, 49.1354, 26.6152, 24.3279, 46.322, 41.0515, 41.879]",C:/Users/Madness/PycharmProjects/Crupto_Data_Joiner/Raw_Data_Spot/BYBIT_DOGEUSDT_SPOT_2021_2026.csv,1000.0,0.0018,0.1,False
0.001394,1029.3796,753.4636,24.4342,100.0,1029379576494.837,949,2515.9,1235973.0,30,1.6,1.74,3.26,geometric,33.33,33.33,flat,"[1.74, 1.78, 1.82, 1.86, 1.9, 1.94, 1.98, 2.02, 2.07, 2.11, 2.16, 2.21, 2.26, 2.31, 2.36, 2.41, 2.46, 2.51, 2.57, 2.63, 2.68, 2.74, 2.8, 2.86, 2.93, 2.99, 3.05, 3.12, 3.19, 3.26]","[33.3333, 33.3333, 33.3333, 33.3333, 33.3333, 33.3333, 33.3333, 33.3333, 33.3333, 33.3333, 33.3333, 33.3333, 33.3333, 33.3333, 33.3333, 33.3333, 33.3333, 33.3333, 33.3333, 33.3333, 33.3333, 33.3333, 33.3333, 33.3333, 33.3333, 33.3333, 33.3333, 33.3333, 33.3333, 33.3333]",C:/Users/Madness/PycharmProjects/Crupto_Data_Joiner/Raw_Data_Spot/BYBIT_DOGEUSDT_SPOT_2021_2026.csv,1000.0,0.0018,0.1,False
0.001386,48.4634,594.423,107.9924,100.0,48463405365.7815,6681,357.5,267831.0,31,0.2,2.65,3.34,front_heavy,32.26,32.26,flat,"[3.34, 3.32, 3.29, 3.27, 3.25, 3.22, 3.2, 3.18, 3.16, 3.13, 3.11, 3.09, 3.06, 3.04, 3.02, 3.0, 2.97, 2.95, 2.93, 2.9, 2.88, 2.86, 2.83, 2.81, 2.79, 2.76, 2.74, 2.72, 2.7, 2.67, 2.65]","[32.2581, 32.2581, 32.2581, 32.2581, 32.2581, 32.2581, 32.2581, 32.2581, 32.2581, 32.2581, 32.2581, 32.2581, 32.2581, 32.2581, 32.2581, 32.2581, 32.2581, 32.2581, 32.2581, 32.2581, 32.2581, 32.2581, 32.2581, 32.2581, 32.2581, 32.2581, 32.2581, 32.2581, 32.2581, 32.2581, 32.2581]",C:/Users/Madness/PycharmProjects/Crupto_Data_Joiner/Raw_Data_Spot/BYBIT_DOGEUSDT_SPOT_2021_2026.csv,1000.0,0.0018,0.1,False
0.001383,1021.0648,582.8488,21.6335,100.0,1021064755240.3875,553,4159.6,1235928.0,33,2.2,1.37,8.8,geometric,30.3,30.3,flat,"[1.37, 1.45, 1.54, 1.63, 1.73, 1.83, 1.94, 2.06, 2.18, 2.31, 2.45, 2.6, 2.75, 2.92, 3.09, 3.28, 3.47, 3.68, 3.9, 4.13, 4.38, 4.64, 4.92, 5.22, 5.53, 5.86, 6.21, 6.58, 6.97, 7.39, 7.83, 8.3, 8.8]","[30.303, 30.303, 30.303, 30.303, 30.303, 30.303, 30.303, 30.303, 30.303, 30.303, 30.303, 30.303, 30.303, 30.303, 30.303, 30.303, 30.303, 30.303, 30.303, 30.303, 30.303, 30.303, 30.303, 30.303, 30.303, 30.303, 30.303, 30.303, 30.303, 30.303, 30.303, 30.303, 30.303]",C:/Users/Madness/PycharmProjects/Crupto_Data_Joiner/Raw_Data_Spot/BYBIT_DOGEUSDT_SPOT_2021_2026.csv,1000.0,0.0018,0.1,False
0.001376,1015.9104,744.6351,25.2462,100.0,1015910382334.3756,977,2237.0,1235938.0,32,1.5,1.76,3.57,back_heavy,5.66,61.4,random,"[1.76, 1.76, 1.77, 1.78, 1.79, 1.81, 1.83, 1.85, 1.88, 1.91, 1.95, 1.99, 2.03, 2.08, 2.13, 2.18, 2.24, 2.3, 2.37, 2.44, 2.51, 2.59, 2.67, 2.76, 2.84, 2.94, 3.03, 3.13, 3.24, 3.34, 3.46, 3.57]","[29.8531, 59.4795, 58.8115, 7.4054, 12.8933, 53.8871, 53.2333, 49.1613, 29.2511, 6.2485, 20.4345, 28.1704, 15.9638, 5.6567, 25.7262, 52.6172, 26.9279, 7.1731, 45.7487, 28.6554, 8.2107, 61.3993, 17.9645, 13.9631, 21.7657, 47.2274, 14.2072, 54.9067, 44.6569, 38.6243, 53.7372, 6.0389]",C:/Users/Madness/PycharmProjects/Crupto_Data_Joiner/Raw_Data_Spot/BYBIT_DOGEUSDT_SPOT_2021_2026.csv,1000.0,0.0018,0.1,False
0.001376,1015.5502,608.6282,13.1226,100.0,1015550208828.2086,333,6904.4,1235470.0,32,4.0,0.9,7.48,back_heavy,6.48,56.02,linear_increase,"[0.9, 0.91, 0.93, 0.96, 1.01, 1.07, 1.15, 1.24, 1.34, 1.45, 1.58, 1.73, 1.89, 2.06, 2.24, 2.44, 2.65, 2.88, 3.12, 3.37, 3.64, 3.92, 4.21, 4.52, 4.84, 5.18, 5.53, 5.89, 6.27, 6.66, 7.06, 7.48]","[6.4799, 8.0777, 9.6763, 11.2742, 12.872, 14.4699, 16.0685, 17.6663, 19.2642, 20.8628, 22.4607, 24.0585, 25.6564, 27.255, 28.8528, 30.4507, 32.0493, 33.6472, 35.245, 36.8436, 38.4415, 40.0393, 41.6372, 43.2358, 44.8337, 46.4315, 48.0301, 49.628, 51.2258, 52.8237, 54.4223, 56.0201]",C:/Users/Madness/PycharmProjects/Crupto_Data_Joiner/Raw_Data_Spot/BYBIT_DOGEUSDT_SPOT_2021_2026.csv,1000.0,0.0018,0.1,False
0.001343,990.3613,640.2662,33.1829,100.0,990361307430.5206,1142,2053.9,1234994.0,29,1.3,0.42,5.96,linear,20.95,52.64,geometric_increase,"[0.42, 0.62, 0.82, 1.01, 1.21, 1.41, 1.61, 1.8, 2.0, 2.2, 2.4, 2.6, 2.79, 2.99, 3.19, 3.39, 3.59, 3.78, 3.98, 4.18, 4.38, 4.58, 4.77, 4.97, 5.17, 5.37, 5.56, 5.76, 5.96]","[20.9523, 21.6563, 22.3797, 23.1289, 23.8975, 24.6984, 25.5251, 26.3777, 27.2625, 28.1732, 29.1162, 30.0915, 31.0926, 32.1324, 33.211, 34.322, 35.4716, 36.6536, 37.8807, 39.1467, 40.4578, 41.8077, 43.2092, 44.656, 46.148, 47.6916, 49.287, 50.9339, 52.6391]",C:/Users/Madness/PycharmProjects/Crupto_Data_Joiner/Raw_Data_Spot/BYBIT_DOGEUSDT_SPOT_2021_2026.csv,1000.0,0.0018,0.1,False
0.001333,982.9459,488.6065,10.8861,100.0,982945947668.2316,109,20051.6,1234994.0,32,7.5,3.44,4.99,back_heavy,5.95,57.63,random,"[3.44, 3.44, 3.45, 3.45, 3.47, 3.48, 3.5, 3.52, 3.54, 3.57, 3.6, 3.64, 3.67, 3.71, 3.76, 3.8, 3.85, 3.91, 3.96, 4.02, 4.09, 4.15, 4.22, 4.29, 4.37, 4.45, 4.53, 4.62, 4.7, 4.8, 4.89, 4.99]","[43.0321, 22.3805, 35.0596, 13.7451, 55.5813, 11.2703, 15.5465, 22.3745, 8.1552, 46.2755, 46.6968, 26.3109, 28.3433, 5.9477, 50.9005, 56.2396, 50.9639, 43.6527, 53.0763, 24.2543, 18.7113, 10.2707, 9.3013, 30.2338, 54.1635, 48.2354, 15.4453, 10.165, 23.2985, 57.6273, 19.951, 42.7905]",C:/Users/Madness/PycharmProjects/Crupto_Data_Joiner/Raw_Data_Spot/BYBIT_DOGEUSDT_SPOT_2021_2026.csv,1000.0,0.0018,0.1,False
0.001333,984.0869,720.0674,29.253,100.0,984086888781.4712,857,2575.5,1235927.0,33,1.25,1.06,5.73,back_heavy,9.31,57.59,random,"[1.06, 1.06, 1.08, 1.1, 1.13, 1.17, 1.22, 1.28, 1.35, 1.43, 1.52, 1.61, 1.72, 1.83, 1.95, 2.09, 2.23, 2.38, 2.54, 2.71, 2.88, 3.07, 3.27, 3.47, 3.69, 3.91, 4.14, 4.38, 4.64, 4.9, 5.16, 5.44, 5.73]","[52.6161, 21.118, 12.4703, 56.6553, 34.8408, 16.0617, 15.8494, 36.6487, 50.5509, 31.9878, 9.3114, 13.5464, 53.7871, 57.5927, 24.7721, 34.4192, 30.7475, 54.8632, 13.2203, 27.3452, 16.9328, 14.5866, 10.2968, 45.2142, 37.7856, 11.5499, 31.722, 11.6795, 10.8638, 35.297, 45.9436, 49.476, 30.2481]",C:/Users/Madness/PycharmProjects/Crupto_Data_Joiner/Raw_Data_Spot/BYBIT_DOGEUSDT_SPOT_2021_2026.csv,1000.0,0.0018,0.1,False
0.001325,977.7276,486.7892,14.0449,100.0,977727621267.8208,199,11086.7,1235466.0,34,5.0,2.61,8.95,back_heavy,29.41,29.41,flat,"[2.61, 2.62, 2.63, 2.66, 2.7, 2.76, 2.82, 2.9, 2.98, 3.08, 3.19, 3.31, 3.45, 3.59, 3.75, 3.92, 4.1, 4.29, 4.5, 4.71, 4.94, 5.18, 5.43, 5.69, 5.96, 6.25, 6.55, 6.85, 7.17, 7.51, 7.85, 8.2, 8.57, 8.95]","[29.4118, 29.4118, 29.4118, 29.4118, 29.4118, 29.4118, 29.4118, 29.4118, 29.4118, 29.4118, 29.4118, 29.4118, 29.4118, 29.4118, 29.4118, 29.4118, 29.4118, 29.4118, 29.4118, 29.4118, 29.4118, 29.4118, 29.4118, 29.4118, 29.4118, 29.4118, 29.4118, 29.4118, 29.4118, 29.4118, 29.4118, 29.4118, 29.4118, 29.4118]",C:/Users/Madness/PycharmProjects/Crupto_Data_Joiner/Raw_Data_Spot/BYBIT_DOGEUSDT_SPOT_2021_2026.csv,1000.0,0.0018,0.1,False
0.001321,973.8143,705.7216,21.7775,100.0,973814318033.3756,749,3188.2,1234868.0,34,1.9,2.06,3.22,back_heavy,6.12,53.58,random,"[2.06, 2.06, 2.06, 2.07, 2.08, 2.09, 2.1, 2.11, 2.13, 2.15, 2.17, 2.19, 2.21, 2.24, 2.27, 2.3, 2.33, 2.37, 2.41, 2.44, 2.49, 2.53, 2.58, 2.62, 2.67, 2.73, 2.78, 2.84, 2.9, 2.96, 3.02, 3.08, 3.15, 3.22]","[33.0841, 40.6902, 11.4486, 31.3576, 37.9132, 21.2364, 35.0906, 44.8794, 53.5787, 19.3775, 33.5831, 19.529, 9.9364, 43.7671, 11.801, 7.9651, 31.8861, 46.204, 48.8476, 39.755, 49.8085, 24.2619, 6.1233, 11.5258, 18.1519, 42.7424, 22.8525, 50.4094, 14.3236, 26.2551, 12.2248, 25.0714, 22.562, 51.7569]",C:/Users/Madness/PycharmProjects/Crupto_Data_Joiner/Raw_Data_Spot/BYBIT_DOGEUSDT_SPOT_2021_2026.csv,1000.0,0.0018,0.1,False
0.001306,963.441,559.5003,15.7356,100.0,963440984100.4298,310,7701.5,1235473.0,31,3.5,2.55,6.75,back_heavy,32.26,32.26,flat,"[2.55, 2.55, 2.57, 2.59, 2.62, 2.67, 2.72, 2.78, 2.85, 2.93, 3.02, 3.11, 3.22, 3.34, 3.46, 3.6, 3.74, 3.9, 4.06, 4.23, 4.42, 4.61, 4.81, 5.02, 5.24, 5.47, 5.7, 5.95, 6.21, 6.47, 6.75]","[32.2581, 32.2581, 32.2581, 32.2581, 32.2581, 32.2581, 32.2581, 32.2581, 32.2581, 32.2581, 32.2581, 32.2581, 32.2581, 32.2581, 32.2581, 32.2581, 32.2581, 32.2581, 32.2581, 32.2581, 32.2581, 32.2581, 32.2581, 32.2581, 32.2581, 32.2581, 32.2581, 32.2581, 32.2581, 32.2581, 32.2581]",C:/Users/Madness/PycharmProjects/Crupto_Data_Joiner/Raw_Data_Spot/BYBIT_DOGEUSDT_SPOT_2021_2026.csv,1000.0,0.0018,0.1,False
0.001306,1017.7087,772.6686,22.8801,100.0,1017708687793.9521,1355,1762.7,1269673.0,28,1.55,0.86,4.8,geometric,12.95,58.48,linear_increase,"[0.86, 0.92, 0.98, 1.04, 1.11, 1.18, 1.26, 1.34, 1.43, 1.53, 1.63, 1.73, 1.85, 1.97, 2.1, 2.24, 2.38, 2.54, 2.71, 2.88, 3.07, 3.28, 3.49, 3.72, 3.97, 4.23, 4.5, 4.8]","[12.953, 14.6376, 16.3264, 18.011, 19.6957, 21.3845, 23.0691, 24.7538, 26.4425, 28.1272, 29.8118, 31.5006, 33.1853, 34.8699, 36.5587, 38.2433, 39.928, 41.6168, 43.3014, 44.986, 46.6748, 48.3595, 50.0441, 51.7329, 53.4175, 55.1022, 56.791, 58.4756]",C:/Users/Madness/PycharmProjects/Crupto_Data_Joiner/Raw_Data_Spot/BYBIT_DOGEUSDT_SPOT_2021_2026.csv,1000.0,0.0018,0.1,False
0.001296,956.2719,714.1583,19.1547,100.0,956271887868.6396,569,4196.1,1235443.0,30,2.3,1.93,3.11,front_heavy,4.33,60.45,random,"[3.11, 3.07, 3.03, 2.99, 2.95, 2.91, 2.87, 2.83, 2.78, 2.74, 2.7, 2.66, 2.62, 2.58, 2.54, 2.5, 2.46, 2.42, 2.38, 2.34, 2.3, 2.26, 2.21, 2.17, 2.13, 2.09, 2.05, 2.01, 1.97, 1.93]","[36.7393, 47.9461, 27.7915, 45.3395, 56.5056, 37.3142, 23.5974, 4.3348, 31.2682, 53.943, 14.9583, 46.7725, 54.0617, 38.3793, 37.6483, 15.0125, 30.5135, 46.6843, 60.4469, 8.763, 22.2949, 24.4471, 28.2918, 24.2588, 7.5029, 44.6797, 37.3685, 7.2332, 26.2397, 59.6634]",C:/Users/Madness/PycharmProjects/Crupto_Data_Joiner/Raw_Data_Spot/BYBIT_DOGEUSDT_SPOT_2021_2026.csv,1000.0,0.0018,0.1,False
0.001277,171.856,116.9915,22.0058,100.0,171856045094.612,406,5881.8,526916.0,33,2.5,4.21,8.08,front_heavy,13.1,57.87,geometric_increase,"[8.08, 7.96, 7.84, 7.72, 7.6, 7.48, 7.35, 7.23, 7.11, 6.99, 6.87, 6.75, 6.63, 6.51, 6.39, 6.27, 6.14, 6.02, 5.9, 5.78, 5.66, 5.54, 5.42, 5.3, 5.18, 5.06, 4.94, 4.81, 4.69, 4.57, 4.45, 4.33, 4.21]","[13.1002, 13.7215, 14.3724, 15.0587, 15.7747, 16.5202, 17.3072, 18.1296, 18.9935, 19.8929, 20.8396, 21.8278, 22.8691, 23.952, 25.0939, 26.2832, 27.5317, 28.8394, 30.2121, 31.65, 33.1529, 34.7268, 36.3776, 38.1054, 39.916, 41.8153, 43.7975, 45.8803, 48.0637, 50.3476, 52.7381, 55.241, 57.8681]",C:/Users/Madness/PycharmProjects/Crupto_Data_Joiner/Raw_Data_Spot/BYBIT_DOGEUSDT_SPOT_2021_2026.csv,1000.0,0.0018,0.1,False
0.001273,174.0068,186.3801,69.6019,100.0,174006776157.7774,1121,1949.7,530848.0,33,0.65,4.98,9.29,front_heavy,30.3,30.3,flat,"[9.29, 9.16, 9.02, 8.89, 8.75, 8.62, 8.48, 8.35, 8.21, 8.08, 7.94, 7.81, 7.67, 7.54, 7.4, 7.27, 7.14, 7.0, 6.87, 6.73, 6.6, 6.46, 6.33, 6.19, 6.06, 5.92, 5.79, 5.65, 5.52, 5.38, 5.25, 5.11, 4.98]","[30.303, 30.303, 30.303, 30.303, 30.303, 30.303, 30.303, 30.303, 30.303, 30.303, 30.303, 30.303, 30.303, 30.303, 30.303, 30.303, 30.303, 30.303, 30.303, 30.303, 30.303, 30.303, 30.303, 30.303, 30.303, 30.303, 30.303, 30.303, 30.303, 30.303, 30.303, 30.303, 30.303]",C:/Users/Madness/PycharmProjects/Crupto_Data_Joiner/Raw_Data_Spot/BYBIT_DOGEUSDT_SPOT_2021_2026.csv,1000.0,0.0018,0.1,False
0.001254,924.0718,424.5015,11.4648,100.0,924071798365.219,149,14668.0,1234866.0,33,7.5,2.65,6.63,back_heavy,16.71,49.56,geometric_increase,"[2.65, 2.65, 2.67, 2.68, 2.71, 2.75, 2.79, 2.84, 2.9, 2.96, 3.04, 3.12, 3.21, 3.31, 3.41, 3.52, 3.64, 3.77, 3.91, 4.05, 4.2, 4.36, 4.53, 4.71, 4.89, 5.08, 5.28, 5.48, 5.7, 5.92, 6.15, 6.39, 6.63]","[16.7062, 17.2843, 17.8812, 18.4999, 19.1374, 19.7999, 20.4843, 21.1937, 21.9249, 22.6812, 23.4656, 24.278, 25.1155, 25.9843, 26.8843, 27.8124, 28.7718, 29.7687, 30.7968, 31.8624, 32.9624, 34.0999, 35.2811, 36.4999, 37.7624, 39.0655, 40.4155, 41.8124, 43.2592, 44.753, 46.2999, 47.8999, 49.5561]",C:/Users/Madness/PycharmProjects/Crupto_Data_Joiner/Raw_Data_Spot/BYBIT_DOGEUSDT_SPOT_2021_2026.csv,1000.0,0.0018,0.1,False
0.001252,924.689,543.2202,17.2694,100.0,924688989788.5533,357,6440.2,1235920.0,31,3.0,2.16,9.73,back_heavy,32.26,32.26,flat,"[2.16, 2.17, 2.19, 2.24, 2.29, 2.37, 2.46, 2.57, 2.7, 2.84, 3.0, 3.18, 3.37, 3.58, 3.81, 4.05, 4.31, 4.59, 4.89, 5.2, 5.52, 5.87, 6.23, 6.61, 7.0, 7.42, 7.85, 8.29, 8.75, 9.23, 9.73]","[32.2581, 32.2581, 32.2581, 32.2581, 32.2581, 32.2581, 32.2581, 32.2581, 32.2581, 32.2581, 32.2581, 32.2581, 32.2581, 32.2581, 32.2581, 32.2581, 32.2581, 32.2581, 32.2581, 32.2581, 32.2581, 32.2581, 32.2581, 32.2581, 32.2581, 32.2581, 32.2581, 32.2581, 32.2581, 32.2581, 32.2581]",C:/Users/Madness/PycharmProjects/Crupto_Data_Joiner/Raw_Data_Spot/BYBIT_DOGEUSDT_SPOT_2021_2026.csv,1000.0,0.0018,0.1,False
0.00125,43.9496,26.0471,69.5342,100.0,43949647679.8059,1408,1665.9,268607.0,35,0.65,8.43,9.58,random,6.02,78.25,geometric_increase,"[9.04, 9.22, 8.83, 9.49, 8.73, 9.36, 8.5, 9.41, 9.27, 9.24, 9.12, 9.4, 9.54, 9.16, 9.15, 9.13, 8.87, 9.57, 8.85, 9.48, 8.59, 9.44, 9.49, 8.91, 8.93, 9.07, 9.33, 8.86, 9.21, 8.99, 9.46, 8.61, 9.44, 9.33, 8.98]","[6.0181, 6.4901, 6.9988, 7.5468, 8.1377, 8.7752, 9.4629, 10.2046, 11.0051, 11.867, 12.7974, 13.8002, 14.8815, 16.0474, 17.3052, 18.661, 20.1236, 21.7001, 23.4017, 25.2345, 27.2131, 29.345, 31.6448, 34.1249, 36.7986, 39.682, 42.7922, 46.1451, 49.7616, 53.6612, 57.8662, 62.4009, 67.2911, 72.5638, 78.2508]",C:/Users/Madness/PycharmProjects/Crupto_Data_Joiner/Raw_Data_Spot/BYBIT_DOGEUSDT_SPOT_2021_2026.csv,1000.0,0.0018,0.1,False
0.001248,920.0514,634.3246,21.0022,100.0,920051398367.335,610,3914.0,1234980.0,30,2.1,2.45,4.38,geometric,8.56,54.1,random,"[2.45, 2.5, 2.55, 2.6, 2.65, 2.71, 2.76, 2.82, 2.88, 2.93, 2.99, 3.05, 3.12, 3.18, 3.24, 3.31, 3.38, 3.44, 3.51, 3.58, 3.66, 3.73, 3.81, 3.88, 3.96, 4.04, 4.12, 4.21, 4.29, 4.38]","[35.1825, 50.4808, 15.6441, 35.3745, 51.1756, 37.9538, 34.4941, 12.4889, 43.1537, 8.5613, 51.6642, 42.2209, 40.4728, 42.7619, 49.2514, 27.3637, 15.4014, 22.9157, 46.1835, 50.5109, 12.5413, 52.332, 36.607, 15.0032, 15.8836, 54.1007, 10.5695, 20.4871, 22.8935, 46.3263]",C:/Users/Madness/PycharmProjects/Crupto_Data_Joiner/Raw_Data_Spot/BYBIT_DOGEUSDT_SPOT_2021_2026.csv,1000.0,0.0018,0.1,False
0.001245,917.551,635.976,18.8641,100.0,917550963810.6234,565,4226.5,1234841.0,34,2.4,2.22,3.21,linear,29.41,29.41,flat,"[2.22, 2.25, 2.28, 2.31, 2.34, 2.37, 2.4, 2.43, 2.46, 2.49, 2.52, 2.55, 2.58, 2.61, 2.64, 2.67, 2.7, 2.73, 2.76, 2.79, 2.82, 2.85, 2.88, 2.91, 2.94, 2.97, 3.0, 3.03, 3.06, 3.09, 3.12, 3.15, 3.18, 3.21]","[29.4118, 29.4118, 29.4118, 29.4118, 29.4118, 29.4118, 29.4118, 29.4118, 29.4118, 29.4118, 29.4118, 29.4118, 29.4118, 29.4118, 29.4118, 29.4118, 29.4118, 29.4118, 29.4118, 29.4118, 29.4118, 29.4118, 29.4118, 29.4118, 29.4118, 29.4118, 29.4118, 29.4118, 29.4118, 29.4118, 29.4118, 29.4118, 29.4118, 29.4118]",C:/Users/Madness/PycharmProjects/Crupto_Data_Joiner/Raw_Data_Spot/BYBIT_DOGEUSDT_SPOT_2021_2026.csv,1000.0,0.0018,0.1,False
0.001211,893.1547,675.4101,26.78,100.0,893154669509.6724,967,2378.8,1235439.0,30,1.4,1.6,5.38,geometric,13.68,46.99,random,"[1.6, 1.67, 1.74, 1.81, 1.89, 1.97, 2.06, 2.14, 2.24, 2.33, 2.43, 2.53, 2.64, 2.76, 2.87, 3.0, 3.12, 3.26, 3.4, 3.54, 3.69, 3.85, 4.01, 4.19, 4.36, 4.55, 4.75, 4.95, 5.16, 5.38]","[36.5346, 26.8921, 36.5268, 33.1463, 37.9461, 46.3175, 38.4959, 22.7045, 29.7736, 32.0273, 30.608, 33.2711, 44.5512, 39.2172, 46.9881, 18.626, 41.6074, 27.6408, 22.1976, 18.1932, 40.0165, 36.6555, 37.2131, 24.6774, 41.5918, 13.6781, 34.4642, 45.2101, 39.0457, 24.1823]",C:/Users/Madness/PycharmProjects/Crupto_Data_Joiner/Raw_Data_Spot/BYBIT_DOGEUSDT_SPOT_2021_2026.csv,1000.0,0.0018,0.1,False
0.001176,867.3272,605.9326,30.3962,100.0,867327183653.5035,1469,1626.1,1235444.0,31,1.3,0.12,9.71,linear,8.34,57.77,pyramid,"[0.12, 0.44, 0.76, 1.08, 1.4, 1.72, 2.04, 2.36, 2.68, 3.0, 3.32, 3.64, 3.96, 4.28, 4.6, 4.92, 5.23, 5.55, 5.87, 6.19, 6.51, 6.83, 7.15, 7.47, 7.79, 8.11, 8.43, 8.75, 9.07, 9.39, 9.71]","[8.3386, 11.6332, 14.9302, 18.2248, 21.5219, 24.8165, 28.111, 31.4081, 34.7027, 37.9997, 41.2943, 44.5889, 47.8859, 51.1805, 54.4776, 57.7722, 54.4776, 51.1805, 47.8859, 44.5889, 41.2943, 37.9997, 34.7027, 31.4081, 28.111, 24.8165, 21.5219, 18.2248, 14.9302, 11.6332, 8.3386]",C:/Users/Madness/PycharmProjects/Crupto_Data_Joiner/Raw_Data_Spot/BYBIT_DOGEUSDT_SPOT_2021_2026.csv,1000.0,0.0018,0.1,False
0.001169,910.6097,770.7769,42.2609,100.0,910609720120.6732,2846,775.5,1269669.0,32,0.75,0.75,5.51,geometric,16.61,49.75,random,"[0.75, 0.8, 0.85, 0.91, 0.97, 1.03, 1.1, 1.18, 1.25, 1.34, 1.43, 1.52, 1.62, 1.73, 1.85, 1.97, 2.1, 2.24, 2.39, 2.55, 2.72, 2.9, 3.09, 3.29, 3.51, 3.75, 3.99, 4.26, 4.54, 4.84, 5.17, 5.51]","[18.3099, 39.7856, 20.5956, 21.9585, 26.9577, 28.0394, 16.611, 19.6728, 37.7811, 41.1485, 42.9086, 45.4632, 18.9027, 37.6772, 38.2944, 35.9598, 33.8942, 49.7534, 36.7238, 44.1981, 27.2816, 18.9455, 48.7022, 21.2679, 28.7789, 17.9983, 29.06, 20.5101, 33.8942, 30.2517, 42.5419, 26.1326]",C:/Users/Madness/PycharmProjects/Crupto_Data_Joiner/Raw_Data_Spot/BYBIT_DOGEUSDT_SPOT_2021_2026.csv,1000.0,0.0018,0.1,False
0.001156,901.091,780.9446,33.3755,100.0,901090977204.2806,2651,867.8,1269754.0,29,0.8,1.17,3.51,linear,18.35,52.6,random,"[1.17, 1.25, 1.34, 1.42, 1.5, 1.59, 1.67, 1.75, 1.84, 1.92, 2.01, 2.09, 2.17, 2.26, 2.34, 2.42, 2.51, 2.59, 2.67, 2.76, 2.84, 2.92, 3.01, 3.09, 3.18, 3.26, 3.34, 3.43, 3.51]","[18.3479, 46.1846, 52.117, 47.575, 50.1233, 50.4231, 33.4805, 38.461, 23.6395, 29.6805, 47.3276, 47.2489, 25.131, 31.2057, 27.7393, 43.389, 29.7255, 23.7856, 28.8186, 31.3706, 28.2452, 27.6231, 21.0911, 47.204, 30.029, 24.2803, 21.5371, 21.6158, 52.6004]",C:/Users/Madness/PycharmProjects/Crupto_Data_Joiner/Raw_Data_Spot/BYBIT_DOGEUSDT_SPOT_2021_2026.csv,1000.0,0.0018,0.1,False
0.00115,847.5618,576.8398,15.8716,100.0,847561846856.9211,428,5578.2,1234780.0,33,3.0,2.61,4.98,back_heavy,26.3,34.56,pyramid,"[2.61, 2.61, 2.62, 2.63, 2.65, 2.67, 2.69, 2.72, 2.76, 2.8, 2.84, 2.89, 2.94, 3.0, 3.06, 3.13, 3.2, 3.28, 3.36, 3.45, 3.54, 3.63, 3.73, 3.83, 3.94, 4.06, 4.17, 4.3, 4.42, 4.56, 4.69, 4.83, 4.98]","[26.2978, 26.8166, 27.3296, 27.8484, 28.3615, 28.8802, 29.3933, 29.9121, 30.4309, 30.9439, 31.4627, 31.9758, 32.4946, 33.0076, 33.5264, 34.0395, 34.5582, 34.0395, 33.5264, 33.0076, 32.4946, 31.9758, 31.4627, 30.9439, 30.4309, 29.9121, 29.3933, 28.8802, 28.3615, 27.8484, 27.3296, 26.8166, 26.2978]",C:/Users/Madness/PycharmProjects/Crupto_Data_Joiner/Raw_Data_Spot/BYBIT_DOGEUSDT_SPOT_2021_2026.csv,1000.0,0.0018,0.1,False
0.001144,843.0646,621.8226,21.518,100.0,843064558630.2618,676,3531.8,1234832.0,29,1.95,2.6,5.09,back_heavy,34.48,34.48,flat,"[2.6, 2.6, 2.61, 2.63, 2.65, 2.68, 2.71, 2.76, 2.8, 2.86, 2.92, 2.98, 3.06, 3.14, 3.22, 3.31, 3.41, 3.52, 3.63, 3.75, 3.87, 4.0, 4.14, 4.28, 4.43, 4.59, 4.75, 4.92, 5.09]","[34.4828, 34.4828, 34.4828, 34.4828, 34.4828, 34.4828, 34.4828, 34.4828, 34.4828, 34.4828, 34.4828, 34.4828, 34.4828, 34.4828, 34.4828, 34.4828, 34.4828, 34.4828, 34.4828, 34.4828, 34.4828, 34.4828, 34.4828, 34.4828, 34.4828, 34.4828, 34.4828, 34.4828, 34.4828]",C:/Users/Madness/PycharmProjects/Crupto_Data_Joiner/Raw_Data_Spot/BYBIT_DOGEUSDT_SPOT_2021_2026.csv,1000.0,0.0018,0.1,False
0.001142,1406.7458,802.2182,10.1866,100.0,1406745753889.9578,139,16464.8,1596625.0,34,6.5,0.85,3.24,linear,4.57,54.25,pyramid,"[0.85, 0.92, 0.99, 1.07, 1.14, 1.21, 1.28, 1.36, 1.43, 1.5, 1.57, 1.65, 1.72, 1.79, 1.86, 1.94, 2.01, 2.08, 2.15, 2.23, 2.3, 2.37, 2.44, 2.52, 2.59, 2.66, 2.73, 2.81, 2.88, 2.95, 3.02, 3.1, 3.17, 3.24]","[4.5722, 7.4948, 10.4175, 13.3387, 16.2613, 19.184, 22.1066, 25.0278, 27.9504, 30.8731, 33.7957, 36.7169, 39.6396, 42.5622, 45.4849, 48.406, 51.3287, 54.2513, 51.3287, 48.406, 45.4849, 42.5622, 39.6396, 36.7169, 33.7957, 30.8731, 27.9504, 25.0278, 22.1066, 19.184, 16.2613, 13.3387, 10.4175, 7.4948]",C:/Users/Madness/PycharmProjects/Crupto_Data_Joiner/Raw_Data_Spot/BYBIT_DOGEUSDT_SPOT_2021_2026.csv,1000.0,0.0018,0.1,False
0.001142,841.9287,711.3625,30.5813,100.0,841928690063.8988,1321,1741.3,1234985.0,35,1.15,1.34,3.94,geometric,21.39,39.87,random,"[1.34, 1.38, 1.43, 1.47, 1.52, 1.57, 1.62, 1.67, 1.73, 1.78, 1.84, 1.9, 1.96, 2.02, 2.09, 2.16, 2.23, 2.3, 2.37, 2.45, 2.53, 2.61, 2.69, 2.78, 2.87, 2.96, 3.06, 3.16, 3.26, 3.36, 3.47, 3.58, 3.7, 3.82, 3.94]","[31.5142, 25.9879, 36.6874, 22.3728, 21.4355, 22.2571, 39.8705, 23.4865, 22.1354, 30.9664, 24.436, 23.4561, 29.9013, 36.8578, 35.0381, 32.5671, 22.1354, 27.0895, 33.7843, 28.4894, 30.1691, 21.3929, 24.5942, 28.7328, 28.891, 35.9388, 25.2637, 35.3485, 21.6911, 26.3227, 28.0451, 26.4261, 33.407, 25.708, 37.6003]",C:/Users/Madness/PycharmProjects/Crupto_Data_Joiner/Raw_Data_Spot/BYBIT_DOGEUSDT_SPOT_2021_2026.csv,1000.0,0.0018,0.1,False
0.001128,831.513,521.0486,14.2222,100.0,831513037210.8223,291,8060.5,1234870.0,30,4.0,3.36,5.28,back_heavy,28.4,38.27,pyramid,"[3.36, 3.36, 3.37, 3.38, 3.4, 3.42, 3.44, 3.47, 3.51, 3.54, 3.59, 3.64, 3.69, 3.75, 3.81, 3.87, 3.94, 4.02, 4.1, 4.18, 4.27, 4.37, 4.46, 4.57, 4.68, 4.79, 4.9, 5.02, 5.15, 5.28]","[28.3999, 29.0568, 29.7136, 30.3704, 31.0344, 31.6912, 32.3481, 33.0049, 33.6618, 34.3186, 34.9755, 35.6323, 36.2962, 36.9531, 37.6099, 38.2668, 37.6099, 36.9531, 36.2962, 35.6323, 34.9755, 34.3186, 33.6618, 33.0049, 32.3481, 31.6912, 31.0344, 30.3704, 29.7136, 29.0568]",C:/Users/Madness/PycharmProjects/Crupto_Data_Joiner/Raw_Data_Spot/BYBIT_DOGEUSDT_SPOT_2021_2026.csv,1000.0,0.0018,0.1,False
0.001123,829.2446,505.3916,18.9066,100.0,829244629292.7701,367,5955.3,1235927.0,35,2.6,1.17,7.62,linear,28.57,28.57,flat,"[1.17, 1.36, 1.55, 1.74, 1.93, 2.12, 2.31, 2.5, 2.69, 2.88, 3.07, 3.26, 3.45, 3.64, 3.83, 4.02, 4.21, 4.39, 4.58, 4.77, 4.96, 5.15, 5.34, 5.53, 5.72, 5.91, 6.1, 6.29, 6.48, 6.67, 6.86, 7.05, 7.24, 7.43, 7.62]","[28.5714, 28.5714, 28.5714, 28.5714, 28.5714, 28.5714, 28.5714, 28.5714, 28.5714, 28.5714, 28.5714, 28.5714, 28.5714, 28.5714, 28.5714, 28.5714, 28.5714, 28.5714, 28.5714, 28.5714, 28.5714, 28.5714, 28.5714, 28.5714, 28.5714, 28.5714, 28.5714, 28.5714, 28.5714, 28.5714, 28.5714, 28.5714, 28.5714, 28.5714, 28.5714]",C:/Users/Madness/PycharmProjects/Crupto_Data_Joiner/Raw_Data_Spot/BYBIT_DOGEUSDT_SPOT_2021_2026.csv,1000.0,0.0018,0.1,False
0.001122,827.6396,380.1294,10.957,100.0,827639573722.7552,106,20545.1,1235472.0,34,8.0,2.04,7.57,random,29.41,29.41,flat,"[5.79, 3.85, 2.41, 3.13, 2.26, 3.75, 3.76, 6.56, 3.15, 5.16, 5.23, 5.86, 3.69, 3.33, 7.44, 3.76, 6.76, 3.94, 5.97, 3.26, 6.67, 6.08, 3.04, 6.05, 4.82, 2.88, 6.98, 2.06, 4.15, 5.85, 7.03, 4.77, 7.21, 4.13]","[29.4118, 29.4118, 29.4118, 29.4118, 29.4118, 29.4118, 29.4118, 29.4118, 29.4118, 29.4118, 29.4118, 29.4118, 29.4118, 29.4118, 29.4118, 29.4118, 29.4118, 29.4118, 29.4118, 29.4118, 29.4118, 29.4118, 29.4118, 29.4118, 29.4118, 29.4118, 29.4118, 29.4118, 29.4118, 29.4118, 29.4118, 29.4118, 29.4118, 29.4118]",C:/Users/Madness/PycharmProjects/Crupto_Data_Joiner/Raw_Data_Spot/BYBIT_DOGEUSDT_SPOT_2021_2026.csv,1000.0,0.0018,0.1,False
0.001109,817.8667,432.0605,13.8708,100.0,817866674906.9908,282,8468.1,1234994.0,29,4.5,2.81,7.59,linear,5.41,58.93,random,"[2.81, 2.98, 3.15, 3.32, 3.49, 3.66, 3.83, 4.0, 4.18, 4.35, 4.52, 4.69, 4.86, 5.03, 5.2, 5.37, 5.54, 5.71, 5.88, 6.05, 6.22, 6.4, 6.57, 6.74, 6.91, 7.08, 7.25, 7.42, 7.59]","[17.7645, 27.3975, 27.705, 22.879, 45.5599, 12.4439, 54.3494, 5.4126, 28.9924, 54.9487, 10.042, 47.2864, 38.1925, 27.2326, 47.5052, 47.7842, 30.5651, 53.2079, 6.1863, 42.6079, 57.7136, 43.8397, 37.8358, 12.8878, 12.1966, 58.9265, 51.7652, 57.7866, 18.9853]",C:/Users/Madness/PycharmProjects/Crupto_Data_Joiner/Raw_Data_Spot/BYBIT_DOGEUSDT_SPOT_2021_2026.csv,1000.0,0.0018,0.1,False
0.001093,806.8237,515.6724,22.9512,100.0,806823680994.3448,549,4351.0,1235945.0,34,2.0,2.91,8.7,back_heavy,9.13,52.75,random,"[2.91, 2.92, 2.93, 2.96, 3.0, 3.04, 3.1, 3.17, 3.25, 3.34, 3.44, 3.55, 3.68, 3.81, 3.95, 4.11, 4.27, 4.45, 4.63, 4.83, 5.04, 5.25, 5.48, 5.72, 5.97, 6.23, 6.5, 6.79, 7.08, 7.38, 7.7, 8.02, 8.35, 8.7]","[42.4981, 46.4947, 36.3197, 39.2372, 20.6429, 46.1587, 33.8863, 17.4072, 37.7393, 44.6592, 29.2266, 43.2649, 22.7152, 38.358, 45.6021, 9.1299, 17.4664, 42.1473, 29.4975, 17.4161, 14.093, 14.2958, 15.89, 11.6596, 30.3012, 43.3966, 24.4589, 29.0357, 24.7875, 13.3662, 44.7599, 52.747, 10.4266, 10.915]",C:/Users/Madness/PycharmProjects/Crupto_Data_Joiner/Raw_Data_Spot/BYBIT_DOGEUSDT_SPOT_2021_2026.csv,1000.0,0.0018,0.1,False
0.001062,783.6241,606.1356,48.3339,100.0,783624095962.1774,2505,881.1,1235436.0,32,0.7,0.44,6.56,linear,9.01,59.35,random,"[0.44, 0.64, 0.83, 1.03, 1.23, 1.43, 1.62, 1.82, 2.02, 2.22, 2.41, 2.61, 2.81, 3.01, 3.2, 3.4, 3.6, 3.8, 3.99, 4.19, 4.39, 4.59, 4.78, 4.98, 5.18, 5.38, 5.57, 5.77, 5.97, 6.17, 6.36, 6.56]","[22.7113, 9.0053, 58.4072, 17.6994, 14.2812, 29.1659, 10.5329, 31.6883, 46.309, 43.9092, 33.6544, 18.0813, 36.7379, 59.3549, 16.4029, 23.3431, 24.8896, 18.5198, 29.5714, 44.4231, 9.59, 20.9527, 34.8567, 34.4937, 55.6868, 51.0474, 43.8573, 19.2648, 36.455, 15.1016, 56.7005, 33.3055]",C:/Users/Madness/PycharmProjects/Crupto_Data_Joiner/Raw_Data_Spot/BYBIT_DOGEUSDT_SPOT_2021_2026.csv,1000.0,0.0018,0.1,False
0.001049,36.7029,440.2458,89.8345,100.0,36702903890.7858,8735,273.5,267855.0,34,0.2,2.52,7.1,back_heavy,3.72,56.54,random,"[2.52, 2.52, 2.54, 2.56, 2.59, 2.63, 2.67, 2.73, 2.79, 2.86, 2.94, 3.03, 3.13, 3.23, 3.34, 3.47, 3.6, 3.74, 3.88, 4.04, 4.2, 4.37, 4.56, 4.74, 4.94, 5.15, 5.36, 5.59, 5.82, 6.06, 6.31, 6.56, 6.83, 7.1]","[17.6575, 3.7222, 29.658, 50.1755, 4.1599, 10.6708, 28.5471, 26.9389, 33.8527, 55.4147, 12.7864, 43.9498, 31.0706, 4.1549, 46.8811, 19.7366, 43.1639, 26.3337, 4.9424, 9.2698, 33.8958, 29.6033, 47.6205, 27.176, 9.2283, 45.9261, 56.5405, 9.7174, 36.3479, 42.7212, 27.3351, 50.1987, 29.8437, 50.7591]",C:/Users/Madness/PycharmProjects/Crupto_Data_Joiner/Raw_Data_Spot/BYBIT_DOGEUSDT_SPOT_2021_2026.csv,1000.0,0.0018,0.1,False
0.001044,770.2907,462.8493,20.875,100.0,770290732877.3578,304,7189.5,1235464.0,31,2.9,3.58,4.14,front_heavy,4.18,55.34,random,"[4.14, 4.12, 4.1, 4.08, 4.07, 4.05, 4.03, 4.01, 3.99, 3.97, 3.95, 3.93, 3.92, 3.9, 3.88, 3.86, 3.84, 3.82, 3.8, 3.79, 3.77, 3.75, 3.73, 3.71, 3.69, 3.67, 3.65, 3.64, 3.62, 3.6, 3.58]","[54.9164, 54.7675, 32.6847, 39.3983, 16.9129, 4.1823, 36.3564, 39.4272, 55.3403, 38.5285, 32.0891, 13.8786, 42.302, 25.8715, 39.6885, 49.9448, 8.0067, 13.8094, 10.7341, 18.1923, 14.8548, 41.992, 40.7104, 46.254, 14.1202, 47.3731, 40.0714, 36.0875, 11.8136, 29.1163, 50.5753]",C:/Users/Madness/PycharmProjects/Crupto_Data_Joiner/Raw_Data_Spot/BYBIT_DOGEUSDT_SPOT_2021_2026.csv,1000.0,0.0018,0.1,False
0.001042,811.8453,639.9285,27.264,100.0,811845337764.1968,872,2531.2,1269671.0,30,1.25,0.9,9.52,back_heavy,15.49,48.93,random,"[0.9, 0.91, 0.94, 0.99, 1.06, 1.16, 1.27, 1.4, 1.56, 1.73, 1.92, 2.14, 2.38, 2.63, 2.91, 3.21, 3.52, 3.86, 4.22, 4.6, 5.0, 5.42, 5.86, 6.32, 6.8, 7.31, 7.83, 8.37, 8.94, 9.52]","[35.1057, 18.9791, 16.3853, 41.2221, 23.6556, 44.5791, 34.4934, 16.4721, 16.9237, 34.7441, 41.1771, 42.13, 34.2523, 43.0605, 31.1781, 30.3601, 40.7882, 29.7607, 31.6891, 29.735, 45.3923, 47.3931, 15.4902, 21.245, 47.6936, 21.7143, 48.9342, 48.3878, 20.8207, 46.2376]",C:/Users/Madness/PycharmProjects/Crupto_Data_Joiner/Raw_Data_Spot/BYBIT_DOGEUSDT_SPOT_2021_2026.csv,1000.0,0.0018,0.1,False
0.001036,763.6113,693.1924,32.8002,100.0,763611257373.5715,1764,1354.1,1234841.0,30,1.0,1.71,4.02,linear,4.57,57.82,random,"[1.71, 1.79, 1.87, 1.95, 2.03, 2.11, 2.19, 2.27, 2.35, 2.43, 2.51, 2.59, 2.67, 2.75, 2.83, 2.9, 2.98, 3.06, 3.14, 3.22, 3.3, 3.38, 3.46, 3.54, 3.62, 3.7, 3.78, 3.86, 3.94, 4.02]","[28.0383, 34.8286, 7.9272, 54.8746, 18.6001, 37.5743, 28.9759, 35.629, 31.8628, 23.902, 4.5706, 54.5183, 49.4197, 32.828, 57.8167, 24.2642, 28.7401, 55.4174, 33.9482, 42.8031, 4.6535, 17.1374, 23.6197, 26.8836, 45.0297, 55.8368, 53.1267, 35.1464, 42.4271, 9.6001]",C:/Users/Madness/PycharmProjects/Crupto_Data_Joiner/Raw_Data_Spot/BYBIT_DOGEUSDT_SPOT_2021_2026.csv,1000.0,0.0018,0.1,False
0.001026,756.3453,538.7895,24.7949,100.0,756345271196.9818,654,3650.7,1234840.0,31,1.75,2.55,4.9,linear,23.13,40.77,random,"[2.55, 2.63, 2.71, 2.78, 2.86, 2.94, 3.02, 3.1, 3.18, 3.26, 3.33, 3.41, 3.49, 3.57, 3.65, 3.72, 3.8, 3.88, 3.96, 4.04, 4.12, 4.2, 4.27, 4.35, 4.43, 4.51, 4.59, 4.67, 4.74, 4.82, 4.9]","[40.532, 37.0283, 38.5668, 24.497, 37.7588, 40.5708, 27.7227, 30.4734, 31.54, 27.212, 28.3724, 29.3001, 34.4522, 23.1298, 26.9567, 25.9095, 32.8587, 30.6156, 27.3349, 38.04, 40.768, 25.2275, 40.4803, 37.8881, 28.9154, 26.5171, 36.8279, 26.8016, 37.3224, 26.9244, 39.4557]",C:/Users/Madness/PycharmProjects/Crupto_Data_Joiner/Raw_Data_Spot/BYBIT_DOGEUSDT_SPOT_2021_2026.csv,1000.0,0.0018,0.1,False
0.001016,748.7472,511.2242,23.8824,100.0,748747170153.7457,715,3339.9,1234988.0,32,1.75,1.98,9.74,geometric,31.25,31.25,flat,"[1.98, 2.08, 2.19, 2.31, 2.43, 2.56, 2.7, 2.84, 2.99, 3.14, 3.31, 3.48, 3.67, 3.86, 4.07, 4.28, 4.51, 4.74, 4.99, 5.26, 5.53, 5.83, 6.13, 6.46, 6.8, 7.16, 7.53, 7.93, 8.35, 8.79, 9.25, 9.74]","[31.25, 31.25, 31.25, 31.25, 31.25, 31.25, 31.25, 31.25, 31.25, 31.25, 31.25, 31.25, 31.25, 31.25, 31.25, 31.25, 31.25, 31.25, 31.25, 31.25, 31.25, 31.25, 31.25, 31.25, 31.25, 31.25, 31.25, 31.25, 31.25, 31.25, 31.25, 31.25]",C:/Users/Madness/PycharmProjects/Crupto_Data_Joiner/Raw_Data_Spot/BYBIT_DOGEUSDT_SPOT_2021_2026.csv,1000.0,0.0018,0.1,False
0.001012,747.4678,711.6992,37.1284,100.0,747467766619.0958,2011,1143.8,1235948.0,34,0.8,1.39,4.54,geometric,8.67,52.75,random,"[1.39, 1.44, 1.49, 1.55, 1.6, 1.66, 1.72, 1.79, 1.85, 1.92, 1.99, 2.06, 2.14, 2.22, 2.3, 2.38, 2.47, 2.56, 2.65, 2.75, 2.85, 2.95, 3.06, 3.17, 3.29, 3.41, 3.53, 3.66, 3.79, 3.93, 4.08, 4.23, 4.38, 4.54]","[30.114, 40.057, 47.7309, 39.8404, 13.0673, 30.1254, 30.0456, 35.439, 41.4709, 23.8198, 16.0775, 47.48, 9.3387, 30.4903, 8.6659, 52.748, 29.7377, 24.4698, 48.6545, 44.6978, 9.236, 30.057, 9.2474, 25.1995, 49.4071, 51.9156, 14.6294, 34.8803, 39.9088, 9.9316, 17.5371, 10.6842, 38.358, 14.9373]",C:/Users/Madness/PycharmProjects/Crupto_Data_Joiner/Raw_Data_Spot/BYBIT_DOGEUSDT_SPOT_2021_2026.csv,1000.0,0.0018,0.1,False
0.000988,727.935,293.5541,12.9029,100.0,727934965623.0309,126,17183.2,1234842.0,30,8.0,4.26,9.03,linear,23.71,42.96,linear_increase,"[4.26, 4.42, 4.59, 4.75, 4.92, 5.08, 5.25, 5.41, 5.58, 5.74, 5.9, 6.07, 6.23, 6.4, 6.56, 6.73, 6.89, 7.06, 7.22, 7.39, 7.55, 7.71, 7.88, 8.04, 8.21, 8.37, 8.54, 8.7, 8.87, 9.03]","[23.7073, 24.37, 25.0365, 25.6992, 26.3618, 27.0284, 27.691, 28.3537, 29.0164, 29.6829, 30.3456, 31.0082, 31.6748, 32.3374, 33.0001, 33.6666, 34.3293, 34.9919, 35.6585, 36.3211, 36.9838, 37.6503, 38.313, 38.9756, 39.6383, 40.3048, 40.9675, 41.6301, 42.2967, 42.9593]",C:/Users/Madness/PycharmProjects/Crupto_Data_Joiner/Raw_Data_Spot/BYBIT_DOGEUSDT_SPOT_2021_2026.csv,1000.0,0.0018,0.1,False
0.000978,132.0477,85.0857,7.1747,100.0,132047737718.894,80,27060.8,527597.0,28,9.0,4.74,8.4,front_heavy,7.91,95.26,geometric_increase,"[8.4, 8.26, 8.13, 7.99, 7.86, 7.72, 7.59, 7.45, 7.32, 7.18, 7.04, 6.91, 6.77, 6.64, 6.5, 6.37, 6.23, 6.1, 5.96, 5.82, 5.69, 5.55, 5.42, 5.28, 5.15, 5.01, 4.88, 4.74]","[7.9116, 8.678, 9.512, 10.4362, 11.4279, 12.5324, 13.7496, 15.0795, 16.5446, 18.1224, 19.8805, 21.7965, 23.9152, 26.2144, 28.7389, 31.5113, 34.5543, 37.9128, 41.5643, 45.5765, 49.9718, 54.7954, 60.0924, 65.8853, 72.2416, 79.2291, 86.8703, 95.2553]",C:/Users/Madness/PycharmProjects/Crupto_Data_Joiner/Raw_Data_Spot/BYBIT_DOGEUSDT_SPOT_2021_2026.csv,1000.0,0.0018,0.1,False
0.000972,716.7909,432.661,19.8011,100.0,716790945294.1934,486,4915.0,1234989.0,32,2.5,2.13,7.62,linear,26.07,37.05,geometric_increase,"[2.13, 2.31, 2.48, 2.66, 2.84, 3.02, 3.19, 3.37, 3.55, 3.72, 3.9, 4.08, 4.26, 4.43, 4.61, 4.79, 4.96, 5.14, 5.32, 5.49, 5.67, 5.85, 6.03, 6.2, 6.38, 6.56, 6.73, 6.91, 7.09, 7.27, 7.44, 7.62]","[26.0724, 26.3679, 26.6693, 26.9767, 27.2841, 27.5914, 27.9047, 28.2239, 28.549, 28.8741, 29.1992, 29.5361, 29.873, 30.2099, 30.5586, 30.9014, 31.2561, 31.6107, 31.9713, 32.3378, 32.7042, 33.0766, 33.4549, 33.8391, 34.2233, 34.6134, 35.0094, 35.4054, 35.8074, 36.2211, 36.629, 37.0486]",C:/Users/Madness/PycharmProjects/Crupto_Data_Joiner/Raw_Data_Spot/BYBIT_DOGEUSDT_SPOT_2021_2026.csv,1000.0,0.0018,0.1,False
0.00097,715.3369,432.5137,14.8334,100.0,715336858163.597,244,8956.5,1234988.0,34,4.0,2.98,7.14,geometric,29.41,29.41,flat,"[2.98, 3.06, 3.14, 3.23, 3.31, 3.4, 3.49, 3.59, 3.68, 3.78, 3.88, 3.99, 4.09, 4.2, 4.32, 4.43, 4.55, 4.67, 4.8, 4.93, 5.06, 5.2, 5.34, 5.48, 5.63, 5.78, 5.93, 6.09, 6.25, 6.42, 6.59, 6.77, 6.95, 7.14]","[29.4118, 29.4118, 29.4118, 29.4118, 29.4118, 29.4118, 29.4118, 29.4118, 29.4118, 29.4118, 29.4118, 29.4118, 29.4118, 29.4118, 29.4118, 29.4118, 29.4118, 29.4118, 29.4118, 29.4118, 29.4118, 29.4118, 29.4118, 29.4118, 29.4118, 29.4118, 29.4118, 29.4118, 29.4118, 29.4118, 29.4118, 29.4118, 29.4118, 29.4118]",C:/Users/Madness/PycharmProjects/Crupto_Data_Joiner/Raw_Data_Spot/BYBIT_DOGEUSDT_SPOT_2021_2026.csv,1000.0,0.0018,0.1,False
0.000959,129.2333,92.8428,28.6753,100.0,129233340306.646,462,4730.3,527047.0,31,2.0,5.36,9.15,front_heavy,12.21,66.45,geometric_increase,"[9.15, 9.02, 8.9, 8.77, 8.64, 8.52, 8.39, 8.27, 8.14, 8.01, 7.89, 7.76, 7.63, 7.51, 7.38, 7.26, 7.13, 7.0, 6.88, 6.75, 6.62, 6.5, 6.37, 6.24, 6.12, 5.99, 5.87, 5.74, 5.61, 5.49, 5.36]","[12.2076, 12.9175, 13.668, 14.4615, 15.3025, 16.1909, 17.1314, 18.1283, 19.1818, 20.2963, 21.4741, 22.722, 24.0423, 25.4394, 26.9178, 28.4822, 30.137, 31.8891, 33.7406, 35.7028, 37.7759, 39.971, 42.2927, 44.7523, 47.3521, 50.1033, 53.0151, 56.0941, 59.354, 62.8038, 66.4525]",C:/Users/Madness/PycharmProjects/Crupto_Data_Joiner/Raw_Data_Spot/BYBIT_DOGEUSDT_SPOT_2021_2026.csv,1000.0,0.0018,0.1,False
0.000943,126.9743,194.5943,72.2924,100.0,126974270670.7862,2481,962.7,527052.0,34,0.45,5.18,8.68,geometric,16.58,47.38,geometric_increase,"[5.18, 5.26, 5.34, 5.43, 5.51, 5.6, 5.69, 5.78, 5.87, 5.96, 6.06, 6.15, 6.25, 6.35, 6.45, 6.55, 6.65, 6.76, 6.86, 6.97, 7.08, 7.19, 7.31, 7.42, 7.54, 7.66, 7.78, 7.9, 8.03, 8.15, 8.28, 8.41, 8.55, 8.68]","[16.5763, 17.1109, 17.6644, 18.2368, 18.828, 19.4349, 20.0639, 20.7117, 21.3816, 22.0734, 22.7873, 23.5263, 24.2874, 25.0704, 25.8818, 26.7183, 27.5831, 28.4763, 29.3946, 30.3474, 31.3286, 32.3412, 33.3885, 34.4671, 35.5804, 36.7314, 37.9201, 39.1466, 40.4108, 41.7191, 43.0682, 44.4614, 45.8985, 47.3829]",C:/Users/Madness/PycharmProjects/Crupto_Data_Joiner/Raw_Data_Spot/BYBIT_DOGEUSDT_SPOT_2021_2026.csv,1000.0,0.0018,0.1,False
0.000942,694.7272,333.8543,15.2102,100.0,694727175575.602,196,11676.5,1234882.0,31,5.0,4.39,8.73,linear,32.26,32.26,flat,"[4.39, 4.53, 4.68, 4.82, 4.97, 5.11, 5.26, 5.4, 5.55, 5.69, 5.84, 5.98, 6.13, 6.27, 6.42, 6.56, 6.7, 6.85, 6.99, 7.14, 7.28, 7.43, 7.57, 7.72, 7.86, 8.01, 8.15, 8.3, 8.44, 8.59, 8.73]","[32.2581, 32.2581, 32.2581, 32.2581, 32.2581, 32.2581, 32.2581, 32.2581, 32.2581, 32.2581, 32.2581, 32.2581, 32.2581, 32.2581, 32.2581, 32.2581, 32.2581, 32.2581, 32.2581, 32.2581, 32.2581, 32.2581, 32.2581, 32.2581, 32.2581, 32.2581, 32.2581, 32.2581, 32.2581, 32.2581, 32.2581]",C:/Users/Madness/PycharmProjects/Crupto_Data_Joiner/Raw_Data_Spot/BYBIT_DOGEUSDT_SPOT_2021_2026.csv,1000.0,0.0018,0.1,False
0.000939,1156.5477,829.7321,21.1126,100.0,1156547730811.9968,2019,1139.3,1597027.0,31,1.25,0.46,3.88,back_heavy,1.98,64.56,pyramid,"[0.46, 0.46, 0.48, 0.49, 0.52, 0.56, 0.6, 0.65, 0.7, 0.77, 0.84, 0.92, 1.01, 1.1, 1.2, 1.32, 1.43, 1.56, 1.69, 1.83, 1.98, 2.14, 2.3, 2.47, 2.65, 2.84, 3.03, 3.23, 3.44, 3.66, 3.88]","[1.9761, 6.1476, 10.3211, 14.4926, 18.6642, 22.8377, 27.0092, 31.1807, 35.3542, 39.5257, 43.6973, 47.8708, 52.0423, 56.2138, 60.3873, 64.5588, 60.3873, 56.2138, 52.0423, 47.8708, 43.6973, 39.5257, 35.3542, 31.1807, 27.0092, 22.8377, 18.6642, 14.4926, 10.3211, 6.1476, 1.9761]",C:/Users/Madness/PycharmProjects/Crupto_Data_Joiner/Raw_Data_Spot/BYBIT_DOGEUSDT_SPOT_2021_2026.csv,1000.0,0.0018,0.1,False
0.000938,32.8124,378.444,117.49,100.0,32812363682.6188,5133,465.4,267834.0,34,0.2,4.28,5.69,linear,29.41,29.41,flat,"[4.28, 4.32, 4.37, 4.41, 4.45, 4.49, 4.54, 4.58, 4.62, 4.66, 4.71, 4.75, 4.79, 4.84, 4.88, 4.92, 4.96, 5.01, 5.05, 5.09, 5.13, 5.18, 5.22, 5.26, 5.31, 5.35, 5.39, 5.43, 5.48, 5.52, 5.56, 5.6, 5.65, 5.69]","[29.4118, 29.4118, 29.4118, 29.4118, 29.4118, 29.4118, 29.4118, 29.4118, 29.4118, 29.4118, 29.4118, 29.4118, 29.4118, 29.4118, 29.4118, 29.4118, 29.4118, 29.4118, 29.4118, 29.4118, 29.4118, 29.4118, 29.4118, 29.4118, 29.4118, 29.4118, 29.4118, 29.4118, 29.4118, 29.4118, 29.4118, 29.4118, 29.4118, 29.4118]",C:/Users/Madness/PycharmProjects/Crupto_Data_Joiner/Raw_Data_Spot/BYBIT_DOGEUSDT_SPOT_2021_2026.csv,1000.0,0.0018,0.1,False
0.000937,32.7462,408.7766,112.945,100.0,32746210495.0592,3915,610.1,267830.0,31,0.2,1.73,5.78,front_heavy,2.74,64.82,random,"[5.78, 5.64, 5.51, 5.38, 5.24, 5.11, 4.97, 4.84, 4.7, 4.57, 4.43, 4.3, 4.16, 4.02, 3.89, 3.76, 3.62, 3.48, 3.35, 3.22, 3.08, 2.94, 2.81, 2.67, 2.54, 2.4, 2.27, 2.13, 2.0, 1.86, 1.73]","[39.3921, 35.12, 64.8245, 4.573, 51.0186, 14.0667, 60.6928, 13.9664, 18.506, 50.1762, 64.7042, 64.156, 9.9216, 16.2596, 9.4536, 2.7411, 15.8451, 52.2354, 30.5737, 54.1341, 57.4302, 15.9788, 26.9166, 5.6762, 44.4398, 36.3836, 16.273, 55.1971, 18.8871, 23.2194, 27.2375]",C:/Users/Madness/PycharmProjects/Crupto_Data_Joiner/Raw_Data_Spot/BYBIT_DOGEUSDT_SPOT_2021_2026.csv,1000.0,0.0018,0.1,False
0.000922,679.4448,420.6341,22.832,100.0,679444768271.2764,336,6811.3,1234841.0,29,2.5,4.47,9.16,linear,7.72,57.96,random,"[4.47, 4.64, 4.8, 4.97, 5.14, 5.31, 5.48, 5.64, 5.81, 5.98, 6.14, 6.31, 6.48, 6.65, 6.81, 6.98, 7.15, 7.32, 7.48, 7.65, 7.82, 7.99, 8.15, 8.32, 8.49, 8.66, 8.82, 8.99, 9.16]","[56.4022, 40.9503, 56.145, 45.7729, 48.2673, 33.8252, 25.8361, 23.3382, 44.3516, 22.6147, 54.6518, 55.8467, 36.5425, 28.0305, 29.1672, 57.9606, 33.1446, 21.6649, 14.1918, 9.9864, 12.7723, 56.5993, 18.5293, 45.49, 56.1622, 22.5753, 27.2265, 14.233, 7.7217]",C:/Users/Madness/PycharmProjects/Crupto_Data_Joiner/Raw_Data_Spot/BYBIT_DOGEUSDT_SPOT_2021_2026.csv,1000.0,0.0018,0.1,False
0.000921,32.2128,76.712,104.3326,100.0,32212762410.8609,4096,583.2,267827.0,32,0.25,5.4,8.78,linear,10.28,69.41,geometric_increase,"[5.4, 5.51, 5.62, 5.73, 5.84, 5.95, 6.05, 6.16, 6.27, 6.38, 6.49, 6.6, 6.71, 6.82, 6.93, 7.04, 7.14, 7.25, 7.36, 7.47, 7.58, 7.69, 7.8, 7.91, 8.02, 8.13, 8.23, 8.34, 8.45, 8.56, 8.67, 8.78]","[10.2824, 10.9352, 11.6304, 12.3694, 13.1551, 13.9916, 14.8803, 15.8256, 16.8317, 17.8999, 19.0374, 20.2469, 21.5342, 22.902, 24.3574, 25.9046, 27.5508, 29.3015, 31.1624, 33.142, 35.2488, 37.4884, 39.8693, 42.4028, 45.0974, 47.9616, 51.0095, 54.2509, 57.6972, 61.3625, 65.2624, 69.4082]",C:/Users/Madness/PycharmProjects/Crupto_Data_Joiner/Raw_Data_Spot/BYBIT_DOGEUSDT_SPOT_2021_2026.csv,1000.0,0.0018,0.1,False
0.000918,676.6726,495.7606,16.0231,100.0,676672561017.1274,401,5954.0,1234984.0,32,2.8,3.17,4.43,geometric,10.3,53.47,random,"[3.17, 3.2, 3.24, 3.27, 3.31, 3.35, 3.38, 3.42, 3.46, 3.49, 3.53, 3.57, 3.61, 3.65, 3.69, 3.73, 3.77, 3.81, 3.85, 3.89, 3.93, 3.98, 4.02, 4.06, 4.11, 4.15, 4.2, 4.24, 4.29, 4.34, 4.38, 4.43]","[31.4423, 10.2963, 28.1532, 53.4701, 16.1277, 28.8033, 38.7091, 34.697, 52.4317, 44.4505, 51.6379, 22.2059, 21.264, 20.1055, 34.4782, 47.0401, 13.6175, 16.8701, 17.2713, 42.4079, 22.7487, 17.769, 34.4996, 27.5697, 34.7485, 38.7434, 35.3385, 25.6859, 21.44, 49.3164, 44.6307, 22.03]",C:/Users/Madness/PycharmProjects/Crupto_Data_Joiner/Raw_Data_Spot/BYBIT_DOGEUSDT_SPOT_2021_2026.csv,1000.0,0.0018,0.1,False
0.000917,714.5202,774.563,47.5598,100.0,714520176179.9724,2687,856.1,1269671.0,31,0.6,0.86,3.67,linear,32.26,32.26,flat,"[0.86, 0.95, 1.05, 1.14, 1.23, 1.33, 1.42, 1.52, 1.61, 1.7, 1.8, 1.89, 1.98, 2.08, 2.17, 2.26, 2.36, 2.45, 2.55, 2.64, 2.73, 2.83, 2.92, 3.01, 3.11, 3.2, 3.3, 3.39, 3.48, 3.58, 3.67]","[32.2581, 32.2581, 32.2581, 32.2581, 32.2581, 32.2581, 32.2581, 32.2581, 32.2581, 32.2581, 32.2581, 32.2581, 32.2581, 32.2581, 32.2581, 32.2581, 32.2581, 32.2581, 32.2581, 32.2581, 32.2581, 32.2581, 32.2581, 32.2581, 32.2581, 32.2581, 32.2581, 32.2581, 32.2581, 32.2581, 32.2581]",C:/Users/Madness/PycharmProjects/Crupto_Data_Joiner/Raw_Data_Spot/BYBIT_DOGEUSDT_SPOT_2021_2026.csv,1000.0,0.0018,0.1,False
0.00091,671.711,741.4074,34.9525,100.0,671711017274.6453,1957,1220.6,1235919.0,29,0.8,1.34,4.18,linear,12.52,53.43,random,"[1.34, 1.44, 1.54, 1.64, 1.75, 1.85, 1.95, 2.05, 2.15, 2.25, 2.35, 2.46, 2.56, 2.66, 2.76, 2.86, 2.96, 3.06, 3.17, 3.27, 3.37, 3.47, 3.57, 3.67, 3.77, 3.88, 3.98, 4.08, 4.18]","[31.6425, 12.516, 40.9362, 23.5045, 22.6792, 49.5548, 51.1824, 34.3757, 33.4746, 27.2159, 49.0728, 20.9773, 34.8763, 25.2293, 50.4673, 22.3775, 51.6272, 16.0143, 46.168, 51.7545, 53.4278, 51.1137, 24.221, 46.0378, 13.7031, 25.3209, 24.1209, 38.0686, 28.3401]",C:/Users/Madness/PycharmProjects/Crupto_Data_Joiner/Raw_Data_Spot/BYBIT_DOGEUSDT_SPOT_2021_2026.csv,1000.0,0.0018,0.1,False
0.000901,665.0523,616.3103,44.1014,100.0,665052344273.9819,2306,997.5,1235443.0,35,0.7,0.95,5.34,linear,28.57,28.57,flat,"[0.95, 1.08, 1.21, 1.34, 1.47, 1.6, 1.72, 1.85, 1.98, 2.11, 2.24, 2.37, 2.5, 2.63, 2.76, 2.89, 3.02, 3.14, 3.27, 3.4, 3.53, 3.66, 3.79, 3.92, 4.05, 4.18, 4.31, 4.44, 4.57, 4.69, 4.82, 4.95, 5.08, 5.21, 5.34]","[28.5714, 28.5714, 28.5714, 28.5714, 28.5714, 28.5714, 28.5714, 28.5714, 28.5714, 28.5714, 28.5714, 28.5714, 28.5714, 28.5714, 28.5714, 28.5714, 28.5714, 28.5714, 28.5714, 28.5714, 28.5714, 28.5714, 28.5714, 28.5714, 28.5714, 28.5714, 28.5714, 28.5714, 28.5714, 28.5714, 28.5714, 28.5714, 28.5714, 28.5714, 28.5714]",C:/Users/Madness/PycharmProjects/Crupto_Data_Joiner/Raw_Data_Spot/BYBIT_DOGEUSDT_SPOT_2021_2026.csv,1000.0,0.0018,0.1,False
0.000893,659.1815,685.8036,46.3608,100.0,659181451922.2251,1912,1226.8,1235470.0,28,0.65,1.44,6.2,geometric,3.56,55.85,random,"[1.44, 1.52, 1.6, 1.69, 1.79, 1.89, 1.99, 2.1, 2.22, 2.34, 2.47, 2.61, 2.76, 2.91, 3.07, 3.24, 3.42, 3.61, 3.81, 4.02, 4.25, 4.48, 4.73, 4.99, 5.27, 5.56, 5.87, 6.2]","[46.3838, 52.0875, 12.8006, 38.6223, 50.4867, 3.5628, 51.2088, 52.8736, 32.6629, 17.2198, 27.7229, 38.0567, 26.7931, 32.9026, 47.1667, 12.2095, 24.633, 43.4281, 39.354, 15.4815, 54.107, 32.4169, 38.7469, 50.688, 55.8453, 42.5494, 11.3148, 48.6749]",C:/Users/Madness/PycharmProjects/Crupto_Data_Joiner/Raw_Data_Spot/BYBIT_DOGEUSDT_SPOT_2021_2026.csv,1000.0,0.0018,0.1,False
0.000889,11.0621,55.241,62.3253,100.0,11062149012.4838,3958,603.5,159222.0,34,0.25,6.06,9.26,random,3.61,55.22,pyramid,"[8.99, 7.62, 8.4, 6.71, 6.45, 8.16, 6.27, 9.17, 6.27, 7.1, 6.34, 8.93, 6.1, 7.24, 8.33, 7.31, 7.82, 8.91, 7.08, 7.58, 8.68, 8.29, 8.3, 7.89, 7.23, 7.11, 6.28, 7.94, 8.49, 8.03, 6.65, 9.11, 6.39, 8.08]","[3.6074, 6.6426, 9.6795, 12.7147, 15.7499, 18.7869, 21.822, 24.8572, 27.8942, 30.9294, 33.9663, 37.0015, 40.0367, 43.0736, 46.1088, 49.144, 52.1809, 55.2161, 52.1809, 49.144, 46.1088, 43.0736, 40.0367, 37.0015, 33.9663, 30.9294, 27.8942, 24.8572, 21.822, 18.7869, 15.7499, 12.7147, 9.6795, 6.6426]",C:/Users/Madness/PycharmProjects/Crupto_Data_Joiner/Raw_Data_Spot/BYBIT_DOGEUSDT_SPOT_2021_2026.csv,1000.0,0.0018,0.1,False
0.000887,654.5499,718.7678,33.3031,100.0,654549898764.2352,1877,1272.5,1235439.0,29,0.9,2.15,3.3,geometric,7.58,80.47,random,"[2.15, 2.18, 2.22, 2.25, 2.29, 2.32, 2.36, 2.39, 2.43, 2.47, 2.51, 2.54, 2.58, 2.62, 2.66, 2.7, 2.75, 2.79, 2.83, 2.88, 2.92, 2.96, 3.01, 3.06, 3.1, 3.15, 3.2, 3.25, 3.3]","[27.6499, 20.264, 73.9447, 24.4115, 35.32, 35.2253, 25.652, 13.0674, 34.0984, 8.9957, 7.5753, 68.5946, 29.9415, 14.7624, 24.8849, 21.334, 80.4689, 31.93, 59.097, 68.5756, 38.1323, 20.9079, 18.7584, 39.297, 51.9099, 23.9664, 19.1182, 12.5561, 69.5604]",C:/Users/Madness/PycharmProjects/Crupto_Data_Joiner/Raw_Data_Spot/BYBIT_DOGEUSDT_SPOT_2021_2026.csv,1000.0,0.0018,0.1,False
0.000886,652.8507,446.8107,17.8049,100.0,652850701852.6138,314,7605.1,1234772.0,31,3.0,3.6,5.41,geometric,4.41,60.03,random,"[3.6, 3.65, 3.7, 3.75, 3.8, 3.85, 3.91, 3.96, 4.01, 4.07, 4.12, 4.18, 4.24, 4.29, 4.35, 4.41, 4.47, 4.53, 4.6, 4.66, 4.72, 4.79, 4.85, 4.92, 4.99, 5.05, 5.12, 5.19, 5.27, 5.34, 5.41]","[43.5895, 7.7725, 25.1519, 29.5982, 33.7519, 38.6958, 49.6396, 29.7178, 42.6167, 27.8619, 26.7354, 13.6912, 33.3301, 45.6022, 4.4089, 47.6748, 40.6893, 40.0358, 48.5472, 21.2822, 32.274, 40.4832, 19.9389, 21.012, 60.0271, 20.7739, 54.9219, 30.2324, 25.6495, 38.5345, 5.7597]",C:/Users/Madness/PycharmProjects/Crupto_Data_Joiner/Raw_Data_Spot/BYBIT_DOGEUSDT_SPOT_2021_2026.csv,1000.0,0.0018,0.1,False
0.000864,637.7699,400.7235,24.4391,100.0,637769938606.6941,503,4388.0,1235921.0,31,1.95,1.96,9.92,linear,5.63,64.51,random,"[1.96, 2.23, 2.49, 2.76, 3.02, 3.29, 3.55, 3.82, 4.08, 4.35, 4.61, 4.88, 5.14, 5.41, 5.67, 5.94, 6.21, 6.47, 6.74, 7.0, 7.27, 7.53, 7.8, 8.06, 8.33, 8.59, 8.86, 9.12, 9.39, 9.65, 9.92]","[38.1656, 10.8786, 40.5123, 55.6428, 31.4875, 30.2132, 7.4348, 9.4489, 40.4202, 41.2683, 5.6302, 38.8435, 64.5059, 6.6021, 9.3645, 45.9014, 39.6065, 7.0107, 21.6152, 31.1344, 57.7596, 48.829, 53.5584, 9.7865, 8.6268, 7.7351, 29.5022, 33.9214, 56.0338, 62.6458, 55.9143]",C:/Users/Madness/PycharmProjects/Crupto_Data_Joiner/Raw_Data_Spot/BYBIT_DOGEUSDT_SPOT_2021_2026.csv,1000.0,0.0018,0.1,False
0.000856,632.198,452.2017,24.2457,100.0,632198016410.6196,433,5513.9,1235912.0,28,1.95,3.18,9.95,back_heavy,19.24,54.0,random,"[3.18, 3.19, 3.22, 3.26, 3.33, 3.41, 3.51, 3.64, 3.77, 3.93, 4.11, 4.3, 4.52, 4.75, 5.0, 5.27, 5.56, 5.86, 6.19, 6.53, 6.89, 7.28, 7.67, 8.09, 8.53, 8.98, 9.46, 9.95]","[50.389, 43.5805, 26.5115, 26.2668, 25.0511, 29.4359, 22.8989, 47.151, 19.5959, 46.3941, 29.0078, 27.7998, 45.6716, 29.6118, 41.7226, 22.9333, 19.2366, 40.3196, 22.9065, 42.7012, 53.9977, 48.5769, 40.8701, 24.7109, 43.806, 53.6575, 51.0694, 24.126]",C:/Users/Madness/PycharmProjects/Crupto_Data_Joiner/Raw_Data_Spot/BYBIT_DOGEUSDT_SPOT_2021_2026.csv,1000.0,0.0018,0.1,False
0.000852,1050.3323,838.8642,17.568,100.0,1050332279124.6976,910,2375.6,1597459.0,31,1.45,0.52,1.11,geometric,8.17,57.95,pyramid,"[0.52, 0.53, 0.55, 0.56, 0.58, 0.59, 0.61, 0.62, 0.64, 0.65, 0.67, 0.69, 0.7, 0.72, 0.74, 0.76, 0.78, 0.8, 0.82, 0.84, 0.86, 0.88, 0.91, 0.93, 0.95, 0.98, 1.0, 1.03, 1.06, 1.08, 1.11]","[8.1713, 11.4895, 14.8094, 18.1275, 21.4457, 24.7638, 28.0837, 31.4019, 34.72, 38.0382, 41.3581, 44.6762, 47.9944, 51.3126, 54.6324, 57.9506, 54.6324, 51.3126, 47.9944, 44.6762, 41.3581, 38.0382, 34.72, 31.4019, 28.0837, 24.7638, 21.4457, 18.1275, 14.8094, 11.4895, 8.1713]",C:/Users/Madness/PycharmProjects/Crupto_Data_Joiner/Raw_Data_Spot/BYBIT_DOGEUSDT_SPOT_2021_2026.csv,1000.0,0.0018,0.1,False
0.00084,619.1061,298.1496,13.0168,100.0,619106148396.718,133,16432.6,1234835.0,30,6.5,5.68,9.45,geometric,33.33,33.33,flat,"[5.68, 5.78, 5.88, 5.99, 6.09, 6.2, 6.31, 6.42, 6.54, 6.65, 6.77, 6.89, 7.01, 7.14, 7.26, 7.39, 7.52, 7.66, 7.79, 7.93, 8.07, 8.21, 8.36, 8.51, 8.66, 8.81, 8.97, 9.12, 9.29, 9.45]","[33.3333, 33.3333, 33.3333, 33.3333, 33.3333, 33.3333, 33.3333, 33.3333, 33.3333, 33.3333, 33.3333, 33.3333, 33.3333, 33.3333, 33.3333, 33.3333, 33.3333, 33.3333, 33.3333, 33.3333, 33.3333, 33.3333, 33.3333, 33.3333, 33.3333, 33.3333, 33.3333, 33.3333, 33.3333, 33.3333]",C:/Users/Madness/PycharmProjects/Crupto_Data_Joiner/Raw_Data_Spot/BYBIT_DOGEUSDT_SPOT_2021_2026.csv,1000.0,0.0018,0.1,False
0.00083,113.4375,176.2036,96.1645,100.0,113437466870.892,1688,1389.6,530859.0,35,0.4,8.77,8.78,geometric,28.57,28.57,flat,"[8.77, 8.77, 8.77, 8.77, 8.77, 8.77, 8.77, 8.77, 8.77, 8.77, 8.77, 8.77, 8.77, 8.77, 8.77, 8.77, 8.77, 8.77, 8.78, 8.78, 8.78, 8.78, 8.78, 8.78, 8.78, 8.78, 8.78, 8.78, 8.78, 8.78, 8.78, 8.78, 8.78, 8.78, 8.78]","[28.5714, 28.5714, 28.5714, 28.5714, 28.5714, 28.5714, 28.5714, 28.5714, 28.5714, 28.5714, 28.5714, 28.5714, 28.5714, 28.5714, 28.5714, 28.5714, 28.5714, 28.5714, 28.5714, 28.5714, 28.5714, 28.5714, 28.5714, 28.5714, 28.5714, 28.5714, 28.5714, 28.5714, 28.5714, 28.5714, 28.5714, 28.5714, 28.5714, 28.5714, 28.5714]",C:/Users/Madness/PycharmProjects/Crupto_Data_Joiner/Raw_Data_Spot/BYBIT_DOGEUSDT_SPOT_2021_2026.csv,1000.0,0.0018,0.1,False
0.000811,597.5497,644.4819,41.5011,100.0,597549733822.9594,1552,1539.1,1234833.0,33,0.8,2.18,3.39,random,5.63,50.31,random,"[3.24, 2.22, 2.66, 2.41, 2.72, 2.52, 2.62, 2.61, 2.6, 2.83, 2.25, 2.52, 3.14, 3.0, 2.37, 2.95, 2.27, 3.16, 2.46, 2.69, 2.75, 2.51, 2.65, 2.2, 2.64, 2.33, 3.14, 2.65, 3.29, 2.95, 2.85, 2.84, 2.37]","[44.9368, 30.1177, 50.3053, 16.2445, 49.4536, 13.2636, 22.4706, 43.1124, 23.4762, 43.6592, 45.0563, 8.4136, 35.2471, 15.5691, 49.1368, 5.6255, 41.6481, 33.2405, 49.8555, 40.6425, 13.3772, 18.1719, 16.9647, 13.815, 41.2671, 44.1448, 16.9004, 5.745, 39.7027, 8.3493, 40.9369, 30.1237, 49.0263]",C:/Users/Madness/PycharmProjects/Crupto_Data_Joiner/Raw_Data_Spot/BYBIT_DOGEUSDT_SPOT_2021_2026.csv,1000.0,0.0018,0.1,False
0.000801,590.0303,562.2467,21.853,100.0,590030311466.319,749,3188.2,1234841.0,31,1.65,1.22,4.84,random,32.26,32.26,flat,"[3.15, 4.27, 3.27, 4.09, 4.79, 1.73, 4.46, 2.95, 1.82, 1.47, 2.42, 1.92, 2.74, 1.64, 2.36, 4.67, 4.81, 4.56, 3.98, 2.18, 2.79, 4.28, 4.34, 2.75, 4.19, 4.56, 4.65, 3.33, 3.47, 3.52, 4.02]","[32.2581, 32.2581, 32.2581, 32.2581, 32.2581, 32.2581, 32.2581, 32.2581, 32.2581, 32.2581, 32.2581, 32.2581, 32.2581, 32.2581, 32.2581, 32.2581, 32.2581, 32.2581, 32.2581, 32.2581, 32.2581, 32.2581, 32.2581, 32.2581, 32.2581, 32.2581, 32.2581, 32.2581, 32.2581, 32.2581, 32.2581]",C:/Users/Madness/PycharmProjects/Crupto_Data_Joiner/Raw_Data_Spot/BYBIT_DOGEUSDT_SPOT_2021_2026.csv,1000.0,0.0018,0.1,False
0.000798,588.4069,344.4837,15.609,100.0,588406912996.7777,246,9346.1,1234826.0,31,4.0,3.45,9.73,geometric,6.65,53.58,random,"[3.45, 3.57, 3.7, 3.83, 3.96, 4.1, 4.25, 4.39, 4.55, 4.71, 4.87, 5.05, 5.22, 5.41, 5.6, 5.79, 6.0, 6.21, 6.43, 6.65, 6.89, 7.13, 7.38, 7.64, 7.91, 8.19, 8.47, 8.77, 9.08, 9.4, 9.73]","[31.1956, 6.6517, 27.7219, 38.8487, 27.0668, 10.4457, 31.55, 31.5695, 31.3728, 21.9772, 8.6267, 49.821, 52.0513, 27.4358, 13.7699, 32.1303, 48.4475, 12.0241, 28.3737, 46.5797, 22.8274, 13.2822, 34.3362, 22.7006, 49.8698, 36.3535, 53.0672, 36.3242, 53.5728, 53.5825, 46.4237]",C:/Users/Madness/PycharmProjects/Crupto_Data_Joiner/Raw_Data_Spot/BYBIT_DOGEUSDT_SPOT_2021_2026.csv,1000.0,0.0018,0.1,False
0.000798,27.8897,302.2763,94.3616,100.0,27889726535.8991,8812,271.2,267798.0,33,0.2,2.4,5.2,geometric,13.31,57.31,geometric_increase,"[2.4, 2.46, 2.52, 2.58, 2.64, 2.71, 2.77, 2.84, 2.91, 2.98, 3.06, 3.13, 3.21, 3.29, 3.37, 3.45, 3.53, 3.62, 3.71, 3.8, 3.89, 3.99, 4.08, 4.18, 4.29, 4.39, 4.5, 4.61, 4.72, 4.84, 4.95, 5.08, 5.2]","[13.3127, 13.9342, 14.5835, 15.266, 15.9763, 16.7255, 17.5024, 18.3237, 19.1783, 20.0717, 21.0095, 21.9862, 23.0128, 24.0894, 25.2159, 26.3923, 27.6242, 28.9117, 30.2601, 31.6752, 33.1513, 34.6996, 36.3199, 38.0125, 39.7882, 41.6472, 43.5895, 45.6261, 47.7514, 49.9822, 52.3129, 54.7546, 57.3128]",C:/Users/Madness/PycharmProjects/Crupto_Data_Joiner/Raw_Data_Spot/BYBIT_DOGEUSDT_SPOT_2021_2026.csv,1000.0,0.0018,0.1,False
0.000784,578.1535,431.6726,25.7952,100.0,578153500903.422,745,3206.3,1234982.0,31,1.55,2.54,8.71,linear,32.26,32.26,flat,"[2.54, 2.75, 2.95, 3.16, 3.36, 3.57, 3.77, 3.98, 4.19, 4.39, 4.6, 4.8, 5.01, 5.21, 5.42, 5.62, 5.83, 6.04, 6.24, 6.45, 6.65, 6.86, 7.06, 7.27, 7.48, 7.68, 7.89, 8.09, 8.3, 8.5, 8.71]","[32.2581, 32.2581, 32.2581, 32.2581, 32.2581, 32.2581, 32.2581, 32.2581, 32.2581, 32.2581, 32.2581, 32.2581, 32.2581, 32.2581, 32.2581, 32.2581, 32.2581, 32.2581, 32.2581, 32.2581, 32.2581, 32.2581, 32.2581, 32.2581, 32.2581, 32.2581, 32.2581, 32.2581, 32.2581, 32.2581, 32.2581]",C:/Users/Madness/PycharmProjects/Crupto_Data_Joiner/Raw_Data_Spot/BYBIT_DOGEUSDT_SPOT_2021_2026.csv,1000.0,0.0018,0.1,False
0.000781,575.8787,286.9471,21.1102,100.0,575878693094.9796,184,11878.3,1234988.0,34,4.0,4.54,8.39,linear,4.9,53.75,random,"[4.54, 4.66, 4.77, 4.89, 5.01, 5.12, 5.24, 5.36, 5.47, 5.59, 5.71, 5.82, 5.94, 6.06, 6.17, 6.29, 6.41, 6.52, 6.64, 6.76, 6.87, 6.99, 7.11, 7.22, 7.34, 7.46, 7.57, 7.69, 7.81, 7.92, 8.04, 8.16, 8.27, 8.39]","[50.8748, 23.3758, 38.0616, 14.2226, 19.4373, 42.7632, 7.0787, 5.6958, 8.1069, 53.4891, 49.4706, 32.9682, 15.78, 14.8424, 34.4217, 53.7503, 51.6198, 23.7837, 23.4271, 11.2911, 20.4669, 24.6407, 17.8413, 5.0941, 12.0288, 51.7291, 4.8995, 48.4603, 52.6694, 33.7632, 45.5428, 27.0644, 46.7777, 34.5609]",C:/Users/Madness/PycharmProjects/Crupto_Data_Joiner/Raw_Data_Spot/BYBIT_DOGEUSDT_SPOT_2021_2026.csv,1000.0,0.0018,0.1,False
0.000771,568.7065,496.4488,19.1211,100.0,568706539298.1963,987,2420.2,1235470.0,31,1.75,3.49,4.85,back_heavy,7.14,62.71,random,"[3.49, 3.49, 3.5, 3.5, 3.51, 3.53, 3.54, 3.56, 3.59, 3.61, 3.64, 3.67, 3.71, 3.75, 3.79, 3.83, 3.88, 3.93, 3.98, 4.04, 4.09, 4.16, 4.22, 4.29, 4.36, 4.43, 4.51, 4.59, 4.67, 4.76, 4.85]","[11.9869, 59.0135, 60.7047, 24.2407, 17.5514, 29.7278, 22.5027, 62.7096, 23.0671, 17.6533, 47.5278, 31.529, 40.0765, 10.1735, 39.6222, 27.1605, 47.6012, 37.66, 38.8988, 7.3535, 17.7409, 7.1396, 13.1075, 29.0738, 56.3688, 36.4212, 26.6858, 32.5315, 52.1816, 34.3958, 37.5928]",C:/Users/Madness/PycharmProjects/Crupto_Data_Joiner/Raw_Data_Spot/BYBIT_DOGEUSDT_SPOT_2021_2026.csv,1000.0,0.0018,0.1,False
0.000761,593.1787,764.9564,55.3768,100.0,593178710999.388,3638,656.6,1269665.0,28,0.45,0.96,4.29,linear,35.71,35.71,flat,"[0.96, 1.08, 1.21, 1.33, 1.45, 1.58, 1.7, 1.82, 1.95, 2.07, 2.19, 2.32, 2.44, 2.56, 2.69, 2.81, 2.93, 3.06, 3.18, 3.3, 3.43, 3.55, 3.67, 3.8, 3.92, 4.04, 4.17, 4.29]","[35.7143, 35.7143, 35.7143, 35.7143, 35.7143, 35.7143, 35.7143, 35.7143, 35.7143, 35.7143, 35.7143, 35.7143, 35.7143, 35.7143, 35.7143, 35.7143, 35.7143, 35.7143, 35.7143, 35.7143, 35.7143, 35.7143, 35.7143, 35.7143, 35.7143, 35.7143, 35.7143, 35.7143]",C:/Users/Madness/PycharmProjects/Crupto_Data_Joiner/Raw_Data_Spot/BYBIT_DOGEUSDT_SPOT_2021_2026.csv,1000.0,0.0018,0.1,False
0.00076,935.7824,809.9903,18.5744,100.0,935782374607.5616,453,4872.4,1596898.0,32,1.85,0.87,2.91,back_heavy,3.93,54.81,random,"[0.87, 0.87, 0.88, 0.89, 0.9, 0.92, 0.95, 0.97, 1.01, 1.04, 1.08, 1.13, 1.18, 1.23, 1.29, 1.35, 1.41, 1.48, 1.56, 1.64, 1.72, 1.81, 1.9, 1.99, 2.09, 2.2, 2.31, 2.42, 2.53, 2.66, 2.78, 2.91]","[27.4036, 35.9599, 14.2586, 34.2934, 26.6859, 48.6902, 9.9577, 41.3839, 27.1556, 43.1356, 50.9477, 15.8968, 19.514, 51.2507, 45.8438, 23.4702, 15.4782, 35.032, 22.955, 23.1387, 33.623, 12.986, 49.2811, 3.9335, 44.8514, 7.5658, 6.9087, 41.0411, 35.2763, 48.0747, 54.8092, 49.1978]",C:/Users/Madness/PycharmProjects/Crupto_Data_Joiner/Raw_Data_Spot/BYBIT_DOGEUSDT_SPOT_2021_2026.csv,1000.0,0.0018,0.1,False
0.000753,928.7639,838.6612,17.6045,100.0,928763857400.1707,1157,1868.5,1597451.0,32,1.35,0.47,1.4,geometric,4.47,58.03,pyramid,"[0.47, 0.49, 0.5, 0.52, 0.54, 0.56, 0.58, 0.6, 0.62, 0.65, 0.67, 0.69, 0.72, 0.74, 0.77, 0.8, 0.83, 0.86, 0.89, 0.92, 0.95, 0.98, 1.02, 1.06, 1.09, 1.13, 1.17, 1.22, 1.26, 1.3, 1.35, 1.4]","[4.473, 7.82, 11.1669, 14.5146, 17.8615, 21.2084, 24.5562, 27.9031, 31.25, 34.5969, 37.9438, 41.2916, 44.6385, 47.9854, 51.3331, 54.68, 58.027, 54.68, 51.3331, 47.9854, 44.6385, 41.2916, 37.9438, 34.5969, 31.25, 27.9031, 24.5562, 21.2084, 17.8615, 14.5146, 11.1669, 7.82]",C:/Users/Madness/PycharmProjects/Crupto_Data_Joiner/Raw_Data_Spot/BYBIT_DOGEUSDT_SPOT_2021_2026.csv,1000.0,0.0018,0.1,False
0.00071,24.8412,500.678,56.8265,100.0,24841210281.3842,20595,116.0,267832.0,32,0.2,1.45,2.33,linear,3.9,58.6,linear_increase,"[1.45, 1.48, 1.51, 1.54, 1.56, 1.59, 1.62, 1.65, 1.68, 1.71, 1.73, 1.76, 1.79, 1.82, 1.85, 1.88, 1.9, 1.93, 1.96, 1.99, 2.02, 2.05, 2.07, 2.1, 2.13, 2.16, 2.19, 2.22, 2.24, 2.27, 2.3, 2.33]","[3.9011, 5.6654, 7.4297, 9.1946, 10.9589, 12.7232, 14.4875, 16.2525, 18.0168, 19.7811, 21.5454, 23.3097, 25.0746, 26.8389, 28.6032, 30.3675, 32.1325, 33.8968, 35.6611, 37.4254, 39.1903, 40.9546, 42.7189, 44.4832, 46.2475, 48.0125, 49.7768, 51.5411, 53.3054, 55.0703, 56.8346, 58.5989]",C:/Users/Madness/PycharmProjects/Crupto_Data_Joiner/Raw_Data_Spot/BYBIT_DOGEUSDT_SPOT_2021_2026.csv,1000.0,0.0018,0.1,False
0.000692,539.542,1144.4961,147.9869,100.0,539542042518.2809,11691,187.0,1269668.0,30,0.25,0.26,8.55,back_heavy,22.64,44.03,pyramid,"[0.26, 0.27, 0.3, 0.35, 0.42, 0.51, 0.61, 0.74, 0.89, 1.06, 1.25, 1.45, 1.68, 1.93, 2.19, 2.48, 2.78, 3.11, 3.45, 3.82, 4.2, 4.61, 5.03, 5.47, 5.94, 6.42, 6.92, 7.45, 7.99, 8.55]","[22.6369, 24.0587, 25.4899, 26.9117, 28.3429, 29.7647, 31.1959, 32.6177, 34.0489, 35.4707, 36.9019, 38.3237, 39.7549, 41.1767, 42.6079, 44.0297, 42.6079, 41.1767, 39.7549, 38.3237, 36.9019, 35.4707, 34.0489, 32.6177, 31.1959, 29.7647, 28.3429, 26.9117, 25.4899, 24.0587]",C:/Users/Madness/PycharmProjects/Crupto_Data_Joiner/Raw_Data_Spot/BYBIT_DOGEUSDT_SPOT_2021_2026.csv,1000.0,0.0018,0.1,False
0.000689,507.8783,363.3527,19.3561,100.0,507878280260.0306,583,4023.3,1234615.0,33,2.3,1.89,7.49,linear,16.06,50.9,geometric_increase,"[1.89, 2.06, 2.24, 2.42, 2.59, 2.76, 2.94, 3.12, 3.29, 3.46, 3.64, 3.82, 3.99, 4.16, 4.34, 4.52, 4.69, 4.86, 5.04, 5.22, 5.39, 5.56, 5.74, 5.92, 6.09, 6.26, 6.44, 6.62, 6.79, 6.96, 7.14, 7.32, 7.49]","[16.0572, 16.6484, 17.2587, 17.8918, 18.5478, 19.2305, 19.9362, 20.6685, 21.4236, 22.2132, 23.0256, 23.8723, 24.7495, 25.6573, 26.5993, 27.5757, 28.5865, 29.6392, 30.7262, 31.8551, 33.0222, 34.2351, 35.4938, 36.7943, 38.1445, 39.5481, 40.9975, 42.504, 44.064, 45.6811, 47.3593, 49.0947, 50.8988]",C:/Users/Madness/PycharmProjects/Crupto_Data_Joiner/Raw_Data_Spot/BYBIT_DOGEUSDT_SPOT_2021_2026.csv,1000.0,0.0018,0.1,False
0.000685,505.9158,749.068,65.702,100.0,505915783599.7607,5868,392.0,1235942.0,34,0.35,0.89,5.54,back_heavy,29.41,29.41,flat,"[0.89, 0.89, 0.91, 0.93, 0.96, 1.0, 1.04, 1.1, 1.16, 1.24, 1.32, 1.41, 1.5, 1.61, 1.73, 1.85, 1.98, 2.12, 2.27, 2.43, 2.6, 2.77, 2.96, 3.15, 3.35, 3.56, 3.78, 4.0, 4.24, 4.48, 4.73, 4.99, 5.26, 5.54]","[29.4118, 29.4118, 29.4118, 29.4118, 29.4118, 29.4118, 29.4118, 29.4118, 29.4118, 29.4118, 29.4118, 29.4118, 29.4118, 29.4118, 29.4118, 29.4118, 29.4118, 29.4118, 29.4118, 29.4118, 29.4118, 29.4118, 29.4118, 29.4118, 29.4118, 29.4118, 29.4118, 29.4118, 29.4118, 29.4118, 29.4118, 29.4118, 29.4118, 29.4118]",C:/Users/Madness/PycharmProjects/Crupto_Data_Joiner/Raw_Data_Spot/BYBIT_DOGEUSDT_SPOT_2021_2026.csv,1000.0,0.0018,0.1,False
0.000672,827.3474,798.691,17.9506,100.0,827347446944.6453,422,5448.2,1596629.0,28,1.85,1.2,3.95,back_heavy,35.71,35.71,flat,"[1.2, 1.2, 1.22, 1.23, 1.26, 1.29, 1.34, 1.38, 1.44, 1.51, 1.58, 1.66, 1.74, 1.84, 1.94, 2.05, 2.17, 2.29, 2.42, 2.56, 2.71, 2.86, 3.03, 3.2, 3.37, 3.56, 3.75, 3.95]","[35.7143, 35.7143, 35.7143, 35.7143, 35.7143, 35.7143, 35.7143, 35.7143, 35.7143, 35.7143, 35.7143, 35.7143, 35.7143, 35.7143, 35.7143, 35.7143, 35.7143, 35.7143, 35.7143, 35.7143, 35.7143, 35.7143, 35.7143, 35.7143, 35.7143, 35.7143, 35.7143, 35.7143]",C:/Users/Madness/PycharmProjects/Crupto_Data_Joiner/Raw_Data_Spot/BYBIT_DOGEUSDT_SPOT_2021_2026.csv,1000.0,0.0018,0.1,False
0.000666,491.2307,321.2437,32.5803,100.0,491230738598.8803,483,4945.6,1234826.0,30,1.65,4.88,7.68,geometric,5.8,66.23,random,"[4.88, 4.96, 5.04, 5.11, 5.19, 5.28, 5.36, 5.44, 5.53, 5.62, 5.71, 5.8, 5.89, 5.98, 6.07, 6.17, 6.27, 6.37, 6.47, 6.57, 6.67, 6.78, 6.88, 6.99, 7.1, 7.21, 7.33, 7.44, 7.56, 7.68]","[52.3185, 33.2056, 38.8528, 35.3463, 20.946, 35.1449, 36.6541, 13.2337, 22.8437, 33.7692, 15.7596, 46.7162, 5.8037, 42.6526, 30.5429, 49.4708, 34.207, 62.5228, 34.5507, 8.219, 62.6344, 33.5832, 66.2274, 21.1682, 44.7517, 24.5794, 18.0239, 17.5894, 47.1474, 11.5351]",C:/Users/Madness/PycharmProjects/Crupto_Data_Joiner/Raw_Data_Spot/BYBIT_DOGEUSDT_SPOT_2021_2026.csv,1000.0,0.0018,0.1,False
0.000654,481.778,333.1085,17.7708,100.0,481777956472.4034,454,5261.1,1234620.0,28,2.7,2.45,8.89,linear,17.49,63.08,geometric_increase,"[2.45, 2.69, 2.93, 3.17, 3.4, 3.64, 3.88, 4.12, 4.36, 4.6, 4.84, 5.07, 5.31, 5.55, 5.79, 6.03, 6.27, 6.5, 6.74, 6.98, 7.22, 7.46, 7.7, 7.94, 8.17, 8.41, 8.65, 8.89]","[17.4881, 18.3384, 19.2328, 20.1678, 21.1469, 22.1776, 23.2561, 24.3898, 25.5751, 26.8192, 28.1259, 29.4952, 30.9271, 32.4326, 34.0117, 35.6681, 37.4019, 39.2239, 41.1306, 43.1331, 45.2312, 47.4324, 49.7403, 52.1624, 54.6985, 57.3598, 60.1536, 63.08]",C:/Users/Madness/PycharmProjects/Crupto_Data_Joiner/Raw_Data_Spot/BYBIT_DOGEUSDT_SPOT_2021_2026.csv,1000.0,0.0018,0.1,False
0.00063,464.3371,589.889,35.4253,100.0,464337058631.4692,1935,1234.5,1234984.0,31,0.75,2.86,4.57,back_heavy,2.86,55.55,random,"[2.86, 2.86, 2.87, 2.88, 2.89, 2.91, 2.93, 2.95, 2.98, 3.01, 3.05, 3.09, 3.13, 3.18, 3.23, 3.29, 3.35, 3.41, 3.48, 3.55, 3.62, 3.7, 3.78, 3.87, 3.95, 4.05, 4.14, 4.25, 4.35, 4.46, 4.57]","[27.9186, 30.6288, 48.5466, 40.2726, 55.5488, 18.2965, 19.9532, 24.1424, 51.6931, 41.75, 28.7601, 53.4963, 15.3884, 7.4199, 35.4444, 43.2259, 32.7093, 14.7993, 40.6061, 25.8614, 33.5369, 46.1917, 25.2645, 46.48, 18.1422, 5.637, 34.1182, 50.3731, 35.1359, 2.8629, 45.7959]",C:/Users/Madness/PycharmProjects/Crupto_Data_Joiner/Raw_Data_Spot/BYBIT_DOGEUSDT_SPOT_2021_2026.csv,1000.0,0.0018,0.1,False
0.000621,763.7642,785.4697,19.8737,100.0,763764160090.9675,1384,1726.8,1596057.0,34,1.3,1.22,3.14,back_heavy,3.0,54.87,random,"[1.22, 1.22, 1.23, 1.24, 1.25, 1.26, 1.28, 1.31, 1.33, 1.36, 1.4, 1.43, 1.47, 1.52, 1.57, 1.62, 1.67, 1.73, 1.79, 1.86, 1.93, 2.0, 2.07, 2.15, 2.24, 2.32, 2.41, 2.51, 2.6, 2.7, 2.81, 2.91, 3.03, 3.14]","[6.4321, 44.29, 8.3547, 45.9553, 39.6729, 6.9607, 32.1603, 52.3967, 29.3115, 39.1069, 14.0476, 19.3196, 27.8426, 30.1348, 54.8713, 11.6011, 22.145, 3.0032, 26.5749, 41.6376, 42.9287, 4.3785, 29.9523, 41.1558, 30.0552, 53.4165, 44.3508, 38.7701, 30.4809, 8.205, 50.8951, 18.2998, 7.1665, 44.1262]",C:/Users/Madness/PycharmProjects/Crupto_Data_Joiner/Raw_Data_Spot/BYBIT_DOGEUSDT_SPOT_2021_2026.csv,1000.0,0.0018,0.1,False
0.000606,746.0192,770.5309,18.3817,100.0,746019170131.0332,714,3091.3,1596187.0,30,1.5,0.38,9.04,back_heavy,5.05,61.62,pyramid,"[0.38, 0.39, 0.42, 0.47, 0.54, 0.64, 0.75, 0.88, 1.04, 1.21, 1.41, 1.63, 1.86, 2.12, 2.4, 2.7, 3.02, 3.36, 3.72, 4.1, 4.5, 4.92, 5.36, 5.83, 6.31, 6.82, 7.34, 7.89, 8.45, 9.04]","[5.0499, 8.8215, 12.5931, 16.3623, 20.1339, 23.9055, 27.6771, 31.4487, 35.218, 38.9896, 42.7611, 46.5327, 50.3043, 54.0736, 57.8452, 61.6168, 57.8452, 54.0736, 50.3043, 46.5327, 42.7611, 38.9896, 35.218, 31.4487, 27.6771, 23.9055, 20.1339, 16.3623, 12.5931, 8.8215]",C:/Users/Madness/PycharmProjects/Crupto_Data_Joiner/Raw_Data_Spot/BYBIT_DOGEUSDT_SPOT_2021_2026.csv,1000.0,0.0018,0.1,False
0.000596,733.6856,805.3241,21.275,100.0,733685595335.7034,946,2525.1,1596888.0,30,1.2,0.34,2.22,random,4.21,59.07,random,"[1.83, 2.13, 0.94, 1.96, 1.78, 1.07, 0.47, 1.32, 1.71, 1.97, 2.06, 1.91, 1.84, 1.06, 0.75, 1.08, 1.98, 2.03, 0.79, 0.56, 1.33, 0.96, 2.0, 1.42, 1.31, 1.96, 0.62, 0.59, 1.79, 0.53]","[37.8879, 20.2828, 14.6094, 36.0827, 59.071, 35.537, 52.2532, 5.5306, 54.9242, 34.2522, 38.5556, 48.9008, 4.331, 17.11, 4.2343, 4.209, 28.6387, 9.0097, 9.811, 21.0219, 47.114, 58.4148, 37.1349, 39.4605, 44.1691, 50.8349, 55.9488, 29.136, 55.1521, 46.3818]",C:/Users/Madness/PycharmProjects/Crupto_Data_Joiner/Raw_Data_Spot/BYBIT_DOGEUSDT_SPOT_2021_2026.csv,1000.0,0.0018,0.1,False
0.000587,432.8509,374.6295,25.1292,100.0,432850899397.8728,615,3884.1,1234868.0,30,1.6,4.29,7.07,linear,33.33,33.33,flat,"[4.29, 4.39, 4.48, 4.58, 4.67, 4.77, 4.87, 4.96, 5.06, 5.15, 5.25, 5.34, 5.44, 5.54, 5.63, 5.73, 5.82, 5.92, 6.02, 6.11, 6.21, 6.3, 6.4, 6.49, 6.59, 6.69, 6.78, 6.88, 6.97, 7.07]","[33.3333, 33.3333, 33.3333, 33.3333, 33.3333, 33.3333, 33.3333, 33.3333, 33.3333, 33.3333, 33.3333, 33.3333, 33.3333, 33.3333, 33.3333, 33.3333, 33.3333, 33.3333, 33.3333, 33.3333, 33.3333, 33.3333, 33.3333, 33.3333, 33.3333, 33.3333, 33.3333, 33.3333, 33.3333, 33.3333]",C:/Users/Madness/PycharmProjects/Crupto_Data_Joiner/Raw_Data_Spot/BYBIT_DOGEUSDT_SPOT_2021_2026.csv,1000.0,0.0018,0.1,False
0.000564,416.1672,632.4072,58.2236,100.0,416167239780.1742,2768,863.5,1235922.0,32,0.45,1.89,4.77,geometric,12.36,52.43,random,"[1.89, 1.95, 2.01, 2.07, 2.13, 2.19, 2.26, 2.33, 2.4, 2.47, 2.55, 2.62, 2.7, 2.79, 2.87, 2.96, 3.05, 3.14, 3.24, 3.33, 3.43, 3.54, 3.65, 3.76, 3.87, 3.99, 4.11, 4.23, 4.36, 4.49, 4.63, 4.77]","[42.6627, 17.302, 39.2243, 48.5348, 18.7445, 12.3647, 37.4138, 23.115, 49.4213, 21.5597, 31.4692, 17.3665, 27.738, 42.1093, 51.7448, 23.5179, 32.1112, 36.0599, 52.4325, 12.4453, 34.1984, 41.1342, 48.1453, 28.1732, 14.2585, 16.5337, 13.7051, 16.9931, 36.7825, 31.4477, 39.775, 41.5157]",C:/Users/Madness/PycharmProjects/Crupto_Data_Joiner/Raw_Data_Spot/BYBIT_DOGEUSDT_SPOT_2021_2026.csv,1000.0,0.0018,0.1,False
0.000542,667.2951,810.8233,17.838,100.0,667295143264.2299,515,4637.9,1596895.0,34,1.5,0.53,2.06,random,29.39,29.43,geometric_increase,"[0.71, 0.53, 1.94, 1.37, 1.72, 1.46, 1.71, 1.21, 1.57, 0.86, 2.04, 2.05, 0.79, 1.76, 1.32, 0.67, 1.75, 1.91, 2.01, 1.29, 1.07, 0.83, 0.68, 1.05, 0.9, 1.8, 0.74, 1.54, 0.56, 1.5, 0.94, 1.39, 1.03, 1.17]","[29.3912, 29.3912, 29.3912, 29.398, 29.398, 29.398, 29.398, 29.398, 29.398, 29.4049, 29.4049, 29.4049, 29.4049, 29.4049, 29.4118, 29.4118, 29.4118, 29.4118, 29.4118, 29.4118, 29.4186, 29.4186, 29.4186, 29.4186, 29.4186, 29.4255, 29.4255, 29.4255, 29.4255, 29.4255, 29.4255, 29.4324, 29.4324, 29.4324]",C:/Users/Madness/PycharmProjects/Crupto_Data_Joiner/Raw_Data_Spot/BYBIT_DOGEUSDT_SPOT_2021_2026.csv,1000.0,0.0018,0.1,False
0.00054,398.5173,595.2198,53.6455,100.0,398517300622.0436,2049,1122.1,1235466.0,31,0.45,1.95,6.71,back_heavy,6.16,55.49,random,"[1.95, 1.96, 1.97, 2.0, 2.03, 2.08, 2.14, 2.21, 2.29, 2.38, 2.48, 2.59, 2.71, 2.84, 2.99, 3.14, 3.3, 3.48, 3.66, 3.86, 4.07, 4.28, 4.51, 4.75, 5.0, 5.26, 5.53, 5.81, 6.1, 6.4, 6.71]","[55.4863, 18.8139, 54.4588, 41.346, 54.0923, 49.4103, 31.6461, 31.8544, 53.8423, 7.6783, 16.8117, 27.7529, 53.423, 7.6311, 7.0035, 50.2601, 35.4506, 9.1584, 20.6744, 13.3794, 6.1593, 35.7199, 22.4239, 49.9824, 8.7335, 7.9782, 44.0036, 44.2091, 42.4179, 51.1348, 47.0638]",C:/Users/Madness/PycharmProjects/Crupto_Data_Joiner/Raw_Data_Spot/BYBIT_DOGEUSDT_SPOT_2021_2026.csv,1000.0,0.0018,0.1,False
0.000534,393.4471,300.3602,23.2671,100.0,393447088787.1814,496,4813.5,1234832.0,35,1.9,5.19,8.83,linear,6.7,56.61,random,"[5.19, 5.3, 5.4, 5.51, 5.62, 5.73, 5.83, 5.94, 6.05, 6.15, 6.26, 6.37, 6.47, 6.58, 6.69, 6.8, 6.9, 7.01, 7.12, 7.22, 7.33, 7.44, 7.55, 7.65, 7.76, 7.87, 7.97, 8.08, 8.19, 8.29, 8.4, 8.51, 8.62, 8.72, 8.83]","[30.3863, 37.6741, 46.6637, 6.6996, 54.9857, 36.7311, 11.7138, 26.2241, 35.4005, 23.7894, 45.2188, 35.844, 7.0054, 34.9313, 55.0324, 20.0101, 19.9354, 15.4791, 16.6136, 7.1034, 30.2509, 18.5371, 45.7463, 8.6815, 12.302, 13.3572, 34.6815, 8.7095, 44.0726, 56.6104, 26.3362, 55.3709, 34.294, 12.1223, 31.4858]",C:/Users/Madness/PycharmProjects/Crupto_Data_Joiner/Raw_Data_Spot/BYBIT_DOGEUSDT_SPOT_2021_2026.csv,1000.0,0.0018,0.1,False
0.000526,387.9784,368.4597,43.34,100.0,387978400938.2577,869,2515.0,1235439.0,30,0.95,4.21,8.87,linear,10.45,55.62,random,"[4.21, 4.37, 4.53, 4.69, 4.85, 5.01, 5.17, 5.33, 5.5, 5.66, 5.82, 5.98, 6.14, 6.3, 6.46, 6.62, 6.78, 6.94, 7.1, 7.26, 7.42, 7.58, 7.75, 7.91, 8.07, 8.23, 8.39, 8.55, 8.71, 8.87]","[45.8517, 53.2185, 30.0663, 36.5507, 14.8059, 24.4064, 36.7356, 31.0599, 16.9691, 45.9556, 32.573, 54.2121, 51.2421, 16.4248, 23.959, 26.5062, 50.2433, 31.9477, 52.8927, 21.0524, 51.9855, 55.6196, 10.4478, 12.2252, 44.2469, 10.8724, 13.6415, 23.1293, 44.6239, 36.5348]",C:/Users/Madness/PycharmProjects/Crupto_Data_Joiner/Raw_Data_Spot/BYBIT_DOGEUSDT_SPOT_2021_2026.csv,1000.0,0.0018,0.1,False
0.000513,632.0625,804.4958,84.8209,100.0,632062452344.0668,4325,505.4,1596671.0,29,0.35,0.39,6.03,back_heavy,34.48,34.48,flat,"[0.39, 0.4, 0.42, 0.45, 0.51, 0.57, 0.65, 0.74, 0.85, 0.97, 1.11, 1.26, 1.43, 1.61, 1.8, 2.01, 2.23, 2.47, 2.72, 2.99, 3.27, 3.56, 3.87, 4.2, 4.53, 4.89, 5.25, 5.63, 6.03]","[34.4828, 34.4828, 34.4828, 34.4828, 34.4828, 34.4828, 34.4828, 34.4828, 34.4828, 34.4828, 34.4828, 34.4828, 34.4828, 34.4828, 34.4828, 34.4828, 34.4828, 34.4828, 34.4828, 34.4828, 34.4828, 34.4828, 34.4828, 34.4828, 34.4828, 34.4828, 34.4828, 34.4828, 34.4828]",C:/Users/Madness/PycharmProjects/Crupto_Data_Joiner/Raw_Data_Spot/BYBIT_DOGEUSDT_SPOT_2021_2026.csv,1000.0,0.0018,0.1,False
0.000512,377.1731,398.8893,40.65,100.0,377173117169.5362,1011,2362.6,1234841.0,33,0.9,4.17,6.17,linear,5.93,49.39,random,"[4.17, 4.23, 4.3, 4.36, 4.42, 4.48, 4.54, 4.61, 4.67, 4.73, 4.8, 4.86, 4.92, 4.98, 5.04, 5.11, 5.17, 5.23, 5.3, 5.36, 5.42, 5.48, 5.54, 5.61, 5.67, 5.73, 5.8, 5.86, 5.92, 5.98, 6.04, 6.11, 6.17]","[42.0583, 18.3411, 35.0198, 14.9134, 43.3461, 49.3905, 34.2532, 45.3554, 17.4446, 41.7654, 45.6825, 45.1366, 7.0728, 45.2336, 19.9326, 19.9148, 29.021, 14.9635, 21.0732, 30.8306, 20.3447, 45.2622, 48.4407, 5.9277, 21.8797, 48.2593, 25.8102, 27.6439, 7.93, 31.4082, 41.9245, 29.0527, 25.367]",C:/Users/Madness/PycharmProjects/Crupto_Data_Joiner/Raw_Data_Spot/BYBIT_DOGEUSDT_SPOT_2021_2026.csv,1000.0,0.0018,0.1,False
0.000509,626.7081,797.6775,33.06,100.0,626708128030.2616,955,2311.2,1596563.0,30,0.75,0.7,5.09,geometric,5.35,66.83,random,"[0.7, 0.75, 0.8, 0.86, 0.92, 0.99, 1.06, 1.13, 1.21, 1.3, 1.39, 1.49, 1.59, 1.7, 1.82, 1.95, 2.09, 2.24, 2.4, 2.57, 2.75, 2.94, 3.15, 3.38, 3.62, 3.87, 4.15, 4.44, 4.75, 5.09]","[63.8092, 9.5349, 18.9299, 60.1547, 66.8301, 5.3516, 16.3328, 33.208, 63.9259, 8.6971, 10.713, 48.7244, 32.7881, 36.884, 35.1811, 64.4332, 13.0943, 38.4819, 26.6648, 23.9997, 41.7399, 37.9337, 22.5242, 17.8044, 54.5037, 22.6895, 49.8324, 7.3986, 25.3157, 42.5194]",C:/Users/Madness/PycharmProjects/Crupto_Data_Joiner/Raw_Data_Spot/BYBIT_DOGEUSDT_SPOT_2021_2026.csv,1000.0,0.0018,0.1,False
0.000501,390.1019,804.94,69.2979,100.0,390101877155.901,5967,385.5,1269746.0,31,0.3,0.78,5.08,geometric,32.26,32.26,flat,"[0.78, 0.83, 0.88, 0.94, 1.0, 1.07, 1.13, 1.21, 1.29, 1.37, 1.46, 1.55, 1.65, 1.76, 1.87, 1.99, 2.12, 2.26, 2.4, 2.56, 2.72, 2.9, 3.08, 3.28, 3.49, 3.72, 3.96, 4.21, 4.48, 4.77, 5.08]","[32.2581, 32.2581, 32.2581, 32.2581, 32.2581, 32.2581, 32.2581, 32.2581, 32.2581, 32.2581, 32.2581, 32.2581, 32.2581, 32.2581, 32.2581, 32.2581, 32.2581, 32.2581, 32.2581, 32.2581, 32.2581, 32.2581, 32.2581, 32.2581, 32.2581, 32.2581, 32.2581, 32.2581, 32.2581, 32.2581, 32.2581]",C:/Users/Madness/PycharmProjects/Crupto_Data_Joiner/Raw_Data_Spot/BYBIT_DOGEUSDT_SPOT_2021_2026.csv,1000.0,0.0018,0.1,False
0.0005,6.1945,51.6849,103.0822,100.0,6194465075.5267,6282,380.2,158897.0,33,0.2,4.27,9.23,geometric,4.48,95.13,geometric_increase,"[4.27, 4.37, 4.48, 4.59, 4.7, 4.82, 4.93, 5.05, 5.18, 5.3, 5.43, 5.57, 5.7, 5.84, 5.98, 6.13, 6.28, 6.43, 6.59, 6.75, 6.91, 7.08, 7.25, 7.43, 7.61, 7.8, 7.99, 8.18, 8.38, 8.59, 8.8, 9.01, 9.23]","[4.483, 4.9313, 5.4245, 5.9693, 6.5694, 7.2246, 7.9487, 8.7453, 9.6213, 10.5868, 11.6455, 12.8111, 14.0974, 15.5078, 17.0631, 18.7701, 20.6495, 22.7186, 24.9946, 27.4982, 30.2535, 33.2847, 36.6194, 40.2851, 44.3233, 48.7615, 53.6445, 59.0207, 64.9314, 71.4352, 78.5908, 86.4637, 95.1263]",C:/Users/Madness/PycharmProjects/Crupto_Data_Joiner/Raw_Data_Spot/BYBIT_DOGEUSDT_SPOT_2021_2026.csv,1000.0,0.0018,0.1,False
0.000499,368.0414,616.2349,57.7346,100.0,368041390248.9101,3850,620.8,1235465.0,33,0.4,1.59,6.01,geometric,30.3,30.3,flat,"[1.59, 1.66, 1.73, 1.8, 1.88, 1.96, 2.04, 2.13, 2.22, 2.31, 2.41, 2.51, 2.62, 2.73, 2.84, 2.97, 3.09, 3.22, 3.36, 3.5, 3.65, 3.81, 3.97, 4.13, 4.31, 4.49, 4.68, 4.88, 5.09, 5.31, 5.53, 5.77, 6.01]","[30.303, 30.303, 30.303, 30.303, 30.303, 30.303, 30.303, 30.303, 30.303, 30.303, 30.303, 30.303, 30.303, 30.303, 30.303, 30.303, 30.303, 30.303, 30.303, 30.303, 30.303, 30.303, 30.303, 30.303, 30.303, 30.303, 30.303, 30.303, 30.303, 30.303, 30.303, 30.303, 30.303]",C:/Users/Madness/PycharmProjects/Crupto_Data_Joiner/Raw_Data_Spot/BYBIT_DOGEUSDT_SPOT_2021_2026.csv,1000.0,0.0018,0.1,False
0.000476,350.8791,360.8451,35.9664,100.0,350879090467.9794,1092,2186.8,1234836.0,33,0.95,3.39,9.21,linear,30.3,30.3,flat,"[3.39, 3.57, 3.75, 3.94, 4.12, 4.3, 4.48, 4.66, 4.85, 5.03, 5.21, 5.39, 5.57, 5.75, 5.94, 6.12, 6.3, 6.48, 6.66, 6.85, 7.03, 7.21, 7.39, 7.57, 7.76, 7.94, 8.12, 8.3, 8.48, 8.66, 8.85, 9.03, 9.21]","[30.303, 30.303, 30.303, 30.303, 30.303, 30.303, 30.303, 30.303, 30.303, 30.303, 30.303, 30.303, 30.303, 30.303, 30.303, 30.303, 30.303, 30.303, 30.303, 30.303, 30.303, 30.303, 30.303, 30.303, 30.303, 30.303, 30.303, 30.303, 30.303, 30.303, 30.303, 30.303, 30.303]",C:/Users/Madness/PycharmProjects/Crupto_Data_Joiner/Raw_Data_Spot/BYBIT_DOGEUSDT_SPOT_2021_2026.csv,1000.0,0.0018,0.1,False
0.000436,5.6209,9.9572,97.6356,100.0,5620888398.667,3111,767.8,162108.0,35,0.3,2.98,7.89,front_heavy,1.4,124.88,geometric_increase,"[7.89, 7.75, 7.6, 7.46, 7.31, 7.17, 7.02, 6.88, 6.73, 6.59, 6.45, 6.3, 6.16, 6.01, 5.87, 5.72, 5.58, 5.44, 5.29, 5.15, 5.0, 4.86, 4.71, 4.57, 4.42, 4.28, 4.14, 3.99, 3.85, 3.7, 3.56, 3.41, 3.27, 3.12, 2.98]","[1.4047, 1.6014, 1.8297, 2.086, 2.381, 2.7182, 3.101, 3.5399, 4.0386, 4.6075, 5.2572, 5.9982, 6.8446, 7.8103, 8.9131, 10.1703, 11.6066, 13.2431, 15.115, 17.2466, 19.6804, 22.4547, 25.6224, 29.2396, 33.366, 38.0719, 43.445, 49.5731, 56.5652, 64.5476, 73.6538, 84.0489, 95.9048, 109.436, 124.8775]",C:/Users/Madness/PycharmProjects/Crupto_Data_Joiner/Raw_Data_Spot/BYBIT_DOGEUSDT_SPOT_2021_2026.csv,1000.0,0.0018,0.1,False
0.000417,307.4377,218.6424,25.2818,100.0,307437731598.4002,391,5589.8,1234833.0,35,2.2,6.74,9.86,linear,28.57,28.57,flat,"[6.74, 6.83, 6.92, 7.02, 7.11, 7.2, 7.29, 7.38, 7.47, 7.57, 7.66, 7.75, 7.84, 7.93, 8.02, 8.12, 8.21, 8.3, 8.39, 8.48, 8.58, 8.67, 8.76, 8.85, 8.94, 9.03, 9.13, 9.22, 9.31, 9.4, 9.49, 9.58, 9.68, 9.77, 9.86]","[28.5714, 28.5714, 28.5714, 28.5714, 28.5714, 28.5714, 28.5714, 28.5714, 28.5714, 28.5714, 28.5714, 28.5714, 28.5714, 28.5714, 28.5714, 28.5714, 28.5714, 28.5714, 28.5714, 28.5714, 28.5714, 28.5714, 28.5714, 28.5714, 28.5714, 28.5714, 28.5714, 28.5714, 28.5714, 28.5714, 28.5714, 28.5714, 28.5714, 28.5714, 28.5714]",C:/Users/Madness/PycharmProjects/Crupto_Data_Joiner/Raw_Data_Spot/BYBIT_DOGEUSDT_SPOT_2021_2026.csv,1000.0,0.0018,0.1,False
0.000403,497.2855,839.6469,46.5243,100.0,497285492927.4154,2796,773.2,1597454.0,29,0.4,0.24,1.29,random,5.82,58.45,random,"[0.6, 0.83, 1.09, 0.85, 0.66, 0.48, 1.23, 0.36, 0.33, 0.62, 1.02, 0.38, 0.5, 0.4, 0.47, 0.5, 0.95, 1.28, 0.34, 1.09, 0.95, 0.65, 0.7, 0.81, 1.12, 1.07, 0.67, 0.77, 0.82]","[40.876, 42.1097, 58.0018, 58.0626, 24.2541, 5.8186, 29.3299, 11.672, 50.6541, 38.6128, 10.421, 15.7857, 39.7292, 48.1868, 47.0378, 13.8396, 44.4358, 46.6382, 11.2116, 13.6767, 39.6858, 54.2074, 45.2611, 24.7471, 34.3254, 11.7654, 40.6979, 40.5024, 58.4535]",C:/Users/Madness/PycharmProjects/Crupto_Data_Joiner/Raw_Data_Spot/BYBIT_DOGEUSDT_SPOT_2021_2026.csv,1000.0,0.0018,0.1,False
0.000361,266.5177,226.6374,47.2653,100.0,266517705597.8098,496,4406.0,1235435.0,33,1.2,6.88,6.94,front_heavy,5.9,48.6,random,"[6.94, 6.94, 6.94, 6.93, 6.93, 6.93, 6.93, 6.93, 6.92, 6.92, 6.92, 6.92, 6.92, 6.92, 6.91, 6.91, 6.91, 6.91, 6.91, 6.9, 6.9, 6.9, 6.9, 6.9, 6.89, 6.89, 6.89, 6.89, 6.89, 6.89, 6.88, 6.88, 6.88]","[46.0975, 25.7216, 19.247, 44.1825, 5.899, 17.5027, 36.8961, 45.7156, 44.839, 10.8135, 10.3303, 8.5152, 44.4099, 18.0432, 39.4677, 41.8362, 28.4801, 18.0526, 22.2593, 46.9376, 12.6914, 45.3492, 17.9757, 31.5565, 40.9151, 33.2921, 43.4618, 48.6017, 48.0517, 15.2172, 31.7549, 46.798, 9.0881]",C:/Users/Madness/PycharmProjects/Crupto_Data_Joiner/Raw_Data_Spot/BYBIT_DOGEUSDT_SPOT_2021_2026.csv,1000.0,0.0018,0.1,False
0.000353,260.1445,193.3381,22.2669,100.0,260144453371.4712,269,8719.7,1234725.0,32,2.5,8.64,9.12,linear,31.25,31.25,flat,"[8.64, 8.66, 8.67, 8.69, 8.7, 8.72, 8.73, 8.75, 8.76, 8.78, 8.79, 8.81, 8.83, 8.84, 8.86, 8.87, 8.89, 8.9, 8.92, 8.93, 8.95, 8.97, 8.98, 9.0, 9.01, 9.03, 9.04, 9.06, 9.07, 9.09, 9.1, 9.12]","[31.25, 31.25, 31.25, 31.25, 31.25, 31.25, 31.25, 31.25, 31.25, 31.25, 31.25, 31.25, 31.25, 31.25, 31.25, 31.25, 31.25, 31.25, 31.25, 31.25, 31.25, 31.25, 31.25, 31.25, 31.25, 31.25, 31.25, 31.25, 31.25, 31.25, 31.25, 31.25]",C:/Users/Madness/PycharmProjects/Crupto_Data_Joiner/Raw_Data_Spot/BYBIT_DOGEUSDT_SPOT_2021_2026.csv,1000.0,0.0018,0.1,False
0.000286,10.0649,155.8445,55.3575,100.0,10064917164.2923,5841,409.0,268568.0,31,0.2,6.71,8.69,random,4.79,61.2,random,"[7.71, 7.95, 8.65, 7.25, 7.29, 8.0, 8.23, 7.33, 6.95, 7.48, 6.9, 7.66, 7.24, 7.32, 8.52, 7.05, 8.07, 8.2, 7.28, 7.67, 6.77, 6.72, 7.72, 8.64, 6.96, 8.29, 7.89, 8.49, 7.91, 8.22, 6.78]","[7.1201, 60.6673, 17.5281, 48.0071, 60.2583, 46.9609, 13.5621, 22.631, 53.1791, 20.0011, 56.0953, 61.2034, 6.9119, 27.9049, 48.5023, 45.3817, 43.9459, 34.7618, 38.2898, 10.8556, 4.7928, 12.2958, 23.7195, 18.1586, 26.51, 6.3535, 59.7059, 40.8186, 27.0082, 26.0126, 30.8567]",C:/Users/Madness/PycharmProjects/Crupto_Data_Joiner/Raw_Data_Spot/BYBIT_DOGEUSDT_SPOT_2021_2026.csv,1000.0,0.0018,0.1,False
0.000229,272.7653,816.5422,49.2204,100.0,272765286334.196,30615,70.6,1570977.0,31,0.25,0.32,0.87,geometric,1.35,65.22,pyramid,"[0.32, 0.33, 0.34, 0.35, 0.37, 0.38, 0.39, 0.4, 0.42, 0.43, 0.45, 0.46, 0.48, 0.49, 0.51, 0.53, 0.55, 0.56, 0.58, 0.6, 0.62, 0.64, 0.67, 0.69, 0.71, 0.74, 0.76, 0.79, 0.81, 0.84, 0.87]","[1.3527, 5.6112, 9.8697, 14.1261, 18.3846, 22.6431, 26.9016, 31.16, 35.4164, 39.6749, 43.9334, 48.1919, 52.4504, 56.7068, 60.9653, 65.2238, 60.9653, 56.7068, 52.4504, 48.1919, 43.9334, 39.6749, 35.4164, 31.16, 26.9016, 22.6431, 18.3846, 14.1261, 9.8697, 5.6112, 1.3527]",C:/Users/Madness/PycharmProjects/Crupto_Data_Joiner/Raw_Data_Spot/BYBIT_DOGEUSDT_SPOT_2021_2026.csv,1000.0,0.0018,0.1,False
0.000226,278.3352,857.0827,109.9393,100.0,278335207662.9956,9738,245.3,1596187.0,33,0.25,0.21,3.37,linear,14.78,45.82,linear_increase,"[0.21, 0.31, 0.41, 0.51, 0.6, 0.7, 0.8, 0.9, 1.0, 1.1, 1.2, 1.3, 1.4, 1.49, 1.59, 1.69, 1.79, 1.89, 1.99, 2.09, 2.18, 2.28, 2.38, 2.48, 2.58, 2.68, 2.78, 2.88, 2.98, 3.07, 3.17, 3.27, 3.37]","[14.7837, 15.7531, 16.7225, 17.6919, 18.6648, 19.6343, 20.6037, 21.5731, 22.5425, 23.5119, 24.4848, 25.4542, 26.4237, 27.3931, 28.3625, 29.3319, 30.3014, 31.2742, 32.2437, 33.2131, 34.1825, 35.1519, 36.1213, 37.0942, 38.0636, 39.0331, 40.0025, 40.9719, 41.9413, 42.9142, 43.8836, 44.8531, 45.8225]",C:/Users/Madness/PycharmProjects/Crupto_Data_Joiner/Raw_Data_Spot/BYBIT_DOGEUSDT_SPOT_2021_2026.csv,1000.0,0.0018,0.1,False
0.000181,133.7273,1263.3524,180.6191,100.0,133727265914.6832,11982,182.4,1235945.0,33,0.2,0.3,6.91,linear,30.3,30.3,flat,"[0.3, 0.51, 0.71, 0.92, 1.13, 1.33, 1.54, 1.75, 1.95, 2.16, 2.37, 2.57, 2.78, 2.99, 3.19, 3.4, 3.6, 3.81, 4.02, 4.22, 4.43, 4.64, 4.84, 5.05, 5.26, 5.46, 5.67, 5.88, 6.08, 6.29, 6.5, 6.7, 6.91]","[30.303, 30.303, 30.303, 30.303, 30.303, 30.303, 30.303, 30.303, 30.303, 30.303, 30.303, 30.303, 30.303, 30.303, 30.303, 30.303, 30.303, 30.303, 30.303, 30.303, 30.303, 30.303, 30.303, 30.303, 30.303, 30.303, 30.303, 30.303, 30.303, 30.303, 30.303, 30.303, 30.303]",C:/Users/Madness/PycharmProjects/Crupto_Data_Joiner/Raw_Data_Spot/BYBIT_DOGEUSDT_SPOT_2021_2026.csv,1000.0,0.0018,0.1,False
0.000139,4.8958,37.5418,130.6395,100.0,4895831472.2874,3719,642.3,268601.0,35,0.2,4.09,7.68,front_heavy,6.31,76.67,geometric_increase,"[7.68, 7.57, 7.47, 7.36, 7.26, 7.15, 7.05, 6.94, 6.84, 6.73, 6.62, 6.52, 6.41, 6.31, 6.2, 6.1, 5.99, 5.88, 5.78, 5.67, 5.57, 5.46, 5.36, 5.25, 5.15, 5.04, 4.93, 4.83, 4.72, 4.62, 4.51, 4.41, 4.3, 4.2, 4.09]","[6.3137, 6.795, 7.3121, 7.8692, 8.4687, 9.115, 9.8103, 10.5569, 11.3615, 12.2262, 13.1577, 14.1606, 15.2392, 16.4026, 17.6506, 18.9967, 20.443, 22.0008, 23.679, 25.4819, 27.4253, 29.5135, 31.7622, 34.1824, 36.7877, 39.5913, 42.6088, 45.8537, 49.3481, 53.1078, 57.155, 61.5119, 66.1987, 71.242, 76.6709]",C:/Users/Madness/PycharmProjects/Crupto_Data_Joiner/Raw_Data_Spot/BYBIT_DOGEUSDT_SPOT_2021_2026.csv,1000.0,0.0018,0.1,False
0.000129,158.2616,830.3825,49.9446,100.0,158261574874.8862,7168,320.9,1596621.0,30,0.25,1.06,3.73,back_heavy,5.28,59.38,random,"[1.06, 1.06, 1.07, 1.09, 1.11, 1.14, 1.17, 1.22, 1.26, 1.32, 1.38, 1.44, 1.52, 1.6, 1.68, 1.77, 1.87, 1.98, 2.09, 2.21, 2.33, 2.46, 2.6, 2.74, 2.89, 3.04, 3.21, 3.37, 3.55, 3.73]","[13.7259, 59.3825, 46.3952, 7.3577, 56.0445, 32.0349, 43.8669, 6.6428, 39.4542, 47.7872, 56.0161, 35.6191, 5.2792, 19.1424, 7.6418, 47.2475, 35.0415, 39.279, 45.917, 39.3121, 58.5823, 13.8963, 20.0893, 16.4199, 22.4945, 56.0067, 31.2158, 51.6602, 15.454, 30.9933]",C:/Users/Madness/PycharmProjects/Crupto_Data_Joiner/Raw_Data_Spot/BYBIT_DOGEUSDT_SPOT_2021_2026.csv,1000.0,0.0018,0.1,False
0.000105,77.3304,232.8673,97.6499,100.0,77330401759.1329,1373,1708.4,1234980.0,34,0.3,2.37,8.96,front_heavy,5.1,47.9,random,"[8.96, 8.76, 8.56, 8.36, 8.16, 7.96, 7.76, 7.56, 7.36, 7.16, 6.96, 6.76, 6.56, 6.36, 6.16, 5.96, 5.76, 5.57, 5.37, 5.17, 4.97, 4.77, 4.57, 4.37, 4.17, 3.97, 3.77, 3.57, 3.37, 3.17, 2.97, 2.77, 2.57, 2.37]","[44.5165, 40.1596, 47.9015, 45.3334, 32.4881, 5.1022, 26.7952, 26.591, 46.6409, 7.4842, 30.6225, 36.1125, 38.7755, 17.0135, 20.6002, 44.4397, 16.0548, 32.0822, 27.0502, 16.22, 24.3143, 25.7428, 16.6467, 40.6644, 47.7545, 42.1032, 47.2835, 28.9118, 34.9572, 8.0814, 20.6223, 18.8856, 22.4436, 19.605]",C:/Users/Madness/PycharmProjects/Crupto_Data_Joiner/Raw_Data_Spot/BYBIT_DOGEUSDT_SPOT_2021_2026.csv,1000.0,0.0018,0.1,False
7.7e-05,56.4055,156.6928,129.9058,100.0,56405545328.2816,1091,2003.3,1234832.0,35,0.3,6.62,9.84,random,2.72,53.04,random,"[7.1, 8.99, 9.42, 9.63, 9.4, 8.19, 8.81, 7.96, 8.88, 9.48, 7.92, 9.22, 7.76, 6.73, 7.07, 7.64, 8.32, 7.81, 9.27, 7.52, 8.01, 6.67, 9.23, 8.74, 8.49, 7.75, 8.57, 8.91, 9.67, 8.43, 9.61, 6.76, 7.18, 8.54, 7.1]","[41.7831, 17.4497, 4.1708, 51.7033, 12.5131, 10.7683, 36.0369, 24.4449, 21.0408, 30.5769, 44.6821, 10.4143, 45.5956, 53.0354, 10.2289, 43.0589, 25.6184, 47.0477, 43.121, 34.5077, 44.131, 12.1792, 52.0615, 33.9281, 10.7641, 26.7761, 3.4938, 2.7229, 7.2149, 43.0967, 16.761, 45.0965, 12.4561, 28.9948, 52.5254]",C:/Users/Madness/PycharmProjects/Crupto_Data_Joiner/Raw_Data_Spot/BYBIT_DOGEUSDT_SPOT_2021_2026.csv,1000.0,0.0018,0.1,False
3.8e-05,28.0445,147.4515,103.6884,100.0,28044487505.1408,1294,1768.6,1234857.0,34,0.25,8.98,9.77,back_heavy,7.66,52.77,random,"[8.98, 8.98, 8.98, 8.99, 8.99, 9.0, 9.01, 9.02, 9.03, 9.04, 9.05, 9.07, 9.08, 9.1, 9.12, 9.14, 9.17, 9.19, 9.22, 9.24, 9.27, 9.3, 9.33, 9.36, 9.4, 9.43, 9.47, 9.51, 9.55, 9.59, 9.63, 9.68, 9.72, 9.77]","[29.8266, 17.8364, 50.9889, 7.6617, 12.3263, 11.7358, 50.0534, 9.4911, 12.9069, 19.0206, 32.6749, 52.6506, 14.4116, 29.7137, 44.5956, 8.9104, 42.336, 42.7229, 25.1653, 34.8207, 29.1683, 15.0601, 31.3305, 20.9399, 46.2515, 50.2235, 26.6234, 45.5834, 46.1035, 52.7733, 12.8586, 32.3322, 15.8852, 25.0173]",C:/Users/Madness/PycharmProjects/Crupto_Data_Joiner/Raw_Data_Spot/BYBIT_DOGEUSDT_SPOT_2021_2026.csv,1000.0,0.0018,0.1,False
